{
"type": "FeatureCollection",
"name": "highways",
"crs": { "type": "name", "properties": { "name": "urn:ogc:def:crs:OGC:1.3:CRS84" } },
"xy_coordinate_resolution": 1e-05,
"features": [
{ "type": "Feature", "properties": { "name": "RT267 WB" }, "geometry": { "type": "LineString", "coordinates": [ [ -77.20588, 38.93053 ], [ -77.2081, 38.93222 ] ] } },
{ "type": "Feature", "properties": { "name": "RT267 EB" }, "geometry": { "type": "LineString", "coordinates": [ [ -77.3704, 38.953 ], [ -77.36724, 38.95297 ], [ -77.36373, 38.95279 ] ] } },
{ "type": "Feature", "properties": { "name": "I66 WB" }, "geometry": { "type": "LineString", "coordinates": [ [ -77.26776, 38.87865 ], [ -77.27439, 38.87763 ] ] } },
{ "type": "Feature", "properties": { "name": "I95 EXP SB" }, "geometry": { "type": "LineString", "coordinates": [ [ -77.21055, 38.71953 ], [ -77.21583, 38.71596 ], [ -77.21783, 38.71445 ] ] } },
{ "type": "Feature", "properties": { "name": "I495 SB" }, "geometry": { "type": "LineString", "coordinates": [ [ -77.21435, 38.92716 ], [ -77.21436, 38.92682 ] ] } },
{ "type": "Feature", "properties": { "name": "SULLY RD" }, "geometry": { "type": "LineString", "coordinates": [ [ -77.43939, 38.89706 ], [ -77.43895, 38.8977 ] ] } },
{ "type": "Feature", "properties": { "name": "I495 SB" }, "geometry": { "type": "LineString", "coordinates": [ [ -77.1829, 38.96391 ], [ -77.18356, 38.96362 ] ] } },
{ "type": "Feature", "properties": { "name": "SULLY RD" }, "geometry": { "type": "LineString", "coordinates": [ [ -77.44477, 38.88918 ], [ -77.44265, 38.89221 ] ] } },
{ "type": "Feature", "properties": { "name": "I95 SB" }, "geometry": { "type": "LineString", "coordinates": [ [ -77.17821, 38.7867 ], [ -77.17909, 38.78462 ], [ -77.17954, 38.78329 ], [ -77.17967, 38.7826 ] ] } },
{ "type": "Feature", "properties": { "name": "RT267 WB" }, "geometry": { "type": "LineString", "coordinates": [ [ -77.18774, 38.90281 ], [ -77.1879, 38.90348 ], [ -77.1879, 38.90409 ], [ -77.18713, 38.90756 ] ] } },
{ "type": "Feature", "properties": { "name": "I495 NB" }, "geometry": { "type": "LineString", "coordinates": [ [ -77.192, 38.95812 ], [ -77.19156, 38.95887 ], [ -77.19079, 38.95967 ] ] } },
{ "type": "Feature", "properties": { "name": "DULLES ACCESS RD EB" }, "geometry": { "type": "LineString", "coordinates": [ [ -77.28098, 38.94195 ], [ -77.27629, 38.9416 ], [ -77.27494, 38.94132 ], [ -77.27372, 38.94094 ], [ -77.27244, 38.94036 ], [ -77.27125, 38.93961 ], [ -77.26956, 38.9382 ], [ -77.26785, 38.93666 ] ] } },
{ "type": "Feature", "properties": { "name": "I66 EB" }, "geometry": { "type": "LineString", "coordinates": [ [ -77.46502, 38.82028 ], [ -77.46463, 38.82051 ] ] } },
{ "type": "Feature", "properties": { "name": "I95 EXP SB" }, "geometry": { "type": "LineString", "coordinates": [ [ -77.17945, 38.78261 ], [ -77.18005, 38.78095 ], [ -77.1811, 38.77741 ] ] } },
{ "type": "Feature", "properties": { "name": "I495 SB" }, "geometry": { "type": "LineString", "coordinates": [ [ -77.20863, 38.93602 ], [ -77.20946, 38.93499 ], [ -77.21071, 38.93404 ] ] } },
{ "type": "Feature", "properties": { "name": "I66 EB" }, "geometry": { "type": "LineString", "coordinates": [ [ -77.48491, 38.81201 ], [ -77.47882, 38.81438 ] ] } },
{ "type": "Feature", "properties": { "name": "I66 WB" }, "geometry": { "type": "LineString", "coordinates": [ [ -77.47904, 38.81471 ], [ -77.48785, 38.81123 ] ] } },
{ "type": "Feature", "properties": { "name": "I95 NB" }, "geometry": { "type": "LineString", "coordinates": [ [ -77.10821, 38.8024 ], [ -77.10598, 38.8028 ], [ -77.10383, 38.80297 ], [ -77.10087, 38.80296 ], [ -77.09781, 38.8027 ] ] } },
{ "type": "Feature", "properties": { "name": "RT267 EB" }, "geometry": { "type": "LineString", "coordinates": [ [ -77.1875, 38.90763 ], [ -77.18842, 38.90436 ], [ -77.18853, 38.90347 ], [ -77.18851, 38.90263 ] ] } },
{ "type": "Feature", "properties": { "name": "RT267 WB" }, "geometry": { "type": "LineString", "coordinates": [ [ -77.37337, 38.95354 ], [ -77.3744, 38.95348 ] ] } },
{ "type": "Feature", "properties": { "name": "I495 EXPRESS LANE SB" }, "geometry": { "type": "LineString", "coordinates": [ [ -77.19388, 38.95487 ], [ -77.19416, 38.95442 ] ] } },
{ "type": "Feature", "properties": { "name": "SULLY RD" }, "geometry": { "type": "LineString", "coordinates": [ [ -77.44724, 38.88565 ], [ -77.44693, 38.8861 ] ] } },
{ "type": "Feature", "properties": { "name": "I495 NB" }, "geometry": { "type": "LineString", "coordinates": [ [ -77.21986, 38.8863 ], [ -77.21862, 38.88836 ] ] } },
{ "type": "Feature", "properties": { "name": "I395 SB" }, "geometry": { "type": "LineString", "coordinates": [ [ -77.1526, 38.80973 ], [ -77.15773, 38.80661 ], [ -77.16067, 38.80464 ] ] } },
{ "type": "Feature", "properties": { "name": "I495 NB" }, "geometry": { "type": "LineString", "coordinates": [ [ -77.21988, 38.86547 ], [ -77.21988, 38.8661 ] ] } },
{ "type": "Feature", "properties": { "name": "SULLY RD" }, "geometry": { "type": "LineString", "coordinates": [ [ -77.43608, 38.90188 ], [ -77.43325, 38.90614 ] ] } },
{ "type": "Feature", "properties": { "name": "I395 SB" }, "geometry": { "type": "LineString", "coordinates": [ [ -77.16308, 38.80288 ], [ -77.16441, 38.80181 ] ] } },
{ "type": "Feature", "properties": { "name": "DULLES ACCESS RD EB" }, "geometry": { "type": "LineString", "coordinates": [ [ -77.21063, 38.93134 ], [ -77.20964, 38.93099 ] ] } },
{ "type": "Feature", "properties": { "name": "SULLY RD" }, "geometry": { "type": "LineString", "coordinates": [ [ -77.4299, 38.9215 ], [ -77.42981, 38.92725 ] ] } },
{ "type": "Feature", "properties": { "name": "SULLY RD" }, "geometry": { "type": "LineString", "coordinates": [ [ -77.42975, 38.93094 ], [ -77.42973, 38.93338 ] ] } },
{ "type": "Feature", "properties": { "name": "DULLES ACCESS RD WB" }, "geometry": { "type": "LineString", "coordinates": [ [ -77.38911, 38.95345 ], [ -77.39314, 38.95411 ] ] } },
{ "type": "Feature", "properties": { "name": "RT267 WB" }, "geometry": { "type": "LineString", "coordinates": [ [ -77.38905, 38.95363 ], [ -77.39062, 38.95389 ] ] } },
{ "type": "Feature", "properties": { "name": "I495 SB" }, "geometry": { "type": "LineString", "coordinates": [ [ -77.1894, 38.96127 ], [ -77.19026, 38.96079 ], [ -77.19083, 38.96037 ] ] } },
{ "type": "Feature", "properties": { "name": "I66 EB" }, "geometry": { "type": "LineString", "coordinates": [ [ -77.28172, 38.87504 ], [ -77.28013, 38.87551 ] ] } },
{ "type": "Feature", "properties": { "name": "I66 EB" }, "geometry": { "type": "LineString", "coordinates": [ [ -77.28353, 38.87452 ], [ -77.28261, 38.8748 ] ] } },
{ "type": "Feature", "properties": { "name": "RT267 WB" }, "geometry": { "type": "LineString", "coordinates": [ [ -77.18678, 38.9098 ], [ -77.18684, 38.91041 ], [ -77.18707, 38.9112 ], [ -77.18751, 38.91206 ], [ -77.18795, 38.91264 ] ] } },
{ "type": "Feature", "properties": { "name": "SULLY RD" }, "geometry": { "type": "LineString", "coordinates": [ [ -77.42953, 38.94641 ], [ -77.42953, 38.94674 ] ] } },
{ "type": "Feature", "properties": { "name": "I66 WB" }, "geometry": { "type": "LineString", "coordinates": [ [ -77.28063, 38.87593 ], [ -77.28195, 38.87551 ] ] } },
{ "type": "Feature", "properties": { "name": "RT267 EB" }, "geometry": { "type": "LineString", "coordinates": [ [ -77.24924, 38.93315 ], [ -77.24692, 38.93384 ] ] } },
{ "type": "Feature", "properties": { "name": "SULLY RD" }, "geometry": { "type": "LineString", "coordinates": [ [ -77.43003, 38.9301 ], [ -77.43007, 38.92731 ] ] } },
{ "type": "Feature", "properties": { "name": "SULLY RD" }, "geometry": { "type": "LineString", "coordinates": [ [ -77.43007, 38.92731 ], [ -77.43018, 38.92145 ] ] } },
{ "type": "Feature", "properties": { "name": "SULLY RD" }, "geometry": { "type": "LineString", "coordinates": [ [ -77.42973, 38.93338 ], [ -77.4296, 38.94109 ] ] } },
{ "type": "Feature", "properties": { "name": "SULLY RD" }, "geometry": { "type": "LineString", "coordinates": [ [ -77.43151, 38.90963 ], [ -77.43064, 38.91248 ], [ -77.43016, 38.9149 ] ] } },
{ "type": "Feature", "properties": { "name": "SULLY RD" }, "geometry": { "type": "LineString", "coordinates": [ [ -77.43, 38.93242 ], [ -77.43002, 38.93094 ] ] } },
{ "type": "Feature", "properties": { "name": "SULLY RD" }, "geometry": { "type": "LineString", "coordinates": [ [ -77.43002, 38.93094 ], [ -77.43003, 38.9301 ] ] } },
{ "type": "Feature", "properties": { "name": "I95 SB" }, "geometry": { "type": "LineString", "coordinates": [ [ -77.22388, 38.7058 ], [ -77.22397, 38.70554 ] ] } },
{ "type": "Feature", "properties": { "name": "I95 SB" }, "geometry": { "type": "LineString", "coordinates": [ [ -77.22397, 38.70554 ], [ -77.22417, 38.70494 ] ] } },
{ "type": "Feature", "properties": { "name": "I95 SB" }, "geometry": { "type": "LineString", "coordinates": [ [ -77.07818, 38.80058 ], [ -77.08369, 38.8012 ] ] } },
{ "type": "Feature", "properties": { "name": "GEORGE WASHINGTON MEMORIAL PKWY" }, "geometry": { "type": "LineString", "coordinates": [ [ -77.17356, 38.96435 ], [ -77.17464, 38.96436 ] ] } },
{ "type": "Feature", "properties": { "name": "DULLES ACCESS RD WB" }, "geometry": { "type": "LineString", "coordinates": [ [ -77.26733, 38.93658 ], [ -77.26774, 38.93695 ] ] } },
{ "type": "Feature", "properties": { "name": "SULLY RD" }, "geometry": { "type": "LineString", "coordinates": [ [ -77.42978, 38.94647 ], [ -77.43, 38.93242 ] ] } },
{ "type": "Feature", "properties": { "name": "I95 EXP SB RAMP TO RT1 SB" }, "geometry": { "type": "LineString", "coordinates": [ [ -77.23073, 38.6808 ], [ -77.23312, 38.67846 ] ] } },
{ "type": "Feature", "properties": { "name": "RT267 EB" }, "geometry": { "type": "LineString", "coordinates": [ [ -77.24491, 38.93429 ], [ -77.24267, 38.93449 ] ] } },
{ "type": "Feature", "properties": { "name": "SULLY RD" }, "geometry": { "type": "LineString", "coordinates": [ [ -77.43018, 38.92145 ], [ -77.43021, 38.9178 ] ] } },
{ "type": "Feature", "properties": { "name": "SULLY RD" }, "geometry": { "type": "LineString", "coordinates": [ [ -77.43188, 38.90954 ], [ -77.43272, 38.90767 ], [ -77.43353, 38.90623 ] ] } },
{ "type": "Feature", "properties": { "name": "I95 SB" }, "geometry": { "type": "LineString", "coordinates": [ [ -77.2083, 38.72146 ], [ -77.20878, 38.72108 ] ] } },
{ "type": "Feature", "properties": { "name": "DULLES ACCESS RD WB" }, "geometry": { "type": "LineString", "coordinates": [ [ -77.30132, 38.94796 ], [ -77.30396, 38.94824 ], [ -77.30629, 38.94834 ], [ -77.30909, 38.94827 ], [ -77.31176, 38.94799 ] ] } },
{ "type": "Feature", "properties": { "name": "I66 WB" }, "geometry": { "type": "LineString", "coordinates": [ [ -77.26007, 38.87912 ], [ -77.26676, 38.87873 ] ] } },
{ "type": "Feature", "properties": { "name": "I66 EB RAMP TO RT50 EB" }, "geometry": { "type": "LineString", "coordinates": [ [ -77.34917, 38.86122 ], [ -77.34737, 38.86114 ], [ -77.34564, 38.86089 ], [ -77.34352, 38.86034 ], [ -77.34234, 38.85992 ] ] } },
{ "type": "Feature", "properties": { "name": "DULLES ACCESS RD EB" }, "geometry": { "type": "LineString", "coordinates": [ [ -77.40214, 38.95594 ], [ -77.39975, 38.95516 ], [ -77.39735, 38.95456 ] ] } },
{ "type": "Feature", "properties": { "name": "RT267 WB" }, "geometry": { "type": "LineString", "coordinates": [ [ -77.25001, 38.93373 ], [ -77.25305, 38.93298 ], [ -77.25464, 38.93271 ], [ -77.25735, 38.93262 ], [ -77.25901, 38.93271 ], [ -77.26123, 38.93314 ], [ -77.26325, 38.93387 ], [ -77.26459, 38.9346 ], [ -77.26588, 38.93558 ] ] } },
{ "type": "Feature", "properties": { "name": "I66 WB" }, "geometry": { "type": "LineString", "coordinates": [ [ -77.33939, 38.86372 ], [ -77.34232, 38.8632 ] ] } },
{ "type": "Feature", "properties": { "name": "DULLES ACCESS RD WB" }, "geometry": { "type": "LineString", "coordinates": [ [ -77.38351, 38.95286 ], [ -77.38419, 38.95289 ] ] } },
{ "type": "Feature", "properties": { "name": "I95 NB" }, "geometry": { "type": "LineString", "coordinates": [ [ -77.18416, 38.75208 ], [ -77.18359, 38.75497 ], [ -77.18322, 38.75753 ], [ -77.1828, 38.76458 ] ] } },
{ "type": "Feature", "properties": { "name": "I95 SB" }, "geometry": { "type": "LineString", "coordinates": [ [ -77.18385, 38.75722 ], [ -77.1848, 38.75218 ], [ -77.18543, 38.7499 ], [ -77.18653, 38.74703 ], [ -77.18789, 38.74425 ] ] } },
{ "type": "Feature", "properties": { "name": "I95 NB" }, "geometry": { "type": "LineString", "coordinates": [ [ -77.17831, 38.784 ], [ -77.17803, 38.78497 ], [ -77.17664, 38.7882 ], [ -77.17598, 38.78953 ], [ -77.1749, 38.79088 ] ] } },
{ "type": "Feature", "properties": { "name": "I95 EXP SB" }, "geometry": { "type": "LineString", "coordinates": [ [ -77.22391, 38.705 ], [ -77.22487, 38.70142 ], [ -77.22672, 38.69207 ] ] } },
{ "type": "Feature", "properties": { "name": "RT267 WB" }, "geometry": { "type": "LineString", "coordinates": [ [ -77.3744, 38.95348 ], [ -77.37738, 38.95331 ] ] } },
{ "type": "Feature", "properties": { "name": "I66 EB" }, "geometry": { "type": "LineString", "coordinates": [ [ -77.24206, 38.87963 ], [ -77.23926, 38.87991 ], [ -77.23692, 38.88032 ], [ -77.2354, 38.8807 ], [ -77.23245, 38.88167 ] ] } },
{ "type": "Feature", "properties": { "name": "RT267 EB" }, "geometry": { "type": "LineString", "coordinates": [ [ -77.31216, 38.94743 ], [ -77.31183, 38.9475 ] ] } },
{ "type": "Feature", "properties": { "name": "SULLY RD" }, "geometry": { "type": "LineString", "coordinates": [ [ -77.42973, 38.94865 ], [ -77.42977, 38.9468 ] ] } },
{ "type": "Feature", "properties": { "name": "RT267 WB" }, "geometry": { "type": "LineString", "coordinates": [ [ -77.29555, 38.9469 ], [ -77.2972, 38.94736 ], [ -77.29936, 38.94783 ], [ -77.30195, 38.94823 ] ] } },
{ "type": "Feature", "properties": { "name": "DULLES ACCESS RD WB" }, "geometry": { "type": "LineString", "coordinates": [ [ -77.38838, 38.95334 ], [ -77.38911, 38.95345 ] ] } },
{ "type": "Feature", "properties": { "name": "RT123 NB RAMP TO I66 EB" }, "geometry": { "type": "LineString", "coordinates": [ [ -77.30709, 38.86712 ], [ -77.30638, 38.86797 ], [ -77.30587, 38.86841 ], [ -77.30517, 38.86884 ], [ -77.3042, 38.86922 ], [ -77.30294, 38.8695 ] ] } },
{ "type": "Feature", "properties": { "name": "DULLES ACCESS RD EB" }, "geometry": { "type": "LineString", "coordinates": [ [ -77.29326, 38.94559 ], [ -77.29264, 38.94534 ] ] } },
{ "type": "Feature", "properties": { "name": "I95 NB" }, "geometry": { "type": "LineString", "coordinates": [ [ -77.2265, 38.69205 ], [ -77.22468, 38.70131 ], [ -77.22367, 38.70505 ] ] } },
{ "type": "Feature", "properties": { "name": "RT267 WB" }, "geometry": { "type": "LineString", "coordinates": [ [ -77.23337, 38.93419 ], [ -77.23493, 38.93432 ], [ -77.2365, 38.93457 ] ] } },
{ "type": "Feature", "properties": { "name": "DULLES ACCESS RD EB" }, "geometry": { "type": "LineString", "coordinates": [ [ -77.38137, 38.95261 ], [ -77.37462, 38.95302 ] ] } },
{ "type": "Feature", "properties": { "name": "GEORGE WASHINGTON MEMORIAL PKWY" }, "geometry": { "type": "LineString", "coordinates": [ [ -77.17464, 38.9642 ], [ -77.17357, 38.9642 ] ] } },
{ "type": "Feature", "properties": { "name": "I66 WB THRU RAMP" }, "geometry": { "type": "LineString", "coordinates": [ [ -77.26976, 38.87848 ], [ -77.27116, 38.87831 ], [ -77.27576, 38.87748 ] ] } },
{ "type": "Feature", "properties": { "name": "SULLY RD" }, "geometry": { "type": "LineString", "coordinates": [ [ -77.43021, 38.9178 ], [ -77.43035, 38.91544 ] ] } },
{ "type": "Feature", "properties": { "name": "I395 SB" }, "geometry": { "type": "LineString", "coordinates": [ [ -77.16594, 38.80052 ], [ -77.16998, 38.79679 ] ] } },
{ "type": "Feature", "properties": { "name": "I95 SB" }, "geometry": { "type": "LineString", "coordinates": [ [ -77.18897, 38.74229 ], [ -77.18988, 38.74084 ] ] } },
{ "type": "Feature", "properties": { "name": "DULLES ACCESS RD WB" }, "geometry": { "type": "LineString", "coordinates": [ [ -77.20364, 38.9291 ], [ -77.20958, 38.93126 ] ] } },
{ "type": "Feature", "properties": { "name": "I495 SB" }, "geometry": { "type": "LineString", "coordinates": [ [ -77.22062, 38.88829 ], [ -77.22139, 38.88756 ] ] } },
{ "type": "Feature", "properties": { "name": "RT267 EB" }, "geometry": { "type": "LineString", "coordinates": [ [ -77.33759, 38.94659 ], [ -77.33383, 38.94533 ] ] } },
{ "type": "Feature", "properties": { "name": "I66 EB" }, "geometry": { "type": "LineString", "coordinates": [ [ -77.26621, 38.87823 ], [ -77.26252, 38.87846 ] ] } },
{ "type": "Feature", "properties": { "name": "I495 NB" }, "geometry": { "type": "LineString", "coordinates": [ [ -77.20201, 38.94616 ], [ -77.20174, 38.94655 ] ] } },
{ "type": "Feature", "properties": { "name": "SULLY RD" }, "geometry": { "type": "LineString", "coordinates": [ [ -77.43577, 38.90286 ], [ -77.43919, 38.89796 ] ] } },
{ "type": "Feature", "properties": { "name": "I66 EB" }, "geometry": { "type": "LineString", "coordinates": [ [ -77.22181, 38.88519 ], [ -77.2208, 38.88554 ] ] } },
{ "type": "Feature", "properties": { "name": "SULLY RD" }, "geometry": { "type": "LineString", "coordinates": [ [ -77.44505, 38.88932 ], [ -77.44602, 38.88774 ], [ -77.44713, 38.88616 ] ] } },
{ "type": "Feature", "properties": { "name": "I495 SB" }, "geometry": { "type": "LineString", "coordinates": [ [ -77.22048, 38.85704 ], [ -77.22045, 38.85499 ] ] } },
{ "type": "Feature", "properties": { "name": "RT267 EB" }, "geometry": { "type": "LineString", "coordinates": [ [ -77.36073, 38.95249 ], [ -77.35671, 38.95198 ] ] } },
{ "type": "Feature", "properties": { "name": "RT267 EB" }, "geometry": { "type": "LineString", "coordinates": [ [ -77.35671, 38.95198 ], [ -77.35611, 38.95187 ] ] } },
{ "type": "Feature", "properties": { "name": "I495 NB" }, "geometry": { "type": "LineString", "coordinates": [ [ -77.20227, 38.94578 ], [ -77.20201, 38.94616 ] ] } },
{ "type": "Feature", "properties": { "name": "I495 NB" }, "geometry": { "type": "LineString", "coordinates": [ [ -77.20259, 38.94527 ], [ -77.20227, 38.94578 ] ] } },
{ "type": "Feature", "properties": { "name": "GEORGE WASHINGTON MEMORIAL PKWY" }, "geometry": { "type": "LineString", "coordinates": [ [ -77.15309, 38.96193 ], [ -77.15489, 38.96242 ], [ -77.15671, 38.96316 ] ] } },
{ "type": "Feature", "properties": { "name": "SULLY RD" }, "geometry": { "type": "LineString", "coordinates": [ [ -77.42977, 38.9468 ], [ -77.42978, 38.94647 ] ] } },
{ "type": "Feature", "properties": { "name": "DULLES ACCESS RD EB RAMP TO RT267 EB" }, "geometry": { "type": "LineString", "coordinates": [ [ -77.41879, 38.96172 ], [ -77.4156, 38.9606 ], [ -77.41485, 38.96024 ] ] } },
{ "type": "Feature", "properties": { "name": "I95 LOCAL NB" }, "geometry": { "type": "LineString", "coordinates": [ [ -77.08274, 38.80081 ], [ -77.07902, 38.80036 ] ] } },
{ "type": "Feature", "properties": { "name": "I495 SB" }, "geometry": { "type": "LineString", "coordinates": [ [ -77.18594, 38.79485 ], [ -77.18474, 38.79441 ], [ -77.18089, 38.79257 ] ] } },
{ "type": "Feature", "properties": { "name": "GEORGE WASHINGTON MEMORIAL PKWY" }, "geometry": { "type": "LineString", "coordinates": [ [ -77.14554, 38.95929 ], [ -77.14392, 38.95827 ] ] } },
{ "type": "Feature", "properties": { "name": "RT267 WB" }, "geometry": { "type": "LineString", "coordinates": [ [ -77.22368, 38.93485 ], [ -77.22733, 38.93456 ] ] } },
{ "type": "Feature", "properties": { "name": "GEORGE WASHINGTON MEMORIAL PKWY" }, "geometry": { "type": "LineString", "coordinates": [ [ -77.14312, 38.95791 ], [ -77.1433, 38.95803 ] ] } },
{ "type": "Feature", "properties": { "name": "RT267 EB" }, "geometry": { "type": "LineString", "coordinates": [ [ -77.21292, 38.93195 ], [ -77.21072, 38.93116 ] ] } },
{ "type": "Feature", "properties": { "name": "DULLES ACCESS RD EB" }, "geometry": { "type": "LineString", "coordinates": [ [ -77.20964, 38.93099 ], [ -77.20389, 38.9289 ] ] } },
{ "type": "Feature", "properties": { "name": "DULLES ACCESS RD EB" }, "geometry": { "type": "LineString", "coordinates": [ [ -77.35668, 38.95215 ], [ -77.35607, 38.95205 ] ] } },
{ "type": "Feature", "properties": { "name": "DULLES ACCESS RD WB" }, "geometry": { "type": "LineString", "coordinates": [ [ -77.34643, 38.94999 ], [ -77.35176, 38.95145 ], [ -77.35602, 38.95231 ] ] } },
{ "type": "Feature", "properties": { "name": "I95 NB" }, "geometry": { "type": "LineString", "coordinates": [ [ -77.20815, 38.72109 ], [ -77.20412, 38.72443 ] ] } },
{ "type": "Feature", "properties": { "name": "I66 WB THRU RAMP" }, "geometry": { "type": "LineString", "coordinates": [ [ -77.37819, 38.85664 ], [ -77.38024, 38.85649 ], [ -77.38355, 38.85591 ] ] } },
{ "type": "Feature", "properties": { "name": "I95 NB RAMP TO I95 EXP NB" }, "geometry": { "type": "LineString", "coordinates": [ [ -77.18199, 38.77238 ], [ -77.18206, 38.77249 ], [ -77.18178, 38.7736 ], [ -77.18123, 38.7749 ], [ -77.18111, 38.77559 ] ] } },
{ "type": "Feature", "properties": { "name": "I95 SB" }, "geometry": { "type": "LineString", "coordinates": [ [ -77.07367, 38.79993 ], [ -77.07481, 38.80018 ], [ -77.07605, 38.80034 ] ] } },
{ "type": "Feature", "properties": { "name": "SULLY RD" }, "geometry": { "type": "LineString", "coordinates": [ [ -77.42953, 38.94674 ], [ -77.42948, 38.94855 ] ] } },
{ "type": "Feature", "properties": { "name": "GEORGE WASHINGTON MEMORIAL PKWY" }, "geometry": { "type": "LineString", "coordinates": [ [ -77.15805, 38.96356 ], [ -77.1568, 38.96302 ] ] } },
{ "type": "Feature", "properties": { "name": "I66 WB" }, "geometry": { "type": "LineString", "coordinates": [ [ -77.43653, 38.84584 ], [ -77.43851, 38.84497 ], [ -77.44066, 38.84379 ], [ -77.44173, 38.84309 ], [ -77.44304, 38.84199 ] ] } },
{ "type": "Feature", "properties": { "name": "DULLES ACCESS RD EB" }, "geometry": { "type": "LineString", "coordinates": [ [ -77.32103, 38.94504 ], [ -77.31905, 38.94556 ], [ -77.31351, 38.94731 ], [ -77.31219, 38.94763 ] ] } },
{ "type": "Feature", "properties": { "name": "DULLES ACCESS RD EB" }, "geometry": { "type": "LineString", "coordinates": [ [ -77.40459, 38.95682 ], [ -77.40413, 38.95665 ] ] } },
{ "type": "Feature", "properties": { "name": "I66 WB" }, "geometry": { "type": "LineString", "coordinates": [ [ -77.30821, 38.86937 ], [ -77.30903, 38.86921 ] ] } },
{ "type": "Feature", "properties": { "name": "I66 WB" }, "geometry": { "type": "LineString", "coordinates": [ [ -77.19683, 38.89917 ], [ -77.19742, 38.89881 ] ] } },
{ "type": "Feature", "properties": { "name": "DULLES ACCESS RD EB" }, "geometry": { "type": "LineString", "coordinates": [ [ -77.35607, 38.95205 ], [ -77.35317, 38.95148 ], [ -77.35027, 38.95079 ], [ -77.34761, 38.95006 ], [ -77.34402, 38.9489 ] ] } },
{ "type": "Feature", "properties": { "name": "I395 SB" }, "geometry": { "type": "LineString", "coordinates": [ [ -77.15079, 38.81074 ], [ -77.1526, 38.80973 ] ] } },
{ "type": "Feature", "properties": { "name": "I95 NB" }, "geometry": { "type": "LineString", "coordinates": [ [ -77.1828, 38.76458 ], [ -77.18279, 38.76488 ] ] } },
{ "type": "Feature", "properties": { "name": "I66 WB" }, "geometry": { "type": "LineString", "coordinates": [ [ -77.17001, 38.89505 ], [ -77.17118, 38.89576 ], [ -77.1723, 38.89628 ], [ -77.17784, 38.89822 ] ] } },
{ "type": "Feature", "properties": { "name": "RT267 WB" }, "geometry": { "type": "LineString", "coordinates": [ [ -77.38354, 38.95306 ], [ -77.3842, 38.95308 ] ] } },
{ "type": "Feature", "properties": { "name": "DULLES ACCESS RD EB" }, "geometry": { "type": "LineString", "coordinates": [ [ -77.32523, 38.94453 ], [ -77.32437, 38.94456 ], [ -77.32246, 38.94479 ] ] } },
{ "type": "Feature", "properties": { "name": "RT267 EB" }, "geometry": { "type": "LineString", "coordinates": [ [ -77.41509, 38.96033 ], [ -77.41485, 38.96024 ] ] } },
{ "type": "Feature", "properties": { "name": "I66 EB" }, "geometry": { "type": "LineString", "coordinates": [ [ -77.21885, 38.88635 ], [ -77.2178, 38.88681 ] ] } },
{ "type": "Feature", "properties": { "name": "I495 NB" }, "geometry": { "type": "LineString", "coordinates": [ [ -77.20174, 38.94655 ], [ -77.20099, 38.94748 ], [ -77.20014, 38.94837 ], [ -77.19611, 38.95166 ] ] } },
{ "type": "Feature", "properties": { "name": "DULLES ACCESS RD WB" }, "geometry": { "type": "LineString", "coordinates": [ [ -77.31176, 38.94799 ], [ -77.31217, 38.94791 ] ] } },
{ "type": "Feature", "properties": { "name": "DULLES ACCESS RD EB" }, "geometry": { "type": "LineString", "coordinates": [ [ -77.23077, 38.9337 ], [ -77.2282, 38.93386 ] ] } },
{ "type": "Feature", "properties": { "name": "I395 NB" }, "geometry": { "type": "LineString", "coordinates": [ [ -77.16209, 38.80317 ], [ -77.15867, 38.80557 ] ] } },
{ "type": "Feature", "properties": { "name": "I395 SB" }, "geometry": { "type": "LineString", "coordinates": [ [ -77.16067, 38.80464 ], [ -77.16256, 38.80327 ] ] } },
{ "type": "Feature", "properties": { "name": "SULLY RD" }, "geometry": { "type": "LineString", "coordinates": [ [ -77.43353, 38.90623 ], [ -77.43577, 38.90286 ] ] } },
{ "type": "Feature", "properties": { "name": "I495 SB" }, "geometry": { "type": "LineString", "coordinates": [ [ -77.18089, 38.79257 ], [ -77.17727, 38.79122 ], [ -77.17428, 38.79036 ] ] } },
{ "type": "Feature", "properties": { "name": "I495 SB" }, "geometry": { "type": "LineString", "coordinates": [ [ -77.21374, 38.93131 ], [ -77.21393, 38.93097 ] ] } },
{ "type": "Feature", "properties": { "name": "I95 EXP SB" }, "geometry": { "type": "LineString", "coordinates": [ [ -77.1811, 38.77741 ], [ -77.18171, 38.77535 ] ] } },
{ "type": "Feature", "properties": { "name": "I495 NB" }, "geometry": { "type": "LineString", "coordinates": [ [ -77.219, 38.8401 ], [ -77.21943, 38.8421 ], [ -77.21971, 38.84422 ], [ -77.21973, 38.84863 ] ] } },
{ "type": "Feature", "properties": { "name": "I66 EB" }, "geometry": { "type": "LineString", "coordinates": [ [ -77.39296, 38.8534 ], [ -77.39173, 38.85363 ] ] } },
{ "type": "Feature", "properties": { "name": "I95 EXP SB" }, "geometry": { "type": "LineString", "coordinates": [ [ -77.22371, 38.7056 ], [ -77.22391, 38.705 ] ] } },
{ "type": "Feature", "properties": { "name": "I66 WB" }, "geometry": { "type": "LineString", "coordinates": [ [ -77.35212, 38.8614 ], [ -77.35339, 38.86111 ], [ -77.35481, 38.86091 ] ] } },
{ "type": "Feature", "properties": { "name": "DULLES ACCESS RD WB" }, "geometry": { "type": "LineString", "coordinates": [ [ -77.3734, 38.95335 ], [ -77.37445, 38.95329 ] ] } },
{ "type": "Feature", "properties": { "name": "RT267 WB RAMP TO DULLES ACCESS RD WB" }, "geometry": { "type": "LineString", "coordinates": [ [ -77.22368, 38.93485 ], [ -77.22831, 38.93416 ] ] } },
{ "type": "Feature", "properties": { "name": "I495 NB" }, "geometry": { "type": "LineString", "coordinates": [ [ -77.19046, 38.95994 ], [ -77.18923, 38.96071 ], [ -77.18568, 38.96222 ] ] } },
{ "type": "Feature", "properties": { "name": "SULLY RD" }, "geometry": { "type": "LineString", "coordinates": [ [ -77.43927, 38.89784 ], [ -77.43971, 38.8972 ] ] } },
{ "type": "Feature", "properties": { "name": "I495 NB" }, "geometry": { "type": "LineString", "coordinates": [ [ -77.22113, 38.88025 ], [ -77.22119, 38.88131 ] ] } },
{ "type": "Feature", "properties": { "name": "RT267 EB" }, "geometry": { "type": "LineString", "coordinates": [ [ -77.32506, 38.94433 ], [ -77.32344, 38.94445 ] ] } },
{ "type": "Feature", "properties": { "name": "RT267 EB" }, "geometry": { "type": "LineString", "coordinates": [ [ -77.25034, 38.93285 ], [ -77.24924, 38.93315 ] ] } },
{ "type": "Feature", "properties": { "name": "I66 EB" }, "geometry": { "type": "LineString", "coordinates": [ [ -77.27084, 38.87758 ], [ -77.2674, 38.87812 ] ] } },
{ "type": "Feature", "properties": { "name": "DULLES ACCESS RD WB" }, "geometry": { "type": "LineString", "coordinates": [ [ -77.20958, 38.93126 ], [ -77.2105, 38.9316 ] ] } },
{ "type": "Feature", "properties": { "name": "DULLES ACCESS RD EB" }, "geometry": { "type": "LineString", "coordinates": [ [ -77.21281, 38.93214 ], [ -77.21063, 38.93134 ] ] } },
{ "type": "Feature", "properties": { "name": "GEORGE WASHINGTON MEMORIAL PKWY" }, "geometry": { "type": "LineString", "coordinates": [ [ -77.13419, 38.94121 ], [ -77.1337, 38.94047 ], [ -77.13352, 38.93976 ] ] } },
{ "type": "Feature", "properties": { "name": "I95 SB" }, "geometry": { "type": "LineString", "coordinates": [ [ -77.15355, 38.79362 ], [ -77.15409, 38.79352 ] ] } },
{ "type": "Feature", "properties": { "name": "I95 SB" }, "geometry": { "type": "LineString", "coordinates": [ [ -77.15409, 38.79352 ], [ -77.15575, 38.79325 ], [ -77.16249, 38.7918 ], [ -77.16511, 38.79149 ], [ -77.16718, 38.79142 ] ] } },
{ "type": "Feature", "properties": { "name": "I495 SB" }, "geometry": { "type": "LineString", "coordinates": [ [ -77.21337, 38.9319 ], [ -77.21374, 38.93131 ] ] } },
{ "type": "Feature", "properties": { "name": "DULLES ACCESS RD EB" }, "geometry": { "type": "LineString", "coordinates": [ [ -77.40413, 38.95665 ], [ -77.40214, 38.95594 ] ] } },
{ "type": "Feature", "properties": { "name": "RT267 WB" }, "geometry": { "type": "LineString", "coordinates": [ [ -77.21554, 38.93401 ], [ -77.22137, 38.93481 ], [ -77.22249, 38.93489 ], [ -77.22368, 38.93485 ] ] } },
{ "type": "Feature", "properties": { "name": "I395 SB" }, "geometry": { "type": "LineString", "coordinates": [ [ -77.16998, 38.79679 ], [ -77.17049, 38.79618 ], [ -77.17301, 38.79392 ] ] } },
{ "type": "Feature", "properties": { "name": "RT267 WB" }, "geometry": { "type": "LineString", "coordinates": [ [ -77.32617, 38.94492 ], [ -77.32825, 38.94498 ], [ -77.3304, 38.94524 ], [ -77.33268, 38.94573 ], [ -77.3345, 38.94631 ] ] } },
{ "type": "Feature", "properties": { "name": "GEORGE WASHINGTON MEMORIAL PKWY" }, "geometry": { "type": "LineString", "coordinates": [ [ -77.15671, 38.96316 ], [ -77.15796, 38.96369 ] ] } },
{ "type": "Feature", "properties": { "name": "RT267 WB" }, "geometry": { "type": "LineString", "coordinates": [ [ -77.33778, 38.94733 ], [ -77.34029, 38.94821 ] ] } },
{ "type": "Feature", "properties": { "name": "GEORGE WASHINGTON MEMORIAL PKWY" }, "geometry": { "type": "LineString", "coordinates": [ [ -77.17357, 38.9642 ], [ -77.16988, 38.96365 ], [ -77.1684, 38.96359 ], [ -77.16704, 38.96372 ], [ -77.16271, 38.96435 ], [ -77.16125, 38.96439 ], [ -77.15953, 38.96411 ], [ -77.15805, 38.96356 ] ] } },
{ "type": "Feature", "properties": { "name": "I95 EXP SB" }, "geometry": { "type": "LineString", "coordinates": [ [ -77.19906, 38.7294 ], [ -77.20156, 38.72699 ], [ -77.20372, 38.72506 ] ] } },
{ "type": "Feature", "properties": { "name": "RT267 WB" }, "geometry": { "type": "LineString", "coordinates": [ [ -77.36455, 38.95355 ], [ -77.36912, 38.95368 ] ] } },
{ "type": "Feature", "properties": { "name": "I495 SB" }, "geometry": { "type": "LineString", "coordinates": [ [ -77.22044, 38.86502 ], [ -77.22039, 38.86088 ] ] } },
{ "type": "Feature", "properties": { "name": "SULLY RD" }, "geometry": { "type": "LineString", "coordinates": [ [ -77.44265, 38.89221 ], [ -77.43947, 38.89695 ] ] } },
{ "type": "Feature", "properties": { "name": "RT267 WB" }, "geometry": { "type": "LineString", "coordinates": [ [ -77.41028, 38.95934 ], [ -77.41522, 38.96105 ] ] } },
{ "type": "Feature", "properties": { "name": "I95 SB" }, "geometry": { "type": "LineString", "coordinates": [ [ -77.20878, 38.72108 ], [ -77.21102, 38.71942 ], [ -77.21604, 38.71604 ], [ -77.21778, 38.71475 ] ] } },
{ "type": "Feature", "properties": { "name": "I66 EB" }, "geometry": { "type": "LineString", "coordinates": [ [ -77.17761, 38.8977 ], [ -77.17272, 38.896 ], [ -77.1715, 38.89544 ], [ -77.17038, 38.89476 ] ] } },
{ "type": "Feature", "properties": { "name": "GEORGE WASHINGTON MEMORIAL PKWY" }, "geometry": { "type": "LineString", "coordinates": [ [ -77.13355, 38.93868 ], [ -77.13335, 38.93929 ] ] } },
{ "type": "Feature", "properties": { "name": "RT267 WB" }, "geometry": { "type": "LineString", "coordinates": [ [ -77.32559, 38.94496 ], [ -77.32617, 38.94492 ] ] } },
{ "type": "Feature", "properties": { "name": "DULLES ACCESS RD WB" }, "geometry": { "type": "LineString", "coordinates": [ [ -77.32249, 38.94505 ], [ -77.32542, 38.94475 ] ] } },
{ "type": "Feature", "properties": { "name": "I95 SB" }, "geometry": { "type": "LineString", "coordinates": [ [ -77.17967, 38.7826 ], [ -77.18073, 38.77948 ], [ -77.18176, 38.77595 ], [ -77.18249, 38.77306 ] ] } },
{ "type": "Feature", "properties": { "name": "I95 NB RAMP TO I495 NB" }, "geometry": { "type": "LineString", "coordinates": [ [ -77.17722, 38.78618 ], [ -77.17638, 38.78761 ] ] } },
{ "type": "Feature", "properties": { "name": "I95 SB" }, "geometry": { "type": "LineString", "coordinates": [ [ -77.18367, 38.76008 ], [ -77.18385, 38.75722 ] ] } },
{ "type": "Feature", "properties": { "name": "RT267 EB" }, "geometry": { "type": "LineString", "coordinates": [ [ -77.22108, 38.93383 ], [ -77.21906, 38.93367 ], [ -77.21664, 38.93317 ] ] } },
{ "type": "Feature", "properties": { "name": "SULLY RD" }, "geometry": { "type": "LineString", "coordinates": [ [ -77.43325, 38.90614 ], [ -77.43237, 38.90779 ], [ -77.43151, 38.90963 ] ] } },
{ "type": "Feature", "properties": { "name": "I66 WB" }, "geometry": { "type": "LineString", "coordinates": [ [ -77.42413, 38.84839 ], [ -77.43005, 38.84734 ] ] } },
{ "type": "Feature", "properties": { "name": "GEORGE WASHINGTON MEMORIAL PKWY" }, "geometry": { "type": "LineString", "coordinates": [ [ -77.14392, 38.95827 ], [ -77.14346, 38.95795 ] ] } },
{ "type": "Feature", "properties": { "name": "I495 SB" }, "geometry": { "type": "LineString", "coordinates": [ [ -77.19126, 38.95999 ], [ -77.19195, 38.95921 ], [ -77.19234, 38.95857 ], [ -77.19313, 38.95665 ] ] } },
{ "type": "Feature", "properties": { "name": "I495 NB" }, "geometry": { "type": "LineString", "coordinates": [ [ -77.19025, 38.79645 ], [ -77.19324, 38.79715 ] ] } },
{ "type": "Feature", "properties": { "name": "I95 LOCAL SB" }, "geometry": { "type": "LineString", "coordinates": [ [ -77.07059, 38.79923 ], [ -77.0732, 38.80005 ] ] } },
{ "type": "Feature", "properties": { "name": "I495 SB" }, "geometry": { "type": "LineString", "coordinates": [ [ -77.2027, 38.94589 ], [ -77.20295, 38.94549 ] ] } },
{ "type": "Feature", "properties": { "name": "I495 NB" }, "geometry": { "type": "LineString", "coordinates": [ [ -77.19324, 38.79715 ], [ -77.19421, 38.79738 ] ] } },
{ "type": "Feature", "properties": { "name": "I495 SB" }, "geometry": { "type": "LineString", "coordinates": [ [ -77.19373, 38.79696 ], [ -77.19038, 38.79616 ] ] } },
{ "type": "Feature", "properties": { "name": "I495 SB" }, "geometry": { "type": "LineString", "coordinates": [ [ -77.19468, 38.79718 ], [ -77.19373, 38.79696 ] ] } },
{ "type": "Feature", "properties": { "name": "RT267 WB" }, "geometry": { "type": "LineString", "coordinates": [ [ -77.31178, 38.94818 ], [ -77.31211, 38.94812 ] ] } },
{ "type": "Feature", "properties": { "name": "I66 WB" }, "geometry": { "type": "LineString", "coordinates": [ [ -77.26676, 38.87873 ], [ -77.26776, 38.87865 ] ] } },
{ "type": "Feature", "properties": { "name": "RT267 WB" }, "geometry": { "type": "LineString", "coordinates": [ [ -77.31211, 38.94812 ], [ -77.31564, 38.94718 ] ] } },
{ "type": "Feature", "properties": { "name": "I495 NB" }, "geometry": { "type": "LineString", "coordinates": [ [ -77.21988, 38.8661 ], [ -77.21988, 38.86634 ] ] } },
{ "type": "Feature", "properties": { "name": "RT267 EB" }, "geometry": { "type": "LineString", "coordinates": [ [ -77.4047, 38.95663 ], [ -77.40437, 38.95651 ] ] } },
{ "type": "Feature", "properties": { "name": "I95 SB" }, "geometry": { "type": "LineString", "coordinates": [ [ -77.18341, 38.76511 ], [ -77.18367, 38.76008 ] ] } },
{ "type": "Feature", "properties": { "name": "GEORGE WASHINGTON MEMORIAL PKWY" }, "geometry": { "type": "LineString", "coordinates": [ [ -77.12515, 38.93268 ], [ -77.12658, 38.93322 ], [ -77.12787, 38.93357 ], [ -77.13192, 38.93413 ], [ -77.13261, 38.93439 ], [ -77.13316, 38.93471 ], [ -77.13363, 38.93512 ], [ -77.13393, 38.9355 ], [ -77.13416, 38.93598 ], [ -77.13427, 38.93647 ], [ -77.13418, 38.93726 ], [ -77.13355, 38.93868 ] ] } },
{ "type": "Feature", "properties": { "name": "RT267 EB" }, "geometry": { "type": "LineString", "coordinates": [ [ -77.2825, 38.94193 ], [ -77.27663, 38.94144 ], [ -77.275, 38.94113 ], [ -77.27384, 38.94077 ], [ -77.27251, 38.94015 ], [ -77.27131, 38.93938 ], [ -77.26795, 38.93646 ] ] } },
{ "type": "Feature", "properties": { "name": "DULLES ACCESS RD WB" }, "geometry": { "type": "LineString", "coordinates": [ [ -77.23339, 38.934 ], [ -77.23483, 38.93413 ], [ -77.23987, 38.93483 ], [ -77.24162, 38.93496 ], [ -77.24385, 38.93487 ], [ -77.24632, 38.93444 ] ] } },
{ "type": "Feature", "properties": { "name": "DULLES ACCESS RD WB" }, "geometry": { "type": "LineString", "coordinates": [ [ -77.24632, 38.93444 ], [ -77.24728, 38.93419 ] ] } },
{ "type": "Feature", "properties": { "name": "I66 WB" }, "geometry": { "type": "LineString", "coordinates": [ [ -77.3029, 38.87021 ], [ -77.30821, 38.86937 ] ] } },
{ "type": "Feature", "properties": { "name": "I66 EB" }, "geometry": { "type": "LineString", "coordinates": [ [ -77.32192, 38.86623 ], [ -77.31675, 38.86715 ] ] } },
{ "type": "Feature", "properties": { "name": "RT267 EB" }, "geometry": { "type": "LineString", "coordinates": [ [ -77.21664, 38.93317 ], [ -77.21539, 38.93284 ], [ -77.21355, 38.93218 ] ] } },
{ "type": "Feature", "properties": { "name": "I95 SB" }, "geometry": { "type": "LineString", "coordinates": [ [ -77.16718, 38.79142 ], [ -77.16852, 38.79137 ], [ -77.17105, 38.79147 ] ] } },
{ "type": "Feature", "properties": { "name": "I395 NB" }, "geometry": { "type": "LineString", "coordinates": [ [ -77.15581, 38.80735 ], [ -77.15372, 38.80854 ], [ -77.15248, 38.80913 ] ] } },
{ "type": "Feature", "properties": { "name": "I95 LOCAL NB" }, "geometry": { "type": "LineString", "coordinates": [ [ -77.07622, 38.80001 ], [ -77.07487, 38.7998 ] ] } },
{ "type": "Feature", "properties": { "name": "RT267 WB" }, "geometry": { "type": "LineString", "coordinates": [ [ -77.24134, 38.93521 ], [ -77.24362, 38.93515 ] ] } },
{ "type": "Feature", "properties": { "name": "RT267 WB" }, "geometry": { "type": "LineString", "coordinates": [ [ -77.31564, 38.94718 ], [ -77.31996, 38.94579 ], [ -77.32253, 38.94526 ] ] } },
{ "type": "Feature", "properties": { "name": "RT267 WB" }, "geometry": { "type": "LineString", "coordinates": [ [ -77.26728, 38.93679 ], [ -77.26763, 38.93713 ] ] } },
{ "type": "Feature", "properties": { "name": "RT267 WB" }, "geometry": { "type": "LineString", "coordinates": [ [ -77.24645, 38.9346 ], [ -77.24748, 38.93435 ] ] } },
{ "type": "Feature", "properties": { "name": "GEORGE WASHINGTON MEMORIAL PKWY" }, "geometry": { "type": "LineString", "coordinates": [ [ -77.13355, 38.94058 ], [ -77.134, 38.94128 ], [ -77.13596, 38.94355 ], [ -77.13665, 38.94476 ], [ -77.13689, 38.94578 ], [ -77.13725, 38.95113 ], [ -77.13748, 38.95213 ], [ -77.1378, 38.95294 ], [ -77.1383, 38.95382 ], [ -77.13887, 38.95455 ], [ -77.14073, 38.95615 ] ] } },
{ "type": "Feature", "properties": { "name": "GEORGE WASHINGTON MEMORIAL PKWY" }, "geometry": { "type": "LineString", "coordinates": [ [ -77.1433, 38.95803 ], [ -77.14377, 38.95837 ] ] } },
{ "type": "Feature", "properties": { "name": "I495 SB" }, "geometry": { "type": "LineString", "coordinates": [ [ -77.20656, 38.79993 ], [ -77.20611, 38.79981 ] ] } },
{ "type": "Feature", "properties": { "name": "GEORGE WASHINGTON MEMORIAL PKWY" }, "geometry": { "type": "LineString", "coordinates": [ [ -77.13352, 38.93976 ], [ -77.13354, 38.93927 ], [ -77.1337, 38.93878 ] ] } },
{ "type": "Feature", "properties": { "name": "I495 NB" }, "geometry": { "type": "LineString", "coordinates": [ [ -77.21983, 38.86256 ], [ -77.21988, 38.86522 ] ] } },
{ "type": "Feature", "properties": { "name": "I495 SB" }, "geometry": { "type": "LineString", "coordinates": [ [ -77.21711, 38.92048 ], [ -77.21767, 38.91763 ] ] } },
{ "type": "Feature", "properties": { "name": "I495 SB" }, "geometry": { "type": "LineString", "coordinates": [ [ -77.22254, 38.88334 ], [ -77.2224, 38.88229 ] ] } },
{ "type": "Feature", "properties": { "name": "I495 SB" }, "geometry": { "type": "LineString", "coordinates": [ [ -77.22042, 38.86547 ], [ -77.22044, 38.86502 ] ] } },
{ "type": "Feature", "properties": { "name": "I66 EB" }, "geometry": { "type": "LineString", "coordinates": [ [ -77.48976, 38.81007 ], [ -77.48812, 38.81075 ] ] } },
{ "type": "Feature", "properties": { "name": "I95 NB" }, "geometry": { "type": "LineString", "coordinates": [ [ -77.24009, 38.6738 ], [ -77.23972, 38.67395 ] ] } },
{ "type": "Feature", "properties": { "name": "I66 EB" }, "geometry": { "type": "LineString", "coordinates": [ [ -77.48812, 38.81075 ], [ -77.48757, 38.81098 ] ] } },
{ "type": "Feature", "properties": { "name": "I495 SB" }, "geometry": { "type": "LineString", "coordinates": [ [ -77.1813, 38.96509 ], [ -77.18163, 38.96472 ], [ -77.18208, 38.96438 ], [ -77.1829, 38.96391 ] ] } },
{ "type": "Feature", "properties": { "name": "RT267 EB" }, "geometry": { "type": "LineString", "coordinates": [ [ -77.1884, 38.91268 ], [ -77.18799, 38.91219 ], [ -77.18756, 38.91149 ], [ -77.18724, 38.91063 ], [ -77.18711, 38.90979 ] ] } },
{ "type": "Feature", "properties": { "name": "I66 EB" }, "geometry": { "type": "LineString", "coordinates": [ [ -77.21011, 38.89106 ], [ -77.20148, 38.896 ] ] } },
{ "type": "Feature", "properties": { "name": "I66 EB RAMP TO RT123 SB" }, "geometry": { "type": "LineString", "coordinates": [ [ -77.31675, 38.86715 ], [ -77.31425, 38.8674 ], [ -77.31301, 38.86734 ], [ -77.30995, 38.86656 ] ] } },
{ "type": "Feature", "properties": { "name": "RT267 EB" }, "geometry": { "type": "LineString", "coordinates": [ [ -77.20524, 38.92915 ], [ -77.20395, 38.92869 ] ] } },
{ "type": "Feature", "properties": { "name": "I95 SB" }, "geometry": { "type": "LineString", "coordinates": [ [ -77.17301, 38.79392 ], [ -77.17528, 38.79188 ], [ -77.17589, 38.79121 ], [ -77.17669, 38.78996 ], [ -77.17821, 38.7867 ] ] } },
{ "type": "Feature", "properties": { "name": "I495 EXPRESS LANE SB" }, "geometry": { "type": "LineString", "coordinates": [ [ -77.19125, 38.95981 ], [ -77.19185, 38.95912 ], [ -77.19244, 38.95799 ] ] } },
{ "type": "Feature", "properties": { "name": "I66 WB THRU RAMP" }, "geometry": { "type": "LineString", "coordinates": [ [ -77.38355, 38.85591 ], [ -77.3874, 38.8552 ] ] } },
{ "type": "Feature", "properties": { "name": "I95 SB" }, "geometry": { "type": "LineString", "coordinates": [ [ -77.24104, 38.67398 ], [ -77.24273, 38.67341 ] ] } },
{ "type": "Feature", "properties": { "name": "I95 NB" }, "geometry": { "type": "LineString", "coordinates": [ [ -77.15778, 38.79232 ], [ -77.15567, 38.79285 ], [ -77.15381, 38.7932 ] ] } },
{ "type": "Feature", "properties": { "name": "RT267 EB" }, "geometry": { "type": "LineString", "coordinates": [ [ -77.22808, 38.93357 ], [ -77.22239, 38.93385 ], [ -77.22108, 38.93383 ] ] } },
{ "type": "Feature", "properties": { "name": "I395 NB" }, "geometry": { "type": "LineString", "coordinates": [ [ -77.14911, 38.81072 ], [ -77.14367, 38.81322 ] ] } },
{ "type": "Feature", "properties": { "name": "I395 NB RAMP TO I395 EXP NB" }, "geometry": { "type": "LineString", "coordinates": [ [ -77.15248, 38.80913 ], [ -77.15041, 38.80969 ], [ -77.1501, 38.80985 ], [ -77.14975, 38.81019 ] ] } },
{ "type": "Feature", "properties": { "name": "RT267 WB" }, "geometry": { "type": "LineString", "coordinates": [ [ -77.38834, 38.95352 ], [ -77.38905, 38.95363 ] ] } },
{ "type": "Feature", "properties": { "name": "I66 EB" }, "geometry": { "type": "LineString", "coordinates": [ [ -77.22197, 38.88508 ], [ -77.22181, 38.88519 ] ] } },
{ "type": "Feature", "properties": { "name": "I66 WB" }, "geometry": { "type": "LineString", "coordinates": [ [ -77.4452, 38.83957 ], [ -77.44688, 38.83769 ] ] } },
{ "type": "Feature", "properties": { "name": "I95 SB" }, "geometry": { "type": "LineString", "coordinates": [ [ -77.20373, 38.7253 ], [ -77.20418, 38.72491 ] ] } },
{ "type": "Feature", "properties": { "name": "RT267 EB" }, "geometry": { "type": "LineString", "coordinates": [ [ -77.21072, 38.93116 ], [ -77.20949, 38.93071 ] ] } },
{ "type": "Feature", "properties": { "name": "I66 EB" }, "geometry": { "type": "LineString", "coordinates": [ [ -77.49005, 38.80994 ], [ -77.48976, 38.81007 ] ] } },
{ "type": "Feature", "properties": { "name": "I66 WB" }, "geometry": { "type": "LineString", "coordinates": [ [ -77.49, 38.81038 ], [ -77.49028, 38.81023 ] ] } },
{ "type": "Feature", "properties": { "name": "RT267 EB" }, "geometry": { "type": "LineString", "coordinates": [ [ -77.38817, 38.95286 ], [ -77.38615, 38.95255 ], [ -77.3842, 38.95242 ] ] } },
{ "type": "Feature", "properties": { "name": "DULLES ACCESS RD WB" }, "geometry": { "type": "LineString", "coordinates": [ [ -77.29563, 38.94671 ], [ -77.29834, 38.94742 ] ] } },
{ "type": "Feature", "properties": { "name": "RT267 WB" }, "geometry": { "type": "LineString", "coordinates": [ [ -77.30664, 38.94854 ], [ -77.30953, 38.94842 ], [ -77.31178, 38.94818 ] ] } },
{ "type": "Feature", "properties": { "name": "DULLES ACCESS RD EB" }, "geometry": { "type": "LineString", "coordinates": [ [ -77.32583, 38.94451 ], [ -77.32523, 38.94453 ] ] } },
{ "type": "Feature", "properties": { "name": "I495 SB" }, "geometry": { "type": "LineString", "coordinates": [ [ -77.21767, 38.91763 ], [ -77.21784, 38.91663 ] ] } },
{ "type": "Feature", "properties": { "name": "DULLES ACCESS RD EB" }, "geometry": { "type": "LineString", "coordinates": [ [ -77.24706, 38.93399 ], [ -77.24618, 38.93422 ] ] } },
{ "type": "Feature", "properties": { "name": "RT267 EB" }, "geometry": { "type": "LineString", "coordinates": [ [ -77.24692, 38.93384 ], [ -77.24603, 38.93406 ] ] } },
{ "type": "Feature", "properties": { "name": "I95 SB" }, "geometry": { "type": "LineString", "coordinates": [ [ -77.07605, 38.80034 ], [ -77.07718, 38.80047 ] ] } },
{ "type": "Feature", "properties": { "name": "I495 SB THRU RAMP" }, "geometry": { "type": "LineString", "coordinates": [ [ -77.21808, 38.90803 ], [ -77.21761, 38.90588 ], [ -77.2171, 38.9044 ], [ -77.21692, 38.90409 ] ] } },
{ "type": "Feature", "properties": { "name": "I66 WB" }, "geometry": { "type": "LineString", "coordinates": [ [ -77.46537, 38.82052 ], [ -77.46776, 38.81926 ], [ -77.46984, 38.81832 ], [ -77.47687, 38.81557 ] ] } },
{ "type": "Feature", "properties": { "name": "I95 NB" }, "geometry": { "type": "LineString", "coordinates": [ [ -77.21763, 38.71435 ], [ -77.21556, 38.7159 ], [ -77.2104, 38.7194 ] ] } },
{ "type": "Feature", "properties": { "name": "DULLES ACCESS RD EB" }, "geometry": { "type": "LineString", "coordinates": [ [ -77.42267, 38.96234 ], [ -77.42049, 38.96206 ], [ -77.41879, 38.96172 ] ] } },
{ "type": "Feature", "properties": { "name": "RT267 WB" }, "geometry": { "type": "LineString", "coordinates": [ [ -77.3842, 38.95308 ], [ -77.38697, 38.95335 ] ] } },
{ "type": "Feature", "properties": { "name": "RT267 EB" }, "geometry": { "type": "LineString", "coordinates": [ [ -77.32564, 38.94431 ], [ -77.32506, 38.94433 ] ] } },
{ "type": "Feature", "properties": { "name": "RT267 WB" }, "geometry": { "type": "LineString", "coordinates": [ [ -77.40067, 38.95596 ], [ -77.40385, 38.95703 ] ] } },
{ "type": "Feature", "properties": { "name": "RT267 EB" }, "geometry": { "type": "LineString", "coordinates": [ [ -77.40863, 38.95797 ], [ -77.4047, 38.95663 ] ] } },
{ "type": "Feature", "properties": { "name": "I495 EXPRESS LANE NB" }, "geometry": { "type": "LineString", "coordinates": [ [ -77.22014, 38.88634 ], [ -77.21993, 38.88671 ] ] } },
{ "type": "Feature", "properties": { "name": "I95 NB" }, "geometry": { "type": "LineString", "coordinates": [ [ -77.20371, 38.72479 ], [ -77.20051, 38.7276 ] ] } },
{ "type": "Feature", "properties": { "name": "DULLES ACCESS RD WB" }, "geometry": { "type": "LineString", "coordinates": [ [ -77.2834, 38.94249 ], [ -77.28612, 38.94307 ], [ -77.28772, 38.94357 ], [ -77.28927, 38.94417 ] ] } },
{ "type": "Feature", "properties": { "name": "I495 SB" }, "geometry": { "type": "LineString", "coordinates": [ [ -77.20836, 38.93636 ], [ -77.20863, 38.93602 ] ] } },
{ "type": "Feature", "properties": { "name": "DULLES ACCESS RD EB" }, "geometry": { "type": "LineString", "coordinates": [ [ -77.28324, 38.94218 ], [ -77.28252, 38.94208 ] ] } },
{ "type": "Feature", "properties": { "name": "I95 SB RAMP TO I95 EXP SB" }, "geometry": { "type": "LineString", "coordinates": [ [ -77.18385, 38.75722 ], [ -77.18377, 38.75648 ], [ -77.1838, 38.75538 ] ] } },
{ "type": "Feature", "properties": { "name": "RT267 EB" }, "geometry": { "type": "LineString", "coordinates": [ [ -77.24603, 38.93406 ], [ -77.24491, 38.93429 ] ] } },
{ "type": "Feature", "properties": { "name": "GEORGE WASHINGTON MEMORIAL PKWY" }, "geometry": { "type": "LineString", "coordinates": [ [ -77.13335, 38.93929 ], [ -77.13337, 38.9399 ], [ -77.13355, 38.94058 ] ] } },
{ "type": "Feature", "properties": { "name": "I95 NB" }, "geometry": { "type": "LineString", "coordinates": [ [ -77.2348, 38.67644 ], [ -77.23381, 38.67714 ] ] } },
{ "type": "Feature", "properties": { "name": "I495 NB" }, "geometry": { "type": "LineString", "coordinates": [ [ -77.21858, 38.82967 ], [ -77.21796, 38.83198 ], [ -77.21777, 38.83372 ] ] } },
{ "type": "Feature", "properties": { "name": "DULLES ACCESS RD EB" }, "geometry": { "type": "LineString", "coordinates": [ [ -77.37462, 38.95302 ], [ -77.37362, 38.95308 ] ] } },
{ "type": "Feature", "properties": { "name": "RT267 EB" }, "geometry": { "type": "LineString", "coordinates": [ [ -77.20286, 38.92829 ], [ -77.20069, 38.92754 ] ] } },
{ "type": "Feature", "properties": { "name": "RT267 EB" }, "geometry": { "type": "LineString", "coordinates": [ [ -77.41485, 38.96024 ], [ -77.40863, 38.95797 ] ] } },
{ "type": "Feature", "properties": { "name": "DULLES ACCESS RD WB" }, "geometry": { "type": "LineString", "coordinates": [ [ -77.39726, 38.95481 ], [ -77.40021, 38.95557 ], [ -77.40394, 38.95685 ] ] } },
{ "type": "Feature", "properties": { "name": "I495 NB" }, "geometry": { "type": "LineString", "coordinates": [ [ -77.21988, 38.86634 ], [ -77.21981, 38.86995 ] ] } },
{ "type": "Feature", "properties": { "name": "I495 SB" }, "geometry": { "type": "LineString", "coordinates": [ [ -77.19487, 38.95367 ], [ -77.1959, 38.95243 ] ] } },
{ "type": "Feature", "properties": { "name": "DULLES ACCESS RD WB" }, "geometry": { "type": "LineString", "coordinates": [ [ -77.32542, 38.94475 ], [ -77.32601, 38.94474 ] ] } },
{ "type": "Feature", "properties": { "name": "SULLY RD" }, "geometry": { "type": "LineString", "coordinates": [ [ -77.43016, 38.9149 ], [ -77.43008, 38.91553 ] ] } },
{ "type": "Feature", "properties": { "name": "RT1 NB RAMP TO I95 EXP NB" }, "geometry": { "type": "LineString", "coordinates": [ [ -77.23017, 38.68034 ], [ -77.23018, 38.68106 ], [ -77.23003, 38.68161 ] ] } },
{ "type": "Feature", "properties": { "name": "I395 EXP SB" }, "geometry": { "type": "LineString", "coordinates": [ [ -77.14404, 38.81329 ], [ -77.14831, 38.81149 ] ] } },
{ "type": "Feature", "properties": { "name": "I395 NB" }, "geometry": { "type": "LineString", "coordinates": [ [ -77.17084, 38.79532 ], [ -77.16795, 38.79817 ], [ -77.16559, 38.80034 ] ] } },
{ "type": "Feature", "properties": { "name": "I495 NB" }, "geometry": { "type": "LineString", "coordinates": [ [ -77.19387, 38.95422 ], [ -77.19351, 38.95481 ] ] } },
{ "type": "Feature", "properties": { "name": "I95 SB" }, "geometry": { "type": "LineString", "coordinates": [ [ -77.18324, 38.76718 ], [ -77.18331, 38.76681 ] ] } },
{ "type": "Feature", "properties": { "name": "I95 NB" }, "geometry": { "type": "LineString", "coordinates": [ [ -77.18279, 38.76488 ], [ -77.18272, 38.76631 ] ] } },
{ "type": "Feature", "properties": { "name": "I495 NB" }, "geometry": { "type": "LineString", "coordinates": [ [ -77.20335, 38.94398 ], [ -77.20259, 38.94527 ] ] } },
{ "type": "Feature", "properties": { "name": "I95 NB" }, "geometry": { "type": "LineString", "coordinates": [ [ -77.20051, 38.7276 ], [ -77.19895, 38.72905 ], [ -77.19749, 38.7306 ], [ -77.19429, 38.73425 ], [ -77.19173, 38.73743 ] ] } },
{ "type": "Feature", "properties": { "name": "I66 EXPRESS EB" }, "geometry": { "type": "LineString", "coordinates": [ [ -77.39696, 38.85276 ], [ -77.39293, 38.85355 ] ] } },
{ "type": "Feature", "properties": { "name": "I95 SB" }, "geometry": { "type": "LineString", "coordinates": [ [ -77.18331, 38.76681 ], [ -77.18341, 38.76511 ] ] } },
{ "type": "Feature", "properties": { "name": "I66 WB" }, "geometry": { "type": "LineString", "coordinates": [ [ -77.19881, 38.89799 ], [ -77.20058, 38.897 ] ] } },
{ "type": "Feature", "properties": { "name": "RT267 EB" }, "geometry": { "type": "LineString", "coordinates": [ [ -77.29264, 38.94513 ], [ -77.28853, 38.94336 ], [ -77.28735, 38.94293 ], [ -77.28524, 38.94237 ], [ -77.28316, 38.94201 ] ] } },
{ "type": "Feature", "properties": { "name": "I95 NB" }, "geometry": { "type": "LineString", "coordinates": [ [ -77.24541, 38.67215 ], [ -77.24222, 38.67307 ], [ -77.24009, 38.6738 ] ] } },
{ "type": "Feature", "properties": { "name": "I95 EXP SB" }, "geometry": { "type": "LineString", "coordinates": [ [ -77.23073, 38.6808 ], [ -77.23119, 38.68002 ], [ -77.23191, 38.6791 ], [ -77.23316, 38.6779 ] ] } },
{ "type": "Feature", "properties": { "name": "I495 SB" }, "geometry": { "type": "LineString", "coordinates": [ [ -77.22047, 38.87176 ], [ -77.22045, 38.86638 ] ] } },
{ "type": "Feature", "properties": { "name": "GEORGE WASHINGTON MEMORIAL PKWY" }, "geometry": { "type": "LineString", "coordinates": [ [ -77.15093, 38.96139 ], [ -77.15309, 38.96193 ] ] } },
{ "type": "Feature", "properties": { "name": "DULLES ACCESS RD WB" }, "geometry": { "type": "LineString", "coordinates": [ [ -77.24728, 38.93419 ], [ -77.2535, 38.93266 ], [ -77.25544, 38.93241 ], [ -77.25718, 38.93237 ], [ -77.25931, 38.93255 ], [ -77.26158, 38.93305 ], [ -77.2634, 38.93374 ], [ -77.26501, 38.93464 ] ] } },
{ "type": "Feature", "properties": { "name": "I95 NB RAMP TO I95 EXP NB" }, "geometry": { "type": "LineString", "coordinates": [ [ -77.20051, 38.7276 ], [ -77.20033, 38.7279 ], [ -77.19955, 38.72871 ], [ -77.19903, 38.7294 ] ] } },
{ "type": "Feature", "properties": { "name": "I495 NB" }, "geometry": { "type": "LineString", "coordinates": [ [ -77.19079, 38.95967 ], [ -77.19046, 38.95994 ] ] } },
{ "type": "Feature", "properties": { "name": "I66 WB" }, "geometry": { "type": "LineString", "coordinates": [ [ -77.43319, 38.84673 ], [ -77.43653, 38.84584 ] ] } },
{ "type": "Feature", "properties": { "name": "I495 SB" }, "geometry": { "type": "LineString", "coordinates": [ [ -77.22044, 38.8661 ], [ -77.22042, 38.86547 ] ] } },
{ "type": "Feature", "properties": { "name": "I495 EXPRESS LANE NB" }, "geometry": { "type": "LineString", "coordinates": [ [ -77.21993, 38.88671 ], [ -77.21694, 38.89159 ] ] } },
{ "type": "Feature", "properties": { "name": "DULLES ACCESS RD WB" }, "geometry": { "type": "LineString", "coordinates": [ [ -77.40394, 38.95685 ], [ -77.40439, 38.95702 ] ] } },
{ "type": "Feature", "properties": { "name": "I395 SB" }, "geometry": { "type": "LineString", "coordinates": [ [ -77.14412, 38.81344 ], [ -77.14822, 38.81198 ] ] } },
{ "type": "Feature", "properties": { "name": "RT267 EB" }, "geometry": { "type": "LineString", "coordinates": [ [ -77.26545, 38.93433 ], [ -77.2637, 38.93335 ], [ -77.26227, 38.93278 ], [ -77.26041, 38.93228 ], [ -77.25846, 38.93198 ], [ -77.25659, 38.93189 ], [ -77.25407, 38.93204 ], [ -77.25242, 38.93232 ], [ -77.25034, 38.93285 ] ] } },
{ "type": "Feature", "properties": { "name": "RT267 EB" }, "geometry": { "type": "LineString", "coordinates": [ [ -77.40028, 38.95509 ], [ -77.39826, 38.95455 ], [ -77.39521, 38.95394 ] ] } },
{ "type": "Feature", "properties": { "name": "I66 WB THRU RAMP" }, "geometry": { "type": "LineString", "coordinates": [ [ -77.38967, 38.85479 ], [ -77.39311, 38.85417 ] ] } },
{ "type": "Feature", "properties": { "name": "I66 WB" }, "geometry": { "type": "LineString", "coordinates": [ [ -77.23408, 38.88181 ], [ -77.23687, 38.88095 ], [ -77.23974, 38.88038 ], [ -77.24224, 38.88014 ], [ -77.24638, 38.8799 ] ] } },
{ "type": "Feature", "properties": { "name": "I95 EXP SB" }, "geometry": { "type": "LineString", "coordinates": [ [ -77.18306, 38.76521 ], [ -77.18337, 38.75882 ], [ -77.1838, 38.75538 ] ] } },
{ "type": "Feature", "properties": { "name": "I66 WB" }, "geometry": { "type": "LineString", "coordinates": [ [ -77.22017, 38.8869 ], [ -77.22118, 38.88648 ] ] } },
{ "type": "Feature", "properties": { "name": "GEORGE WASHINGTON MEMORIAL PKWY" }, "geometry": { "type": "LineString", "coordinates": [ [ -77.14155, 38.95649 ], [ -77.13947, 38.95485 ], [ -77.1389, 38.95422 ], [ -77.13825, 38.95316 ], [ -77.13779, 38.95197 ], [ -77.13761, 38.9511 ], [ -77.13727, 38.94596 ], [ -77.13704, 38.94495 ], [ -77.13639, 38.94375 ], [ -77.13419, 38.94121 ] ] } },
{ "type": "Feature", "properties": { "name": "I95 NB" }, "geometry": { "type": "LineString", "coordinates": [ [ -77.19173, 38.73743 ], [ -77.19066, 38.73887 ] ] } },
{ "type": "Feature", "properties": { "name": "DULLES ACCESS RD EB" }, "geometry": { "type": "LineString", "coordinates": [ [ -77.29264, 38.94534 ], [ -77.28863, 38.94356 ], [ -77.28731, 38.94307 ], [ -77.28548, 38.94258 ], [ -77.28324, 38.94218 ] ] } },
{ "type": "Feature", "properties": { "name": "GEORGE WASHINGTON MEMORIAL PKWY" }, "geometry": { "type": "LineString", "coordinates": [ [ -77.15337, 38.9616 ], [ -77.15073, 38.96099 ] ] } },
{ "type": "Feature", "properties": { "name": "RT267 EB" }, "geometry": { "type": "LineString", "coordinates": [ [ -77.20949, 38.93071 ], [ -77.20746, 38.92996 ] ] } },
{ "type": "Feature", "properties": { "name": "RT267 EB" }, "geometry": { "type": "LineString", "coordinates": [ [ -77.28316, 38.94201 ], [ -77.2825, 38.94193 ] ] } },
{ "type": "Feature", "properties": { "name": "RT267 WB" }, "geometry": { "type": "LineString", "coordinates": [ [ -77.34633, 38.95016 ], [ -77.3504, 38.95132 ] ] } },
{ "type": "Feature", "properties": { "name": "RT267 EB" }, "geometry": { "type": "LineString", "coordinates": [ [ -77.3835, 38.95239 ], [ -77.38062, 38.95242 ], [ -77.37681, 38.95267 ] ] } },
{ "type": "Feature", "properties": { "name": "I495 NB" }, "geometry": { "type": "LineString", "coordinates": [ [ -77.2172, 38.91613 ], [ -77.21659, 38.91899 ] ] } },
{ "type": "Feature", "properties": { "name": "I495 SB" }, "geometry": { "type": "LineString", "coordinates": [ [ -77.22045, 38.86638 ], [ -77.22044, 38.8661 ] ] } },
{ "type": "Feature", "properties": { "name": "DULLES ACCESS RD WB RAMP TO RT267 WB" }, "geometry": { "type": "LineString", "coordinates": [ [ -77.29834, 38.94742 ], [ -77.30195, 38.94823 ] ] } },
{ "type": "Feature", "properties": { "name": "I495 NB" }, "geometry": { "type": "LineString", "coordinates": [ [ -77.21988, 38.86522 ], [ -77.21988, 38.86547 ] ] } },
{ "type": "Feature", "properties": { "name": "I66 EB" }, "geometry": { "type": "LineString", "coordinates": [ [ -77.41959, 38.84859 ], [ -77.41287, 38.84982 ], [ -77.40763, 38.85066 ] ] } },
{ "type": "Feature", "properties": { "name": "I495 NB" }, "geometry": { "type": "LineString", "coordinates": [ [ -77.19611, 38.95166 ], [ -77.19478, 38.95298 ], [ -77.19387, 38.95422 ] ] } },
{ "type": "Feature", "properties": { "name": "SULLY RD" }, "geometry": { "type": "LineString", "coordinates": [ [ -77.43008, 38.91553 ], [ -77.42995, 38.91779 ] ] } },
{ "type": "Feature", "properties": { "name": "I495 NB" }, "geometry": { "type": "LineString", "coordinates": [ [ -77.21618, 38.90439 ], [ -77.21645, 38.90488 ], [ -77.21694, 38.90681 ], [ -77.21744, 38.90996 ] ] } },
{ "type": "Feature", "properties": { "name": "I95 SB" }, "geometry": { "type": "LineString", "coordinates": [ [ -77.18249, 38.77306 ], [ -77.18299, 38.76996 ] ] } },
{ "type": "Feature", "properties": { "name": "I95 SB" }, "geometry": { "type": "LineString", "coordinates": [ [ -77.06318, 38.79616 ], [ -77.07081, 38.79914 ] ] } },
{ "type": "Feature", "properties": { "name": "DULLES ACCESS RD WB" }, "geometry": { "type": "LineString", "coordinates": [ [ -77.41875, 38.96198 ], [ -77.42038, 38.96232 ], [ -77.42242, 38.96259 ] ] } },
{ "type": "Feature", "properties": { "name": "I66 EB" }, "geometry": { "type": "LineString", "coordinates": [ [ -77.34241, 38.86244 ], [ -77.34, 38.86285 ], [ -77.33712, 38.86346 ] ] } },
{ "type": "Feature", "properties": { "name": "DULLES ACCESS RD WB" }, "geometry": { "type": "LineString", "coordinates": [ [ -77.38419, 38.95289 ], [ -77.38632, 38.95305 ], [ -77.38838, 38.95334 ] ] } },
{ "type": "Feature", "properties": { "name": "I495 SB" }, "geometry": { "type": "LineString", "coordinates": [ [ -77.22038, 38.8606 ], [ -77.22044, 38.8592 ] ] } },
{ "type": "Feature", "properties": { "name": "GEORGE WASHINGTON MEMORIAL PKWY" }, "geometry": { "type": "LineString", "coordinates": [ [ -77.15073, 38.96099 ], [ -77.14844, 38.96054 ] ] } },
{ "type": "Feature", "properties": { "name": "RT267 EB" }, "geometry": { "type": "LineString", "coordinates": [ [ -77.35078, 38.95075 ], [ -77.3482, 38.95004 ], [ -77.34411, 38.94871 ] ] } },
{ "type": "Feature", "properties": { "name": "RT1 NB RAMP TO I95 NB" }, "geometry": { "type": "LineString", "coordinates": [ [ -77.2294, 38.67845 ], [ -77.22843, 38.68349 ], [ -77.22837, 38.68409 ] ] } },
{ "type": "Feature", "properties": { "name": "I66 WB" }, "geometry": { "type": "LineString", "coordinates": [ [ -77.22118, 38.88648 ], [ -77.22242, 38.88595 ] ] } },
{ "type": "Feature", "properties": { "name": "I95 SB" }, "geometry": { "type": "LineString", "coordinates": [ [ -77.14543, 38.79493 ], [ -77.15164, 38.79394 ] ] } },
{ "type": "Feature", "properties": { "name": "I95 EXP SB" }, "geometry": { "type": "LineString", "coordinates": [ [ -77.1838, 38.75538 ], [ -77.18443, 38.75225 ], [ -77.18491, 38.75059 ], [ -77.18583, 38.74801 ], [ -77.18684, 38.74559 ] ] } },
{ "type": "Feature", "properties": { "name": "RT267 WB" }, "geometry": { "type": "LineString", "coordinates": [ [ -77.29264, 38.94586 ], [ -77.29326, 38.94611 ] ] } },
{ "type": "Feature", "properties": { "name": "I495 SB" }, "geometry": { "type": "LineString", "coordinates": [ [ -77.21814, 38.91022 ], [ -77.218, 38.90864 ], [ -77.21769, 38.90685 ], [ -77.21692, 38.90409 ] ] } },
{ "type": "Feature", "properties": { "name": "I495 SB" }, "geometry": { "type": "LineString", "coordinates": [ [ -77.20217, 38.94667 ], [ -77.2027, 38.94589 ] ] } },
{ "type": "Feature", "properties": { "name": "I95 EXP SB" }, "geometry": { "type": "LineString", "coordinates": [ [ -77.23564, 38.67614 ], [ -77.23817, 38.67484 ] ] } },
{ "type": "Feature", "properties": { "name": "SULLY RD" }, "geometry": { "type": "LineString", "coordinates": [ [ -77.43871, 38.89802 ], [ -77.43608, 38.90188 ] ] } },
{ "type": "Feature", "properties": { "name": "I66 EB" }, "geometry": { "type": "LineString", "coordinates": [ [ -77.35304, 38.86071 ], [ -77.35086, 38.86111 ] ] } },
{ "type": "Feature", "properties": { "name": "I66 WB" }, "geometry": { "type": "LineString", "coordinates": [ [ -77.21306, 38.88977 ], [ -77.21385, 38.88932 ], [ -77.21502, 38.88879 ], [ -77.21752, 38.88789 ] ] } },
{ "type": "Feature", "properties": { "name": "RT267 WB" }, "geometry": { "type": "LineString", "coordinates": [ [ -77.37738, 38.95331 ], [ -77.3813, 38.95306 ], [ -77.38354, 38.95306 ] ] } },
{ "type": "Feature", "properties": { "name": "RT267 EB" }, "geometry": { "type": "LineString", "coordinates": [ [ -77.39521, 38.95394 ], [ -77.38919, 38.95302 ] ] } },
{ "type": "Feature", "properties": { "name": "I495 SB" }, "geometry": { "type": "LineString", "coordinates": [ [ -77.20448, 38.94293 ], [ -77.20761, 38.93753 ] ] } },
{ "type": "Feature", "properties": { "name": "I495 SB" }, "geometry": { "type": "LineString", "coordinates": [ [ -77.18356, 38.96362 ], [ -77.18635, 38.96261 ], [ -77.18834, 38.9618 ], [ -77.1894, 38.96127 ] ] } },
{ "type": "Feature", "properties": { "name": "SULLY RD" }, "geometry": { "type": "LineString", "coordinates": [ [ -77.44713, 38.88616 ], [ -77.44741, 38.88571 ] ] } },
{ "type": "Feature", "properties": { "name": "I95 SB" }, "geometry": { "type": "LineString", "coordinates": [ [ -77.19641, 38.73262 ], [ -77.19849, 38.73033 ], [ -77.20052, 38.72827 ], [ -77.20373, 38.7253 ] ] } },
{ "type": "Feature", "properties": { "name": "I495 NB" }, "geometry": { "type": "LineString", "coordinates": [ [ -77.21659, 38.91899 ], [ -77.21647, 38.9198 ], [ -77.21613, 38.92089 ] ] } },
{ "type": "Feature", "properties": { "name": "I66 WB" }, "geometry": { "type": "LineString", "coordinates": [ [ -77.42046, 38.84903 ], [ -77.42413, 38.84839 ] ] } },
{ "type": "Feature", "properties": { "name": "DULLES ACCESS RD WB" }, "geometry": { "type": "LineString", "coordinates": [ [ -77.29263, 38.94563 ], [ -77.29326, 38.94589 ] ] } },
{ "type": "Feature", "properties": { "name": "GEORGE WASHINGTON MEMORIAL PKWY" }, "geometry": { "type": "LineString", "coordinates": [ [ -77.14835, 38.96074 ], [ -77.15093, 38.96139 ] ] } },
{ "type": "Feature", "properties": { "name": "I495 SB" }, "geometry": { "type": "LineString", "coordinates": [ [ -77.21942, 38.82921 ], [ -77.22171, 38.82477 ], [ -77.22232, 38.82319 ], [ -77.22253, 38.82233 ], [ -77.22261, 38.82156 ], [ -77.22262, 38.82003 ], [ -77.2225, 38.81907 ] ] } },
{ "type": "Feature", "properties": { "name": "I495 SB" }, "geometry": { "type": "LineString", "coordinates": [ [ -77.20196, 38.94696 ], [ -77.20217, 38.94667 ] ] } },
{ "type": "Feature", "properties": { "name": "RT267 WB RAMP TO DULLES ACCESS RD WB" }, "geometry": { "type": "LineString", "coordinates": [ [ -77.41522, 38.96105 ], [ -77.41718, 38.96162 ], [ -77.41875, 38.96198 ] ] } },
{ "type": "Feature", "properties": { "name": "I66 EB" }, "geometry": { "type": "LineString", "coordinates": [ [ -77.37094, 38.8574 ], [ -77.36716, 38.85809 ] ] } },
{ "type": "Feature", "properties": { "name": "I495 NB" }, "geometry": { "type": "LineString", "coordinates": [ [ -77.19421, 38.79738 ], [ -77.20548, 38.79992 ] ] } },
{ "type": "Feature", "properties": { "name": "I495 SB" }, "geometry": { "type": "LineString", "coordinates": [ [ -77.20611, 38.79981 ], [ -77.19468, 38.79718 ] ] } },
{ "type": "Feature", "properties": { "name": "SULLY RD" }, "geometry": { "type": "LineString", "coordinates": [ [ -77.44242, 38.89303 ], [ -77.44438, 38.8902 ] ] } },
{ "type": "Feature", "properties": { "name": "I495 SB" }, "geometry": { "type": "LineString", "coordinates": [ [ -77.22031, 38.84861 ], [ -77.22036, 38.84648 ], [ -77.2202, 38.8437 ], [ -77.22007, 38.8425 ], [ -77.21956, 38.83997 ] ] } },
{ "type": "Feature", "properties": { "name": "I95 EXP SB" }, "geometry": { "type": "LineString", "coordinates": [ [ -77.20415, 38.72466 ], [ -77.20738, 38.72193 ] ] } },
{ "type": "Feature", "properties": { "name": "I495 SB" }, "geometry": { "type": "LineString", "coordinates": [ [ -77.21203, 38.93318 ], [ -77.21274, 38.9326 ] ] } },
{ "type": "Feature", "properties": { "name": "I66 EB" }, "geometry": { "type": "LineString", "coordinates": [ [ -77.22658, 38.88355 ], [ -77.22504, 38.88403 ] ] } },
{ "type": "Feature", "properties": { "name": "RT267 WB" }, "geometry": { "type": "LineString", "coordinates": [ [ -77.2365, 38.93457 ], [ -77.23898, 38.93497 ], [ -77.24134, 38.93521 ] ] } },
{ "type": "Feature", "properties": { "name": "I395 EXP SB" }, "geometry": { "type": "LineString", "coordinates": [ [ -77.14831, 38.81149 ], [ -77.14974, 38.81087 ], [ -77.15194, 38.80976 ] ] } },
{ "type": "Feature", "properties": { "name": "I495 SB" }, "geometry": { "type": "LineString", "coordinates": [ [ -77.1959, 38.95243 ], [ -77.19689, 38.9515 ], [ -77.19916, 38.9497 ] ] } },
{ "type": "Feature", "properties": { "name": "I66 WB THRU RAMP" }, "geometry": { "type": "LineString", "coordinates": [ [ -77.39311, 38.85417 ], [ -77.39573, 38.85369 ], [ -77.39688, 38.85335 ] ] } },
{ "type": "Feature", "properties": { "name": "RT267 WB" }, "geometry": { "type": "LineString", "coordinates": [ [ -77.3504, 38.95132 ], [ -77.3527, 38.95188 ], [ -77.35595, 38.9525 ] ] } },
{ "type": "Feature", "properties": { "name": "I495 NB" }, "geometry": { "type": "LineString", "coordinates": [ [ -77.18256, 38.96385 ], [ -77.18144, 38.96464 ], [ -77.18041, 38.96577 ] ] } },
{ "type": "Feature", "properties": { "name": "I495 NB" }, "geometry": { "type": "LineString", "coordinates": [ [ -77.18325, 38.96352 ], [ -77.18256, 38.96385 ] ] } },
{ "type": "Feature", "properties": { "name": "I66 EB" }, "geometry": { "type": "LineString", "coordinates": [ [ -77.4777, 38.81484 ], [ -77.47665, 38.81525 ] ] } },
{ "type": "Feature", "properties": { "name": "I66 WB" }, "geometry": { "type": "LineString", "coordinates": [ [ -77.19417, 38.90058 ], [ -77.19649, 38.89936 ] ] } },
{ "type": "Feature", "properties": { "name": "RT267 WB" }, "geometry": { "type": "LineString", "coordinates": [ [ -77.36912, 38.95368 ], [ -77.37337, 38.95354 ] ] } },
{ "type": "Feature", "properties": { "name": "I495 NB" }, "geometry": { "type": "LineString", "coordinates": [ [ -77.20794, 38.93566 ], [ -77.20749, 38.93645 ] ] } },
{ "type": "Feature", "properties": { "name": "RT267 WB" }, "geometry": { "type": "LineString", "coordinates": [ [ -77.40385, 38.95703 ], [ -77.40418, 38.95715 ] ] } },
{ "type": "Feature", "properties": { "name": "GEORGE WASHINGTON MEMORIAL PKWY" }, "geometry": { "type": "LineString", "coordinates": [ [ -77.1337, 38.93878 ], [ -77.13425, 38.93746 ], [ -77.13442, 38.93676 ] ] } },
{ "type": "Feature", "properties": { "name": "I66 WB" }, "geometry": { "type": "LineString", "coordinates": [ [ -77.48833, 38.81104 ], [ -77.49, 38.81038 ] ] } },
{ "type": "Feature", "properties": { "name": "I66 WB" }, "geometry": { "type": "LineString", "coordinates": [ [ -77.48785, 38.81123 ], [ -77.48833, 38.81104 ] ] } },
{ "type": "Feature", "properties": { "name": "I95 NB" }, "geometry": { "type": "LineString", "coordinates": [ [ -77.1892, 38.74093 ], [ -77.18798, 38.7429 ] ] } },
{ "type": "Feature", "properties": { "name": "FAIRFAX COUNTY PKWY SB" }, "geometry": { "type": "LineString", "coordinates": [ [ -77.21649, 38.75834 ], [ -77.21585, 38.75728 ], [ -77.21577, 38.75635 ] ] } },
{ "type": "Feature", "properties": { "name": "GEORGE WASHINGTON MEMORIAL PKWY" }, "geometry": { "type": "LineString", "coordinates": [ [ -77.14844, 38.96054 ], [ -77.14688, 38.95999 ], [ -77.14554, 38.95929 ] ] } },
{ "type": "Feature", "properties": { "name": "RT267 WB RAMP TO DULLES ACCESS RD WB" }, "geometry": { "type": "LineString", "coordinates": [ [ -77.39062, 38.95389 ], [ -77.39314, 38.95411 ] ] } },
{ "type": "Feature", "properties": { "name": "I95 SB" }, "geometry": { "type": "LineString", "coordinates": [ [ -77.2326, 38.67943 ], [ -77.23621, 38.67653 ] ] } },
{ "type": "Feature", "properties": { "name": "DULLES ACCESS RD EB" }, "geometry": { "type": "LineString", "coordinates": [ [ -77.2282, 38.93386 ], [ -77.2241, 38.9342 ], [ -77.22143, 38.93418 ], [ -77.21897, 38.93391 ], [ -77.21583, 38.9332 ] ] } },
{ "type": "Feature", "properties": { "name": "I495 SB" }, "geometry": { "type": "LineString", "coordinates": [ [ -77.21071, 38.93404 ], [ -77.21149, 38.93353 ] ] } },
{ "type": "Feature", "properties": { "name": "I495 SB" }, "geometry": { "type": "LineString", "coordinates": [ [ -77.21149, 38.93353 ], [ -77.21203, 38.93318 ] ] } },
{ "type": "Feature", "properties": { "name": "DULLES ACCESS RD EB" }, "geometry": { "type": "LineString", "coordinates": [ [ -77.31219, 38.94763 ], [ -77.31178, 38.94772 ] ] } },
{ "type": "Feature", "properties": { "name": "RT267 EB" }, "geometry": { "type": "LineString", "coordinates": [ [ -77.31501, 38.94658 ], [ -77.31358, 38.94707 ], [ -77.31216, 38.94743 ] ] } },
{ "type": "Feature", "properties": { "name": "I95 EXP SB RAMP TO I95 SB" }, "geometry": { "type": "LineString", "coordinates": [ [ -77.18256, 38.77372 ], [ -77.18316, 38.77006 ] ] } },
{ "type": "Feature", "properties": { "name": "RT267 EB" }, "geometry": { "type": "LineString", "coordinates": [ [ -77.37681, 38.95267 ], [ -77.37477, 38.95281 ] ] } },
{ "type": "Feature", "properties": { "name": "I95 NB RAMP TO I95 EXP NB" }, "geometry": { "type": "LineString", "coordinates": [ [ -77.18111, 38.77559 ], [ -77.1811, 38.77733 ] ] } },
{ "type": "Feature", "properties": { "name": "I66 WB" }, "geometry": { "type": "LineString", "coordinates": [ [ -77.21752, 38.88789 ], [ -77.21858, 38.88748 ] ] } },
{ "type": "Feature", "properties": { "name": "I95 SB RAMP TO I95 SB" }, "geometry": { "type": "LineString", "coordinates": [ [ -77.16378, 38.79147 ], [ -77.16617, 38.79128 ], [ -77.1698, 38.79113 ], [ -77.17169, 38.79069 ], [ -77.17514, 38.78965 ], [ -77.17575, 38.78941 ], [ -77.17679, 38.7887 ], [ -77.17728, 38.78814 ], [ -77.17762, 38.78756 ], [ -77.17817, 38.7863 ] ] } },
{ "type": "Feature", "properties": { "name": "I395 EXP SB" }, "geometry": { "type": "LineString", "coordinates": [ [ -77.16391, 38.80198 ], [ -77.16714, 38.7992 ], [ -77.17114, 38.79535 ], [ -77.17309, 38.79364 ] ] } },
{ "type": "Feature", "properties": { "name": "I95 NB RAMP TO I95 NB" }, "geometry": { "type": "LineString", "coordinates": [ [ -77.17956, 38.78097 ], [ -77.17841, 38.78462 ], [ -77.17711, 38.78754 ], [ -77.17667, 38.78816 ], [ -77.17596, 38.78884 ], [ -77.175, 38.78942 ], [ -77.17426, 38.78977 ], [ -77.17261, 38.79025 ], [ -77.17138, 38.79044 ], [ -77.1682, 38.79039 ], [ -77.16727, 38.79045 ], [ -77.16078, 38.79162 ], [ -77.15778, 38.79232 ] ] } },
{ "type": "Feature", "properties": { "name": "I95 SB" }, "geometry": { "type": "LineString", "coordinates": [ [ -77.23701, 38.67598 ], [ -77.23862, 38.67505 ], [ -77.23998, 38.67443 ] ] } },
{ "type": "Feature", "properties": { "name": "GEORGE WASHINGTON MEMORIAL PKWY" }, "geometry": { "type": "LineString", "coordinates": [ [ -77.1805, 38.96319 ], [ -77.17925, 38.96329 ], [ -77.17621, 38.96401 ], [ -77.17464, 38.9642 ] ] } },
{ "type": "Feature", "properties": { "name": "I95 NB" }, "geometry": { "type": "LineString", "coordinates": [ [ -77.18235, 38.77059 ], [ -77.18199, 38.77238 ] ] } },
{ "type": "Feature", "properties": { "name": "I95 EXP SB" }, "geometry": { "type": "LineString", "coordinates": [ [ -77.1829, 38.76861 ], [ -77.18304, 38.76638 ] ] } },
{ "type": "Feature", "properties": { "name": "I495 NB" }, "geometry": { "type": "LineString", "coordinates": [ [ -77.17105, 38.79147 ], [ -77.17378, 38.79173 ], [ -77.17786, 38.79238 ], [ -77.18042, 38.79309 ], [ -77.18589, 38.79509 ] ] } },
{ "type": "Feature", "properties": { "name": "I66 EB" }, "geometry": { "type": "LineString", "coordinates": [ [ -77.47665, 38.81525 ], [ -77.46928, 38.81817 ], [ -77.46682, 38.81933 ], [ -77.46502, 38.82028 ] ] } },
{ "type": "Feature", "properties": { "name": "I95 EXP SB RAMP TO I95 SB" }, "geometry": { "type": "LineString", "coordinates": [ [ -77.18115, 38.77559 ], [ -77.18122, 38.77532 ], [ -77.18142, 38.77501 ], [ -77.18228, 38.7743 ], [ -77.18247, 38.77402 ], [ -77.18256, 38.77372 ] ] } },
{ "type": "Feature", "properties": { "name": "I95 EXP NB RAMP TO I95 NB" }, "geometry": { "type": "LineString", "coordinates": [ [ -77.18455, 38.74987 ], [ -77.18436, 38.75022 ], [ -77.18427, 38.75061 ], [ -77.18415, 38.75149 ], [ -77.18416, 38.75208 ] ] } },
{ "type": "Feature", "properties": { "name": "RT267 WB" }, "geometry": { "type": "LineString", "coordinates": [ [ -77.38697, 38.95335 ], [ -77.38834, 38.95352 ] ] } },
{ "type": "Feature", "properties": { "name": "DULLES ACCESS RD WB" }, "geometry": { "type": "LineString", "coordinates": [ [ -77.37445, 38.95329 ], [ -77.38137, 38.95287 ] ] } },
{ "type": "Feature", "properties": { "name": "I495 NB" }, "geometry": { "type": "LineString", "coordinates": [ [ -77.19351, 38.95481 ], [ -77.19282, 38.95617 ] ] } },
{ "type": "Feature", "properties": { "name": "SULLY RD" }, "geometry": { "type": "LineString", "coordinates": [ [ -77.43035, 38.91544 ], [ -77.43043, 38.91486 ] ] } },
{ "type": "Feature", "properties": { "name": "RT267 EB" }, "geometry": { "type": "LineString", "coordinates": [ [ -77.23338, 38.93353 ], [ -77.23285, 38.9335 ] ] } },
{ "type": "Feature", "properties": { "name": "I495 SB" }, "geometry": { "type": "LineString", "coordinates": [ [ -77.22041, 38.85363 ], [ -77.22033, 38.85066 ], [ -77.22039, 38.84946 ] ] } },
{ "type": "Feature", "properties": { "name": "I95 SB" }, "geometry": { "type": "LineString", "coordinates": [ [ -77.20418, 38.72491 ], [ -77.20754, 38.72205 ] ] } },
{ "type": "Feature", "properties": { "name": "I95 SB" }, "geometry": { "type": "LineString", "coordinates": [ [ -77.13629, 38.79637 ], [ -77.13892, 38.79595 ] ] } },
{ "type": "Feature", "properties": { "name": "I66 WB" }, "geometry": { "type": "LineString", "coordinates": [ [ -77.39292, 38.85397 ], [ -77.39688, 38.85335 ] ] } },
{ "type": "Feature", "properties": { "name": "I66 WB" }, "geometry": { "type": "LineString", "coordinates": [ [ -77.28303, 38.87522 ], [ -77.28385, 38.87498 ] ] } },
{ "type": "Feature", "properties": { "name": "DULLES ACCESS RD WB" }, "geometry": { "type": "LineString", "coordinates": [ [ -77.2105, 38.9316 ], [ -77.21265, 38.93237 ] ] } },
{ "type": "Feature", "properties": { "name": "RT267 WB" }, "geometry": { "type": "LineString", "coordinates": [ [ -77.23283, 38.93417 ], [ -77.23337, 38.93419 ] ] } },
{ "type": "Feature", "properties": { "name": "DULLES ACCESS RD WB" }, "geometry": { "type": "LineString", "coordinates": [ [ -77.22831, 38.93416 ], [ -77.23079, 38.93398 ] ] } },
{ "type": "Feature", "properties": { "name": "I66 EB" }, "geometry": { "type": "LineString", "coordinates": [ [ -77.43122, 38.84639 ], [ -77.42691, 38.84707 ] ] } },
{ "type": "Feature", "properties": { "name": "I95 NB" }, "geometry": { "type": "LineString", "coordinates": [ [ -77.18199, 38.77238 ], [ -77.18094, 38.77498 ] ] } },
{ "type": "Feature", "properties": { "name": "I66 EB" }, "geometry": { "type": "LineString", "coordinates": [ [ -77.42691, 38.84707 ], [ -77.42257, 38.84802 ] ] } },
{ "type": "Feature", "properties": { "name": "RT267 EB" }, "geometry": { "type": "LineString", "coordinates": [ [ -77.24267, 38.93449 ], [ -77.24073, 38.9344 ] ] } },
{ "type": "Feature", "properties": { "name": "DULLES ACCESS RD EB" }, "geometry": { "type": "LineString", "coordinates": [ [ -77.31178, 38.94772 ], [ -77.31022, 38.94792 ], [ -77.30796, 38.94806 ], [ -77.30437, 38.948 ] ] } },
{ "type": "Feature", "properties": { "name": "DULLES ACCESS RD EB" }, "geometry": { "type": "LineString", "coordinates": [ [ -77.2557, 38.93214 ], [ -77.25382, 38.93233 ], [ -77.2529, 38.93251 ], [ -77.24706, 38.93399 ] ] } },
{ "type": "Feature", "properties": { "name": "RT267 EB" }, "geometry": { "type": "LineString", "coordinates": [ [ -77.40073, 38.95525 ], [ -77.40028, 38.95509 ] ] } },
{ "type": "Feature", "properties": { "name": "RT267 EB" }, "geometry": { "type": "LineString", "coordinates": [ [ -77.30664, 38.94787 ], [ -77.3028, 38.94769 ], [ -77.30089, 38.94744 ], [ -77.29914, 38.94711 ] ] } },
{ "type": "Feature", "properties": { "name": "RT267 EB" }, "geometry": { "type": "LineString", "coordinates": [ [ -77.29325, 38.94538 ], [ -77.29264, 38.94513 ] ] } },
{ "type": "Feature", "properties": { "name": "I95 NB RAMP TO I495 NB" }, "geometry": { "type": "LineString", "coordinates": [ [ -77.17831, 38.784 ], [ -77.17722, 38.78618 ] ] } },
{ "type": "Feature", "properties": { "name": "I95 NB" }, "geometry": { "type": "LineString", "coordinates": [ [ -77.17967, 38.77932 ], [ -77.17941, 38.78082 ], [ -77.17892, 38.78229 ] ] } },
{ "type": "Feature", "properties": { "name": "RT267 WB" }, "geometry": { "type": "LineString", "coordinates": [ [ -77.32253, 38.94526 ], [ -77.32559, 38.94496 ] ] } },
{ "type": "Feature", "properties": { "name": "RT267 WB" }, "geometry": { "type": "LineString", "coordinates": [ [ -77.41522, 38.96105 ], [ -77.41806, 38.96208 ], [ -77.41977, 38.96248 ] ] } },
{ "type": "Feature", "properties": { "name": "RT267 EB" }, "geometry": { "type": "LineString", "coordinates": [ [ -77.20746, 38.92996 ], [ -77.20524, 38.92915 ] ] } },
{ "type": "Feature", "properties": { "name": "RT267 EB" }, "geometry": { "type": "LineString", "coordinates": [ [ -77.23461, 38.93363 ], [ -77.23338, 38.93353 ] ] } },
{ "type": "Feature", "properties": { "name": "I95 SB" }, "geometry": { "type": "LineString", "coordinates": [ [ -77.2446, 38.67285 ], [ -77.2461, 38.67241 ] ] } },
{ "type": "Feature", "properties": { "name": "DULLES ACCESS RD EB" }, "geometry": { "type": "LineString", "coordinates": [ [ -77.38843, 38.9531 ], [ -77.3861, 38.95277 ], [ -77.38423, 38.95263 ] ] } },
{ "type": "Feature", "properties": { "name": "I95 EXP SB" }, "geometry": { "type": "LineString", "coordinates": [ [ -77.23981, 38.67413 ], [ -77.24018, 38.67398 ] ] } },
{ "type": "Feature", "properties": { "name": "I66 EB" }, "geometry": { "type": "LineString", "coordinates": [ [ -77.22281, 38.88478 ], [ -77.22197, 38.88508 ] ] } },
{ "type": "Feature", "properties": { "name": "I66 EB" }, "geometry": { "type": "LineString", "coordinates": [ [ -77.2674, 38.87812 ], [ -77.26621, 38.87823 ] ] } },
{ "type": "Feature", "properties": { "name": "I66 WB" }, "geometry": { "type": "LineString", "coordinates": [ [ -77.4035, 38.85221 ], [ -77.41154, 38.85069 ] ] } },
{ "type": "Feature", "properties": { "name": "DULLES ACCESS RD EB" }, "geometry": { "type": "LineString", "coordinates": [ [ -77.38916, 38.95322 ], [ -77.38843, 38.9531 ] ] } },
{ "type": "Feature", "properties": { "name": "I95 NB" }, "geometry": { "type": "LineString", "coordinates": [ [ -77.20412, 38.72443 ], [ -77.20371, 38.72479 ] ] } },
{ "type": "Feature", "properties": { "name": "I95 NB" }, "geometry": { "type": "LineString", "coordinates": [ [ -77.23972, 38.67395 ], [ -77.23894, 38.67428 ] ] } },
{ "type": "Feature", "properties": { "name": "RT267 EB" }, "geometry": { "type": "LineString", "coordinates": [ [ -77.40437, 38.95651 ], [ -77.40073, 38.95525 ] ] } },
{ "type": "Feature", "properties": { "name": "I95 NB" }, "geometry": { "type": "LineString", "coordinates": [ [ -77.18094, 38.77498 ], [ -77.18002, 38.77708 ], [ -77.17981, 38.7783 ] ] } },
{ "type": "Feature", "properties": { "name": "I95 EXP NB RAMP TO HELLER RD RAMP" }, "geometry": { "type": "LineString", "coordinates": [ [ -77.18682, 38.7456 ], [ -77.18524, 38.74904 ] ] } },
{ "type": "Feature", "properties": { "name": "I95 NB" }, "geometry": { "type": "LineString", "coordinates": [ [ -77.19066, 38.73887 ], [ -77.18989, 38.73993 ] ] } },
{ "type": "Feature", "properties": { "name": "I66 EB RAMP TO RT123 SB" }, "geometry": { "type": "LineString", "coordinates": [ [ -77.30995, 38.86656 ], [ -77.30926, 38.86651 ], [ -77.30809, 38.86668 ] ] } },
{ "type": "Feature", "properties": { "name": "OLD KEENE MILL RD EB RAMP TO I95 EX" }, "geometry": { "type": "LineString", "coordinates": [ [ -77.17981, 38.78103 ], [ -77.17948, 38.7821 ], [ -77.17943, 38.78256 ] ] } },
{ "type": "Feature", "properties": { "name": "I95 LOCAL NB" }, "geometry": { "type": "LineString", "coordinates": [ [ -77.06973, 38.79823 ], [ -77.06689, 38.79712 ] ] } },
{ "type": "Feature", "properties": { "name": "DULLES ACCESS RD EB" }, "geometry": { "type": "LineString", "coordinates": [ [ -77.4183, 38.96159 ], [ -77.41638, 38.961 ], [ -77.40459, 38.95682 ] ] } },
{ "type": "Feature", "properties": { "name": "RT267 EB" }, "geometry": { "type": "LineString", "coordinates": [ [ -77.37477, 38.95281 ], [ -77.37375, 38.95286 ] ] } },
{ "type": "Feature", "properties": { "name": "SULLY RD" }, "geometry": { "type": "LineString", "coordinates": [ [ -77.42948, 38.94855 ], [ -77.42947, 38.95158 ] ] } },
{ "type": "Feature", "properties": { "name": "I95 EXP SB" }, "geometry": { "type": "LineString", "coordinates": [ [ -77.24018, 38.67398 ], [ -77.24261, 38.67318 ] ] } },
{ "type": "Feature", "properties": { "name": "I495 NB" }, "geometry": { "type": "LineString", "coordinates": [ [ -77.22183, 38.8192 ], [ -77.22199, 38.82032 ], [ -77.22202, 38.82115 ], [ -77.22193, 38.82215 ], [ -77.22164, 38.8233 ], [ -77.22148, 38.82383 ], [ -77.22091, 38.82507 ], [ -77.21885, 38.82906 ] ] } },
{ "type": "Feature", "properties": { "name": "I66 EB" }, "geometry": { "type": "LineString", "coordinates": [ [ -77.30799, 38.86857 ], [ -77.30379, 38.86949 ], [ -77.29923, 38.87025 ] ] } },
{ "type": "Feature", "properties": { "name": "I95 NB" }, "geometry": { "type": "LineString", "coordinates": [ [ -77.20862, 38.72072 ], [ -77.20815, 38.72109 ] ] } },
{ "type": "Feature", "properties": { "name": "SULLY RD" }, "geometry": { "type": "LineString", "coordinates": [ [ -77.43989, 38.89697 ], [ -77.44087, 38.89553 ], [ -77.44242, 38.89303 ] ] } },
{ "type": "Feature", "properties": { "name": "I495 SB" }, "geometry": { "type": "LineString", "coordinates": [ [ -77.2192, 38.83879 ], [ -77.21846, 38.83588 ], [ -77.21829, 38.83478 ] ] } },
{ "type": "Feature", "properties": { "name": "SULLY RD" }, "geometry": { "type": "LineString", "coordinates": [ [ -77.42967, 38.95161 ], [ -77.42973, 38.94865 ] ] } },
{ "type": "Feature", "properties": { "name": "I95 SB" }, "geometry": { "type": "LineString", "coordinates": [ [ -77.13948, 38.79586 ], [ -77.14543, 38.79493 ] ] } },
{ "type": "Feature", "properties": { "name": "I66 WB" }, "geometry": { "type": "LineString", "coordinates": [ [ -77.21871, 38.88743 ], [ -77.22017, 38.8869 ] ] } },
{ "type": "Feature", "properties": { "name": "I495 NB" }, "geometry": { "type": "LineString", "coordinates": [ [ -77.21528, 38.92299 ], [ -77.21434, 38.92469 ] ] } },
{ "type": "Feature", "properties": { "name": "RT267 EB" }, "geometry": { "type": "LineString", "coordinates": [ [ -77.32344, 38.94445 ], [ -77.3224, 38.94458 ] ] } },
{ "type": "Feature", "properties": { "name": "I66 WB" }, "geometry": { "type": "LineString", "coordinates": [ [ -77.45, 38.83419 ], [ -77.45494, 38.82861 ], [ -77.45612, 38.82739 ], [ -77.45791, 38.82571 ], [ -77.46068, 38.82351 ] ] } },
{ "type": "Feature", "properties": { "name": "I66 WB" }, "geometry": { "type": "LineString", "coordinates": [ [ -77.32214, 38.86675 ], [ -77.33624, 38.86422 ] ] } },
{ "type": "Feature", "properties": { "name": "I66 WB THRU RAMP" }, "geometry": { "type": "LineString", "coordinates": [ [ -77.389, 38.85491 ], [ -77.38967, 38.85479 ] ] } },
{ "type": "Feature", "properties": { "name": "I66 WB" }, "geometry": { "type": "LineString", "coordinates": [ [ -77.35708, 38.86046 ], [ -77.36314, 38.85938 ] ] } },
{ "type": "Feature", "properties": { "name": "RT267 EB" }, "geometry": { "type": "LineString", "coordinates": [ [ -77.37375, 38.95286 ], [ -77.3704, 38.953 ] ] } },
{ "type": "Feature", "properties": { "name": "I495 NB" }, "geometry": { "type": "LineString", "coordinates": [ [ -77.21008, 38.93177 ], [ -77.20959, 38.93261 ] ] } },
{ "type": "Feature", "properties": { "name": "I95 NB" }, "geometry": { "type": "LineString", "coordinates": [ [ -77.18798, 38.7429 ], [ -77.1868, 38.74506 ], [ -77.18574, 38.74736 ], [ -77.18494, 38.74943 ], [ -77.18416, 38.75208 ] ] } },
{ "type": "Feature", "properties": { "name": "I66 EB" }, "geometry": { "type": "LineString", "coordinates": [ [ -77.32275, 38.86608 ], [ -77.32192, 38.86623 ] ] } },
{ "type": "Feature", "properties": { "name": "I66 WB" }, "geometry": { "type": "LineString", "coordinates": [ [ -77.28385, 38.87498 ], [ -77.2945, 38.87188 ], [ -77.29854, 38.87096 ], [ -77.3029, 38.87021 ] ] } },
{ "type": "Feature", "properties": { "name": "I66 EB" }, "geometry": { "type": "LineString", "coordinates": [ [ -77.34595, 38.86183 ], [ -77.34477, 38.86205 ] ] } },
{ "type": "Feature", "properties": { "name": "I66 EB" }, "geometry": { "type": "LineString", "coordinates": [ [ -77.31675, 38.86715 ], [ -77.31137, 38.868 ] ] } },
{ "type": "Feature", "properties": { "name": "I95 NB" }, "geometry": { "type": "LineString", "coordinates": [ [ -77.16533, 38.79062 ], [ -77.16009, 38.79161 ], [ -77.15853, 38.79202 ], [ -77.15778, 38.79232 ] ] } },
{ "type": "Feature", "properties": { "name": "GEORGE WASHINGTON MEMORIAL PKWY" }, "geometry": { "type": "LineString", "coordinates": [ [ -77.1568, 38.96302 ], [ -77.15337, 38.9616 ] ] } },
{ "type": "Feature", "properties": { "name": "RT267 WB" }, "geometry": { "type": "LineString", "coordinates": [ [ -77.26588, 38.93558 ], [ -77.26728, 38.93679 ] ] } },
{ "type": "Feature", "properties": { "name": "I95 SB" }, "geometry": { "type": "LineString", "coordinates": [ [ -77.24032, 38.67428 ], [ -77.24104, 38.67398 ] ] } },
{ "type": "Feature", "properties": { "name": "I95 SB" }, "geometry": { "type": "LineString", "coordinates": [ [ -77.23998, 38.67443 ], [ -77.24032, 38.67428 ] ] } },
{ "type": "Feature", "properties": { "name": "DULLES ACCESS RD WB" }, "geometry": { "type": "LineString", "coordinates": [ [ -77.40439, 38.95702 ], [ -77.41717, 38.96156 ], [ -77.41819, 38.96184 ] ] } },
{ "type": "Feature", "properties": { "name": "GEORGE WASHINGTON MEMORIAL PKWY" }, "geometry": { "type": "LineString", "coordinates": [ [ -77.14073, 38.95615 ], [ -77.14312, 38.95791 ] ] } },
{ "type": "Feature", "properties": { "name": "I95 NB" }, "geometry": { "type": "LineString", "coordinates": [ [ -77.22275, 38.70755 ], [ -77.22192, 38.70939 ] ] } },
{ "type": "Feature", "properties": { "name": "RT267 EB" }, "geometry": { "type": "LineString", "coordinates": [ [ -77.3842, 38.95242 ], [ -77.3835, 38.95239 ] ] } },
{ "type": "Feature", "properties": { "name": "I95 NB RAMP TO I95 NB" }, "geometry": { "type": "LineString", "coordinates": [ [ -77.18094, 38.77498 ], [ -77.1807, 38.77647 ], [ -77.17984, 38.78017 ] ] } },
{ "type": "Feature", "properties": { "name": "RT267 WB" }, "geometry": { "type": "LineString", "coordinates": [ [ -77.30195, 38.94823 ], [ -77.30423, 38.94847 ], [ -77.30664, 38.94854 ] ] } },
{ "type": "Feature", "properties": { "name": "RT28 NB RAMP TO RT267 EB" }, "geometry": { "type": "LineString", "coordinates": [ [ -77.42215, 38.96212 ], [ -77.41962, 38.96168 ], [ -77.41674, 38.96092 ], [ -77.41509, 38.96033 ] ] } },
{ "type": "Feature", "properties": { "name": "I95 SB" }, "geometry": { "type": "LineString", "coordinates": [ [ -77.19033, 38.74018 ], [ -77.19134, 38.73874 ], [ -77.192, 38.73794 ] ] } },
{ "type": "Feature", "properties": { "name": "I66 WB" }, "geometry": { "type": "LineString", "coordinates": [ [ -77.18575, 38.90094 ], [ -77.18755, 38.90133 ] ] } },
{ "type": "Feature", "properties": { "name": "I495 NB" }, "geometry": { "type": "LineString", "coordinates": [ [ -77.20653, 38.80026 ], [ -77.20825, 38.80088 ], [ -77.20937, 38.8015 ], [ -77.21029, 38.80214 ], [ -77.21136, 38.80317 ], [ -77.21322, 38.8056 ] ] } },
{ "type": "Feature", "properties": { "name": "I95 EXP SB" }, "geometry": { "type": "LineString", "coordinates": [ [ -77.20372, 38.72506 ], [ -77.20415, 38.72466 ] ] } },
{ "type": "Feature", "properties": { "name": "DULLES ACCESS RD WB" }, "geometry": { "type": "LineString", "coordinates": [ [ -77.23286, 38.93397 ], [ -77.23339, 38.934 ] ] } },
{ "type": "Feature", "properties": { "name": "RT267 WB" }, "geometry": { "type": "LineString", "coordinates": [ [ -77.39554, 38.95469 ], [ -77.39798, 38.95521 ], [ -77.40067, 38.95596 ] ] } },
{ "type": "Feature", "properties": { "name": "I95 NB" }, "geometry": { "type": "LineString", "coordinates": [ [ -77.22367, 38.70505 ], [ -77.22348, 38.70565 ] ] } },
{ "type": "Feature", "properties": { "name": "DULLES ACCESS RD EB" }, "geometry": { "type": "LineString", "coordinates": [ [ -77.23341, 38.93373 ], [ -77.23287, 38.93371 ] ] } },
{ "type": "Feature", "properties": { "name": "I95 EXP SB" }, "geometry": { "type": "LineString", "coordinates": [ [ -77.2082, 38.72128 ], [ -77.2087, 38.72089 ] ] } },
{ "type": "Feature", "properties": { "name": "GEORGE WASHINGTON MEMORIAL PKWY" }, "geometry": { "type": "LineString", "coordinates": [ [ -77.17464, 38.96436 ], [ -77.17589, 38.96423 ] ] } },
{ "type": "Feature", "properties": { "name": "I495 SB" }, "geometry": { "type": "LineString", "coordinates": [ [ -77.19083, 38.96037 ], [ -77.19126, 38.95999 ] ] } },
{ "type": "Feature", "properties": { "name": "I66 WB" }, "geometry": { "type": "LineString", "coordinates": [ [ -77.38269, 38.85582 ], [ -77.38826, 38.85477 ] ] } },
{ "type": "Feature", "properties": { "name": "I66 WB" }, "geometry": { "type": "LineString", "coordinates": [ [ -77.3555, 38.86078 ], [ -77.35708, 38.86046 ] ] } },
{ "type": "Feature", "properties": { "name": "RT267 WB" }, "geometry": { "type": "LineString", "coordinates": [ [ -77.40418, 38.95715 ], [ -77.41028, 38.95934 ] ] } },
{ "type": "Feature", "properties": { "name": "I495 SB" }, "geometry": { "type": "LineString", "coordinates": [ [ -77.21694, 38.92097 ], [ -77.21711, 38.92048 ] ] } },
{ "type": "Feature", "properties": { "name": "I495 SB" }, "geometry": { "type": "LineString", "coordinates": [ [ -77.21393, 38.93097 ], [ -77.21415, 38.93036 ], [ -77.21429, 38.92967 ], [ -77.21435, 38.92716 ] ] } },
{ "type": "Feature", "properties": { "name": "RT267 WB" }, "geometry": { "type": "LineString", "coordinates": [ [ -77.18832, 38.91303 ], [ -77.19167, 38.91653 ], [ -77.19491, 38.92145 ] ] } },
{ "type": "Feature", "properties": { "name": "RT267 WB" }, "geometry": { "type": "LineString", "coordinates": [ [ -77.20076, 38.92815 ], [ -77.20255, 38.9289 ] ] } },
{ "type": "Feature", "properties": { "name": "RT267 WB" }, "geometry": { "type": "LineString", "coordinates": [ [ -77.20345, 38.92925 ], [ -77.20373, 38.92936 ] ] } },
{ "type": "Feature", "properties": { "name": "RT267 WB" }, "geometry": { "type": "LineString", "coordinates": [ [ -77.20255, 38.9289 ], [ -77.20345, 38.92925 ] ] } },
{ "type": "Feature", "properties": { "name": "DULLES ACCESS RD WB" }, "geometry": { "type": "LineString", "coordinates": [ [ -77.19735, 38.92515 ], [ -77.19862, 38.92648 ], [ -77.19945, 38.92715 ] ] } },
{ "type": "Feature", "properties": { "name": "DULLES ACCESS RD WB" }, "geometry": { "type": "LineString", "coordinates": [ [ -77.20274, 38.92877 ], [ -77.20364, 38.9291 ] ] } },
{ "type": "Feature", "properties": { "name": "DULLES ACCESS RD EB" }, "geometry": { "type": "LineString", "coordinates": [ [ -77.20298, 38.92857 ], [ -77.2017, 38.92809 ], [ -77.20069, 38.92754 ] ] } },
{ "type": "Feature", "properties": { "name": "DULLES ACCESS RD EB" }, "geometry": { "type": "LineString", "coordinates": [ [ -77.20389, 38.9289 ], [ -77.20298, 38.92857 ] ] } },
{ "type": "Feature", "properties": { "name": "I66 WB" }, "geometry": { "type": "LineString", "coordinates": [ [ -77.32139, 38.86686 ], [ -77.32214, 38.86675 ] ] } },
{ "type": "Feature", "properties": { "name": "I66 EB" }, "geometry": { "type": "LineString", "coordinates": [ [ -77.30889, 38.86839 ], [ -77.30799, 38.86857 ] ] } },
{ "type": "Feature", "properties": { "name": "RT267 EB THRU RAMP" }, "geometry": { "type": "LineString", "coordinates": [ [ -77.38648, 38.95246 ], [ -77.38293, 38.95225 ], [ -77.38078, 38.95227 ] ] } },
{ "type": "Feature", "properties": { "name": "RT267 WB" }, "geometry": { "type": "LineString", "coordinates": [ [ -77.33725, 38.94715 ], [ -77.33778, 38.94733 ] ] } },
{ "type": "Feature", "properties": { "name": "RT267 WB" }, "geometry": { "type": "LineString", "coordinates": [ [ -77.2081, 38.93222 ], [ -77.20919, 38.93277 ] ] } },
{ "type": "Feature", "properties": { "name": "DULLES ACCESS RD WB" }, "geometry": { "type": "LineString", "coordinates": [ [ -77.21572, 38.93342 ], [ -77.21688, 38.93375 ], [ -77.21896, 38.93417 ], [ -77.22172, 38.93445 ], [ -77.22414, 38.93445 ], [ -77.22831, 38.93416 ] ] } },
{ "type": "Feature", "properties": { "name": "I495 NB" }, "geometry": { "type": "LineString", "coordinates": [ [ -77.20936, 38.93304 ], [ -77.20794, 38.93566 ] ] } },
{ "type": "Feature", "properties": { "name": "I495 SB THRU RAMP" }, "geometry": { "type": "LineString", "coordinates": [ [ -77.2179, 38.91618 ], [ -77.21823, 38.91437 ], [ -77.21844, 38.91387 ] ] } },
{ "type": "Feature", "properties": { "name": "RT267 WB" }, "geometry": { "type": "LineString", "coordinates": [ [ -77.20373, 38.92936 ], [ -77.20494, 38.92988 ], [ -77.20588, 38.93053 ] ] } },
{ "type": "Feature", "properties": { "name": "I95 SB" }, "geometry": { "type": "LineString", "coordinates": [ [ -77.18789, 38.74425 ], [ -77.18897, 38.74229 ] ] } },
{ "type": "Feature", "properties": { "name": "SULLY RD" }, "geometry": { "type": "LineString", "coordinates": [ [ -77.43043, 38.91486 ], [ -77.43092, 38.9124 ] ] } },
{ "type": "Feature", "properties": { "name": "I95 NB" }, "geometry": { "type": "LineString", "coordinates": [ [ -77.22348, 38.70565 ], [ -77.22275, 38.70755 ] ] } },
{ "type": "Feature", "properties": { "name": "SULLY RD" }, "geometry": { "type": "LineString", "coordinates": [ [ -77.42995, 38.91779 ], [ -77.4299, 38.9215 ] ] } },
{ "type": "Feature", "properties": { "name": "I66 WB" }, "geometry": { "type": "LineString", "coordinates": [ [ -77.47687, 38.81557 ], [ -77.47791, 38.81515 ] ] } },
{ "type": "Feature", "properties": { "name": "I66 EB" }, "geometry": { "type": "LineString", "coordinates": [ [ -77.40323, 38.85146 ], [ -77.40234, 38.85162 ] ] } },
{ "type": "Feature", "properties": { "name": "I66 WB THRU RAMP" }, "geometry": { "type": "LineString", "coordinates": [ [ -77.3874, 38.8552 ], [ -77.38837, 38.85502 ] ] } },
{ "type": "Feature", "properties": { "name": "I95 SB" }, "geometry": { "type": "LineString", "coordinates": [ [ -77.07747, 38.80051 ], [ -77.07818, 38.80058 ] ] } },
{ "type": "Feature", "properties": { "name": "I66 WB THRU RAMP" }, "geometry": { "type": "LineString", "coordinates": [ [ -77.38837, 38.85502 ], [ -77.389, 38.85491 ] ] } },
{ "type": "Feature", "properties": { "name": "I95 SB" }, "geometry": { "type": "LineString", "coordinates": [ [ -77.12198, 38.79914 ], [ -77.1274, 38.79779 ], [ -77.13512, 38.79657 ] ] } },
{ "type": "Feature", "properties": { "name": "I495 NB" }, "geometry": { "type": "LineString", "coordinates": [ [ -77.18041, 38.96577 ], [ -77.17988, 38.96681 ], [ -77.17954, 38.96836 ] ] } },
{ "type": "Feature", "properties": { "name": "I495 SB" }, "geometry": { "type": "LineString", "coordinates": [ [ -77.17816, 38.97658 ], [ -77.17865, 38.97508 ], [ -77.17914, 38.97226 ] ] } },
{ "type": "Feature", "properties": { "name": "I495 SB" }, "geometry": { "type": "LineString", "coordinates": [ [ -77.17978, 38.9684 ], [ -77.18004, 38.96718 ], [ -77.18021, 38.96677 ], [ -77.18057, 38.96612 ], [ -77.1813, 38.96509 ] ] } },
{ "type": "Feature", "properties": { "name": "I495 NB" }, "geometry": { "type": "LineString", "coordinates": [ [ -77.17954, 38.96836 ], [ -77.17888, 38.97223 ] ] } },
{ "type": "Feature", "properties": { "name": "I495 SB" }, "geometry": { "type": "LineString", "coordinates": [ [ -77.1793, 38.97116 ], [ -77.17978, 38.9684 ] ] } },
{ "type": "Feature", "properties": { "name": "I495 SB" }, "geometry": { "type": "LineString", "coordinates": [ [ -77.19313, 38.95665 ], [ -77.19396, 38.95495 ] ] } },
{ "type": "Feature", "properties": { "name": "I495 SB" }, "geometry": { "type": "LineString", "coordinates": [ [ -77.2153, 38.92439 ], [ -77.21661, 38.92201 ] ] } },
{ "type": "Feature", "properties": { "name": "RT267 EB" }, "geometry": { "type": "LineString", "coordinates": [ [ -77.19523, 38.92131 ], [ -77.1919, 38.91632 ], [ -77.18876, 38.91306 ] ] } },
{ "type": "Feature", "properties": { "name": "I495 NB" }, "geometry": { "type": "LineString", "coordinates": [ [ -77.2156, 38.92221 ], [ -77.21528, 38.92299 ] ] } },
{ "type": "Feature", "properties": { "name": "I495 SB" }, "geometry": { "type": "LineString", "coordinates": [ [ -77.22081, 38.8754 ], [ -77.22062, 38.87452 ], [ -77.22052, 38.87296 ] ] } },
{ "type": "Feature", "properties": { "name": "SULLY RD" }, "geometry": { "type": "LineString", "coordinates": [ [ -77.43092, 38.9124 ], [ -77.43145, 38.91057 ], [ -77.43188, 38.90954 ] ] } },
{ "type": "Feature", "properties": { "name": "RT267 WB" }, "geometry": { "type": "LineString", "coordinates": [ [ -77.24362, 38.93515 ], [ -77.24504, 38.93494 ], [ -77.24645, 38.9346 ] ] } },
{ "type": "Feature", "properties": { "name": "I495 SB" }, "geometry": { "type": "LineString", "coordinates": [ [ -77.22233, 38.81824 ], [ -77.22206, 38.81768 ], [ -77.22136, 38.81562 ], [ -77.22055, 38.81437 ] ] } },
{ "type": "Feature", "properties": { "name": "I495 NB" }, "geometry": { "type": "LineString", "coordinates": [ [ -77.21322, 38.8056 ], [ -77.21718, 38.81097 ] ] } },
{ "type": "Feature", "properties": { "name": "I66 WB" }, "geometry": { "type": "LineString", "coordinates": [ [ -77.46496, 38.82074 ], [ -77.46537, 38.82052 ] ] } },
{ "type": "Feature", "properties": { "name": "I66 EB" }, "geometry": { "type": "LineString", "coordinates": [ [ -77.46032, 38.82327 ], [ -77.45807, 38.82505 ], [ -77.45593, 38.827 ], [ -77.45489, 38.82806 ], [ -77.44832, 38.83536 ] ] } },
{ "type": "Feature", "properties": { "name": "I95 SB" }, "geometry": { "type": "LineString", "coordinates": [ [ -77.22325, 38.70758 ], [ -77.22388, 38.7058 ] ] } },
{ "type": "Feature", "properties": { "name": "RT267 WB" }, "geometry": { "type": "LineString", "coordinates": [ [ -77.2124, 38.93346 ], [ -77.21554, 38.93401 ] ] } },
{ "type": "Feature", "properties": { "name": "I95 NB" }, "geometry": { "type": "LineString", "coordinates": [ [ -77.22192, 38.70939 ], [ -77.2212, 38.7106 ], [ -77.22019, 38.71196 ], [ -77.21916, 38.71303 ], [ -77.21811, 38.71396 ] ] } },
{ "type": "Feature", "properties": { "name": "I95 SB" }, "geometry": { "type": "LineString", "coordinates": [ [ -77.21778, 38.71475 ], [ -77.21826, 38.71435 ] ] } },
{ "type": "Feature", "properties": { "name": "I495 NB" }, "geometry": { "type": "LineString", "coordinates": [ [ -77.22119, 38.88131 ], [ -77.22128, 38.88157 ], [ -77.2213, 38.88251 ], [ -77.22115, 38.88344 ], [ -77.22064, 38.88483 ] ] } },
{ "type": "Feature", "properties": { "name": "I495 EXPRESS LANE NB" }, "geometry": { "type": "LineString", "coordinates": [ [ -77.22155, 38.88308 ], [ -77.22124, 38.88422 ], [ -77.22092, 38.88496 ], [ -77.22014, 38.88634 ] ] } },
{ "type": "Feature", "properties": { "name": "I495 SB" }, "geometry": { "type": "LineString", "coordinates": [ [ -77.22167, 38.88706 ], [ -77.22206, 38.88638 ] ] } },
{ "type": "Feature", "properties": { "name": "I495 SB" }, "geometry": { "type": "LineString", "coordinates": [ [ -77.22139, 38.88756 ], [ -77.22167, 38.88706 ] ] } },
{ "type": "Feature", "properties": { "name": "I495 SB" }, "geometry": { "type": "LineString", "coordinates": [ [ -77.22206, 38.88638 ], [ -77.22245, 38.88518 ], [ -77.22254, 38.88415 ] ] } },
{ "type": "Feature", "properties": { "name": "I66 WB" }, "geometry": { "type": "LineString", "coordinates": [ [ -77.2277, 38.88396 ], [ -77.22893, 38.88352 ] ] } },
{ "type": "Feature", "properties": { "name": "I66 EB" }, "geometry": { "type": "LineString", "coordinates": [ [ -77.22865, 38.88292 ], [ -77.22658, 38.88355 ] ] } },
{ "type": "Feature", "properties": { "name": "I66 WB" }, "geometry": { "type": "LineString", "coordinates": [ [ -77.225, 38.88508 ], [ -77.2277, 38.88396 ] ] } },
{ "type": "Feature", "properties": { "name": "DULLES ACCESS RD EB" }, "geometry": { "type": "LineString", "coordinates": [ [ -77.23685, 38.93414 ], [ -77.23341, 38.93373 ] ] } },
{ "type": "Feature", "properties": { "name": "RT267 WB" }, "geometry": { "type": "LineString", "coordinates": [ [ -77.26763, 38.93713 ], [ -77.26997, 38.93927 ], [ -77.27093, 38.94006 ], [ -77.27204, 38.94073 ], [ -77.27381, 38.94148 ], [ -77.2752, 38.94187 ], [ -77.2766, 38.94212 ], [ -77.28148, 38.9424 ], [ -77.28281, 38.94255 ] ] } },
{ "type": "Feature", "properties": { "name": "GEORGE WASHINGTON MEMORIAL PKWY" }, "geometry": { "type": "LineString", "coordinates": [ [ -77.14377, 38.95837 ], [ -77.14587, 38.95971 ], [ -77.14673, 38.96012 ], [ -77.14835, 38.96074 ] ] } },
{ "type": "Feature", "properties": { "name": "I495 NB" }, "geometry": { "type": "LineString", "coordinates": [ [ -77.18568, 38.96222 ], [ -77.18325, 38.96352 ] ] } },
{ "type": "Feature", "properties": { "name": "GEORGE WASHINGTON MEMORIAL PKWY" }, "geometry": { "type": "LineString", "coordinates": [ [ -77.14346, 38.95795 ], [ -77.14155, 38.95649 ] ] } },
{ "type": "Feature", "properties": { "name": "I495 NB" }, "geometry": { "type": "LineString", "coordinates": [ [ -77.2175, 38.91093 ], [ -77.21753, 38.91333 ], [ -77.21726, 38.91578 ] ] } },
{ "type": "Feature", "properties": { "name": "I495 SB" }, "geometry": { "type": "LineString", "coordinates": [ [ -77.22169, 38.87906 ], [ -77.22102, 38.87622 ] ] } },
{ "type": "Feature", "properties": { "name": "RT267 WB" }, "geometry": { "type": "LineString", "coordinates": [ [ -77.35595, 38.9525 ], [ -77.35655, 38.9526 ] ] } },
{ "type": "Feature", "properties": { "name": "RT267 EB" }, "geometry": { "type": "LineString", "coordinates": [ [ -77.38919, 38.95302 ], [ -77.38817, 38.95286 ] ] } },
{ "type": "Feature", "properties": { "name": "DULLES ACCESS RD EB" }, "geometry": { "type": "LineString", "coordinates": [ [ -77.39511, 38.95415 ], [ -77.38916, 38.95322 ] ] } },
{ "type": "Feature", "properties": { "name": "I66 WB" }, "geometry": { "type": "LineString", "coordinates": [ [ -77.191, 38.90138 ], [ -77.1927, 38.90107 ], [ -77.19417, 38.90058 ] ] } },
{ "type": "Feature", "properties": { "name": "I495 NB" }, "geometry": { "type": "LineString", "coordinates": [ [ -77.21062, 38.93079 ], [ -77.21015, 38.93165 ] ] } },
{ "type": "Feature", "properties": { "name": "I495 NB" }, "geometry": { "type": "LineString", "coordinates": [ [ -77.21015, 38.93165 ], [ -77.21008, 38.93177 ] ] } },
{ "type": "Feature", "properties": { "name": "I66 EB" }, "geometry": { "type": "LineString", "coordinates": [ [ -77.44247, 38.84166 ], [ -77.44108, 38.84272 ], [ -77.4402, 38.84327 ], [ -77.4387, 38.84406 ], [ -77.43762, 38.84449 ] ] } },
{ "type": "Feature", "properties": { "name": "I95 SB" }, "geometry": { "type": "LineString", "coordinates": [ [ -77.07165, 38.79938 ], [ -77.07367, 38.79993 ] ] } },
{ "type": "Feature", "properties": { "name": "I95 NB" }, "geometry": { "type": "LineString", "coordinates": [ [ -77.23, 38.68115 ], [ -77.22935, 38.68218 ], [ -77.22837, 38.68409 ] ] } },
{ "type": "Feature", "properties": { "name": "I95 NB" }, "geometry": { "type": "LineString", "coordinates": [ [ -77.23052, 38.68041 ], [ -77.23, 38.68115 ] ] } },
{ "type": "Feature", "properties": { "name": "RT1 NB RAMP TO I95 NB" }, "geometry": { "type": "LineString", "coordinates": [ [ -77.22944, 38.67811 ], [ -77.2294, 38.67845 ] ] } },
{ "type": "Feature", "properties": { "name": "RT1 NB RAMP TO I95 NB" }, "geometry": { "type": "LineString", "coordinates": [ [ -77.22957, 38.67735 ], [ -77.22944, 38.67811 ] ] } },
{ "type": "Feature", "properties": { "name": "I495 SB" }, "geometry": { "type": "LineString", "coordinates": [ [ -77.21366, 38.80524 ], [ -77.21279, 38.80405 ], [ -77.21143, 38.80252 ], [ -77.21043, 38.80168 ], [ -77.20989, 38.80137 ] ] } },
{ "type": "Feature", "properties": { "name": "I495 NB" }, "geometry": { "type": "LineString", "coordinates": [ [ -77.20548, 38.79992 ], [ -77.20653, 38.80026 ] ] } },
{ "type": "Feature", "properties": { "name": "RT267 WB" }, "geometry": { "type": "LineString", "coordinates": [ [ -77.22733, 38.93456 ], [ -77.23072, 38.93421 ], [ -77.23283, 38.93417 ] ] } },
{ "type": "Feature", "properties": { "name": "I95 NB" }, "geometry": { "type": "LineString", "coordinates": [ [ -77.11174, 38.80165 ], [ -77.10965, 38.80219 ], [ -77.10821, 38.8024 ] ] } },
{ "type": "Feature", "properties": { "name": "I95 NB" }, "geometry": { "type": "LineString", "coordinates": [ [ -77.13135, 38.79689 ], [ -77.12706, 38.79762 ], [ -77.12191, 38.79892 ] ] } },
{ "type": "Feature", "properties": { "name": "I95 SB" }, "geometry": { "type": "LineString", "coordinates": [ [ -77.11227, 38.80173 ], [ -77.11689, 38.80053 ] ] } },
{ "type": "Feature", "properties": { "name": "I95 SB" }, "geometry": { "type": "LineString", "coordinates": [ [ -77.09725, 38.80289 ], [ -77.0997, 38.80312 ], [ -77.10235, 38.80321 ], [ -77.1056, 38.80305 ], [ -77.10868, 38.80264 ] ] } },
{ "type": "Feature", "properties": { "name": "I66 EB" }, "geometry": { "type": "LineString", "coordinates": [ [ -77.39173, 38.85363 ], [ -77.38899, 38.85419 ] ] } },
{ "type": "Feature", "properties": { "name": "I95 EXP SB" }, "geometry": { "type": "LineString", "coordinates": [ [ -77.19573, 38.73295 ], [ -77.19906, 38.7294 ] ] } },
{ "type": "Feature", "properties": { "name": "DULLES ACCESS RD WB" }, "geometry": { "type": "LineString", "coordinates": [ [ -77.32601, 38.94474 ], [ -77.32849, 38.94482 ], [ -77.33118, 38.94518 ], [ -77.33347, 38.94573 ], [ -77.33737, 38.94701 ] ] } },
{ "type": "Feature", "properties": { "name": "I66 WB" }, "geometry": { "type": "LineString", "coordinates": [ [ -77.31602, 38.86782 ], [ -77.32139, 38.86686 ] ] } },
{ "type": "Feature", "properties": { "name": "I66 EB" }, "geometry": { "type": "LineString", "coordinates": [ [ -77.38899, 38.85419 ], [ -77.38795, 38.85435 ] ] } },
{ "type": "Feature", "properties": { "name": "I95 NB" }, "geometry": { "type": "LineString", "coordinates": [ [ -77.15204, 38.7935 ], [ -77.14175, 38.79523 ] ] } },
{ "type": "Feature", "properties": { "name": "I95 NB" }, "geometry": { "type": "LineString", "coordinates": [ [ -77.15381, 38.7932 ], [ -77.15204, 38.7935 ] ] } },
{ "type": "Feature", "properties": { "name": "I95 SB" }, "geometry": { "type": "LineString", "coordinates": [ [ -77.13567, 38.79648 ], [ -77.13629, 38.79637 ] ] } },
{ "type": "Feature", "properties": { "name": "I95 SB" }, "geometry": { "type": "LineString", "coordinates": [ [ -77.13512, 38.79657 ], [ -77.13567, 38.79648 ] ] } },
{ "type": "Feature", "properties": { "name": "I95 NB" }, "geometry": { "type": "LineString", "coordinates": [ [ -77.13579, 38.7962 ], [ -77.13524, 38.79629 ] ] } },
{ "type": "Feature", "properties": { "name": "I95 NB" }, "geometry": { "type": "LineString", "coordinates": [ [ -77.13601, 38.79616 ], [ -77.13579, 38.7962 ] ] } },
{ "type": "Feature", "properties": { "name": "I95 SB" }, "geometry": { "type": "LineString", "coordinates": [ [ -77.10868, 38.80264 ], [ -77.11184, 38.80185 ] ] } },
{ "type": "Feature", "properties": { "name": "I95 SB" }, "geometry": { "type": "LineString", "coordinates": [ [ -77.11184, 38.80185 ], [ -77.11227, 38.80173 ] ] } },
{ "type": "Feature", "properties": { "name": "I95 NB" }, "geometry": { "type": "LineString", "coordinates": [ [ -77.11448, 38.80086 ], [ -77.11216, 38.80152 ] ] } },
{ "type": "Feature", "properties": { "name": "I95 NB" }, "geometry": { "type": "LineString", "coordinates": [ [ -77.11216, 38.80152 ], [ -77.11174, 38.80165 ] ] } },
{ "type": "Feature", "properties": { "name": "I95 SB" }, "geometry": { "type": "LineString", "coordinates": [ [ -77.11689, 38.80053 ], [ -77.12184, 38.79918 ] ] } },
{ "type": "Feature", "properties": { "name": "I95 SB" }, "geometry": { "type": "LineString", "coordinates": [ [ -77.12184, 38.79918 ], [ -77.12198, 38.79914 ] ] } },
{ "type": "Feature", "properties": { "name": "I95 NB" }, "geometry": { "type": "LineString", "coordinates": [ [ -77.12178, 38.79896 ], [ -77.11624, 38.80038 ] ] } },
{ "type": "Feature", "properties": { "name": "I95 NB" }, "geometry": { "type": "LineString", "coordinates": [ [ -77.12191, 38.79892 ], [ -77.12178, 38.79896 ] ] } },
{ "type": "Feature", "properties": { "name": "I95 LOCAL SB" }, "geometry": { "type": "LineString", "coordinates": [ [ -77.08352, 38.80127 ], [ -77.08501, 38.80153 ] ] } },
{ "type": "Feature", "properties": { "name": "I95 SB" }, "geometry": { "type": "LineString", "coordinates": [ [ -77.08369, 38.8012 ], [ -77.08515, 38.80143 ] ] } },
{ "type": "Feature", "properties": { "name": "I95 LOCAL NB" }, "geometry": { "type": "LineString", "coordinates": [ [ -77.08669, 38.80121 ], [ -77.0847, 38.80101 ] ] } },
{ "type": "Feature", "properties": { "name": "I95 LOCAL NB" }, "geometry": { "type": "LineString", "coordinates": [ [ -77.08349, 38.80089 ], [ -77.08274, 38.80081 ] ] } },
{ "type": "Feature", "properties": { "name": "I95 LOCAL NB" }, "geometry": { "type": "LineString", "coordinates": [ [ -77.0777, 38.8002 ], [ -77.07622, 38.80001 ] ] } },
{ "type": "Feature", "properties": { "name": "I95 LOCAL NB" }, "geometry": { "type": "LineString", "coordinates": [ [ -77.0847, 38.80101 ], [ -77.08349, 38.80089 ] ] } },
{ "type": "Feature", "properties": { "name": "I66 WB" }, "geometry": { "type": "LineString", "coordinates": [ [ -77.39822, 38.85311 ], [ -77.40272, 38.85235 ] ] } },
{ "type": "Feature", "properties": { "name": "I66 WB" }, "geometry": { "type": "LineString", "coordinates": [ [ -77.40272, 38.85235 ], [ -77.4035, 38.85221 ] ] } },
{ "type": "Feature", "properties": { "name": "I66 EB" }, "geometry": { "type": "LineString", "coordinates": [ [ -77.40234, 38.85162 ], [ -77.39651, 38.85271 ] ] } },
{ "type": "Feature", "properties": { "name": "I66 WB" }, "geometry": { "type": "LineString", "coordinates": [ [ -77.38898, 38.85465 ], [ -77.39292, 38.85397 ] ] } },
{ "type": "Feature", "properties": { "name": "I66 WB" }, "geometry": { "type": "LineString", "coordinates": [ [ -77.38826, 38.85477 ], [ -77.38898, 38.85465 ] ] } },
{ "type": "Feature", "properties": { "name": "I66 WB" }, "geometry": { "type": "LineString", "coordinates": [ [ -77.44688, 38.83769 ], [ -77.44727, 38.83728 ] ] } },
{ "type": "Feature", "properties": { "name": "I66 WB" }, "geometry": { "type": "LineString", "coordinates": [ [ -77.44727, 38.83728 ], [ -77.44784, 38.83669 ] ] } },
{ "type": "Feature", "properties": { "name": "I66 EB" }, "geometry": { "type": "LineString", "coordinates": [ [ -77.44832, 38.83536 ], [ -77.44693, 38.83696 ] ] } },
{ "type": "Feature", "properties": { "name": "I66 EB" }, "geometry": { "type": "LineString", "coordinates": [ [ -77.44693, 38.83696 ], [ -77.4464, 38.83755 ] ] } },
{ "type": "Feature", "properties": { "name": "RT267 EB" }, "geometry": { "type": "LineString", "coordinates": [ [ -77.18876, 38.91306 ], [ -77.1884, 38.91268 ] ] } },
{ "type": "Feature", "properties": { "name": "RT267 WB" }, "geometry": { "type": "LineString", "coordinates": [ [ -77.18795, 38.91264 ], [ -77.18832, 38.91303 ] ] } },
{ "type": "Feature", "properties": { "name": "I66 WB" }, "geometry": { "type": "LineString", "coordinates": [ [ -77.19063, 38.90142 ], [ -77.191, 38.90138 ] ] } },
{ "type": "Feature", "properties": { "name": "I66 WB" }, "geometry": { "type": "LineString", "coordinates": [ [ -77.19649, 38.89936 ], [ -77.19683, 38.89917 ] ] } },
{ "type": "Feature", "properties": { "name": "I66 WB" }, "geometry": { "type": "LineString", "coordinates": [ [ -77.19742, 38.89881 ], [ -77.19777, 38.89862 ] ] } },
{ "type": "Feature", "properties": { "name": "I66 EB" }, "geometry": { "type": "LineString", "coordinates": [ [ -77.19936, 38.89721 ], [ -77.19838, 38.89779 ] ] } },
{ "type": "Feature", "properties": { "name": "I66 EB" }, "geometry": { "type": "LineString", "coordinates": [ [ -77.19704, 38.89856 ], [ -77.1964, 38.89888 ] ] } },
{ "type": "Feature", "properties": { "name": "I66 WB" }, "geometry": { "type": "LineString", "coordinates": [ [ -77.19777, 38.89862 ], [ -77.19835, 38.89825 ] ] } },
{ "type": "Feature", "properties": { "name": "I66 WB" }, "geometry": { "type": "LineString", "coordinates": [ [ -77.19835, 38.89825 ], [ -77.19881, 38.89799 ] ] } },
{ "type": "Feature", "properties": { "name": "I66 EB" }, "geometry": { "type": "LineString", "coordinates": [ [ -77.19798, 38.89803 ], [ -77.19704, 38.89856 ] ] } },
{ "type": "Feature", "properties": { "name": "I66 EB" }, "geometry": { "type": "LineString", "coordinates": [ [ -77.19838, 38.89779 ], [ -77.19798, 38.89803 ] ] } },
{ "type": "Feature", "properties": { "name": "I66 EB" }, "geometry": { "type": "LineString", "coordinates": [ [ -77.29923, 38.87025 ], [ -77.29374, 38.87154 ], [ -77.28353, 38.87452 ] ] } },
{ "type": "Feature", "properties": { "name": "DULLES ACCESS RD WB" }, "geometry": { "type": "LineString", "coordinates": [ [ -77.28273, 38.94239 ], [ -77.2834, 38.94249 ] ] } },
{ "type": "Feature", "properties": { "name": "RT267 WB" }, "geometry": { "type": "LineString", "coordinates": [ [ -77.28351, 38.94267 ], [ -77.2854, 38.94305 ] ] } },
{ "type": "Feature", "properties": { "name": "I495 NB" }, "geometry": { "type": "LineString", "coordinates": [ [ -77.20959, 38.93261 ], [ -77.20956, 38.93266 ] ] } },
{ "type": "Feature", "properties": { "name": "I495 NB" }, "geometry": { "type": "LineString", "coordinates": [ [ -77.20956, 38.93266 ], [ -77.20936, 38.93304 ] ] } },
{ "type": "Feature", "properties": { "name": "I495 NB" }, "geometry": { "type": "LineString", "coordinates": [ [ -77.21124, 38.92971 ], [ -77.21062, 38.93079 ] ] } },
{ "type": "Feature", "properties": { "name": "I495 NB" }, "geometry": { "type": "LineString", "coordinates": [ [ -77.21146, 38.92936 ], [ -77.21124, 38.92971 ] ] } },
{ "type": "Feature", "properties": { "name": "I495 NB" }, "geometry": { "type": "LineString", "coordinates": [ [ -77.21591, 38.92144 ], [ -77.21585, 38.92155 ] ] } },
{ "type": "Feature", "properties": { "name": "I495 NB" }, "geometry": { "type": "LineString", "coordinates": [ [ -77.21585, 38.92155 ], [ -77.2156, 38.92221 ] ] } },
{ "type": "Feature", "properties": { "name": "I495 SB" }, "geometry": { "type": "LineString", "coordinates": [ [ -77.21661, 38.92201 ], [ -77.21694, 38.92097 ] ] } },
{ "type": "Feature", "properties": { "name": "RT267 EB" }, "geometry": { "type": "LineString", "coordinates": [ [ -77.20395, 38.92869 ], [ -77.2033, 38.92846 ] ] } },
{ "type": "Feature", "properties": { "name": "RT267 EB" }, "geometry": { "type": "LineString", "coordinates": [ [ -77.2033, 38.92846 ], [ -77.20286, 38.92829 ] ] } },
{ "type": "Feature", "properties": { "name": "RT267 WB" }, "geometry": { "type": "LineString", "coordinates": [ [ -77.19971, 38.92751 ], [ -77.20076, 38.92815 ] ] } },
{ "type": "Feature", "properties": { "name": "RT267 WB" }, "geometry": { "type": "LineString", "coordinates": [ [ -77.19931, 38.92724 ], [ -77.19971, 38.92751 ] ] } },
{ "type": "Feature", "properties": { "name": "DULLES ACCESS RD WB" }, "geometry": { "type": "LineString", "coordinates": [ [ -77.19985, 38.92743 ], [ -77.20106, 38.9281 ], [ -77.20274, 38.92877 ] ] } },
{ "type": "Feature", "properties": { "name": "DULLES ACCESS RD WB" }, "geometry": { "type": "LineString", "coordinates": [ [ -77.19945, 38.92715 ], [ -77.19985, 38.92743 ] ] } },
{ "type": "Feature", "properties": { "name": "RT267 EB" }, "geometry": { "type": "LineString", "coordinates": [ [ -77.20069, 38.92754 ], [ -77.20024, 38.9273 ] ] } },
{ "type": "Feature", "properties": { "name": "RT267 EB" }, "geometry": { "type": "LineString", "coordinates": [ [ -77.20024, 38.9273 ], [ -77.1998, 38.92701 ] ] } },
{ "type": "Feature", "properties": { "name": "RT267 EB" }, "geometry": { "type": "LineString", "coordinates": [ [ -77.1998, 38.92701 ], [ -77.19846, 38.92592 ], [ -77.19773, 38.92507 ], [ -77.19671, 38.92358 ] ] } },
{ "type": "Feature", "properties": { "name": "RT267 EB" }, "geometry": { "type": "LineString", "coordinates": [ [ -77.19671, 38.92358 ], [ -77.19643, 38.92314 ] ] } },
{ "type": "Feature", "properties": { "name": "RT267 WB" }, "geometry": { "type": "LineString", "coordinates": [ [ -77.19642, 38.92374 ], [ -77.19735, 38.92515 ] ] } },
{ "type": "Feature", "properties": { "name": "RT267 WB" }, "geometry": { "type": "LineString", "coordinates": [ [ -77.19613, 38.92331 ], [ -77.19642, 38.92374 ] ] } },
{ "type": "Feature", "properties": { "name": "GEORGE WASHINGTON MEMORIAL PKWY" }, "geometry": { "type": "LineString", "coordinates": [ [ -77.1245, 38.93229 ], [ -77.12349, 38.93176 ] ] } },
{ "type": "Feature", "properties": { "name": "GEORGE WASHINGTON MEMORIAL PKWY" }, "geometry": { "type": "LineString", "coordinates": [ [ -77.12349, 38.93176 ], [ -77.12327, 38.93164 ] ] } },
{ "type": "Feature", "properties": { "name": "SULLY RD" }, "geometry": { "type": "LineString", "coordinates": [ [ -77.43919, 38.89796 ], [ -77.43927, 38.89784 ] ] } },
{ "type": "Feature", "properties": { "name": "SULLY RD" }, "geometry": { "type": "LineString", "coordinates": [ [ -77.43971, 38.8972 ], [ -77.43989, 38.89697 ] ] } },
{ "type": "Feature", "properties": { "name": "SULLY RD" }, "geometry": { "type": "LineString", "coordinates": [ [ -77.43895, 38.8977 ], [ -77.43871, 38.89802 ] ] } },
{ "type": "Feature", "properties": { "name": "SULLY RD" }, "geometry": { "type": "LineString", "coordinates": [ [ -77.43947, 38.89695 ], [ -77.43939, 38.89706 ] ] } },
{ "type": "Feature", "properties": { "name": "DULLES ACCESS RD EB" }, "geometry": { "type": "LineString", "coordinates": [ [ -77.37362, 38.95308 ], [ -77.36824, 38.95319 ], [ -77.3637, 38.95299 ] ] } },
{ "type": "Feature", "properties": { "name": "DULLES ACCESS RD WB" }, "geometry": { "type": "LineString", "coordinates": [ [ -77.36454, 38.95331 ], [ -77.36948, 38.95346 ], [ -77.3734, 38.95335 ] ] } },
{ "type": "Feature", "properties": { "name": "RT267 EB" }, "geometry": { "type": "LineString", "coordinates": [ [ -77.35611, 38.95187 ], [ -77.35078, 38.95075 ] ] } },
{ "type": "Feature", "properties": { "name": "I66 EB" }, "geometry": { "type": "LineString", "coordinates": [ [ -77.1964, 38.89888 ], [ -77.19492, 38.89951 ], [ -77.19328, 38.9 ], [ -77.19149, 38.90034 ], [ -77.18967, 38.9005 ] ] } },
{ "type": "Feature", "properties": { "name": "I66 WB" }, "geometry": { "type": "LineString", "coordinates": [ [ -77.20176, 38.89631 ], [ -77.21043, 38.89129 ] ] } },
{ "type": "Feature", "properties": { "name": "I66 EB" }, "geometry": { "type": "LineString", "coordinates": [ [ -77.1869, 38.9004 ], [ -77.18528, 38.90016 ], [ -77.18402, 38.89982 ] ] } },
{ "type": "Feature", "properties": { "name": "RT1 NB RAMP TO I95 EXP NB" }, "geometry": { "type": "LineString", "coordinates": [ [ -77.2294, 38.67845 ], [ -77.2296, 38.67907 ], [ -77.23017, 38.68034 ] ] } },
{ "type": "Feature", "properties": { "name": "I495 NB" }, "geometry": { "type": "LineString", "coordinates": [ [ -77.21675, 38.89152 ], [ -77.21595, 38.89285 ], [ -77.21538, 38.89417 ] ] } },
{ "type": "Feature", "properties": { "name": "I66 WB" }, "geometry": { "type": "LineString", "coordinates": [ [ -77.3128, 38.86843 ], [ -77.31602, 38.86782 ] ] } },
{ "type": "Feature", "properties": { "name": "I495 NB" }, "geometry": { "type": "LineString", "coordinates": [ [ -77.21982, 38.87176 ], [ -77.21992, 38.87441 ] ] } },
{ "type": "Feature", "properties": { "name": "RT267 WB" }, "geometry": { "type": "LineString", "coordinates": [ [ -77.28281, 38.94255 ], [ -77.28351, 38.94267 ] ] } },
{ "type": "Feature", "properties": { "name": "RT267 EB" }, "geometry": { "type": "LineString", "coordinates": [ [ -77.26753, 38.93608 ], [ -77.26545, 38.93433 ] ] } },
{ "type": "Feature", "properties": { "name": "RT267 EB" }, "geometry": { "type": "LineString", "coordinates": [ [ -77.26795, 38.93646 ], [ -77.26753, 38.93608 ] ] } },
{ "type": "Feature", "properties": { "name": "DULLES ACCESS RD EB" }, "geometry": { "type": "LineString", "coordinates": [ [ -77.26523, 38.93444 ], [ -77.26434, 38.93391 ], [ -77.26309, 38.93331 ], [ -77.26075, 38.93256 ], [ -77.25836, 38.93218 ], [ -77.25726, 38.93211 ], [ -77.2557, 38.93214 ] ] } },
{ "type": "Feature", "properties": { "name": "DULLES ACCESS RD EB" }, "geometry": { "type": "LineString", "coordinates": [ [ -77.26785, 38.93666 ], [ -77.26747, 38.93631 ] ] } },
{ "type": "Feature", "properties": { "name": "DULLES ACCESS RD WB" }, "geometry": { "type": "LineString", "coordinates": [ [ -77.26774, 38.93695 ], [ -77.27084, 38.93973 ], [ -77.27211, 38.94056 ], [ -77.27337, 38.94116 ], [ -77.27488, 38.94164 ], [ -77.27624, 38.94191 ], [ -77.28095, 38.94222 ] ] } },
{ "type": "Feature", "properties": { "name": "I95 NB" }, "geometry": { "type": "LineString", "coordinates": [ [ -77.18989, 38.73993 ], [ -77.1892, 38.74093 ] ] } },
{ "type": "Feature", "properties": { "name": "RT267 WB" }, "geometry": { "type": "LineString", "coordinates": [ [ -77.3345, 38.94631 ], [ -77.33725, 38.94715 ] ] } },
{ "type": "Feature", "properties": { "name": "RT267 EB THRU RAMP" }, "geometry": { "type": "LineString", "coordinates": [ [ -77.37925, 38.95237 ], [ -77.37681, 38.95267 ] ] } },
{ "type": "Feature", "properties": { "name": "DULLES ACCESS RD EB" }, "geometry": { "type": "LineString", "coordinates": [ [ -77.33798, 38.94692 ], [ -77.3375, 38.94676 ] ] } },
{ "type": "Feature", "properties": { "name": "DULLES ACCESS RD WB" }, "geometry": { "type": "LineString", "coordinates": [ [ -77.33737, 38.94701 ], [ -77.33786, 38.94717 ] ] } },
{ "type": "Feature", "properties": { "name": "I95 EXP SB" }, "geometry": { "type": "LineString", "coordinates": [ [ -77.18684, 38.74559 ], [ -77.18768, 38.74402 ], [ -77.18974, 38.74064 ] ] } },
{ "type": "Feature", "properties": { "name": "I95 SB" }, "geometry": { "type": "LineString", "coordinates": [ [ -77.18988, 38.74084 ], [ -77.19033, 38.74018 ] ] } },
{ "type": "Feature", "properties": { "name": "RT267 EB THRU RAMP" }, "geometry": { "type": "LineString", "coordinates": [ [ -77.38817, 38.95286 ], [ -77.38648, 38.95246 ] ] } },
{ "type": "Feature", "properties": { "name": "DULLES ACCESS RD EB" }, "geometry": { "type": "LineString", "coordinates": [ [ -77.3375, 38.94676 ], [ -77.33363, 38.94552 ], [ -77.33095, 38.94488 ], [ -77.32848, 38.94456 ], [ -77.32583, 38.94451 ] ] } },
{ "type": "Feature", "properties": { "name": "I95 EXP SB" }, "geometry": { "type": "LineString", "coordinates": [ [ -77.18974, 38.74064 ], [ -77.19005, 38.74017 ] ] } },
{ "type": "Feature", "properties": { "name": "I66 WB" }, "geometry": { "type": "LineString", "coordinates": [ [ -77.34506, 38.8627 ], [ -77.34721, 38.86229 ] ] } },
{ "type": "Feature", "properties": { "name": "I495 NB" }, "geometry": { "type": "LineString", "coordinates": [ [ -77.22064, 38.88483 ], [ -77.21986, 38.8863 ] ] } },
{ "type": "Feature", "properties": { "name": "I66 EB" }, "geometry": { "type": "LineString", "coordinates": [ [ -77.27441, 38.87697 ], [ -77.27084, 38.87758 ] ] } },
{ "type": "Feature", "properties": { "name": "I495 NB" }, "geometry": { "type": "LineString", "coordinates": [ [ -77.21972, 38.84898 ], [ -77.21978, 38.85023 ], [ -77.21968, 38.85244 ], [ -77.21972, 38.85339 ] ] } },
{ "type": "Feature", "properties": { "name": "I95 NB" }, "geometry": { "type": "LineString", "coordinates": [ [ -77.13866, 38.79575 ], [ -77.13601, 38.79616 ] ] } },
{ "type": "Feature", "properties": { "name": "I495 SB" }, "geometry": { "type": "LineString", "coordinates": [ [ -77.21829, 38.83399 ], [ -77.21838, 38.83281 ], [ -77.21861, 38.83147 ], [ -77.21889, 38.83048 ], [ -77.21911, 38.83002 ] ] } },
{ "type": "Feature", "properties": { "name": "I495 SB" }, "geometry": { "type": "LineString", "coordinates": [ [ -77.22043, 38.85432 ], [ -77.22041, 38.85363 ] ] } },
{ "type": "Feature", "properties": { "name": "I495 SB" }, "geometry": { "type": "LineString", "coordinates": [ [ -77.21829, 38.83478 ], [ -77.21829, 38.83399 ] ] } },
{ "type": "Feature", "properties": { "name": "I495 NB" }, "geometry": { "type": "LineString", "coordinates": [ [ -77.21776, 38.83472 ], [ -77.21786, 38.83571 ], [ -77.2184, 38.83805 ] ] } },
{ "type": "Feature", "properties": { "name": "I495 NB" }, "geometry": { "type": "LineString", "coordinates": [ [ -77.21777, 38.83372 ], [ -77.21776, 38.83472 ] ] } },
{ "type": "Feature", "properties": { "name": "I66 EB" }, "geometry": { "type": "LineString", "coordinates": [ [ -77.22467, 38.88415 ], [ -77.22281, 38.88478 ] ] } },
{ "type": "Feature", "properties": { "name": "I66 WB" }, "geometry": { "type": "LineString", "coordinates": [ [ -77.22242, 38.88595 ], [ -77.22438, 38.88523 ], [ -77.225, 38.88508 ] ] } },
{ "type": "Feature", "properties": { "name": "SULLY RD" }, "geometry": { "type": "LineString", "coordinates": [ [ -77.4296, 38.94109 ], [ -77.42953, 38.94641 ] ] } },
{ "type": "Feature", "properties": { "name": "I66 EB" }, "geometry": { "type": "LineString", "coordinates": [ [ -77.38795, 38.85435 ], [ -77.38182, 38.85546 ] ] } },
{ "type": "Feature", "properties": { "name": "DULLES ACCESS RD WB" }, "geometry": { "type": "LineString", "coordinates": [ [ -77.35602, 38.95231 ], [ -77.35661, 38.95241 ] ] } },
{ "type": "Feature", "properties": { "name": "RT267 WB" }, "geometry": { "type": "LineString", "coordinates": [ [ -77.35655, 38.9526 ], [ -77.35914, 38.95303 ] ] } },
{ "type": "Feature", "properties": { "name": "RT267 WB" }, "geometry": { "type": "LineString", "coordinates": [ [ -77.19735, 38.92515 ], [ -77.19802, 38.92612 ], [ -77.19858, 38.92666 ], [ -77.19931, 38.92724 ] ] } },
{ "type": "Feature", "properties": { "name": "I95 SB" }, "geometry": { "type": "LineString", "coordinates": [ [ -77.22728, 38.69037 ], [ -77.22806, 38.68653 ], [ -77.22884, 38.68443 ], [ -77.22944, 38.6833 ], [ -77.23044, 38.68178 ], [ -77.23114, 38.6809 ], [ -77.2326, 38.67943 ] ] } },
{ "type": "Feature", "properties": { "name": "I495 SB" }, "geometry": { "type": "LineString", "coordinates": [ [ -77.21734, 38.89177 ], [ -77.2175, 38.89141 ], [ -77.21825, 38.89045 ], [ -77.22062, 38.88829 ] ] } },
{ "type": "Feature", "properties": { "name": "I495 SB" }, "geometry": { "type": "LineString", "coordinates": [ [ -77.21781, 38.81075 ], [ -77.2139, 38.80567 ], [ -77.21366, 38.80524 ] ] } },
{ "type": "Feature", "properties": { "name": "I495 NB" }, "geometry": { "type": "LineString", "coordinates": [ [ -77.2178, 38.81184 ], [ -77.22006, 38.81474 ], [ -77.22073, 38.81613 ] ] } },
{ "type": "Feature", "properties": { "name": "I495 NB" }, "geometry": { "type": "LineString", "coordinates": [ [ -77.21718, 38.81097 ], [ -77.2178, 38.81184 ] ] } },
{ "type": "Feature", "properties": { "name": "I495 SB" }, "geometry": { "type": "LineString", "coordinates": [ [ -77.21852, 38.81165 ], [ -77.21781, 38.81075 ] ] } },
{ "type": "Feature", "properties": { "name": "I395 SB" }, "geometry": { "type": "LineString", "coordinates": [ [ -77.14898, 38.81165 ], [ -77.15079, 38.81074 ] ] } },
{ "type": "Feature", "properties": { "name": "I395 SB" }, "geometry": { "type": "LineString", "coordinates": [ [ -77.14822, 38.81198 ], [ -77.14898, 38.81165 ] ] } },
{ "type": "Feature", "properties": { "name": "I395 NB RAMP TO I395 EXP NB" }, "geometry": { "type": "LineString", "coordinates": [ [ -77.14922, 38.81087 ], [ -77.1483, 38.81145 ] ] } },
{ "type": "Feature", "properties": { "name": "I395 NB RAMP TO I395 EXP NB" }, "geometry": { "type": "LineString", "coordinates": [ [ -77.14975, 38.81019 ], [ -77.14922, 38.81087 ] ] } },
{ "type": "Feature", "properties": { "name": "I95 SB" }, "geometry": { "type": "LineString", "coordinates": [ [ -77.13892, 38.79595 ], [ -77.13948, 38.79586 ] ] } },
{ "type": "Feature", "properties": { "name": "I95 NB" }, "geometry": { "type": "LineString", "coordinates": [ [ -77.14175, 38.79523 ], [ -77.13929, 38.79565 ] ] } },
{ "type": "Feature", "properties": { "name": "I95 NB" }, "geometry": { "type": "LineString", "coordinates": [ [ -77.13929, 38.79565 ], [ -77.13866, 38.79575 ] ] } },
{ "type": "Feature", "properties": { "name": "I66 WB" }, "geometry": { "type": "LineString", "coordinates": [ [ -77.43135, 38.8471 ], [ -77.43319, 38.84673 ] ] } },
{ "type": "Feature", "properties": { "name": "I66 EB" }, "geometry": { "type": "LineString", "coordinates": [ [ -77.433, 38.84606 ], [ -77.43122, 38.84639 ] ] } },
{ "type": "Feature", "properties": { "name": "I66 WB" }, "geometry": { "type": "LineString", "coordinates": [ [ -77.37202, 38.85777 ], [ -77.37819, 38.85664 ] ] } },
{ "type": "Feature", "properties": { "name": "I66 WB" }, "geometry": { "type": "LineString", "coordinates": [ [ -77.37105, 38.85795 ], [ -77.37202, 38.85777 ] ] } },
{ "type": "Feature", "properties": { "name": "I495 NB" }, "geometry": { "type": "LineString", "coordinates": [ [ -77.21972, 38.85339 ], [ -77.2197, 38.85414 ] ] } },
{ "type": "Feature", "properties": { "name": "I66 EB" }, "geometry": { "type": "LineString", "coordinates": [ [ -77.37808, 38.8561 ], [ -77.37194, 38.85723 ] ] } },
{ "type": "Feature", "properties": { "name": "I66 EB" }, "geometry": { "type": "LineString", "coordinates": [ [ -77.37194, 38.85723 ], [ -77.37094, 38.8574 ] ] } },
{ "type": "Feature", "properties": { "name": "I495 SB" }, "geometry": { "type": "LineString", "coordinates": [ [ -77.22045, 38.85499 ], [ -77.22043, 38.85432 ] ] } },
{ "type": "Feature", "properties": { "name": "I95 SB" }, "geometry": { "type": "LineString", "coordinates": [ [ -77.21826, 38.71435 ], [ -77.22003, 38.71274 ], [ -77.22122, 38.71134 ], [ -77.22222, 38.70974 ], [ -77.22325, 38.70758 ] ] } },
{ "type": "Feature", "properties": { "name": "I95 EXP SB" }, "geometry": { "type": "LineString", "coordinates": [ [ -77.21825, 38.71411 ], [ -77.22017, 38.71231 ], [ -77.2214, 38.71072 ], [ -77.22206, 38.70962 ], [ -77.22253, 38.70864 ], [ -77.22371, 38.7056 ] ] } },
{ "type": "Feature", "properties": { "name": "I495 NB" }, "geometry": { "type": "LineString", "coordinates": [ [ -77.17888, 38.97223 ], [ -77.17856, 38.97398 ] ] } },
{ "type": "Feature", "properties": { "name": "I66 WB" }, "geometry": { "type": "LineString", "coordinates": [ [ -77.33672, 38.86413 ], [ -77.33939, 38.86372 ] ] } },
{ "type": "Feature", "properties": { "name": "I66 WB" }, "geometry": { "type": "LineString", "coordinates": [ [ -77.33624, 38.86422 ], [ -77.33672, 38.86413 ] ] } },
{ "type": "Feature", "properties": { "name": "I66 EB" }, "geometry": { "type": "LineString", "coordinates": [ [ -77.33712, 38.86346 ], [ -77.33612, 38.86367 ] ] } },
{ "type": "Feature", "properties": { "name": "I66 WB" }, "geometry": { "type": "LineString", "coordinates": [ [ -77.34462, 38.86277 ], [ -77.34506, 38.8627 ] ] } },
{ "type": "Feature", "properties": { "name": "I66 EB" }, "geometry": { "type": "LineString", "coordinates": [ [ -77.34341, 38.86227 ], [ -77.34241, 38.86244 ] ] } },
{ "type": "Feature", "properties": { "name": "I66 EB" }, "geometry": { "type": "LineString", "coordinates": [ [ -77.34477, 38.86205 ], [ -77.34341, 38.86227 ] ] } },
{ "type": "Feature", "properties": { "name": "I66 WB" }, "geometry": { "type": "LineString", "coordinates": [ [ -77.34803, 38.86215 ], [ -77.35212, 38.8614 ] ] } },
{ "type": "Feature", "properties": { "name": "I66 WB" }, "geometry": { "type": "LineString", "coordinates": [ [ -77.34721, 38.86229 ], [ -77.34803, 38.86215 ] ] } },
{ "type": "Feature", "properties": { "name": "I66 EB" }, "geometry": { "type": "LineString", "coordinates": [ [ -77.35086, 38.86111 ], [ -77.34793, 38.86153 ] ] } },
{ "type": "Feature", "properties": { "name": "I66 EB" }, "geometry": { "type": "LineString", "coordinates": [ [ -77.34793, 38.86153 ], [ -77.34595, 38.86183 ] ] } },
{ "type": "Feature", "properties": { "name": "I66 WB" }, "geometry": { "type": "LineString", "coordinates": [ [ -77.30903, 38.86921 ], [ -77.31091, 38.86883 ] ] } },
{ "type": "Feature", "properties": { "name": "I66 WB" }, "geometry": { "type": "LineString", "coordinates": [ [ -77.31091, 38.86883 ], [ -77.31151, 38.86871 ] ] } },
{ "type": "Feature", "properties": { "name": "I66 EB" }, "geometry": { "type": "LineString", "coordinates": [ [ -77.31067, 38.86809 ], [ -77.30889, 38.86839 ] ] } },
{ "type": "Feature", "properties": { "name": "I66 EB" }, "geometry": { "type": "LineString", "coordinates": [ [ -77.31137, 38.868 ], [ -77.31067, 38.86809 ] ] } },
{ "type": "Feature", "properties": { "name": "I66 WB" }, "geometry": { "type": "LineString", "coordinates": [ [ -77.27529, 38.87745 ], [ -77.27848, 38.8766 ], [ -77.28063, 38.87593 ] ] } },
{ "type": "Feature", "properties": { "name": "I66 WB" }, "geometry": { "type": "LineString", "coordinates": [ [ -77.27439, 38.87763 ], [ -77.27529, 38.87745 ] ] } },
{ "type": "Feature", "properties": { "name": "I66 EB" }, "geometry": { "type": "LineString", "coordinates": [ [ -77.28013, 38.87551 ], [ -77.27521, 38.87678 ] ] } },
{ "type": "Feature", "properties": { "name": "I66 EB" }, "geometry": { "type": "LineString", "coordinates": [ [ -77.27521, 38.87678 ], [ -77.27441, 38.87697 ] ] } },
{ "type": "Feature", "properties": { "name": "I66 WB" }, "geometry": { "type": "LineString", "coordinates": [ [ -77.24718, 38.87985 ], [ -77.26007, 38.87912 ] ] } },
{ "type": "Feature", "properties": { "name": "I66 WB" }, "geometry": { "type": "LineString", "coordinates": [ [ -77.24638, 38.8799 ], [ -77.24718, 38.87985 ] ] } },
{ "type": "Feature", "properties": { "name": "I66 EB" }, "geometry": { "type": "LineString", "coordinates": [ [ -77.25774, 38.87872 ], [ -77.24719, 38.87936 ] ] } },
{ "type": "Feature", "properties": { "name": "I66 EB" }, "geometry": { "type": "LineString", "coordinates": [ [ -77.24719, 38.87936 ], [ -77.24634, 38.8794 ] ] } },
{ "type": "Feature", "properties": { "name": "I495 SB" }, "geometry": { "type": "LineString", "coordinates": [ [ -77.22102, 38.87622 ], [ -77.22081, 38.8754 ] ] } },
{ "type": "Feature", "properties": { "name": "I495 NB" }, "geometry": { "type": "LineString", "coordinates": [ [ -77.22026, 38.87628 ], [ -77.22076, 38.87811 ] ] } },
{ "type": "Feature", "properties": { "name": "I495 NB" }, "geometry": { "type": "LineString", "coordinates": [ [ -77.2201, 38.87542 ], [ -77.22026, 38.87628 ] ] } },
{ "type": "Feature", "properties": { "name": "I495 SB" }, "geometry": { "type": "LineString", "coordinates": [ [ -77.22254, 38.88415 ], [ -77.22254, 38.88334 ] ] } },
{ "type": "Feature", "properties": { "name": "I495 SB" }, "geometry": { "type": "LineString", "coordinates": [ [ -77.2182, 38.91115 ], [ -77.21814, 38.91022 ] ] } },
{ "type": "Feature", "properties": { "name": "I495 SB" }, "geometry": { "type": "LineString", "coordinates": [ [ -77.2224, 38.88229 ], [ -77.22222, 38.88118 ] ] } },
{ "type": "Feature", "properties": { "name": "I495 NB" }, "geometry": { "type": "LineString", "coordinates": [ [ -77.21744, 38.90996 ], [ -77.2175, 38.91093 ] ] } },
{ "type": "Feature", "properties": { "name": "I495 SB" }, "geometry": { "type": "LineString", "coordinates": [ [ -77.2163, 38.90268 ], [ -77.21541, 38.90031 ], [ -77.2151, 38.89845 ] ] } },
{ "type": "Feature", "properties": { "name": "I495 SB" }, "geometry": { "type": "LineString", "coordinates": [ [ -77.2151, 38.89845 ], [ -77.21509, 38.89793 ] ] } },
{ "type": "Feature", "properties": { "name": "I495 NB" }, "geometry": { "type": "LineString", "coordinates": [ [ -77.21456, 38.89842 ], [ -77.21461, 38.89911 ], [ -77.21486, 38.90036 ], [ -77.2157, 38.90279 ] ] } },
{ "type": "Feature", "properties": { "name": "I495 NB" }, "geometry": { "type": "LineString", "coordinates": [ [ -77.21455, 38.89787 ], [ -77.21456, 38.89842 ] ] } },
{ "type": "Feature", "properties": { "name": "I495 SB" }, "geometry": { "type": "LineString", "coordinates": [ [ -77.21509, 38.89793 ], [ -77.21527, 38.89648 ], [ -77.21578, 38.89475 ] ] } },
{ "type": "Feature", "properties": { "name": "I495 SB" }, "geometry": { "type": "LineString", "coordinates": [ [ -77.21578, 38.89475 ], [ -77.21602, 38.89416 ] ] } },
{ "type": "Feature", "properties": { "name": "I495 NB" }, "geometry": { "type": "LineString", "coordinates": [ [ -77.21514, 38.89481 ], [ -77.21468, 38.89647 ], [ -77.21455, 38.89787 ] ] } },
{ "type": "Feature", "properties": { "name": "I495 NB" }, "geometry": { "type": "LineString", "coordinates": [ [ -77.21538, 38.89417 ], [ -77.21514, 38.89481 ] ] } },
{ "type": "Feature", "properties": { "name": "I66 WB" }, "geometry": { "type": "LineString", "coordinates": [ [ -77.21092, 38.89101 ], [ -77.21306, 38.88977 ] ] } },
{ "type": "Feature", "properties": { "name": "I495 SB" }, "geometry": { "type": "LineString", "coordinates": [ [ -77.2179, 38.91618 ], [ -77.2182, 38.91115 ] ] } },
{ "type": "Feature", "properties": { "name": "I66 WB" }, "geometry": { "type": "LineString", "coordinates": [ [ -77.21043, 38.89129 ], [ -77.21092, 38.89101 ] ] } },
{ "type": "Feature", "properties": { "name": "I66 EB" }, "geometry": { "type": "LineString", "coordinates": [ [ -77.21065, 38.89075 ], [ -77.21011, 38.89106 ] ] } },
{ "type": "Feature", "properties": { "name": "I495 NB" }, "geometry": { "type": "LineString", "coordinates": [ [ -77.21862, 38.88836 ], [ -77.21726, 38.89064 ] ] } },
{ "type": "Feature", "properties": { "name": "RT267 EB" }, "geometry": { "type": "LineString", "coordinates": [ [ -77.18713, 38.90915 ], [ -77.1875, 38.90763 ] ] } },
{ "type": "Feature", "properties": { "name": "RT267 WB" }, "geometry": { "type": "LineString", "coordinates": [ [ -77.18713, 38.90756 ], [ -77.1868, 38.90913 ] ] } },
{ "type": "Feature", "properties": { "name": "RT267 WB" }, "geometry": { "type": "LineString", "coordinates": [ [ -77.1868, 38.90913 ], [ -77.18678, 38.9098 ] ] } },
{ "type": "Feature", "properties": { "name": "RT267 EB" }, "geometry": { "type": "LineString", "coordinates": [ [ -77.18711, 38.90979 ], [ -77.18713, 38.90915 ] ] } },
{ "type": "Feature", "properties": { "name": "I66 WB" }, "geometry": { "type": "LineString", "coordinates": [ [ -77.18867, 38.90145 ], [ -77.19063, 38.90142 ] ] } },
{ "type": "Feature", "properties": { "name": "I66 WB" }, "geometry": { "type": "LineString", "coordinates": [ [ -77.18755, 38.90133 ], [ -77.18867, 38.90145 ] ] } },
{ "type": "Feature", "properties": { "name": "I66 EB" }, "geometry": { "type": "LineString", "coordinates": [ [ -77.18888, 38.90049 ], [ -77.1869, 38.9004 ] ] } },
{ "type": "Feature", "properties": { "name": "I66 EB" }, "geometry": { "type": "LineString", "coordinates": [ [ -77.18967, 38.9005 ], [ -77.18888, 38.90049 ] ] } },
{ "type": "Feature", "properties": { "name": "I66 WB" }, "geometry": { "type": "LineString", "coordinates": [ [ -77.20058, 38.897 ], [ -77.20124, 38.89662 ] ] } },
{ "type": "Feature", "properties": { "name": "I66 WB" }, "geometry": { "type": "LineString", "coordinates": [ [ -77.20124, 38.89662 ], [ -77.20176, 38.89631 ] ] } },
{ "type": "Feature", "properties": { "name": "I66 EB" }, "geometry": { "type": "LineString", "coordinates": [ [ -77.20099, 38.89629 ], [ -77.19936, 38.89721 ] ] } },
{ "type": "Feature", "properties": { "name": "I66 EB" }, "geometry": { "type": "LineString", "coordinates": [ [ -77.20148, 38.896 ], [ -77.20099, 38.89629 ] ] } },
{ "type": "Feature", "properties": { "name": "I66 EB" }, "geometry": { "type": "LineString", "coordinates": [ [ -77.18402, 38.89982 ], [ -77.18348, 38.89965 ] ] } },
{ "type": "Feature", "properties": { "name": "I66 WB" }, "geometry": { "type": "LineString", "coordinates": [ [ -77.18361, 38.90023 ], [ -77.18575, 38.90094 ] ] } },
{ "type": "Feature", "properties": { "name": "I66 WB" }, "geometry": { "type": "LineString", "coordinates": [ [ -77.18274, 38.89992 ], [ -77.18361, 38.90023 ] ] } },
{ "type": "Feature", "properties": { "name": "I66 EB" }, "geometry": { "type": "LineString", "coordinates": [ [ -77.18348, 38.89965 ], [ -77.17864, 38.89805 ] ] } },
{ "type": "Feature", "properties": { "name": "I66 EB" }, "geometry": { "type": "LineString", "coordinates": [ [ -77.17864, 38.89805 ], [ -77.17761, 38.8977 ] ] } },
{ "type": "Feature", "properties": { "name": "I66 WB" }, "geometry": { "type": "LineString", "coordinates": [ [ -77.17865, 38.8985 ], [ -77.18274, 38.89992 ] ] } },
{ "type": "Feature", "properties": { "name": "I66 WB" }, "geometry": { "type": "LineString", "coordinates": [ [ -77.17784, 38.89822 ], [ -77.17865, 38.8985 ] ] } },
{ "type": "Feature", "properties": { "name": "RT267 EB" }, "geometry": { "type": "LineString", "coordinates": [ [ -77.21355, 38.93218 ], [ -77.21292, 38.93195 ] ] } },
{ "type": "Feature", "properties": { "name": "DULLES ACCESS RD EB" }, "geometry": { "type": "LineString", "coordinates": [ [ -77.21342, 38.93236 ], [ -77.21281, 38.93214 ] ] } },
{ "type": "Feature", "properties": { "name": "DULLES ACCESS RD WB" }, "geometry": { "type": "LineString", "coordinates": [ [ -77.21265, 38.93237 ], [ -77.21323, 38.93258 ] ] } },
{ "type": "Feature", "properties": { "name": "RT267 WB" }, "geometry": { "type": "LineString", "coordinates": [ [ -77.21125, 38.93332 ], [ -77.2124, 38.93346 ] ] } },
{ "type": "Feature", "properties": { "name": "RT267 WB" }, "geometry": { "type": "LineString", "coordinates": [ [ -77.24748, 38.93435 ], [ -77.25001, 38.93373 ] ] } },
{ "type": "Feature", "properties": { "name": "RT267 WB" }, "geometry": { "type": "LineString", "coordinates": [ [ -77.20969, 38.93295 ], [ -77.21125, 38.93332 ] ] } },
{ "type": "Feature", "properties": { "name": "I66 EB" }, "geometry": { "type": "LineString", "coordinates": [ [ -77.4464, 38.83755 ], [ -77.44435, 38.83979 ] ] } },
{ "type": "Feature", "properties": { "name": "I66 WB" }, "geometry": { "type": "LineString", "coordinates": [ [ -77.44784, 38.83669 ], [ -77.45, 38.83419 ] ] } },
{ "type": "Feature", "properties": { "name": "I495 NB" }, "geometry": { "type": "LineString", "coordinates": [ [ -77.21428, 38.92482 ], [ -77.21285, 38.92727 ] ] } },
{ "type": "Feature", "properties": { "name": "RT267 WB" }, "geometry": { "type": "LineString", "coordinates": [ [ -77.20919, 38.93277 ], [ -77.20969, 38.93295 ] ] } },
{ "type": "Feature", "properties": { "name": "I66 EB" }, "geometry": { "type": "LineString", "coordinates": [ [ -77.2178, 38.88681 ], [ -77.21533, 38.88807 ], [ -77.21065, 38.89075 ] ] } },
{ "type": "Feature", "properties": { "name": "I95 EXP SB" }, "geometry": { "type": "LineString", "coordinates": [ [ -77.21783, 38.71445 ], [ -77.21825, 38.71411 ] ] } },
{ "type": "Feature", "properties": { "name": "I95 NB" }, "geometry": { "type": "LineString", "coordinates": [ [ -77.21811, 38.71396 ], [ -77.21763, 38.71435 ] ] } },
{ "type": "Feature", "properties": { "name": "GEORGE WASHINGTON MEMORIAL PKWY" }, "geometry": { "type": "LineString", "coordinates": [ [ -77.07433, 38.71307 ], [ -77.07396, 38.71279 ] ] } },
{ "type": "Feature", "properties": { "name": "GEORGE WASHINGTON MEMORIAL PKWY" }, "geometry": { "type": "LineString", "coordinates": [ [ -77.07389, 38.71284 ], [ -77.07426, 38.71311 ] ] } },
{ "type": "Feature", "properties": { "name": "GEORGE WASHINGTON MEMORIAL PKWY" }, "geometry": { "type": "LineString", "coordinates": [ [ -77.13442, 38.93676 ], [ -77.13432, 38.93592 ], [ -77.13393, 38.93516 ], [ -77.13334, 38.93456 ], [ -77.13253, 38.93408 ], [ -77.1314, 38.93376 ], [ -77.12744, 38.93336 ], [ -77.12626, 38.93302 ], [ -77.1245, 38.93229 ] ] } },
{ "type": "Feature", "properties": { "name": "RT267 EB" }, "geometry": { "type": "LineString", "coordinates": [ [ -77.33383, 38.94533 ], [ -77.33187, 38.94483 ], [ -77.33033, 38.94456 ], [ -77.32811, 38.94433 ], [ -77.32564, 38.94431 ] ] } },
{ "type": "Feature", "properties": { "name": "RT1 NB RAMP TO I95 NB" }, "geometry": { "type": "LineString", "coordinates": [ [ -77.23349, 38.67381 ], [ -77.2311, 38.67516 ], [ -77.23052, 38.67559 ], [ -77.22988, 38.67639 ], [ -77.22957, 38.67735 ] ] } },
{ "type": "Feature", "properties": { "name": "I66 EB" }, "geometry": { "type": "LineString", "coordinates": [ [ -77.2208, 38.88554 ], [ -77.21885, 38.88635 ] ] } },
{ "type": "Feature", "properties": { "name": "RT267 EB" }, "geometry": { "type": "LineString", "coordinates": [ [ -77.23285, 38.9335 ], [ -77.23162, 38.93346 ], [ -77.22808, 38.93357 ] ] } },
{ "type": "Feature", "properties": { "name": "I495 SB" }, "geometry": { "type": "LineString", "coordinates": [ [ -77.21274, 38.9326 ], [ -77.21337, 38.9319 ] ] } },
{ "type": "Feature", "properties": { "name": "RT267 EB" }, "geometry": { "type": "LineString", "coordinates": [ [ -77.31183, 38.9475 ], [ -77.31093, 38.94763 ] ] } },
{ "type": "Feature", "properties": { "name": "DULLES ACCESS RD WB" }, "geometry": { "type": "LineString", "coordinates": [ [ -77.31217, 38.94791 ], [ -77.31369, 38.94754 ], [ -77.31943, 38.94574 ], [ -77.32113, 38.94531 ] ] } },
{ "type": "Feature", "properties": { "name": "GEORGE WASHINGTON MEMORIAL PKWY" }, "geometry": { "type": "LineString", "coordinates": [ [ -77.15796, 38.96369 ], [ -77.15966, 38.96435 ], [ -77.16058, 38.96455 ], [ -77.16157, 38.96465 ], [ -77.16295, 38.96459 ], [ -77.16716, 38.96388 ], [ -77.16837, 38.96376 ], [ -77.17016, 38.96384 ], [ -77.17356, 38.96435 ] ] } },
{ "type": "Feature", "properties": { "name": "I66 EB" }, "geometry": { "type": "LineString", "coordinates": [ [ -77.33612, 38.86367 ], [ -77.32275, 38.86608 ] ] } },
{ "type": "Feature", "properties": { "name": "DULLES ACCESS RD EB" }, "geometry": { "type": "LineString", "coordinates": [ [ -77.38423, 38.95263 ], [ -77.38351, 38.9526 ] ] } },
{ "type": "Feature", "properties": { "name": "RT267 EB RAMP TO RT267 EB" }, "geometry": { "type": "LineString", "coordinates": [ [ -77.4228, 38.9622 ], [ -77.42122, 38.96173 ], [ -77.41641, 38.96072 ], [ -77.41509, 38.96033 ] ] } },
{ "type": "Feature", "properties": { "name": "I95 EXP SB" }, "geometry": { "type": "LineString", "coordinates": [ [ -77.23372, 38.67746 ], [ -77.23439, 38.67698 ] ] } },
{ "type": "Feature", "properties": { "name": "I95 EXP SB" }, "geometry": { "type": "LineString", "coordinates": [ [ -77.23316, 38.6779 ], [ -77.23372, 38.67746 ] ] } },
{ "type": "Feature", "properties": { "name": "I95 NB" }, "geometry": { "type": "LineString", "coordinates": [ [ -77.23326, 38.67759 ], [ -77.23159, 38.67914 ], [ -77.23052, 38.68041 ] ] } },
{ "type": "Feature", "properties": { "name": "I95 NB" }, "geometry": { "type": "LineString", "coordinates": [ [ -77.23381, 38.67714 ], [ -77.23326, 38.67759 ] ] } },
{ "type": "Feature", "properties": { "name": "I395 NB" }, "geometry": { "type": "LineString", "coordinates": [ [ -77.15248, 38.80913 ], [ -77.14984, 38.81038 ] ] } },
{ "type": "Feature", "properties": { "name": "I395 NB" }, "geometry": { "type": "LineString", "coordinates": [ [ -77.14984, 38.81038 ], [ -77.14911, 38.81072 ] ] } },
{ "type": "Feature", "properties": { "name": "I95 LOCAL NB" }, "geometry": { "type": "LineString", "coordinates": [ [ -77.07856, 38.8003 ], [ -77.0777, 38.8002 ] ] } },
{ "type": "Feature", "properties": { "name": "I95 LOCAL NB" }, "geometry": { "type": "LineString", "coordinates": [ [ -77.07902, 38.80036 ], [ -77.07856, 38.8003 ] ] } },
{ "type": "Feature", "properties": { "name": "I95 SB" }, "geometry": { "type": "LineString", "coordinates": [ [ -77.07718, 38.80047 ], [ -77.07747, 38.80051 ] ] } },
{ "type": "Feature", "properties": { "name": "I95 LOCAL SB" }, "geometry": { "type": "LineString", "coordinates": [ [ -77.07869, 38.80077 ], [ -77.08095, 38.80099 ] ] } },
{ "type": "Feature", "properties": { "name": "I395 SB" }, "geometry": { "type": "LineString", "coordinates": [ [ -77.14378, 38.81354 ], [ -77.14399, 38.81347 ] ] } },
{ "type": "Feature", "properties": { "name": "I95 LOCAL SB" }, "geometry": { "type": "LineString", "coordinates": [ [ -77.07745, 38.80057 ], [ -77.0781, 38.80071 ] ] } },
{ "type": "Feature", "properties": { "name": "I95 LOCAL SB" }, "geometry": { "type": "LineString", "coordinates": [ [ -77.08095, 38.80099 ], [ -77.08352, 38.80127 ] ] } },
{ "type": "Feature", "properties": { "name": "I95 EXP NB" }, "geometry": { "type": "LineString", "coordinates": [ [ -77.2267, 38.69206 ], [ -77.22484, 38.70143 ], [ -77.22388, 38.705 ] ] } },
{ "type": "Feature", "properties": { "name": "I95 EXP NB" }, "geometry": { "type": "LineString", "coordinates": [ [ -77.22388, 38.705 ], [ -77.22368, 38.70561 ] ] } },
{ "type": "Feature", "properties": { "name": "I95 EXP NB" }, "geometry": { "type": "LineString", "coordinates": [ [ -77.22368, 38.70561 ], [ -77.2225, 38.70865 ], [ -77.22203, 38.70963 ], [ -77.22138, 38.71074 ], [ -77.22014, 38.71232 ], [ -77.21816, 38.71418 ] ] } },
{ "type": "Feature", "properties": { "name": "I95 EXP NB" }, "geometry": { "type": "LineString", "coordinates": [ [ -77.21816, 38.71418 ], [ -77.21769, 38.71456 ] ] } },
{ "type": "Feature", "properties": { "name": "I95 EXP NB" }, "geometry": { "type": "LineString", "coordinates": [ [ -77.21769, 38.71456 ], [ -77.21582, 38.71596 ], [ -77.21054, 38.71952 ] ] } },
{ "type": "Feature", "properties": { "name": "I95 EXP NB" }, "geometry": { "type": "LineString", "coordinates": [ [ -77.20868, 38.72089 ], [ -77.20818, 38.72128 ] ] } },
{ "type": "Feature", "properties": { "name": "I95 EXP NB" }, "geometry": { "type": "LineString", "coordinates": [ [ -77.20737, 38.72192 ], [ -77.20412, 38.72467 ] ] } },
{ "type": "Feature", "properties": { "name": "I95 EXP NB" }, "geometry": { "type": "LineString", "coordinates": [ [ -77.20412, 38.72467 ], [ -77.20362, 38.72512 ] ] } },
{ "type": "Feature", "properties": { "name": "I95 EXP NB" }, "geometry": { "type": "LineString", "coordinates": [ [ -77.20362, 38.72512 ], [ -77.20153, 38.72699 ], [ -77.19903, 38.7294 ] ] } },
{ "type": "Feature", "properties": { "name": "I95 EXP NB" }, "geometry": { "type": "LineString", "coordinates": [ [ -77.19568, 38.73298 ], [ -77.19495, 38.73378 ], [ -77.19265, 38.73666 ], [ -77.19003, 38.74017 ] ] } },
{ "type": "Feature", "properties": { "name": "I95 EXP NB" }, "geometry": { "type": "LineString", "coordinates": [ [ -77.19003, 38.74017 ], [ -77.18972, 38.74064 ] ] } },
{ "type": "Feature", "properties": { "name": "I95 EXP NB" }, "geometry": { "type": "LineString", "coordinates": [ [ -77.18972, 38.74064 ], [ -77.18766, 38.74402 ], [ -77.18682, 38.7456 ] ] } },
{ "type": "Feature", "properties": { "name": "I95 EXP NB" }, "geometry": { "type": "LineString", "coordinates": [ [ -77.18682, 38.7456 ], [ -77.18581, 38.748 ], [ -77.1849, 38.75058 ], [ -77.18441, 38.75225 ], [ -77.18378, 38.75537 ] ] } },
{ "type": "Feature", "properties": { "name": "I95 EXP NB" }, "geometry": { "type": "LineString", "coordinates": [ [ -77.18378, 38.75537 ], [ -77.18335, 38.75882 ], [ -77.18304, 38.76521 ] ] } },
{ "type": "Feature", "properties": { "name": "I95 EXP NB" }, "geometry": { "type": "LineString", "coordinates": [ [ -77.18304, 38.76521 ], [ -77.183, 38.76639 ] ] } },
{ "type": "Feature", "properties": { "name": "I95 EXP SB" }, "geometry": { "type": "LineString", "coordinates": [ [ -77.18304, 38.76638 ], [ -77.18306, 38.76521 ] ] } },
{ "type": "Feature", "properties": { "name": "I95 EXP NB" }, "geometry": { "type": "LineString", "coordinates": [ [ -77.183, 38.76639 ], [ -77.18286, 38.76862 ] ] } },
{ "type": "Feature", "properties": { "name": "I95 EXP NB" }, "geometry": { "type": "LineString", "coordinates": [ [ -77.18163, 38.77535 ], [ -77.1811, 38.77733 ] ] } },
{ "type": "Feature", "properties": { "name": "I95 EXP NB" }, "geometry": { "type": "LineString", "coordinates": [ [ -77.1811, 38.77733 ], [ -77.18003, 38.7809 ], [ -77.17943, 38.78256 ] ] } },
{ "type": "Feature", "properties": { "name": "I395 EXP NB" }, "geometry": { "type": "LineString", "coordinates": [ [ -77.16977, 38.79663 ], [ -77.16712, 38.79916 ], [ -77.16387, 38.80195 ] ] } },
{ "type": "Feature", "properties": { "name": "I395 EXP NB" }, "geometry": { "type": "LineString", "coordinates": [ [ -77.15192, 38.80971 ], [ -77.14972, 38.81083 ], [ -77.1483, 38.81145 ] ] } },
{ "type": "Feature", "properties": { "name": "RT28 NB THRU RAMP" }, "geometry": { "type": "LineString", "coordinates": [ [ -77.44543, 38.8736 ], [ -77.44707, 38.87596 ] ] } },
{ "type": "Feature", "properties": { "name": "RT28 SB THRU RAMP" }, "geometry": { "type": "LineString", "coordinates": [ [ -77.44709, 38.87495 ], [ -77.44575, 38.87308 ] ] } },
{ "type": "Feature", "properties": { "name": "SULLY RD" }, "geometry": { "type": "LineString", "coordinates": [ [ -77.44568, 38.87335 ], [ -77.44523, 38.87269 ] ] } },
{ "type": "Feature", "properties": { "name": "SULLY RD" }, "geometry": { "type": "LineString", "coordinates": [ [ -77.44506, 38.87281 ], [ -77.44554, 38.87341 ] ] } },
{ "type": "Feature", "properties": { "name": "RT28 NB THRU RAMP" }, "geometry": { "type": "LineString", "coordinates": [ [ -77.44509, 38.87311 ], [ -77.44543, 38.8736 ] ] } },
{ "type": "Feature", "properties": { "name": "I495 NB" }, "geometry": { "type": "LineString", "coordinates": [ [ -77.17856, 38.97398 ], [ -77.17825, 38.97554 ], [ -77.17797, 38.97651 ], [ -77.17753, 38.97738 ], [ -77.17695, 38.97827 ], [ -77.17631, 38.97906 ], [ -77.17531, 38.97987 ], [ -77.1743, 38.9805 ], [ -77.17153, 38.98176 ], [ -77.16982, 38.98228 ], [ -77.16669, 38.98283 ], [ -77.16214, 38.98326 ], [ -77.16075, 38.98361 ], [ -77.1592, 38.98432 ], [ -77.15828, 38.98504 ] ] } },
{ "type": "Feature", "properties": { "name": "I495 SB" }, "geometry": { "type": "LineString", "coordinates": [ [ -77.16015, 38.98412 ], [ -77.16136, 38.98369 ], [ -77.16238, 38.98348 ], [ -77.16622, 38.98307 ], [ -77.16897, 38.98264 ], [ -77.17114, 38.98206 ], [ -77.17261, 38.98149 ], [ -77.17483, 38.98044 ], [ -77.17637, 38.97924 ], [ -77.17691, 38.97866 ], [ -77.17816, 38.97658 ] ] } },
{ "type": "Feature", "properties": { "name": "SULLY RD" }, "geometry": { "type": "LineString", "coordinates": [ [ -77.44936, 38.88199 ], [ -77.44948, 38.88097 ], [ -77.44946, 38.8801 ], [ -77.44927, 38.87908 ], [ -77.44893, 38.87816 ] ] } },
{ "type": "Feature", "properties": { "name": "SULLY RD" }, "geometry": { "type": "LineString", "coordinates": [ [ -77.44916, 38.87961 ], [ -77.44924, 38.88073 ], [ -77.44911, 38.88189 ] ] } },
{ "type": "Feature", "properties": { "name": "RT28 NB THRU RAMP" }, "geometry": { "type": "LineString", "coordinates": [ [ -77.44707, 38.87596 ], [ -77.4486, 38.87818 ], [ -77.44916, 38.87961 ] ] } },
{ "type": "Feature", "properties": { "name": "SULLY RD" }, "geometry": { "type": "LineString", "coordinates": [ [ -77.44554, 38.87341 ], [ -77.44843, 38.87759 ], [ -77.44889, 38.87856 ], [ -77.44916, 38.87961 ] ] } },
{ "type": "Feature", "properties": { "name": "SULLY RD" }, "geometry": { "type": "LineString", "coordinates": [ [ -77.44893, 38.87816 ], [ -77.44852, 38.87743 ], [ -77.44568, 38.87335 ] ] } },
{ "type": "Feature", "properties": { "name": "RT28 SB THRU RAMP" }, "geometry": { "type": "LineString", "coordinates": [ [ -77.44893, 38.87816 ], [ -77.4488, 38.87772 ], [ -77.44847, 38.87708 ], [ -77.44709, 38.87495 ] ] } },
{ "type": "Feature", "properties": { "name": "RT28 SB THRU RAMP" }, "geometry": { "type": "LineString", "coordinates": [ [ -77.44575, 38.87308 ], [ -77.44541, 38.87259 ] ] } },
{ "type": "Feature", "properties": { "name": "RT28 SB THRU RAMP" }, "geometry": { "type": "LineString", "coordinates": [ [ -77.44541, 38.87259 ], [ -77.44387, 38.87033 ] ] } },
{ "type": "Feature", "properties": { "name": "SULLY RD" }, "geometry": { "type": "LineString", "coordinates": [ [ -77.44523, 38.87269 ], [ -77.44115, 38.86677 ] ] } },
{ "type": "Feature", "properties": { "name": "SULLY RD" }, "geometry": { "type": "LineString", "coordinates": [ [ -77.44164, 38.86784 ], [ -77.44506, 38.87281 ] ] } },
{ "type": "Feature", "properties": { "name": "RT28 NB THRU RAMP" }, "geometry": { "type": "LineString", "coordinates": [ [ -77.44364, 38.87102 ], [ -77.44509, 38.87311 ] ] } },
{ "type": "Feature", "properties": { "name": "RT28 SB THRU RAMP" }, "geometry": { "type": "LineString", "coordinates": [ [ -77.44387, 38.87033 ], [ -77.44245, 38.86837 ], [ -77.44115, 38.86677 ] ] } },
{ "type": "Feature", "properties": { "name": "RT28 NB THRU RAMP" }, "geometry": { "type": "LineString", "coordinates": [ [ -77.44164, 38.86784 ], [ -77.44216, 38.86885 ], [ -77.44364, 38.87102 ] ] } },
{ "type": "Feature", "properties": { "name": "SULLY RD" }, "geometry": { "type": "LineString", "coordinates": [ [ -77.43274, 38.85394 ], [ -77.43289, 38.8547 ], [ -77.43335, 38.85578 ], [ -77.43638, 38.86021 ] ] } },
{ "type": "Feature", "properties": { "name": "SULLY RD" }, "geometry": { "type": "LineString", "coordinates": [ [ -77.43659, 38.86015 ], [ -77.43409, 38.85654 ], [ -77.43338, 38.85508 ], [ -77.43312, 38.85418 ], [ -77.433, 38.85311 ], [ -77.43305, 38.85251 ], [ -77.43328, 38.85138 ] ] } },
{ "type": "Feature", "properties": { "name": "I495 NB" }, "geometry": { "type": "LineString", "coordinates": [ [ -77.15777, 38.99446 ], [ -77.15796, 38.99611 ], [ -77.15793, 38.9972 ], [ -77.15783, 38.99818 ], [ -77.15757, 38.99913 ], [ -77.1572, 39.00007 ], [ -77.15613, 39.00183 ], [ -77.15476, 39.0036 ], [ -77.15418, 39.0045 ], [ -77.15264, 39.00746 ], [ -77.15202, 39.0085 ], [ -77.14991, 39.01166 ] ] } },
{ "type": "Feature", "properties": { "name": "I495 SB" }, "geometry": { "type": "LineString", "coordinates": [ [ -77.15133, 39.00993 ], [ -77.15321, 39.00691 ], [ -77.15375, 39.0057 ], [ -77.15441, 39.00468 ], [ -77.15492, 39.00363 ], [ -77.15626, 39.00194 ], [ -77.15738, 39.00027 ], [ -77.1578, 38.9993 ], [ -77.1582, 38.99775 ], [ -77.15828, 38.99693 ], [ -77.15821, 38.99546 ] ] } },
{ "type": "Feature", "properties": { "name": "I495 SB" }, "geometry": { "type": "LineString", "coordinates": [ [ -77.1575, 38.99129 ], [ -77.15733, 38.99072 ] ] } },
{ "type": "Feature", "properties": { "name": "I95 EXP NB" }, "geometry": { "type": "LineString", "coordinates": [ [ -77.24567, 38.67224 ], [ -77.24183, 38.67337 ], [ -77.24016, 38.67394 ] ] } },
{ "type": "Feature", "properties": { "name": "RT1 NB RAMP TO I95 EXP NB" }, "geometry": { "type": "LineString", "coordinates": [ [ -77.23003, 38.68161 ], [ -77.22919, 38.68305 ], [ -77.22867, 38.68418 ] ] } },
{ "type": "Feature", "properties": { "name": "I95 EXP NB" }, "geometry": { "type": "LineString", "coordinates": [ [ -77.2332, 38.67783 ], [ -77.23224, 38.67872 ], [ -77.23123, 38.6799 ], [ -77.22867, 38.68418 ] ] } },
{ "type": "Feature", "properties": { "name": "I95 EXP NB" }, "geometry": { "type": "LineString", "coordinates": [ [ -77.23375, 38.6774 ], [ -77.2332, 38.67783 ] ] } },
{ "type": "Feature", "properties": { "name": "I95 EXP NB" }, "geometry": { "type": "LineString", "coordinates": [ [ -77.23902, 38.67441 ], [ -77.23755, 38.67507 ], [ -77.2356, 38.67613 ] ] } },
{ "type": "Feature", "properties": { "name": "I95 EXP NB" }, "geometry": { "type": "LineString", "coordinates": [ [ -77.24016, 38.67394 ], [ -77.23978, 38.67409 ] ] } },
{ "type": "Feature", "properties": { "name": "I95 NB" }, "geometry": { "type": "LineString", "coordinates": [ [ -77.13524, 38.79629 ], [ -77.13135, 38.79689 ] ] } },
{ "type": "Feature", "properties": { "name": "I495 EXPRESS LANE SB" }, "geometry": { "type": "LineString", "coordinates": [ [ -77.19244, 38.95799 ], [ -77.19299, 38.95663 ] ] } },
{ "type": "Feature", "properties": { "name": "I495 EXPRESS LANE SB" }, "geometry": { "type": "LineString", "coordinates": [ [ -77.18356, 38.96362 ], [ -77.18394, 38.9634 ], [ -77.18605, 38.96261 ], [ -77.1886, 38.96152 ] ] } },
{ "type": "Feature", "properties": { "name": "RT123 NB RAMP TO I66 EB" }, "geometry": { "type": "LineString", "coordinates": [ [ -77.30294, 38.8695 ], [ -77.29923, 38.87025 ] ] } },
{ "type": "Feature", "properties": { "name": "RT123 NB RAMP TO I66 EB" }, "geometry": { "type": "LineString", "coordinates": [ [ -77.30672, 38.86871 ], [ -77.30294, 38.8695 ] ] } },
{ "type": "Feature", "properties": { "name": "I66 WB" }, "geometry": { "type": "LineString", "coordinates": [ [ -77.34232, 38.8632 ], [ -77.34462, 38.86277 ] ] } },
{ "type": "Feature", "properties": { "name": "I495 NB" }, "geometry": { "type": "LineString", "coordinates": [ [ -77.21982, 38.86065 ], [ -77.21983, 38.86256 ] ] } },
{ "type": "Feature", "properties": { "name": "I95 NB" }, "geometry": { "type": "LineString", "coordinates": [ [ -77.17892, 38.78229 ], [ -77.17831, 38.784 ] ] } },
{ "type": "Feature", "properties": { "name": "I395 SB" }, "geometry": { "type": "LineString", "coordinates": [ [ -77.16441, 38.80181 ], [ -77.16594, 38.80052 ] ] } },
{ "type": "Feature", "properties": { "name": "I66 WB" }, "geometry": { "type": "LineString", "coordinates": [ [ -77.31151, 38.86871 ], [ -77.3128, 38.86843 ] ] } },
{ "type": "Feature", "properties": { "name": "I395 NB" }, "geometry": { "type": "LineString", "coordinates": [ [ -77.16559, 38.80034 ], [ -77.16372, 38.8019 ] ] } },
{ "type": "Feature", "properties": { "name": "RT267 EB" }, "geometry": { "type": "LineString", "coordinates": [ [ -77.34085, 38.94762 ], [ -77.3381, 38.94675 ] ] } },
{ "type": "Feature", "properties": { "name": "RT267 EB" }, "geometry": { "type": "LineString", "coordinates": [ [ -77.3381, 38.94675 ], [ -77.33759, 38.94659 ] ] } },
{ "type": "Feature", "properties": { "name": "I95 LOCAL SB" }, "geometry": { "type": "LineString", "coordinates": [ [ -77.0781, 38.80071 ], [ -77.07869, 38.80077 ] ] } },
{ "type": "Feature", "properties": { "name": "I95 LOCAL SB" }, "geometry": { "type": "LineString", "coordinates": [ [ -77.07682, 38.8005 ], [ -77.07745, 38.80057 ] ] } },
{ "type": "Feature", "properties": { "name": "I95 LOCAL SB" }, "geometry": { "type": "LineString", "coordinates": [ [ -77.07542, 38.80037 ], [ -77.07682, 38.8005 ] ] } },
{ "type": "Feature", "properties": { "name": "I95 LOCAL SB" }, "geometry": { "type": "LineString", "coordinates": [ [ -77.0732, 38.80005 ], [ -77.07542, 38.80037 ] ] } },
{ "type": "Feature", "properties": { "name": "I495 NB" }, "geometry": { "type": "LineString", "coordinates": [ [ -77.21992, 38.87441 ], [ -77.2201, 38.87542 ] ] } },
{ "type": "Feature", "properties": { "name": "RT267 EB THRU RAMP" }, "geometry": { "type": "LineString", "coordinates": [ [ -77.38078, 38.95227 ], [ -77.37925, 38.95237 ] ] } },
{ "type": "Feature", "properties": { "name": "I95 LOCAL NB" }, "geometry": { "type": "LineString", "coordinates": [ [ -77.07487, 38.7998 ], [ -77.07204, 38.79913 ] ] } },
{ "type": "Feature", "properties": { "name": "I95 LOCAL NB" }, "geometry": { "type": "LineString", "coordinates": [ [ -77.06689, 38.79712 ], [ -77.06342, 38.79572 ] ] } },
{ "type": "Feature", "properties": { "name": "DULLES ACCESS RD EB" }, "geometry": { "type": "LineString", "coordinates": [ [ -77.41879, 38.96172 ], [ -77.4183, 38.96159 ] ] } },
{ "type": "Feature", "properties": { "name": "DULLES ACCESS RD WB" }, "geometry": { "type": "LineString", "coordinates": [ [ -77.41819, 38.96184 ], [ -77.41875, 38.96198 ] ] } },
{ "type": "Feature", "properties": { "name": "I95 LOCAL SB" }, "geometry": { "type": "LineString", "coordinates": [ [ -77.06308, 38.79634 ], [ -77.06745, 38.79797 ] ] } },
{ "type": "Feature", "properties": { "name": "I66 WB" }, "geometry": { "type": "LineString", "coordinates": [ [ -77.39688, 38.85335 ], [ -77.39822, 38.85311 ] ] } },
{ "type": "Feature", "properties": { "name": "I66 EB" }, "geometry": { "type": "LineString", "coordinates": [ [ -77.39651, 38.85271 ], [ -77.39296, 38.8534 ] ] } },
{ "type": "Feature", "properties": { "name": "DULLES ACCESS RD EB" }, "geometry": { "type": "LineString", "coordinates": [ [ -77.33973, 38.9475 ], [ -77.33798, 38.94692 ] ] } },
{ "type": "Feature", "properties": { "name": "DULLES ACCESS RD WB" }, "geometry": { "type": "LineString", "coordinates": [ [ -77.33786, 38.94717 ], [ -77.3396, 38.94774 ] ] } },
{ "type": "Feature", "properties": { "name": "DULLES ACCESS RD EB" }, "geometry": { "type": "LineString", "coordinates": [ [ -77.39735, 38.95456 ], [ -77.39511, 38.95415 ] ] } },
{ "type": "Feature", "properties": { "name": "DULLES ACCESS RD WB" }, "geometry": { "type": "LineString", "coordinates": [ [ -77.39314, 38.95411 ], [ -77.39566, 38.9545 ] ] } },
{ "type": "Feature", "properties": { "name": "DULLES ACCESS RD EB" }, "geometry": { "type": "LineString", "coordinates": [ [ -77.38351, 38.9526 ], [ -77.38137, 38.95261 ] ] } },
{ "type": "Feature", "properties": { "name": "DULLES ACCESS RD WB" }, "geometry": { "type": "LineString", "coordinates": [ [ -77.38137, 38.95287 ], [ -77.38351, 38.95286 ] ] } },
{ "type": "Feature", "properties": { "name": "DULLES ACCESS RD EB" }, "geometry": { "type": "LineString", "coordinates": [ [ -77.32246, 38.94479 ], [ -77.32103, 38.94504 ] ] } },
{ "type": "Feature", "properties": { "name": "DULLES ACCESS RD WB" }, "geometry": { "type": "LineString", "coordinates": [ [ -77.32113, 38.94531 ], [ -77.32249, 38.94505 ] ] } },
{ "type": "Feature", "properties": { "name": "DULLES ACCESS RD EB" }, "geometry": { "type": "LineString", "coordinates": [ [ -77.29843, 38.94716 ], [ -77.29574, 38.94646 ], [ -77.29326, 38.94559 ] ] } },
{ "type": "Feature", "properties": { "name": "DULLES ACCESS RD WB" }, "geometry": { "type": "LineString", "coordinates": [ [ -77.29834, 38.94742 ], [ -77.30132, 38.94796 ] ] } },
{ "type": "Feature", "properties": { "name": "DULLES ACCESS RD EB" }, "geometry": { "type": "LineString", "coordinates": [ [ -77.21583, 38.9332 ], [ -77.21342, 38.93236 ] ] } },
{ "type": "Feature", "properties": { "name": "DULLES ACCESS RD WB" }, "geometry": { "type": "LineString", "coordinates": [ [ -77.21323, 38.93258 ], [ -77.21572, 38.93342 ] ] } },
{ "type": "Feature", "properties": { "name": "DULLES ACCESS RD WB" }, "geometry": { "type": "LineString", "coordinates": [ [ -77.23079, 38.93398 ], [ -77.23286, 38.93397 ] ] } },
{ "type": "Feature", "properties": { "name": "DULLES ACCESS RD EB" }, "geometry": { "type": "LineString", "coordinates": [ [ -77.23287, 38.93371 ], [ -77.23077, 38.9337 ] ] } },
{ "type": "Feature", "properties": { "name": "DULLES ACCESS RD WB" }, "geometry": { "type": "LineString", "coordinates": [ [ -77.26501, 38.93464 ], [ -77.26583, 38.93523 ], [ -77.26733, 38.93658 ] ] } },
{ "type": "Feature", "properties": { "name": "DULLES ACCESS RD EB" }, "geometry": { "type": "LineString", "coordinates": [ [ -77.26747, 38.93631 ], [ -77.26619, 38.93516 ], [ -77.26523, 38.93444 ] ] } },
{ "type": "Feature", "properties": { "name": "DULLES ACCESS RD EB" }, "geometry": { "type": "LineString", "coordinates": [ [ -77.28252, 38.94208 ], [ -77.28098, 38.94195 ] ] } },
{ "type": "Feature", "properties": { "name": "DULLES ACCESS RD WB" }, "geometry": { "type": "LineString", "coordinates": [ [ -77.28095, 38.94222 ], [ -77.28273, 38.94239 ] ] } },
{ "type": "Feature", "properties": { "name": "I495 NB" }, "geometry": { "type": "LineString", "coordinates": [ [ -77.21285, 38.92727 ], [ -77.21146, 38.92936 ] ] } },
{ "type": "Feature", "properties": { "name": "I495 SB" }, "geometry": { "type": "LineString", "coordinates": [ [ -77.21436, 38.92682 ], [ -77.21457, 38.92582 ], [ -77.21494, 38.92499 ] ] } },
{ "type": "Feature", "properties": { "name": "RT267 EB" }, "geometry": { "type": "LineString", "coordinates": [ [ -77.19643, 38.92314 ], [ -77.19523, 38.92131 ] ] } },
{ "type": "Feature", "properties": { "name": "RT267 WB" }, "geometry": { "type": "LineString", "coordinates": [ [ -77.19491, 38.92145 ], [ -77.19613, 38.92331 ] ] } },
{ "type": "Feature", "properties": { "name": "I66 EB" }, "geometry": { "type": "LineString", "coordinates": [ [ -77.28261, 38.8748 ], [ -77.28172, 38.87504 ] ] } },
{ "type": "Feature", "properties": { "name": "I66 WB" }, "geometry": { "type": "LineString", "coordinates": [ [ -77.28195, 38.87551 ], [ -77.28303, 38.87522 ] ] } },
{ "type": "Feature", "properties": { "name": "I495 SB" }, "geometry": { "type": "LineString", "coordinates": [ [ -77.22046, 38.85755 ], [ -77.22048, 38.85704 ] ] } },
{ "type": "Feature", "properties": { "name": "I495 NB" }, "geometry": { "type": "LineString", "coordinates": [ [ -77.2197, 38.85414 ], [ -77.21974, 38.85756 ] ] } },
{ "type": "Feature", "properties": { "name": "I66 WB" }, "geometry": { "type": "LineString", "coordinates": [ [ -77.35481, 38.86091 ], [ -77.3555, 38.86078 ] ] } },
{ "type": "Feature", "properties": { "name": "I66 EB" }, "geometry": { "type": "LineString", "coordinates": [ [ -77.35729, 38.85991 ], [ -77.35304, 38.86071 ] ] } },
{ "type": "Feature", "properties": { "name": "SULLY RD" }, "geometry": { "type": "LineString", "coordinates": [ [ -77.43638, 38.86021 ], [ -77.44164, 38.86784 ] ] } },
{ "type": "Feature", "properties": { "name": "SULLY RD" }, "geometry": { "type": "LineString", "coordinates": [ [ -77.44115, 38.86677 ], [ -77.43659, 38.86015 ] ] } },
{ "type": "Feature", "properties": { "name": "I495 SB" }, "geometry": { "type": "LineString", "coordinates": [ [ -77.21944, 38.83939 ], [ -77.2192, 38.83879 ] ] } },
{ "type": "Feature", "properties": { "name": "I495 NB" }, "geometry": { "type": "LineString", "coordinates": [ [ -77.2184, 38.83805 ], [ -77.21864, 38.83887 ] ] } },
{ "type": "Feature", "properties": { "name": "I66 WB" }, "geometry": { "type": "LineString", "coordinates": [ [ -77.46211, 38.82251 ], [ -77.46496, 38.82074 ] ] } },
{ "type": "Feature", "properties": { "name": "I66 EB" }, "geometry": { "type": "LineString", "coordinates": [ [ -77.46463, 38.82051 ], [ -77.4618, 38.82223 ] ] } },
{ "type": "Feature", "properties": { "name": "I66 WB" }, "geometry": { "type": "LineString", "coordinates": [ [ -77.47791, 38.81515 ], [ -77.47904, 38.81471 ] ] } },
{ "type": "Feature", "properties": { "name": "I66 EB" }, "geometry": { "type": "LineString", "coordinates": [ [ -77.47882, 38.81438 ], [ -77.4777, 38.81484 ] ] } },
{ "type": "Feature", "properties": { "name": "I395 EXP SB" }, "geometry": { "type": "LineString", "coordinates": [ [ -77.15194, 38.80976 ], [ -77.15594, 38.80748 ] ] } },
{ "type": "Feature", "properties": { "name": "I395 EXP NB" }, "geometry": { "type": "LineString", "coordinates": [ [ -77.15497, 38.808 ], [ -77.15192, 38.80971 ] ] } },
{ "type": "Feature", "properties": { "name": "I395 NB" }, "geometry": { "type": "LineString", "coordinates": [ [ -77.15867, 38.80557 ], [ -77.15581, 38.80735 ] ] } },
{ "type": "Feature", "properties": { "name": "I395 EXP SB RAMP TO I395 SB" }, "geometry": { "type": "LineString", "coordinates": [ [ -77.14384, 38.81335 ], [ -77.14405, 38.81331 ] ] } },
{ "type": "Feature", "properties": { "name": "I395 EXP SB" }, "geometry": { "type": "LineString", "coordinates": [ [ -77.14384, 38.81335 ], [ -77.14404, 38.81329 ] ] } },
{ "type": "Feature", "properties": { "name": "I395 EXP NB" }, "geometry": { "type": "LineString", "coordinates": [ [ -77.1483, 38.81145 ], [ -77.14401, 38.81326 ] ] } },
{ "type": "Feature", "properties": { "name": "I395 SB" }, "geometry": { "type": "LineString", "coordinates": [ [ -77.14399, 38.81347 ], [ -77.14412, 38.81344 ] ] } },
{ "type": "Feature", "properties": { "name": "I95 EXP SB" }, "geometry": { "type": "LineString", "coordinates": [ [ -77.23905, 38.67445 ], [ -77.23981, 38.67413 ] ] } },
{ "type": "Feature", "properties": { "name": "I95 EXP NB" }, "geometry": { "type": "LineString", "coordinates": [ [ -77.23978, 38.67409 ], [ -77.23902, 38.67441 ] ] } },
{ "type": "Feature", "properties": { "name": "I95 NB" }, "geometry": { "type": "LineString", "coordinates": [ [ -77.23894, 38.67428 ], [ -77.23848, 38.67447 ] ] } },
{ "type": "Feature", "properties": { "name": "I95 EXP SB" }, "geometry": { "type": "LineString", "coordinates": [ [ -77.22706, 38.69035 ], [ -77.22771, 38.68701 ], [ -77.22835, 38.68494 ], [ -77.2293, 38.6831 ], [ -77.23073, 38.6808 ] ] } },
{ "type": "Feature", "properties": { "name": "I95 EXP NB" }, "geometry": { "type": "LineString", "coordinates": [ [ -77.22867, 38.68418 ], [ -77.22812, 38.68549 ], [ -77.22782, 38.68647 ], [ -77.22704, 38.69035 ] ] } },
{ "type": "Feature", "properties": { "name": "I95 SB" }, "geometry": { "type": "LineString", "coordinates": [ [ -77.22417, 38.70494 ], [ -77.2248, 38.70268 ], [ -77.22519, 38.70094 ], [ -77.22728, 38.69037 ] ] } },
{ "type": "Feature", "properties": { "name": "I95 EXP SB" }, "geometry": { "type": "LineString", "coordinates": [ [ -77.22672, 38.69207 ], [ -77.22706, 38.69035 ] ] } },
{ "type": "Feature", "properties": { "name": "I95 EXP NB" }, "geometry": { "type": "LineString", "coordinates": [ [ -77.22704, 38.69035 ], [ -77.2267, 38.69206 ] ] } },
{ "type": "Feature", "properties": { "name": "I95 NB" }, "geometry": { "type": "LineString", "coordinates": [ [ -77.22837, 38.68409 ], [ -77.22781, 38.68561 ], [ -77.22752, 38.6867 ], [ -77.2265, 38.69205 ] ] } },
{ "type": "Feature", "properties": { "name": "I95 EXP NB" }, "geometry": { "type": "LineString", "coordinates": [ [ -77.21054, 38.71952 ], [ -77.20868, 38.72089 ] ] } },
{ "type": "Feature", "properties": { "name": "I95 EXP SB" }, "geometry": { "type": "LineString", "coordinates": [ [ -77.2087, 38.72089 ], [ -77.21055, 38.71953 ] ] } },
{ "type": "Feature", "properties": { "name": "I95 NB" }, "geometry": { "type": "LineString", "coordinates": [ [ -77.2104, 38.7194 ], [ -77.20862, 38.72072 ] ] } },
{ "type": "Feature", "properties": { "name": "I95 EXP SB" }, "geometry": { "type": "LineString", "coordinates": [ [ -77.20738, 38.72193 ], [ -77.2082, 38.72128 ] ] } },
{ "type": "Feature", "properties": { "name": "I95 EXP NB" }, "geometry": { "type": "LineString", "coordinates": [ [ -77.20818, 38.72128 ], [ -77.20737, 38.72192 ] ] } },
{ "type": "Feature", "properties": { "name": "I95 SB" }, "geometry": { "type": "LineString", "coordinates": [ [ -77.20754, 38.72205 ], [ -77.2083, 38.72146 ] ] } },
{ "type": "Feature", "properties": { "name": "I95 EXP SB" }, "geometry": { "type": "LineString", "coordinates": [ [ -77.17672, 38.78916 ], [ -77.17945, 38.78261 ] ] } },
{ "type": "Feature", "properties": { "name": "I95 EXP NB" }, "geometry": { "type": "LineString", "coordinates": [ [ -77.17943, 38.78256 ], [ -77.17668, 38.78915 ] ] } },
{ "type": "Feature", "properties": { "name": "I95 SB" }, "geometry": { "type": "LineString", "coordinates": [ [ -77.07081, 38.79914 ], [ -77.07165, 38.79938 ] ] } },
{ "type": "Feature", "properties": { "name": "SULLY RD" }, "geometry": { "type": "LineString", "coordinates": [ [ -77.44911, 38.88189 ], [ -77.44861, 38.88347 ], [ -77.44724, 38.88565 ] ] } },
{ "type": "Feature", "properties": { "name": "SULLY RD" }, "geometry": { "type": "LineString", "coordinates": [ [ -77.44693, 38.8861 ], [ -77.44477, 38.88918 ] ] } },
{ "type": "Feature", "properties": { "name": "SULLY RD" }, "geometry": { "type": "LineString", "coordinates": [ [ -77.44438, 38.8902 ], [ -77.44505, 38.88932 ] ] } },
{ "type": "Feature", "properties": { "name": "SULLY RD" }, "geometry": { "type": "LineString", "coordinates": [ [ -77.44741, 38.88571 ], [ -77.44851, 38.88417 ], [ -77.44898, 38.88321 ], [ -77.44936, 38.88199 ] ] } },
{ "type": "Feature", "properties": { "name": "RT267 EB" }, "geometry": { "type": "LineString", "coordinates": [ [ -77.23764, 38.93402 ], [ -77.23461, 38.93363 ] ] } },
{ "type": "Feature", "properties": { "name": "DULLES ACCESS RD EB" }, "geometry": { "type": "LineString", "coordinates": [ [ -77.24618, 38.93422 ], [ -77.2438, 38.93464 ], [ -77.24203, 38.93472 ], [ -77.23997, 38.93459 ], [ -77.23685, 38.93414 ] ] } },
{ "type": "Feature", "properties": { "name": "I66 EB" }, "geometry": { "type": "LineString", "coordinates": [ [ -77.36386, 38.85871 ], [ -77.36283, 38.85888 ] ] } },
{ "type": "Feature", "properties": { "name": "I66 EB" }, "geometry": { "type": "LineString", "coordinates": [ [ -77.36283, 38.85888 ], [ -77.35729, 38.85991 ] ] } },
{ "type": "Feature", "properties": { "name": "I66 WB" }, "geometry": { "type": "LineString", "coordinates": [ [ -77.36314, 38.85938 ], [ -77.36439, 38.85915 ] ] } },
{ "type": "Feature", "properties": { "name": "I66 WB" }, "geometry": { "type": "LineString", "coordinates": [ [ -77.36439, 38.85915 ], [ -77.37105, 38.85795 ] ] } },
{ "type": "Feature", "properties": { "name": "FRANCONIA RD WB RAMP TO I95 NB" }, "geometry": { "type": "LineString", "coordinates": [ [ -77.16883, 38.78981 ], [ -77.1656, 38.79046 ], [ -77.16533, 38.79062 ] ] } },
{ "type": "Feature", "properties": { "name": "RT267 EB" }, "geometry": { "type": "LineString", "coordinates": [ [ -77.31093, 38.94763 ], [ -77.30884, 38.94782 ], [ -77.30664, 38.94787 ] ] } },
{ "type": "Feature", "properties": { "name": "DULLES ACCESS RD EB RAMP TO RT267 EB" }, "geometry": { "type": "LineString", "coordinates": [ [ -77.31093, 38.94763 ], [ -77.30846, 38.94794 ], [ -77.30437, 38.948 ] ] } },
{ "type": "Feature", "properties": { "name": "DULLES ACCESS RD EB" }, "geometry": { "type": "LineString", "coordinates": [ [ -77.30437, 38.948 ], [ -77.30168, 38.94775 ], [ -77.29905, 38.9473 ] ] } },
{ "type": "Feature", "properties": { "name": "DULLES ACCESS RD WB" }, "geometry": { "type": "LineString", "coordinates": [ [ -77.28927, 38.94417 ], [ -77.29263, 38.94563 ] ] } },
{ "type": "Feature", "properties": { "name": "RT267 WB" }, "geometry": { "type": "LineString", "coordinates": [ [ -77.2854, 38.94305 ], [ -77.28845, 38.94406 ], [ -77.29264, 38.94586 ] ] } },
{ "type": "Feature", "properties": { "name": "RT267 WB RAMP TO DULLES ACCESS RD WB" }, "geometry": { "type": "LineString", "coordinates": [ [ -77.2854, 38.94305 ], [ -77.28671, 38.94335 ], [ -77.28927, 38.94417 ] ] } },
{ "type": "Feature", "properties": { "name": "I66 EB" }, "geometry": { "type": "LineString", "coordinates": [ [ -77.38182, 38.85546 ], [ -77.3789, 38.85594 ] ] } },
{ "type": "Feature", "properties": { "name": "I66 WB" }, "geometry": { "type": "LineString", "coordinates": [ [ -77.37819, 38.85664 ], [ -77.38269, 38.85582 ] ] } },
{ "type": "Feature", "properties": { "name": "I66 EB" }, "geometry": { "type": "LineString", "coordinates": [ [ -77.3789, 38.85594 ], [ -77.37808, 38.8561 ] ] } },
{ "type": "Feature", "properties": { "name": "RT28 NB THRU RAMP" }, "geometry": { "type": "LineString", "coordinates": [ [ -77.44102, 38.89449 ], [ -77.43928, 38.89705 ] ] } },
{ "type": "Feature", "properties": { "name": "RT28 NB THRU RAMP" }, "geometry": { "type": "LineString", "coordinates": [ [ -77.43928, 38.89705 ], [ -77.43884, 38.89768 ] ] } },
{ "type": "Feature", "properties": { "name": "RT28 NB THRU RAMP" }, "geometry": { "type": "LineString", "coordinates": [ [ -77.43884, 38.89768 ], [ -77.43864, 38.89797 ] ] } },
{ "type": "Feature", "properties": { "name": "RT28 NB THRU RAMP" }, "geometry": { "type": "LineString", "coordinates": [ [ -77.43864, 38.89797 ], [ -77.43659, 38.90096 ] ] } },
{ "type": "Feature", "properties": { "name": "RT28 NB THRU RAMP" }, "geometry": { "type": "LineString", "coordinates": [ [ -77.43659, 38.90096 ], [ -77.43608, 38.90188 ] ] } },
{ "type": "Feature", "properties": { "name": "RT28 NB THRU RAMP" }, "geometry": { "type": "LineString", "coordinates": [ [ -77.44265, 38.89221 ], [ -77.44169, 38.89343 ], [ -77.44102, 38.89449 ] ] } },
{ "type": "Feature", "properties": { "name": "RT28 SB THRU RAMP" }, "geometry": { "type": "LineString", "coordinates": [ [ -77.43742, 38.9008 ], [ -77.43936, 38.89793 ] ] } },
{ "type": "Feature", "properties": { "name": "RT28 SB THRU RAMP" }, "geometry": { "type": "LineString", "coordinates": [ [ -77.43936, 38.89793 ], [ -77.43981, 38.89729 ] ] } },
{ "type": "Feature", "properties": { "name": "RT28 SB THRU RAMP" }, "geometry": { "type": "LineString", "coordinates": [ [ -77.43981, 38.89729 ], [ -77.44147, 38.89483 ] ] } },
{ "type": "Feature", "properties": { "name": "RT28 SB THRU RAMP" }, "geometry": { "type": "LineString", "coordinates": [ [ -77.44147, 38.89483 ], [ -77.44203, 38.8939 ], [ -77.44242, 38.89303 ] ] } },
{ "type": "Feature", "properties": { "name": "RT28 SB RAMP TO RT50 WB" }, "geometry": { "type": "LineString", "coordinates": [ [ -77.43577, 38.90286 ], [ -77.43695, 38.90148 ], [ -77.43742, 38.9008 ] ] } },
{ "type": "Feature", "properties": { "name": "I495 SB" }, "geometry": { "type": "LineString", "coordinates": [ [ -77.17914, 38.97226 ], [ -77.1793, 38.97116 ] ] } },
{ "type": "Feature", "properties": { "name": "RT28 NB THRU RAMP" }, "geometry": { "type": "LineString", "coordinates": [ [ -77.43151, 38.90963 ], [ -77.43085, 38.91115 ], [ -77.4305, 38.91237 ] ] } },
{ "type": "Feature", "properties": { "name": "RT28 NB THRU RAMP" }, "geometry": { "type": "LineString", "coordinates": [ [ -77.4305, 38.91237 ], [ -77.43002, 38.91475 ] ] } },
{ "type": "Feature", "properties": { "name": "RT28 NB THRU RAMP" }, "geometry": { "type": "LineString", "coordinates": [ [ -77.43002, 38.91475 ], [ -77.4299, 38.91569 ] ] } },
{ "type": "Feature", "properties": { "name": "RT28 NB THRU RAMP" }, "geometry": { "type": "LineString", "coordinates": [ [ -77.4299, 38.91569 ], [ -77.42975, 38.91806 ] ] } },
{ "type": "Feature", "properties": { "name": "RT28 NB THRU RAMP" }, "geometry": { "type": "LineString", "coordinates": [ [ -77.42975, 38.91806 ], [ -77.4298, 38.91951 ], [ -77.42976, 38.92034 ], [ -77.4299, 38.9215 ] ] } },
{ "type": "Feature", "properties": { "name": "RT28 SB THRU RAMP" }, "geometry": { "type": "LineString", "coordinates": [ [ -77.43037, 38.91874 ], [ -77.43037, 38.91735 ], [ -77.43055, 38.91554 ] ] } },
{ "type": "Feature", "properties": { "name": "RT28 SB THRU RAMP" }, "geometry": { "type": "LineString", "coordinates": [ [ -77.43055, 38.91554 ], [ -77.43065, 38.91479 ] ] } },
{ "type": "Feature", "properties": { "name": "RT28 SB THRU RAMP" }, "geometry": { "type": "LineString", "coordinates": [ [ -77.43065, 38.91479 ], [ -77.43083, 38.91363 ], [ -77.43125, 38.91193 ] ] } },
{ "type": "Feature", "properties": { "name": "I95 EXP SB" }, "geometry": { "type": "LineString", "coordinates": [ [ -77.19005, 38.74017 ], [ -77.1913, 38.73844 ], [ -77.19339, 38.73581 ] ] } },
{ "type": "Feature", "properties": { "name": "I95 SB" }, "geometry": { "type": "LineString", "coordinates": [ [ -77.192, 38.73794 ], [ -77.19528, 38.73387 ], [ -77.19641, 38.73262 ] ] } },
{ "type": "Feature", "properties": { "name": "SULLY RD" }, "geometry": { "type": "LineString", "coordinates": [ [ -77.42947, 38.95158 ], [ -77.42939, 38.95553 ] ] } },
{ "type": "Feature", "properties": { "name": "DULLES ACCESS RD EB THRU RAMP" }, "geometry": { "type": "LineString", "coordinates": [ [ -77.42281, 38.9622 ], [ -77.42215, 38.96212 ] ] } },
{ "type": "Feature", "properties": { "name": "SULLY RD" }, "geometry": { "type": "LineString", "coordinates": [ [ -77.42966, 38.95526 ], [ -77.42967, 38.95161 ] ] } },
{ "type": "Feature", "properties": { "name": "RT267 WB" }, "geometry": { "type": "LineString", "coordinates": [ [ -77.41977, 38.96248 ], [ -77.42224, 38.96277 ] ] } },
{ "type": "Feature", "properties": { "name": "I395 EXP NB" }, "geometry": { "type": "LineString", "coordinates": [ [ -77.14401, 38.81326 ], [ -77.14366, 38.81338 ] ] } },
{ "type": "Feature", "properties": { "name": "I395 SB" }, "geometry": { "type": "LineString", "coordinates": [ [ -77.14365, 38.81359 ], [ -77.14378, 38.81354 ] ] } },
{ "type": "Feature", "properties": { "name": "I95 LOCAL SB" }, "geometry": { "type": "LineString", "coordinates": [ [ -77.06745, 38.79797 ], [ -77.06816, 38.79832 ], [ -77.07059, 38.79923 ] ] } },
{ "type": "Feature", "properties": { "name": "I495 SB" }, "geometry": { "type": "LineString", "coordinates": [ [ -77.19038, 38.79616 ], [ -77.18642, 38.795 ] ] } },
{ "type": "Feature", "properties": { "name": "I495 SB" }, "geometry": { "type": "LineString", "coordinates": [ [ -77.18642, 38.795 ], [ -77.18594, 38.79485 ] ] } },
{ "type": "Feature", "properties": { "name": "I495 NB" }, "geometry": { "type": "LineString", "coordinates": [ [ -77.18638, 38.79524 ], [ -77.19025, 38.79645 ] ] } },
{ "type": "Feature", "properties": { "name": "I495 NB" }, "geometry": { "type": "LineString", "coordinates": [ [ -77.18589, 38.79509 ], [ -77.18638, 38.79524 ] ] } },
{ "type": "Feature", "properties": { "name": "RT123 SB RAMP TO I66 EB" }, "geometry": { "type": "LineString", "coordinates": [ [ -77.30771, 38.86852 ], [ -77.30672, 38.86871 ] ] } },
{ "type": "Feature", "properties": { "name": "RT123 SB RAMP TO I66 EB" }, "geometry": { "type": "LineString", "coordinates": [ [ -77.30877, 38.86831 ], [ -77.30771, 38.86852 ] ] } },
{ "type": "Feature", "properties": { "name": "I495 EXPRESS LANE SB" }, "geometry": { "type": "LineString", "coordinates": [ [ -77.1886, 38.96152 ], [ -77.18931, 38.96117 ], [ -77.19075, 38.96029 ] ] } },
{ "type": "Feature", "properties": { "name": "I495 EXPRESS LANE SB" }, "geometry": { "type": "LineString", "coordinates": [ [ -77.19075, 38.96029 ], [ -77.19125, 38.95981 ] ] } },
{ "type": "Feature", "properties": { "name": "I95 NB" }, "geometry": { "type": "LineString", "coordinates": [ [ -77.23848, 38.67447 ], [ -77.23674, 38.6753 ], [ -77.23543, 38.67605 ] ] } },
{ "type": "Feature", "properties": { "name": "I95 NB" }, "geometry": { "type": "LineString", "coordinates": [ [ -77.23543, 38.67605 ], [ -77.2348, 38.67644 ] ] } },
{ "type": "Feature", "properties": { "name": "I95 EXP NB" }, "geometry": { "type": "LineString", "coordinates": [ [ -77.2356, 38.67613 ], [ -77.23526, 38.67634 ] ] } },
{ "type": "Feature", "properties": { "name": "I95 EXP NB" }, "geometry": { "type": "LineString", "coordinates": [ [ -77.23526, 38.67634 ], [ -77.23375, 38.6774 ] ] } },
{ "type": "Feature", "properties": { "name": "I95 EXP SB" }, "geometry": { "type": "LineString", "coordinates": [ [ -77.23439, 38.67698 ], [ -77.23523, 38.67641 ] ] } },
{ "type": "Feature", "properties": { "name": "I95 EXP SB" }, "geometry": { "type": "LineString", "coordinates": [ [ -77.23523, 38.67641 ], [ -77.23564, 38.67614 ] ] } },
{ "type": "Feature", "properties": { "name": "I95 SB" }, "geometry": { "type": "LineString", "coordinates": [ [ -77.23621, 38.67653 ], [ -77.23645, 38.67636 ] ] } },
{ "type": "Feature", "properties": { "name": "I95 SB" }, "geometry": { "type": "LineString", "coordinates": [ [ -77.23645, 38.67636 ], [ -77.23701, 38.67598 ] ] } },
{ "type": "Feature", "properties": { "name": "I395 EXP NB" }, "geometry": { "type": "LineString", "coordinates": [ [ -77.16229, 38.80318 ], [ -77.15915, 38.80541 ], [ -77.15591, 38.80745 ] ] } },
{ "type": "Feature", "properties": { "name": "I395 EXP NB" }, "geometry": { "type": "LineString", "coordinates": [ [ -77.16387, 38.80195 ], [ -77.16349, 38.80225 ] ] } },
{ "type": "Feature", "properties": { "name": "I395 EXP SB" }, "geometry": { "type": "LineString", "coordinates": [ [ -77.15594, 38.80748 ], [ -77.15917, 38.80545 ], [ -77.16237, 38.80318 ] ] } },
{ "type": "Feature", "properties": { "name": "I395 EXP SB" }, "geometry": { "type": "LineString", "coordinates": [ [ -77.16356, 38.80226 ], [ -77.16391, 38.80198 ] ] } },
{ "type": "Feature", "properties": { "name": "I395 NB" }, "geometry": { "type": "LineString", "coordinates": [ [ -77.16372, 38.8019 ], [ -77.16325, 38.80226 ] ] } },
{ "type": "Feature", "properties": { "name": "I395 NB" }, "geometry": { "type": "LineString", "coordinates": [ [ -77.16325, 38.80226 ], [ -77.16247, 38.80288 ] ] } },
{ "type": "Feature", "properties": { "name": "I395 SB" }, "geometry": { "type": "LineString", "coordinates": [ [ -77.16256, 38.80327 ], [ -77.16308, 38.80288 ] ] } },
{ "type": "Feature", "properties": { "name": "I395 EXP NB" }, "geometry": { "type": "LineString", "coordinates": [ [ -77.16349, 38.80225 ], [ -77.16257, 38.80297 ] ] } },
{ "type": "Feature", "properties": { "name": "I395 EXP NB" }, "geometry": { "type": "LineString", "coordinates": [ [ -77.16257, 38.80297 ], [ -77.16229, 38.80318 ] ] } },
{ "type": "Feature", "properties": { "name": "I395 EXP SB" }, "geometry": { "type": "LineString", "coordinates": [ [ -77.16265, 38.80296 ], [ -77.16356, 38.80226 ] ] } },
{ "type": "Feature", "properties": { "name": "I395 EXP SB" }, "geometry": { "type": "LineString", "coordinates": [ [ -77.16237, 38.80318 ], [ -77.16265, 38.80296 ] ] } },
{ "type": "Feature", "properties": { "name": "I395 NB" }, "geometry": { "type": "LineString", "coordinates": [ [ -77.16247, 38.80288 ], [ -77.16209, 38.80317 ] ] } },
{ "type": "Feature", "properties": { "name": "SULLY RD" }, "geometry": { "type": "LineString", "coordinates": [ [ -77.42981, 38.92725 ], [ -77.42976, 38.9301 ] ] } },
{ "type": "Feature", "properties": { "name": "SULLY RD" }, "geometry": { "type": "LineString", "coordinates": [ [ -77.42976, 38.9301 ], [ -77.42975, 38.93094 ] ] } },
{ "type": "Feature", "properties": { "name": "I95 NB" }, "geometry": { "type": "LineString", "coordinates": [ [ -77.02503, 38.79306 ], [ -77.02204, 38.79339 ] ] } },
{ "type": "Feature", "properties": { "name": "I95 NB" }, "geometry": { "type": "LineString", "coordinates": [ [ -77.01836, 38.79414 ], [ -77.01515, 38.79512 ], [ -77.01242, 38.79619 ], [ -76.99625, 38.80436 ] ] } },
{ "type": "Feature", "properties": { "name": "I95 LOCAL NB" }, "geometry": { "type": "LineString", "coordinates": [ [ -77.02355, 38.79305 ], [ -77.02025, 38.79342 ] ] } },
{ "type": "Feature", "properties": { "name": "I95 LOCAL NB" }, "geometry": { "type": "LineString", "coordinates": [ [ -77.02501, 38.79292 ], [ -77.02355, 38.79305 ] ] } },
{ "type": "Feature", "properties": { "name": "I95 LOCAL NB" }, "geometry": { "type": "LineString", "coordinates": [ [ -77.02025, 38.79342 ], [ -77.01846, 38.79379 ], [ -77.01643, 38.79439 ] ] } },
{ "type": "Feature", "properties": { "name": "I95 LOCAL NB" }, "geometry": { "type": "LineString", "coordinates": [ [ -77.01643, 38.79439 ], [ -77.01573, 38.79464 ] ] } },
{ "type": "Feature", "properties": { "name": "I95 LOCAL NB" }, "geometry": { "type": "LineString", "coordinates": [ [ -77.01573, 38.79464 ], [ -77.01465, 38.79502 ] ] } },
{ "type": "Feature", "properties": { "name": "I95 LOCAL NB" }, "geometry": { "type": "LineString", "coordinates": [ [ -77.01465, 38.79502 ], [ -77.01382, 38.79532 ] ] } },
{ "type": "Feature", "properties": { "name": "I95 LOCAL NB" }, "geometry": { "type": "LineString", "coordinates": [ [ -77.01382, 38.79532 ], [ -77.01369, 38.79537 ] ] } },
{ "type": "Feature", "properties": { "name": "I95 LOCAL NB" }, "geometry": { "type": "LineString", "coordinates": [ [ -77.01369, 38.79537 ], [ -77.01353, 38.79543 ] ] } },
{ "type": "Feature", "properties": { "name": "I95 LOCAL NB" }, "geometry": { "type": "LineString", "coordinates": [ [ -77.01353, 38.79543 ], [ -77.01199, 38.79615 ] ] } },
{ "type": "Feature", "properties": { "name": "I95 LOCAL NB" }, "geometry": { "type": "LineString", "coordinates": [ [ -77.01199, 38.79615 ], [ -77.00812, 38.79817 ] ] } },
{ "type": "Feature", "properties": { "name": "I95 SB" }, "geometry": { "type": "LineString", "coordinates": [ [ -77.00893, 38.79819 ], [ -77.01256, 38.79636 ], [ -77.01385, 38.79579 ], [ -77.01596, 38.79511 ], [ -77.01849, 38.79444 ] ] } },
{ "type": "Feature", "properties": { "name": "I95 LOCAL SB" }, "geometry": { "type": "LineString", "coordinates": [ [ -77.02097, 38.7941 ], [ -77.02341, 38.79362 ], [ -77.0251, 38.79342 ] ] } },
{ "type": "Feature", "properties": { "name": "I95 LOCAL SB" }, "geometry": { "type": "LineString", "coordinates": [ [ -77.01623, 38.79526 ], [ -77.01756, 38.79486 ], [ -77.02097, 38.7941 ] ] } },
{ "type": "Feature", "properties": { "name": "I95 LOCAL SB" }, "geometry": { "type": "LineString", "coordinates": [ [ -77.01566, 38.79542 ], [ -77.01623, 38.79526 ] ] } },
{ "type": "Feature", "properties": { "name": "I95 LOCAL SB" }, "geometry": { "type": "LineString", "coordinates": [ [ -77.01051, 38.79765 ], [ -77.01269, 38.79655 ] ] } },
{ "type": "Feature", "properties": { "name": "I95 LOCAL SB" }, "geometry": { "type": "LineString", "coordinates": [ [ -77.00199, 38.80215 ], [ -77.01051, 38.79765 ] ] } },
{ "type": "Feature", "properties": { "name": "I95 LOCAL SB" }, "geometry": { "type": "LineString", "coordinates": [ [ -77.01516, 38.79557 ], [ -77.01566, 38.79542 ] ] } },
{ "type": "Feature", "properties": { "name": "I95 LOCAL SB" }, "geometry": { "type": "LineString", "coordinates": [ [ -77.01407, 38.79594 ], [ -77.01516, 38.79557 ] ] } },
{ "type": "Feature", "properties": { "name": "I95 LOCAL SB" }, "geometry": { "type": "LineString", "coordinates": [ [ -77.01383, 38.79604 ], [ -77.01407, 38.79594 ] ] } },
{ "type": "Feature", "properties": { "name": "I95 LOCAL SB" }, "geometry": { "type": "LineString", "coordinates": [ [ -77.01269, 38.79655 ], [ -77.01383, 38.79604 ] ] } },
{ "type": "Feature", "properties": { "name": "I95 LOCAL NB" }, "geometry": { "type": "LineString", "coordinates": [ [ -77.03895, 38.79243 ], [ -77.02808, 38.7927 ], [ -77.02501, 38.79292 ] ] } },
{ "type": "Feature", "properties": { "name": "I95 NB" }, "geometry": { "type": "LineString", "coordinates": [ [ -77.03896, 38.79256 ], [ -77.02722, 38.79288 ], [ -77.02503, 38.79306 ] ] } },
{ "type": "Feature", "properties": { "name": "I95 SB" }, "geometry": { "type": "LineString", "coordinates": [ [ -77.02505, 38.79327 ], [ -77.02912, 38.793 ], [ -77.03896, 38.79278 ] ] } },
{ "type": "Feature", "properties": { "name": "I95 LOCAL SB" }, "geometry": { "type": "LineString", "coordinates": [ [ -77.0251, 38.79342 ], [ -77.0289, 38.79317 ], [ -77.03897, 38.79292 ] ] } },
{ "type": "Feature", "properties": { "name": "I295 SB" }, "geometry": { "type": "LineString", "coordinates": [ [ -77.01694, 38.79513 ], [ -77.01595, 38.79384 ] ] } },
{ "type": "Feature", "properties": { "name": "I295 SB" }, "geometry": { "type": "LineString", "coordinates": [ [ -77.01756, 38.79603 ], [ -77.01694, 38.79513 ] ] } },
{ "type": "Feature", "properties": { "name": "I95 NB" }, "geometry": { "type": "LineString", "coordinates": [ [ -77.08969, 38.80174 ], [ -77.08482, 38.80115 ] ] } },
{ "type": "Feature", "properties": { "name": "I95 NB" }, "geometry": { "type": "LineString", "coordinates": [ [ -77.07842, 38.80043 ], [ -77.07655, 38.80021 ] ] } },
{ "type": "Feature", "properties": { "name": "I95 NB" }, "geometry": { "type": "LineString", "coordinates": [ [ -77.0718, 38.79918 ], [ -77.07059, 38.79878 ], [ -77.0633, 38.79593 ] ] } },
{ "type": "Feature", "properties": { "name": "I95 LOCAL NB" }, "geometry": { "type": "LineString", "coordinates": [ [ -77.09781, 38.8027 ], [ -77.08669, 38.80121 ] ] } },
{ "type": "Feature", "properties": { "name": "I95 LOCAL SB" }, "geometry": { "type": "LineString", "coordinates": [ [ -77.08501, 38.80153 ], [ -77.0933, 38.80257 ], [ -77.09725, 38.80289 ] ] } },
{ "type": "Feature", "properties": { "name": "I95 SB" }, "geometry": { "type": "LineString", "coordinates": [ [ -77.08515, 38.80143 ], [ -77.09725, 38.80289 ] ] } },
{ "type": "Feature", "properties": { "name": "TELEGRAPH RD SB RAMP TO I95 NB" }, "geometry": { "type": "LineString", "coordinates": [ [ -77.07778, 38.8001 ], [ -77.07496, 38.79967 ] ] } },
{ "type": "Feature", "properties": { "name": "I95 SB" }, "geometry": { "type": "LineString", "coordinates": [ [ -77.15164, 38.79394 ], [ -77.15355, 38.79362 ] ] } },
{ "type": "Feature", "properties": { "name": "I95 NB" }, "geometry": { "type": "LineString", "coordinates": [ [ -77.07655, 38.80021 ], [ -77.07451, 38.79986 ], [ -77.0718, 38.79918 ] ] } },
{ "type": "Feature", "properties": { "name": "TELEGRAPH RD SB RAMP TO I95 NB" }, "geometry": { "type": "LineString", "coordinates": [ [ -77.07859, 38.80022 ], [ -77.07778, 38.8001 ] ] } },
{ "type": "Feature", "properties": { "name": "I95 NB" }, "geometry": { "type": "LineString", "coordinates": [ [ -77.0836, 38.80102 ], [ -77.07842, 38.80043 ] ] } },
{ "type": "Feature", "properties": { "name": "I95 NB" }, "geometry": { "type": "LineString", "coordinates": [ [ -77.08482, 38.80115 ], [ -77.0836, 38.80102 ] ] } },
{ "type": "Feature", "properties": { "name": "FAIRFAX COUNTY PKWY NB" }, "geometry": { "type": "LineString", "coordinates": [ [ -77.21639, 38.75858 ], [ -77.21665, 38.75882 ] ] } },
{ "type": "Feature", "properties": { "name": "FAIRFAX COUNTY PKWY NB" }, "geometry": { "type": "LineString", "coordinates": [ [ -77.21625, 38.75843 ], [ -77.21639, 38.75858 ] ] } },
{ "type": "Feature", "properties": { "name": "FAIRFAX COUNTY PKWY SB" }, "geometry": { "type": "LineString", "coordinates": [ [ -77.21692, 38.75874 ], [ -77.21664, 38.75849 ] ] } },
{ "type": "Feature", "properties": { "name": "FAIRFAX COUNTY PKWY SB" }, "geometry": { "type": "LineString", "coordinates": [ [ -77.21664, 38.75849 ], [ -77.21649, 38.75834 ] ] } },
{ "type": "Feature", "properties": { "name": "I95 EXP SB RAMP TO I95 SB" }, "geometry": { "type": "LineString", "coordinates": [ [ -77.1833, 38.7687 ], [ -77.18337, 38.76719 ], [ -77.18331, 38.76681 ] ] } },
{ "type": "Feature", "properties": { "name": "I95 EXP SB RAMP TO I95 SB" }, "geometry": { "type": "LineString", "coordinates": [ [ -77.18316, 38.77006 ], [ -77.1833, 38.7687 ] ] } },
{ "type": "Feature", "properties": { "name": "I95 EXP SB" }, "geometry": { "type": "LineString", "coordinates": [ [ -77.18206, 38.77386 ], [ -77.18273, 38.77021 ] ] } },
{ "type": "Feature", "properties": { "name": "I95 EXP SB" }, "geometry": { "type": "LineString", "coordinates": [ [ -77.18273, 38.77021 ], [ -77.1829, 38.76861 ] ] } },
{ "type": "Feature", "properties": { "name": "I95 EXP NB" }, "geometry": { "type": "LineString", "coordinates": [ [ -77.18268, 38.77033 ], [ -77.18236, 38.77224 ], [ -77.18188, 38.77439 ] ] } },
{ "type": "Feature", "properties": { "name": "I95 EXP NB" }, "geometry": { "type": "LineString", "coordinates": [ [ -77.18286, 38.76862 ], [ -77.18268, 38.77033 ] ] } },
{ "type": "Feature", "properties": { "name": "I95 SB" }, "geometry": { "type": "LineString", "coordinates": [ [ -77.18299, 38.76996 ], [ -77.18308, 38.76873 ] ] } },
{ "type": "Feature", "properties": { "name": "I95 SB" }, "geometry": { "type": "LineString", "coordinates": [ [ -77.18308, 38.76873 ], [ -77.18324, 38.76718 ] ] } },
{ "type": "Feature", "properties": { "name": "I95 NB" }, "geometry": { "type": "LineString", "coordinates": [ [ -77.18253, 38.76904 ], [ -77.18235, 38.77059 ] ] } },
{ "type": "Feature", "properties": { "name": "I95 NB" }, "geometry": { "type": "LineString", "coordinates": [ [ -77.18272, 38.76631 ], [ -77.18253, 38.76904 ] ] } },
{ "type": "Feature", "properties": { "name": "I95 NB RAMP TO LOISDALE RD" }, "geometry": { "type": "LineString", "coordinates": [ [ -77.18233, 38.76917 ], [ -77.18216, 38.77062 ] ] } },
{ "type": "Feature", "properties": { "name": "I95 NB RAMP TO LOISDALE RD" }, "geometry": { "type": "LineString", "coordinates": [ [ -77.18272, 38.76631 ], [ -77.18249, 38.7672 ], [ -77.18233, 38.76917 ] ] } },
{ "type": "Feature", "properties": { "name": "FAIRFAX COUNTY PKWY NB" }, "geometry": { "type": "LineString", "coordinates": [ [ -77.21601, 38.75814 ], [ -77.21625, 38.75843 ] ] } },
{ "type": "Feature", "properties": { "name": "I95 NB" }, "geometry": { "type": "LineString", "coordinates": [ [ -77.11624, 38.80038 ], [ -77.11448, 38.80086 ] ] } },
{ "type": "Feature", "properties": { "name": "I95 NB RAMP TO EISENHOWER CONNECTOR NB" }, "geometry": { "type": "LineString", "coordinates": [ [ -77.11624, 38.80038 ], [ -77.11482, 38.80069 ] ] } },
{ "type": "Feature", "properties": { "name": "I495 EXPRESS LANE SB" }, "geometry": { "type": "LineString", "coordinates": [ [ -77.20282, 38.94544 ], [ -77.20741, 38.93746 ] ] } },
{ "type": "Feature", "properties": { "name": "I495 EXPRESS LANE NB" }, "geometry": { "type": "LineString", "coordinates": [ [ -77.20719, 38.9374 ], [ -77.20453, 38.94225 ], [ -77.20268, 38.94528 ] ] } },
{ "type": "Feature", "properties": { "name": "I495 EXPRESS LANE NB" }, "geometry": { "type": "LineString", "coordinates": [ [ -77.20813, 38.93574 ], [ -77.20773, 38.93639 ] ] } },
{ "type": "Feature", "properties": { "name": "I495 EXPRESS LANE SB" }, "geometry": { "type": "LineString", "coordinates": [ [ -77.20817, 38.93636 ], [ -77.20844, 38.93594 ] ] } },
{ "type": "Feature", "properties": { "name": "I495 EXPRESS LANE NB" }, "geometry": { "type": "LineString", "coordinates": [ [ -77.20985, 38.93316 ], [ -77.20813, 38.93574 ] ] } },
{ "type": "Feature", "properties": { "name": "I495 EXPRESS LANE NB" }, "geometry": { "type": "LineString", "coordinates": [ [ -77.21073, 38.9319 ], [ -77.20985, 38.93316 ] ] } },
{ "type": "Feature", "properties": { "name": "I495 EXPRESS LANE NB" }, "geometry": { "type": "LineString", "coordinates": [ [ -77.21296, 38.92772 ], [ -77.21073, 38.9319 ] ] } },
{ "type": "Feature", "properties": { "name": "I495 EXPRESS LANE NB" }, "geometry": { "type": "LineString", "coordinates": [ [ -77.21315, 38.92733 ], [ -77.21296, 38.92772 ] ] } },
{ "type": "Feature", "properties": { "name": "I495 EXPRESS LANE NB" }, "geometry": { "type": "LineString", "coordinates": [ [ -77.21576, 38.92244 ], [ -77.21531, 38.92341 ], [ -77.21447, 38.92489 ] ] } },
{ "type": "Feature", "properties": { "name": "I495 EXPRESS LANE NB" }, "geometry": { "type": "LineString", "coordinates": [ [ -77.21402, 38.92569 ], [ -77.21315, 38.92733 ] ] } },
{ "type": "Feature", "properties": { "name": "I495 EXPRESS LANE NB" }, "geometry": { "type": "LineString", "coordinates": [ [ -77.21633, 38.92094 ], [ -77.21576, 38.92244 ] ] } },
{ "type": "Feature", "properties": { "name": "I495 EXPRESS LANE NB" }, "geometry": { "type": "LineString", "coordinates": [ [ -77.21679, 38.91933 ], [ -77.21633, 38.92094 ] ] } },
{ "type": "Feature", "properties": { "name": "I495 EXPRESS LANE NB" }, "geometry": { "type": "LineString", "coordinates": [ [ -77.21735, 38.91654 ], [ -77.21679, 38.91933 ] ] } },
{ "type": "Feature", "properties": { "name": "I495 EXPRESS LANE NB" }, "geometry": { "type": "LineString", "coordinates": [ [ -77.21746, 38.9161 ], [ -77.21735, 38.91654 ] ] } },
{ "type": "Feature", "properties": { "name": "I495 EXPRESS LANE NB" }, "geometry": { "type": "LineString", "coordinates": [ [ -77.21772, 38.91104 ], [ -77.21757, 38.91507 ] ] } },
{ "type": "Feature", "properties": { "name": "I495 EXPRESS LANE NB" }, "geometry": { "type": "LineString", "coordinates": [ [ -77.21768, 38.91012 ], [ -77.21772, 38.91104 ] ] } },
{ "type": "Feature", "properties": { "name": "I495 EXPRESS LANE NB" }, "geometry": { "type": "LineString", "coordinates": [ [ -77.21749, 38.90875 ], [ -77.21768, 38.91012 ] ] } },
{ "type": "Feature", "properties": { "name": "I495 EXPRESS LANE NB" }, "geometry": { "type": "LineString", "coordinates": [ [ -77.21738, 38.90815 ], [ -77.21749, 38.90875 ] ] } },
{ "type": "Feature", "properties": { "name": "I495 EXPRESS LANE NB" }, "geometry": { "type": "LineString", "coordinates": [ [ -77.21654, 38.90463 ], [ -77.21738, 38.90815 ] ] } },
{ "type": "Feature", "properties": { "name": "I495 EXPRESS LANE NB" }, "geometry": { "type": "LineString", "coordinates": [ [ -77.21476, 38.89843 ], [ -77.21498, 38.90006 ], [ -77.21588, 38.90275 ] ] } },
{ "type": "Feature", "properties": { "name": "I495 EXPRESS LANE NB" }, "geometry": { "type": "LineString", "coordinates": [ [ -77.21475, 38.89787 ], [ -77.21476, 38.89843 ] ] } },
{ "type": "Feature", "properties": { "name": "I495 EXPRESS LANE NB" }, "geometry": { "type": "LineString", "coordinates": [ [ -77.21535, 38.89478 ], [ -77.21494, 38.89608 ], [ -77.2148, 38.89691 ], [ -77.21475, 38.89787 ] ] } },
{ "type": "Feature", "properties": { "name": "I495 EXPRESS LANE NB" }, "geometry": { "type": "LineString", "coordinates": [ [ -77.21561, 38.89414 ], [ -77.21535, 38.89478 ] ] } },
{ "type": "Feature", "properties": { "name": "I495 EXPRESS LANE NB" }, "geometry": { "type": "LineString", "coordinates": [ [ -77.21694, 38.89159 ], [ -77.21593, 38.89338 ], [ -77.21561, 38.89414 ] ] } },
{ "type": "Feature", "properties": { "name": "I495 EXPRESS LANE NB" }, "geometry": { "type": "LineString", "coordinates": [ [ -77.22053, 38.87635 ], [ -77.22102, 38.87808 ] ] } },
{ "type": "Feature", "properties": { "name": "I495 EXPRESS LANE NB" }, "geometry": { "type": "LineString", "coordinates": [ [ -77.21997, 38.87238 ], [ -77.22, 38.87384 ], [ -77.22026, 38.87544 ] ] } },
{ "type": "Feature", "properties": { "name": "I495 EXPRESS LANE NB" }, "geometry": { "type": "LineString", "coordinates": [ [ -77.22026, 38.87544 ], [ -77.22053, 38.87635 ] ] } },
{ "type": "Feature", "properties": { "name": "I495 EXPRESS LANE NB" }, "geometry": { "type": "LineString", "coordinates": [ [ -77.22002, 38.87131 ], [ -77.22004, 38.87178 ] ] } },
{ "type": "Feature", "properties": { "name": "I495 EXPRESS LANE NB" }, "geometry": { "type": "LineString", "coordinates": [ [ -77.22008, 38.86636 ], [ -77.22002, 38.87131 ] ] } },
{ "type": "Feature", "properties": { "name": "I495 EXPRESS LANE NB" }, "geometry": { "type": "LineString", "coordinates": [ [ -77.22008, 38.86611 ], [ -77.22008, 38.86636 ] ] } },
{ "type": "Feature", "properties": { "name": "I495 EXPRESS LANE NB" }, "geometry": { "type": "LineString", "coordinates": [ [ -77.22008, 38.86549 ], [ -77.22008, 38.86611 ] ] } },
{ "type": "Feature", "properties": { "name": "I495 EXPRESS LANE NB" }, "geometry": { "type": "LineString", "coordinates": [ [ -77.22002, 38.86063 ], [ -77.22008, 38.86549 ] ] } },
{ "type": "Feature", "properties": { "name": "I495 EXPRESS LANE NB" }, "geometry": { "type": "LineString", "coordinates": [ [ -77.21988, 38.85354 ], [ -77.21989, 38.85396 ] ] } },
{ "type": "Feature", "properties": { "name": "I495 EXPRESS LANE NB" }, "geometry": { "type": "LineString", "coordinates": [ [ -77.21989, 38.85396 ], [ -77.2199, 38.85756 ] ] } },
{ "type": "Feature", "properties": { "name": "I495 EXPRESS LANE NB" }, "geometry": { "type": "LineString", "coordinates": [ [ -77.2192, 38.84007 ], [ -77.21968, 38.84231 ], [ -77.21992, 38.84449 ], [ -77.21995, 38.84863 ] ] } },
{ "type": "Feature", "properties": { "name": "I495 EXPRESS LANE NB" }, "geometry": { "type": "LineString", "coordinates": [ [ -77.218, 38.83479 ], [ -77.21821, 38.83621 ], [ -77.21889, 38.83883 ] ] } },
{ "type": "Feature", "properties": { "name": "I495 EXPRESS LANE NB" }, "geometry": { "type": "LineString", "coordinates": [ [ -77.21801, 38.83395 ], [ -77.218, 38.83479 ] ] } },
{ "type": "Feature", "properties": { "name": "I495 EXPRESS LANE NB" }, "geometry": { "type": "LineString", "coordinates": [ [ -77.222, 38.81914 ], [ -77.22214, 38.81997 ], [ -77.22217, 38.82133 ], [ -77.22213, 38.82193 ], [ -77.22176, 38.82357 ], [ -77.22126, 38.82477 ], [ -77.21905, 38.82912 ] ] } },
{ "type": "Feature", "properties": { "name": "I495 EXPRESS LANE NB" }, "geometry": { "type": "LineString", "coordinates": [ [ -77.218, 38.81176 ], [ -77.22033, 38.81489 ], [ -77.22104, 38.81628 ], [ -77.22182, 38.81848 ] ] } },
{ "type": "Feature", "properties": { "name": "I495 EXPRESS LANE NB" }, "geometry": { "type": "LineString", "coordinates": [ [ -77.21738, 38.81094 ], [ -77.218, 38.81176 ] ] } },
{ "type": "Feature", "properties": { "name": "I495 EXPRESS LANE NB" }, "geometry": { "type": "LineString", "coordinates": [ [ -77.20657, 38.80014 ], [ -77.20743, 38.80041 ], [ -77.2088, 38.801 ], [ -77.20961, 38.80148 ], [ -77.21104, 38.80256 ], [ -77.21228, 38.80398 ], [ -77.21628, 38.80932 ], [ -77.21738, 38.81094 ] ] } },
{ "type": "Feature", "properties": { "name": "I495 EXPRESS LANE NB" }, "geometry": { "type": "LineString", "coordinates": [ [ -77.20548, 38.79992 ], [ -77.20657, 38.80014 ] ] } },
{ "type": "Feature", "properties": { "name": "I495 EXPRESS LANE SB" }, "geometry": { "type": "LineString", "coordinates": [ [ -77.20844, 38.93594 ], [ -77.20874, 38.93541 ], [ -77.20978, 38.93433 ], [ -77.21049, 38.93344 ] ] } },
{ "type": "Feature", "properties": { "name": "I495 EXPRESS LANE SB" }, "geometry": { "type": "LineString", "coordinates": [ [ -77.21049, 38.93344 ], [ -77.21092, 38.93263 ] ] } },
{ "type": "Feature", "properties": { "name": "I495 EXPRESS LANE SB" }, "geometry": { "type": "LineString", "coordinates": [ [ -77.21092, 38.93263 ], [ -77.21175, 38.93109 ] ] } },
{ "type": "Feature", "properties": { "name": "I495 EXPRESS LANE SB" }, "geometry": { "type": "LineString", "coordinates": [ [ -77.21175, 38.93109 ], [ -77.21239, 38.93017 ] ] } },
{ "type": "Feature", "properties": { "name": "I495 EXPRESS LANE SB" }, "geometry": { "type": "LineString", "coordinates": [ [ -77.21239, 38.93017 ], [ -77.21345, 38.92843 ] ] } },
{ "type": "Feature", "properties": { "name": "I495 EXPRESS LANE SB" }, "geometry": { "type": "LineString", "coordinates": [ [ -77.21477, 38.92494 ], [ -77.21542, 38.92383 ] ] } },
{ "type": "Feature", "properties": { "name": "I495 EXPRESS LANE SB" }, "geometry": { "type": "LineString", "coordinates": [ [ -77.21626, 38.92234 ], [ -77.21676, 38.92094 ] ] } },
{ "type": "Feature", "properties": { "name": "I495 EXPRESS LANE SB" }, "geometry": { "type": "LineString", "coordinates": [ [ -77.21713, 38.91934 ], [ -77.21754, 38.917 ] ] } },
{ "type": "Feature", "properties": { "name": "I495 EXPRESS LANE SB" }, "geometry": { "type": "LineString", "coordinates": [ [ -77.21754, 38.917 ], [ -77.21768, 38.91617 ] ] } },
{ "type": "Feature", "properties": { "name": "I495 EXPRESS LANE SB" }, "geometry": { "type": "LineString", "coordinates": [ [ -77.21779, 38.91527 ], [ -77.218, 38.91109 ] ] } },
{ "type": "Feature", "properties": { "name": "I495 EXPRESS LANE SB" }, "geometry": { "type": "LineString", "coordinates": [ [ -77.218, 38.91109 ], [ -77.21797, 38.91013 ] ] } },
{ "type": "Feature", "properties": { "name": "I495 EXPRESS LANE SB" }, "geometry": { "type": "LineString", "coordinates": [ [ -77.21797, 38.91013 ], [ -77.21778, 38.90833 ], [ -77.21727, 38.90579 ], [ -77.21649, 38.90373 ] ] } },
{ "type": "Feature", "properties": { "name": "I495 EXPRESS LANE SB" }, "geometry": { "type": "LineString", "coordinates": [ [ -77.2161, 38.90274 ], [ -77.21519, 38.90032 ], [ -77.21504, 38.89968 ], [ -77.21489, 38.89845 ] ] } },
{ "type": "Feature", "properties": { "name": "I495 EXPRESS LANE SB" }, "geometry": { "type": "LineString", "coordinates": [ [ -77.21489, 38.89845 ], [ -77.21489, 38.89791 ] ] } },
{ "type": "Feature", "properties": { "name": "I495 EXPRESS LANE SB" }, "geometry": { "type": "LineString", "coordinates": [ [ -77.21489, 38.89791 ], [ -77.21509, 38.89623 ], [ -77.21554, 38.8947 ] ] } },
{ "type": "Feature", "properties": { "name": "I495 EXPRESS LANE SB" }, "geometry": { "type": "LineString", "coordinates": [ [ -77.21554, 38.8947 ], [ -77.21577, 38.89414 ] ] } },
{ "type": "Feature", "properties": { "name": "I495 EXPRESS LANE SB" }, "geometry": { "type": "LineString", "coordinates": [ [ -77.21577, 38.89414 ], [ -77.21715, 38.89168 ] ] } },
{ "type": "Feature", "properties": { "name": "I495 EXPRESS LANE SB" }, "geometry": { "type": "LineString", "coordinates": [ [ -77.21749, 38.89109 ], [ -77.21859, 38.88988 ], [ -77.2203, 38.88839 ] ] } },
{ "type": "Feature", "properties": { "name": "I495 EXPRESS LANE SB" }, "geometry": { "type": "LineString", "coordinates": [ [ -77.2203, 38.88839 ], [ -77.22084, 38.88782 ], [ -77.22147, 38.88693 ], [ -77.22195, 38.88589 ], [ -77.22201, 38.88537 ] ] } },
{ "type": "Feature", "properties": { "name": "I495 EXPRESS LANE SB" }, "geometry": { "type": "LineString", "coordinates": [ [ -77.22201, 38.88537 ], [ -77.2222, 38.88448 ], [ -77.22225, 38.88293 ] ] } },
{ "type": "Feature", "properties": { "name": "I495 EXPRESS LANE SB" }, "geometry": { "type": "LineString", "coordinates": [ [ -77.22225, 38.88293 ], [ -77.22217, 38.88219 ] ] } },
{ "type": "Feature", "properties": { "name": "I495 EXPRESS LANE SB" }, "geometry": { "type": "LineString", "coordinates": [ [ -77.22217, 38.88219 ], [ -77.22181, 38.88046 ] ] } },
{ "type": "Feature", "properties": { "name": "I495 EXPRESS LANE SB" }, "geometry": { "type": "LineString", "coordinates": [ [ -77.22148, 38.87911 ], [ -77.22077, 38.87631 ] ] } },
{ "type": "Feature", "properties": { "name": "I495 EXPRESS LANE SB" }, "geometry": { "type": "LineString", "coordinates": [ [ -77.22077, 38.87631 ], [ -77.22059, 38.87543 ] ] } },
{ "type": "Feature", "properties": { "name": "I495 EXPRESS LANE SB" }, "geometry": { "type": "LineString", "coordinates": [ [ -77.22059, 38.87543 ], [ -77.22036, 38.87422 ], [ -77.22032, 38.87333 ] ] } },
{ "type": "Feature", "properties": { "name": "I495 EXPRESS LANE SB" }, "geometry": { "type": "LineString", "coordinates": [ [ -77.22032, 38.87333 ], [ -77.22026, 38.87177 ] ] } },
{ "type": "Feature", "properties": { "name": "I495 EXPRESS LANE SB" }, "geometry": { "type": "LineString", "coordinates": [ [ -77.22025, 38.87125 ], [ -77.22026, 38.86637 ] ] } },
{ "type": "Feature", "properties": { "name": "I495 EXPRESS LANE SB" }, "geometry": { "type": "LineString", "coordinates": [ [ -77.22026, 38.86637 ], [ -77.22026, 38.86611 ] ] } },
{ "type": "Feature", "properties": { "name": "I495 EXPRESS LANE SB" }, "geometry": { "type": "LineString", "coordinates": [ [ -77.22026, 38.86611 ], [ -77.22025, 38.86546 ] ] } },
{ "type": "Feature", "properties": { "name": "I495 EXPRESS LANE SB" }, "geometry": { "type": "LineString", "coordinates": [ [ -77.22025, 38.86546 ], [ -77.22019, 38.86059 ] ] } },
{ "type": "Feature", "properties": { "name": "I495 EXPRESS LANE SB" }, "geometry": { "type": "LineString", "coordinates": [ [ -77.22024, 38.85754 ], [ -77.2202, 38.85421 ] ] } },
{ "type": "Feature", "properties": { "name": "I495 EXPRESS LANE SB" }, "geometry": { "type": "LineString", "coordinates": [ [ -77.2202, 38.85421 ], [ -77.22018, 38.85351 ] ] } },
{ "type": "Feature", "properties": { "name": "I495 EXPRESS LANE SB" }, "geometry": { "type": "LineString", "coordinates": [ [ -77.22013, 38.8486 ], [ -77.22013, 38.84604 ], [ -77.22003, 38.84378 ], [ -77.21981, 38.84215 ], [ -77.21937, 38.84001 ] ] } },
{ "type": "Feature", "properties": { "name": "I495 EXPRESS LANE SB" }, "geometry": { "type": "LineString", "coordinates": [ [ -77.21904, 38.8388 ], [ -77.21823, 38.83598 ], [ -77.21813, 38.83479 ] ] } },
{ "type": "Feature", "properties": { "name": "I495 EXPRESS LANE SB" }, "geometry": { "type": "LineString", "coordinates": [ [ -77.21813, 38.83479 ], [ -77.21814, 38.834 ] ] } },
{ "type": "Feature", "properties": { "name": "I495 EXPRESS LANE SB" }, "geometry": { "type": "LineString", "coordinates": [ [ -77.21922, 38.82914 ], [ -77.22176, 38.82412 ], [ -77.22217, 38.82281 ], [ -77.22239, 38.82129 ], [ -77.22222, 38.81912 ] ] } },
{ "type": "Feature", "properties": { "name": "I495 EXPRESS LANE SB" }, "geometry": { "type": "LineString", "coordinates": [ [ -77.22191, 38.8178 ], [ -77.22178, 38.81714 ], [ -77.22123, 38.81571 ], [ -77.22083, 38.81498 ], [ -77.21967, 38.81342 ] ] } },
{ "type": "Feature", "properties": { "name": "I495 EXPRESS LANE SB" }, "geometry": { "type": "LineString", "coordinates": [ [ -77.21967, 38.81342 ], [ -77.21917, 38.8127 ] ] } },
{ "type": "Feature", "properties": { "name": "I495 EXPRESS LANE SB" }, "geometry": { "type": "LineString", "coordinates": [ [ -77.21917, 38.8127 ], [ -77.21837, 38.81169 ] ] } },
{ "type": "Feature", "properties": { "name": "I495 EXPRESS LANE SB" }, "geometry": { "type": "LineString", "coordinates": [ [ -77.21837, 38.81169 ], [ -77.2177, 38.81081 ] ] } },
{ "type": "Feature", "properties": { "name": "I495 EXPRESS LANE SB" }, "geometry": { "type": "LineString", "coordinates": [ [ -77.2177, 38.81081 ], [ -77.21424, 38.80642 ], [ -77.21197, 38.80333 ], [ -77.21138, 38.80268 ], [ -77.20989, 38.80137 ] ] } },
{ "type": "Feature", "properties": { "name": "I495 SB" }, "geometry": { "type": "LineString", "coordinates": [ [ -77.20295, 38.94549 ], [ -77.20448, 38.94293 ] ] } },
{ "type": "Feature", "properties": { "name": "I495 NB" }, "geometry": { "type": "LineString", "coordinates": [ [ -77.20703, 38.93733 ], [ -77.20574, 38.93984 ], [ -77.20335, 38.94398 ] ] } },
{ "type": "Feature", "properties": { "name": "I495 EXPRESS LANE SB" }, "geometry": { "type": "LineString", "coordinates": [ [ -77.21345, 38.92843 ], [ -77.21457, 38.92536 ] ] } },
{ "type": "Feature", "properties": { "name": "I495 EXPRESS LANE NB" }, "geometry": { "type": "LineString", "coordinates": [ [ -77.22106, 38.87836 ], [ -77.22161, 38.88146 ], [ -77.22155, 38.88308 ] ] } },
{ "type": "Feature", "properties": { "name": "I495 SB" }, "geometry": { "type": "LineString", "coordinates": [ [ -77.20989, 38.80137 ], [ -77.20921, 38.80094 ], [ -77.20821, 38.80045 ], [ -77.20656, 38.79993 ] ] } },
{ "type": "Feature", "properties": { "name": "I495 SB" }, "geometry": { "type": "LineString", "coordinates": [ [ -77.22055, 38.81437 ], [ -77.21852, 38.81165 ] ] } },
{ "type": "Feature", "properties": { "name": "I495 SB" }, "geometry": { "type": "LineString", "coordinates": [ [ -77.2225, 38.81907 ], [ -77.22233, 38.81824 ] ] } },
{ "type": "Feature", "properties": { "name": "I495 EXPRESS LANE SB" }, "geometry": { "type": "LineString", "coordinates": [ [ -77.22222, 38.81912 ], [ -77.22191, 38.8178 ] ] } },
{ "type": "Feature", "properties": { "name": "I495 EXPRESS LANE NB" }, "geometry": { "type": "LineString", "coordinates": [ [ -77.22182, 38.81848 ], [ -77.222, 38.81914 ] ] } },
{ "type": "Feature", "properties": { "name": "I495 NB" }, "geometry": { "type": "LineString", "coordinates": [ [ -77.22073, 38.81613 ], [ -77.22157, 38.81822 ], [ -77.22183, 38.8192 ] ] } },
{ "type": "Feature", "properties": { "name": "I495 EXPRESS LANE NB" }, "geometry": { "type": "LineString", "coordinates": [ [ -77.21905, 38.82912 ], [ -77.21838, 38.83102 ], [ -77.21818, 38.83184 ], [ -77.218, 38.83323 ], [ -77.21801, 38.83395 ] ] } },
{ "type": "Feature", "properties": { "name": "I495 NB" }, "geometry": { "type": "LineString", "coordinates": [ [ -77.21885, 38.82906 ], [ -77.21858, 38.82967 ] ] } },
{ "type": "Feature", "properties": { "name": "I495 EXPRESS LANE SB" }, "geometry": { "type": "LineString", "coordinates": [ [ -77.21814, 38.834 ], [ -77.21813, 38.83329 ], [ -77.21827, 38.83222 ], [ -77.21852, 38.83116 ], [ -77.21922, 38.82914 ] ] } },
{ "type": "Feature", "properties": { "name": "I495 SB" }, "geometry": { "type": "LineString", "coordinates": [ [ -77.21911, 38.83002 ], [ -77.21942, 38.82921 ] ] } },
{ "type": "Feature", "properties": { "name": "I495 EXPRESS LANE SB" }, "geometry": { "type": "LineString", "coordinates": [ [ -77.21937, 38.84001 ], [ -77.21904, 38.8388 ] ] } },
{ "type": "Feature", "properties": { "name": "I495 SB" }, "geometry": { "type": "LineString", "coordinates": [ [ -77.21956, 38.83997 ], [ -77.21944, 38.83939 ] ] } },
{ "type": "Feature", "properties": { "name": "I495 EXPRESS LANE NB" }, "geometry": { "type": "LineString", "coordinates": [ [ -77.21889, 38.83883 ], [ -77.2192, 38.84007 ] ] } },
{ "type": "Feature", "properties": { "name": "I495 NB" }, "geometry": { "type": "LineString", "coordinates": [ [ -77.21864, 38.83887 ], [ -77.219, 38.8401 ] ] } },
{ "type": "Feature", "properties": { "name": "I495 EXPRESS LANE SB" }, "geometry": { "type": "LineString", "coordinates": [ [ -77.22018, 38.85351 ], [ -77.22013, 38.8486 ] ] } },
{ "type": "Feature", "properties": { "name": "I495 EXPRESS LANE NB" }, "geometry": { "type": "LineString", "coordinates": [ [ -77.21995, 38.84863 ], [ -77.21988, 38.85354 ] ] } },
{ "type": "Feature", "properties": { "name": "I495 SB" }, "geometry": { "type": "LineString", "coordinates": [ [ -77.22039, 38.84946 ], [ -77.22031, 38.84861 ] ] } },
{ "type": "Feature", "properties": { "name": "I495 NB" }, "geometry": { "type": "LineString", "coordinates": [ [ -77.21973, 38.84863 ], [ -77.21972, 38.84898 ] ] } },
{ "type": "Feature", "properties": { "name": "I495 EXPRESS LANE SB" }, "geometry": { "type": "LineString", "coordinates": [ [ -77.22019, 38.85845 ], [ -77.22024, 38.85754 ] ] } },
{ "type": "Feature", "properties": { "name": "I495 EXPRESS LANE NB" }, "geometry": { "type": "LineString", "coordinates": [ [ -77.2199, 38.85756 ], [ -77.21996, 38.8581 ] ] } },
{ "type": "Feature", "properties": { "name": "I495 EXPRESS LANE SB" }, "geometry": { "type": "LineString", "coordinates": [ [ -77.22022, 38.8592 ], [ -77.22019, 38.85845 ] ] } },
{ "type": "Feature", "properties": { "name": "I495 EXPRESS LANE NB" }, "geometry": { "type": "LineString", "coordinates": [ [ -77.21996, 38.8581 ], [ -77.21995, 38.8592 ] ] } },
{ "type": "Feature", "properties": { "name": "I495 NB" }, "geometry": { "type": "LineString", "coordinates": [ [ -77.21974, 38.85756 ], [ -77.21975, 38.8592 ] ] } },
{ "type": "Feature", "properties": { "name": "I495 SB" }, "geometry": { "type": "LineString", "coordinates": [ [ -77.22044, 38.8592 ], [ -77.22046, 38.85755 ] ] } },
{ "type": "Feature", "properties": { "name": "I495 SB" }, "geometry": { "type": "LineString", "coordinates": [ [ -77.22039, 38.86088 ], [ -77.22038, 38.8606 ] ] } },
{ "type": "Feature", "properties": { "name": "I495 EXPRESS LANE SB" }, "geometry": { "type": "LineString", "coordinates": [ [ -77.22019, 38.86059 ], [ -77.22022, 38.8592 ] ] } },
{ "type": "Feature", "properties": { "name": "I495 EXPRESS LANE NB" }, "geometry": { "type": "LineString", "coordinates": [ [ -77.21995, 38.8592 ], [ -77.22002, 38.86063 ] ] } },
{ "type": "Feature", "properties": { "name": "I495 NB" }, "geometry": { "type": "LineString", "coordinates": [ [ -77.21975, 38.8592 ], [ -77.21982, 38.86065 ] ] } },
{ "type": "Feature", "properties": { "name": "I495 NB" }, "geometry": { "type": "LineString", "coordinates": [ [ -77.21981, 38.86995 ], [ -77.21982, 38.87176 ] ] } },
{ "type": "Feature", "properties": { "name": "I495 SB" }, "geometry": { "type": "LineString", "coordinates": [ [ -77.22052, 38.87296 ], [ -77.22047, 38.87176 ] ] } },
{ "type": "Feature", "properties": { "name": "I495 EXPRESS LANE SB" }, "geometry": { "type": "LineString", "coordinates": [ [ -77.22026, 38.87177 ], [ -77.22025, 38.87125 ] ] } },
{ "type": "Feature", "properties": { "name": "I495 EXPRESS LANE NB" }, "geometry": { "type": "LineString", "coordinates": [ [ -77.22004, 38.87178 ], [ -77.21997, 38.87238 ] ] } },
{ "type": "Feature", "properties": { "name": "I495 NB" }, "geometry": { "type": "LineString", "coordinates": [ [ -77.22076, 38.87811 ], [ -77.22113, 38.88025 ] ] } },
{ "type": "Feature", "properties": { "name": "I495 EXPRESS LANE NB" }, "geometry": { "type": "LineString", "coordinates": [ [ -77.22102, 38.87808 ], [ -77.22106, 38.87836 ] ] } },
{ "type": "Feature", "properties": { "name": "I495 EXPRESS LANE SB" }, "geometry": { "type": "LineString", "coordinates": [ [ -77.22181, 38.88046 ], [ -77.22148, 38.87911 ] ] } },
{ "type": "Feature", "properties": { "name": "I495 SB" }, "geometry": { "type": "LineString", "coordinates": [ [ -77.22222, 38.88118 ], [ -77.22169, 38.87906 ] ] } },
{ "type": "Feature", "properties": { "name": "I495 EXPRESS LANE SB" }, "geometry": { "type": "LineString", "coordinates": [ [ -77.21715, 38.89168 ], [ -77.21749, 38.89109 ] ] } },
{ "type": "Feature", "properties": { "name": "I495 NB" }, "geometry": { "type": "LineString", "coordinates": [ [ -77.21726, 38.89064 ], [ -77.21675, 38.89152 ] ] } },
{ "type": "Feature", "properties": { "name": "I495 SB" }, "geometry": { "type": "LineString", "coordinates": [ [ -77.21602, 38.89416 ], [ -77.21734, 38.89177 ] ] } },
{ "type": "Feature", "properties": { "name": "I495 EXPRESS LANE SB" }, "geometry": { "type": "LineString", "coordinates": [ [ -77.21649, 38.90373 ], [ -77.2161, 38.90274 ] ] } },
{ "type": "Feature", "properties": { "name": "I495 EXPRESS LANE NB" }, "geometry": { "type": "LineString", "coordinates": [ [ -77.21588, 38.90275 ], [ -77.21654, 38.90463 ] ] } },
{ "type": "Feature", "properties": { "name": "I495 SB" }, "geometry": { "type": "LineString", "coordinates": [ [ -77.21692, 38.90409 ], [ -77.2163, 38.90268 ] ] } },
{ "type": "Feature", "properties": { "name": "I495 NB" }, "geometry": { "type": "LineString", "coordinates": [ [ -77.2157, 38.90279 ], [ -77.21618, 38.90439 ] ] } },
{ "type": "Feature", "properties": { "name": "I495 EXPRESS LANE SB" }, "geometry": { "type": "LineString", "coordinates": [ [ -77.21768, 38.91617 ], [ -77.21779, 38.91527 ] ] } },
{ "type": "Feature", "properties": { "name": "I495 EXPRESS LANE NB" }, "geometry": { "type": "LineString", "coordinates": [ [ -77.21757, 38.91507 ], [ -77.21746, 38.9161 ] ] } },
{ "type": "Feature", "properties": { "name": "I495 NB" }, "geometry": { "type": "LineString", "coordinates": [ [ -77.21726, 38.91578 ], [ -77.2172, 38.91613 ] ] } },
{ "type": "Feature", "properties": { "name": "I495 SB" }, "geometry": { "type": "LineString", "coordinates": [ [ -77.21784, 38.91663 ], [ -77.2179, 38.91618 ] ] } },
{ "type": "Feature", "properties": { "name": "I495 NB" }, "geometry": { "type": "LineString", "coordinates": [ [ -77.21613, 38.92089 ], [ -77.21591, 38.92144 ] ] } },
{ "type": "Feature", "properties": { "name": "I495 EXPRESS LANE SB" }, "geometry": { "type": "LineString", "coordinates": [ [ -77.21457, 38.92536 ], [ -77.21477, 38.92494 ] ] } },
{ "type": "Feature", "properties": { "name": "I495 EXPRESS LANE NB" }, "geometry": { "type": "LineString", "coordinates": [ [ -77.21447, 38.92489 ], [ -77.21402, 38.92569 ] ] } },
{ "type": "Feature", "properties": { "name": "I495 SB" }, "geometry": { "type": "LineString", "coordinates": [ [ -77.21494, 38.92499 ], [ -77.2153, 38.92439 ] ] } },
{ "type": "Feature", "properties": { "name": "I495 NB" }, "geometry": { "type": "LineString", "coordinates": [ [ -77.21434, 38.92469 ], [ -77.21428, 38.92482 ] ] } },
{ "type": "Feature", "properties": { "name": "I495 EXPRESS LANE NB" }, "geometry": { "type": "LineString", "coordinates": [ [ -77.20773, 38.93639 ], [ -77.20719, 38.9374 ] ] } },
{ "type": "Feature", "properties": { "name": "I495 EXPRESS LANE SB" }, "geometry": { "type": "LineString", "coordinates": [ [ -77.20741, 38.93746 ], [ -77.20817, 38.93636 ] ] } },
{ "type": "Feature", "properties": { "name": "I495 NB" }, "geometry": { "type": "LineString", "coordinates": [ [ -77.20749, 38.93645 ], [ -77.20703, 38.93733 ] ] } },
{ "type": "Feature", "properties": { "name": "I495 SB" }, "geometry": { "type": "LineString", "coordinates": [ [ -77.20761, 38.93753 ], [ -77.20836, 38.93636 ] ] } },
{ "type": "Feature", "properties": { "name": "I495 EXPRESS LANE SB" }, "geometry": { "type": "LineString", "coordinates": [ [ -77.21676, 38.92094 ], [ -77.21713, 38.91934 ] ] } },
{ "type": "Feature", "properties": { "name": "I95 EXP NB RAMP TO I495 NB" }, "geometry": { "type": "LineString", "coordinates": [ [ -77.17589, 38.79185 ], [ -77.17892, 38.79238 ], [ -77.17992, 38.79268 ], [ -77.18249, 38.79376 ] ] } },
{ "type": "Feature", "properties": { "name": "I95 SB RAMP TO I95 EXP SB" }, "geometry": { "type": "LineString", "coordinates": [ [ -77.15409, 38.79352 ], [ -77.15838, 38.79239 ], [ -77.16401, 38.79127 ] ] } },
{ "type": "Feature", "properties": { "name": "I395 EXP NB" }, "geometry": { "type": "LineString", "coordinates": [ [ -77.17549, 38.79137 ], [ -77.17408, 38.79274 ], [ -77.17112, 38.79531 ], [ -77.16977, 38.79663 ] ] } },
{ "type": "Feature", "properties": { "name": "I95 SB RAMP TO I495 NB" }, "geometry": { "type": "LineString", "coordinates": [ [ -77.16401, 38.79127 ], [ -77.16612, 38.79114 ], [ -77.16902, 38.79109 ], [ -77.17301, 38.79156 ] ] } },
{ "type": "Feature", "properties": { "name": "I95 EXP SB RAMP TO I395 EXP NB" }, "geometry": { "type": "LineString", "coordinates": [ [ -77.16401, 38.79127 ], [ -77.16544, 38.79101 ] ] } },
{ "type": "Feature", "properties": { "name": "I395 NB" }, "geometry": { "type": "LineString", "coordinates": [ [ -77.1749, 38.79088 ], [ -77.17272, 38.79358 ], [ -77.17084, 38.79532 ] ] } },
{ "type": "Feature", "properties": { "name": "I95 EXP NB" }, "geometry": { "type": "LineString", "coordinates": [ [ -77.17668, 38.78915 ], [ -77.17623, 38.79029 ], [ -77.17549, 38.79137 ] ] } },
{ "type": "Feature", "properties": { "name": "I395 EXP SB" }, "geometry": { "type": "LineString", "coordinates": [ [ -77.17309, 38.79364 ], [ -77.17484, 38.7921 ], [ -77.17553, 38.79138 ] ] } },
{ "type": "Feature", "properties": { "name": "I95 EXP SB RAMP TO I95 SB" }, "geometry": { "type": "LineString", "coordinates": [ [ -77.1811, 38.77741 ], [ -77.18115, 38.77559 ] ] } },
{ "type": "Feature", "properties": { "name": "I95 EXP SB" }, "geometry": { "type": "LineString", "coordinates": [ [ -77.17553, 38.79138 ], [ -77.17625, 38.79034 ], [ -77.17672, 38.78916 ] ] } },
{ "type": "Feature", "properties": { "name": "CLARA BARTON PKWY" }, "geometry": { "type": "LineString", "coordinates": [ [ -77.17754, 38.97466 ], [ -77.17853, 38.97469 ], [ -77.17954, 38.97442 ] ] } },
{ "type": "Feature", "properties": { "name": "CLARA BARTON PKWY" }, "geometry": { "type": "LineString", "coordinates": [ [ -77.17954, 38.97442 ], [ -77.18216, 38.97287 ] ] } },
{ "type": "Feature", "properties": { "name": "I495 SB THRU RAMP" }, "geometry": { "type": "LineString", "coordinates": [ [ -77.15777, 38.99171 ], [ -77.15761, 38.99094 ] ] } },
{ "type": "Feature", "properties": { "name": "I495 SB THRU RAMP" }, "geometry": { "type": "LineString", "coordinates": [ [ -77.15761, 38.99094 ], [ -77.15756, 38.98948 ], [ -77.15764, 38.98892 ], [ -77.15788, 38.98813 ] ] } },
{ "type": "Feature", "properties": { "name": "I495 SB THRU RAMP" }, "geometry": { "type": "LineString", "coordinates": [ [ -77.15733, 38.99072 ], [ -77.15738, 38.98934 ], [ -77.15751, 38.98871 ], [ -77.15805, 38.98747 ] ] } },
{ "type": "Feature", "properties": { "name": "I495 SB THRU RAMP" }, "geometry": { "type": "LineString", "coordinates": [ [ -77.15788, 38.98813 ], [ -77.15805, 38.98747 ] ] } },
{ "type": "Feature", "properties": { "name": "I495 SB THRU RAMP" }, "geometry": { "type": "LineString", "coordinates": [ [ -77.15805, 38.98747 ], [ -77.15838, 38.98657 ] ] } },
{ "type": "Feature", "properties": { "name": "I495 SB THRU RAMP" }, "geometry": { "type": "LineString", "coordinates": [ [ -77.15821, 38.99546 ], [ -77.15818, 38.99426 ], [ -77.15777, 38.99171 ] ] } },
{ "type": "Feature", "properties": { "name": "I495 SB" }, "geometry": { "type": "LineString", "coordinates": [ [ -77.15821, 38.99546 ], [ -77.15778, 38.99256 ], [ -77.1575, 38.99129 ] ] } },
{ "type": "Feature", "properties": { "name": "I495 NB" }, "geometry": { "type": "LineString", "coordinates": [ [ -77.15711, 38.99112 ], [ -77.15777, 38.99446 ] ] } },
{ "type": "Feature", "properties": { "name": "I495 NB" }, "geometry": { "type": "LineString", "coordinates": [ [ -77.15682, 38.9895 ], [ -77.15711, 38.99112 ] ] } },
{ "type": "Feature", "properties": { "name": "I495 SB" }, "geometry": { "type": "LineString", "coordinates": [ [ -77.15733, 38.99072 ], [ -77.15698, 38.98873 ], [ -77.15699, 38.98808 ], [ -77.15729, 38.98691 ], [ -77.15782, 38.98595 ], [ -77.15837, 38.9853 ], [ -77.15895, 38.98483 ], [ -77.16015, 38.98412 ] ] } },
{ "type": "Feature", "properties": { "name": "I495 NB" }, "geometry": { "type": "LineString", "coordinates": [ [ -77.15828, 38.98504 ], [ -77.1575, 38.98598 ], [ -77.1571, 38.98664 ], [ -77.15683, 38.98738 ], [ -77.15671, 38.98806 ], [ -77.15682, 38.9895 ] ] } },
{ "type": "Feature", "properties": { "name": "RT267 WB" }, "geometry": { "type": "LineString", "coordinates": [ [ -77.29326, 38.94611 ], [ -77.29555, 38.9469 ] ] } },
{ "type": "Feature", "properties": { "name": "DULLES ACCESS RD WB" }, "geometry": { "type": "LineString", "coordinates": [ [ -77.29326, 38.94589 ], [ -77.29563, 38.94671 ] ] } },
{ "type": "Feature", "properties": { "name": "DULLES ACCESS RD EB" }, "geometry": { "type": "LineString", "coordinates": [ [ -77.29905, 38.9473 ], [ -77.29843, 38.94716 ] ] } },
{ "type": "Feature", "properties": { "name": "RT267 EB" }, "geometry": { "type": "LineString", "coordinates": [ [ -77.29914, 38.94711 ], [ -77.29616, 38.94638 ], [ -77.29325, 38.94538 ] ] } },
{ "type": "Feature", "properties": { "name": "I95 SB" }, "geometry": { "type": "LineString", "coordinates": [ [ -77.24273, 38.67341 ], [ -77.2446, 38.67285 ] ] } },
{ "type": "Feature", "properties": { "name": "I95 EXP SB" }, "geometry": { "type": "LineString", "coordinates": [ [ -77.24261, 38.67318 ], [ -77.24424, 38.67271 ] ] } },
{ "type": "Feature", "properties": { "name": "I295 SB" }, "geometry": { "type": "LineString", "coordinates": [ [ -77.02248, 38.80452 ], [ -77.02191, 38.80267 ] ] } },
{ "type": "Feature", "properties": { "name": "I295 SB" }, "geometry": { "type": "LineString", "coordinates": [ [ -77.02191, 38.80267 ], [ -77.02132, 38.80144 ], [ -77.02067, 38.80035 ], [ -77.01883, 38.79795 ] ] } },
{ "type": "Feature", "properties": { "name": "I295 SB" }, "geometry": { "type": "LineString", "coordinates": [ [ -77.01883, 38.79795 ], [ -77.0187, 38.79767 ], [ -77.01772, 38.79637 ], [ -77.01756, 38.79603 ] ] } },
{ "type": "Feature", "properties": { "name": "I295" }, "geometry": { "type": "LineString", "coordinates": [ [ -77.01899, 38.79873 ], [ -77.01929, 38.79914 ] ] } },
{ "type": "Feature", "properties": { "name": "I295 NB" }, "geometry": { "type": "LineString", "coordinates": [ [ -77.01929, 38.79914 ], [ -77.02016, 38.80024 ], [ -77.02096, 38.80141 ], [ -77.02154, 38.80244 ], [ -77.0221, 38.80394 ], [ -77.02235, 38.80509 ], [ -77.02239, 38.80592 ], [ -77.02233, 38.80942 ], [ -77.02215, 38.81047 ], [ -77.02177, 38.81132 ], [ -77.01991, 38.81429 ] ] } },
{ "type": "Feature", "properties": { "name": "I495 EXPRESS LANE SB" }, "geometry": { "type": "LineString", "coordinates": [ [ -77.21542, 38.92383 ], [ -77.21626, 38.92234 ] ] } },
{ "type": "Feature", "properties": { "name": "I295 SB" }, "geometry": { "type": "LineString", "coordinates": [ [ -77.01766, 38.81929 ], [ -77.01816, 38.8178 ], [ -77.0189, 38.81636 ], [ -77.01967, 38.81496 ], [ -77.0215, 38.81214 ], [ -77.02249, 38.81014 ], [ -77.02267, 38.8092 ], [ -77.02267, 38.80643 ], [ -77.02266, 38.8055 ], [ -77.02248, 38.80452 ] ] } },
{ "type": "Feature", "properties": { "name": "I395 EXP NB" }, "geometry": { "type": "LineString", "coordinates": [ [ -77.15591, 38.80745 ], [ -77.15497, 38.808 ] ] } },
{ "type": "Feature", "properties": { "name": "I95 EXP NB" }, "geometry": { "type": "LineString", "coordinates": [ [ -77.19903, 38.7294 ], [ -77.19568, 38.73298 ] ] } },
{ "type": "Feature", "properties": { "name": "I95 EXP SB" }, "geometry": { "type": "LineString", "coordinates": [ [ -77.19339, 38.73581 ], [ -77.19497, 38.73378 ], [ -77.19573, 38.73295 ] ] } },
{ "type": "Feature", "properties": { "name": "I95 EXP SB" }, "geometry": { "type": "LineString", "coordinates": [ [ -77.23817, 38.67484 ], [ -77.23905, 38.67445 ] ] } },
{ "type": "Feature", "properties": { "name": "I95 NB" }, "geometry": { "type": "LineString", "coordinates": [ [ -77.02204, 38.79339 ], [ -77.01836, 38.79414 ] ] } },
{ "type": "Feature", "properties": { "name": "I95 SB" }, "geometry": { "type": "LineString", "coordinates": [ [ -77.01849, 38.79444 ], [ -77.0222, 38.79367 ], [ -77.02505, 38.79327 ] ] } },
{ "type": "Feature", "properties": { "name": "I495 SB" }, "geometry": { "type": "LineString", "coordinates": [ [ -77.17271, 38.79007 ], [ -77.17169, 38.78996 ], [ -77.16947, 38.78994 ], [ -77.16751, 38.79019 ], [ -77.16533, 38.79062 ] ] } },
{ "type": "Feature", "properties": { "name": "I495 SB" }, "geometry": { "type": "LineString", "coordinates": [ [ -77.17428, 38.79036 ], [ -77.17271, 38.79007 ] ] } },
{ "type": "Feature", "properties": { "name": "I95 SB RAMP TO I95 SB" }, "geometry": { "type": "LineString", "coordinates": [ [ -77.17817, 38.7863 ], [ -77.17967, 38.7826 ] ] } },
{ "type": "Feature", "properties": { "name": "I95 SB RAMP TO I95 SB" }, "geometry": { "type": "LineString", "coordinates": [ [ -77.15409, 38.79352 ], [ -77.16046, 38.79204 ], [ -77.16213, 38.79169 ], [ -77.16378, 38.79147 ] ] } },
{ "type": "Feature", "properties": { "name": "I95 NB" }, "geometry": { "type": "LineString", "coordinates": [ [ -77.17981, 38.7783 ], [ -77.17967, 38.77932 ] ] } },
{ "type": "Feature", "properties": { "name": "HELLER RD RAMP TO I95 NB" }, "geometry": { "type": "LineString", "coordinates": [ [ -77.18521, 38.74908 ], [ -77.18455, 38.74987 ] ] } },
{ "type": "Feature", "properties": { "name": "I395 EXP SB" }, "geometry": { "type": "LineString", "coordinates": [ [ -77.14366, 38.81342 ], [ -77.14384, 38.81335 ] ] } },
{ "type": "Feature", "properties": { "name": "HELLER RD RAMP TO I95 NB" }, "geometry": { "type": "LineString", "coordinates": [ [ -77.18524, 38.74904 ], [ -77.18521, 38.74908 ] ] } },
{ "type": "Feature", "properties": { "name": "HELLER RD RAMP TO I95 EXP SB" }, "geometry": { "type": "LineString", "coordinates": [ [ -77.18524, 38.74904 ], [ -77.18645, 38.74631 ], [ -77.18684, 38.74559 ] ] } },
{ "type": "Feature", "properties": { "name": "I95 NB" }, "geometry": { "type": "LineString", "coordinates": [ [ -77.09781, 38.8027 ], [ -77.08969, 38.80174 ] ] } },
{ "type": "Feature", "properties": { "name": "RT267 EB" }, "geometry": { "type": "LineString", "coordinates": [ [ -77.24073, 38.9344 ], [ -77.23764, 38.93402 ] ] } },
{ "type": "Feature", "properties": { "name": "I95 LOCAL NB" }, "geometry": { "type": "LineString", "coordinates": [ [ -77.07204, 38.79913 ], [ -77.06973, 38.79823 ] ] } },
{ "type": "Feature", "properties": { "name": "I295 NB" }, "geometry": { "type": "LineString", "coordinates": [ [ -77.01991, 38.81429 ], [ -77.01797, 38.81749 ], [ -77.01738, 38.81893 ], [ -77.01689, 38.82086 ], [ -77.01657, 38.823 ] ] } },
{ "type": "Feature", "properties": { "name": "I95 EXP SB" }, "geometry": { "type": "LineString", "coordinates": [ [ -77.24424, 38.67271 ], [ -77.24576, 38.67228 ] ] } },
{ "type": "Feature", "properties": { "name": "I66 EB" }, "geometry": { "type": "LineString", "coordinates": [ [ -77.43762, 38.84449 ], [ -77.43602, 38.84515 ] ] } },
{ "type": "Feature", "properties": { "name": "I66 EXPRESS EB" }, "geometry": { "type": "LineString", "coordinates": [ [ -77.30802, 38.86871 ], [ -77.30389, 38.86956 ] ] } },
{ "type": "Feature", "properties": { "name": "RT123 NB RAMP TO I66 EB" }, "geometry": { "type": "LineString", "coordinates": [ [ -77.30758, 38.86559 ], [ -77.30737, 38.86663 ], [ -77.30709, 38.86712 ] ] } },
{ "type": "Feature", "properties": { "name": "XXOVER" }, "geometry": { "type": "LineString", "coordinates": [ [ -77.48422, 38.82848 ], [ -77.48416, 38.82835 ] ] } },
{ "type": "Feature", "properties": { "name": "SULLY RD" }, "geometry": { "type": "LineString", "coordinates": [ [ -77.43252, 38.85148 ], [ -77.43254, 38.8532 ], [ -77.43274, 38.85394 ] ] } },
{ "type": "Feature", "properties": { "name": "I66 WB" }, "geometry": { "type": "LineString", "coordinates": [ [ -77.43005, 38.84734 ], [ -77.43135, 38.8471 ] ] } },
{ "type": "Feature", "properties": { "name": "I66 WB RAMP TO RT28 SB" }, "geometry": { "type": "LineString", "coordinates": [ [ -77.43005, 38.84734 ], [ -77.4312, 38.84725 ] ] } },
{ "type": "Feature", "properties": { "name": "I66 WB RAMP TO RT28 SB" }, "geometry": { "type": "LineString", "coordinates": [ [ -77.4312, 38.84725 ], [ -77.43305, 38.84692 ] ] } },
{ "type": "Feature", "properties": { "name": "I66 EB" }, "geometry": { "type": "LineString", "coordinates": [ [ -77.43602, 38.84515 ], [ -77.43396, 38.84583 ], [ -77.433, 38.84606 ] ] } },
{ "type": "Feature", "properties": { "name": "I66 EB RAMP TO I66 EXPRESS" }, "geometry": { "type": "LineString", "coordinates": [ [ -77.43602, 38.84515 ], [ -77.43456, 38.84581 ] ] } },
{ "type": "Feature", "properties": { "name": "I66 EB" }, "geometry": { "type": "LineString", "coordinates": [ [ -77.40763, 38.85066 ], [ -77.40323, 38.85146 ] ] } },
{ "type": "Feature", "properties": { "name": "I66 EB" }, "geometry": { "type": "LineString", "coordinates": [ [ -77.36716, 38.85809 ], [ -77.36386, 38.85871 ] ] } },
{ "type": "Feature", "properties": { "name": "I66 EB RAMP TO RT50 WB" }, "geometry": { "type": "LineString", "coordinates": [ [ -77.36716, 38.85809 ], [ -77.36381, 38.8586 ] ] } },
{ "type": "Feature", "properties": { "name": "I66 EB RAMP TO RT50 WB" }, "geometry": { "type": "LineString", "coordinates": [ [ -77.36381, 38.8586 ], [ -77.36272, 38.85881 ] ] } },
{ "type": "Feature", "properties": { "name": "I66 WB" }, "geometry": { "type": "LineString", "coordinates": [ [ -77.41499, 38.85003 ], [ -77.42046, 38.84903 ] ] } },
{ "type": "Feature", "properties": { "name": "I66 EXPRESS RAMP TO RT28 NB" }, "geometry": { "type": "LineString", "coordinates": [ [ -77.43483, 38.84541 ], [ -77.43304, 38.84468 ] ] } },
{ "type": "Feature", "properties": { "name": "I66 EXPRESS EB" }, "geometry": { "type": "LineString", "coordinates": [ [ -77.43963, 38.84376 ], [ -77.43583, 38.84539 ], [ -77.43456, 38.84581 ] ] } },
{ "type": "Feature", "properties": { "name": "I66 EXPRESS EB" }, "geometry": { "type": "LineString", "coordinates": [ [ -77.43456, 38.84581 ], [ -77.43287, 38.84628 ] ] } },
{ "type": "Feature", "properties": { "name": "I66 EXPRESS EB" }, "geometry": { "type": "LineString", "coordinates": [ [ -77.43287, 38.84628 ], [ -77.43132, 38.84658 ] ] } },
{ "type": "Feature", "properties": { "name": "I66 EXPRESS EB" }, "geometry": { "type": "LineString", "coordinates": [ [ -77.43132, 38.84658 ], [ -77.42895, 38.84692 ] ] } },
{ "type": "Feature", "properties": { "name": "I66 EXPRESS EB" }, "geometry": { "type": "LineString", "coordinates": [ [ -77.42895, 38.84692 ], [ -77.42783, 38.84709 ] ] } },
{ "type": "Feature", "properties": { "name": "I66 EXPRESS EB" }, "geometry": { "type": "LineString", "coordinates": [ [ -77.42783, 38.84709 ], [ -77.42384, 38.84794 ] ] } },
{ "type": "Feature", "properties": { "name": "RT28 RAMP TO I66 EXPRESS EB" }, "geometry": { "type": "LineString", "coordinates": [ [ -77.42789, 38.8472 ], [ -77.42384, 38.84794 ] ] } },
{ "type": "Feature", "properties": { "name": "I66 EXPRESS EB" }, "geometry": { "type": "LineString", "coordinates": [ [ -77.41963, 38.84871 ], [ -77.41227, 38.85006 ] ] } },
{ "type": "Feature", "properties": { "name": "I66 EXPRESS EB" }, "geometry": { "type": "LineString", "coordinates": [ [ -77.41227, 38.85006 ], [ -77.40708, 38.85093 ] ] } },
{ "type": "Feature", "properties": { "name": "I66 EXPRESS RAMP TO I66 EB" }, "geometry": { "type": "LineString", "coordinates": [ [ -77.41227, 38.85006 ], [ -77.40752, 38.85097 ] ] } },
{ "type": "Feature", "properties": { "name": "I66 EXPRESS RAMP TO I66 EB" }, "geometry": { "type": "LineString", "coordinates": [ [ -77.40752, 38.85097 ], [ -77.407, 38.85104 ], [ -77.4049, 38.85107 ] ] } },
{ "type": "Feature", "properties": { "name": "I66 EXPRESS EB" }, "geometry": { "type": "LineString", "coordinates": [ [ -77.40708, 38.85093 ], [ -77.40325, 38.85157 ] ] } },
{ "type": "Feature", "properties": { "name": "I66 EXPRESS EB" }, "geometry": { "type": "LineString", "coordinates": [ [ -77.40325, 38.85157 ], [ -77.40244, 38.85173 ] ] } },
{ "type": "Feature", "properties": { "name": "I66 EXPRESS EB" }, "geometry": { "type": "LineString", "coordinates": [ [ -77.40244, 38.85173 ], [ -77.39696, 38.85276 ] ] } },
{ "type": "Feature", "properties": { "name": "I66 EXPRESS EB" }, "geometry": { "type": "LineString", "coordinates": [ [ -77.38904, 38.85427 ], [ -77.38808, 38.85445 ] ] } },
{ "type": "Feature", "properties": { "name": "I66 EXPRESS EB" }, "geometry": { "type": "LineString", "coordinates": [ [ -77.38808, 38.85445 ], [ -77.37194, 38.85739 ] ] } },
{ "type": "Feature", "properties": { "name": "I66 EXPRESS EB" }, "geometry": { "type": "LineString", "coordinates": [ [ -77.37194, 38.85739 ], [ -77.37099, 38.85757 ] ] } },
{ "type": "Feature", "properties": { "name": "I66 EXPRESS EB" }, "geometry": { "type": "LineString", "coordinates": [ [ -77.37099, 38.85757 ], [ -77.36941, 38.85784 ] ] } },
{ "type": "Feature", "properties": { "name": "I66 EXPRESS EB" }, "geometry": { "type": "LineString", "coordinates": [ [ -77.36941, 38.85784 ], [ -77.36389, 38.85882 ] ] } },
{ "type": "Feature", "properties": { "name": "I66 EXPRESS EB" }, "geometry": { "type": "LineString", "coordinates": [ [ -77.36389, 38.85882 ], [ -77.36309, 38.85896 ] ] } },
{ "type": "Feature", "properties": { "name": "I66 EB RAMP TO RT50 WB" }, "geometry": { "type": "LineString", "coordinates": [ [ -77.36272, 38.85881 ], [ -77.35077, 38.86101 ] ] } },
{ "type": "Feature", "properties": { "name": "I66 EXPRESS EB" }, "geometry": { "type": "LineString", "coordinates": [ [ -77.36309, 38.85896 ], [ -77.35623, 38.86023 ] ] } },
{ "type": "Feature", "properties": { "name": "I66 EXPRESS EB" }, "geometry": { "type": "LineString", "coordinates": [ [ -77.35304, 38.86083 ], [ -77.34782, 38.86166 ] ] } },
{ "type": "Feature", "properties": { "name": "I66 EB RAMP TO RT50 WB" }, "geometry": { "type": "LineString", "coordinates": [ [ -77.35077, 38.86101 ], [ -77.34917, 38.86122 ] ] } },
{ "type": "Feature", "properties": { "name": "I66 EB RAMP TO RT50 WB" }, "geometry": { "type": "LineString", "coordinates": [ [ -77.34917, 38.86122 ], [ -77.3471, 38.86153 ] ] } },
{ "type": "Feature", "properties": { "name": "I66 EB RAMP TO RT50 WB" }, "geometry": { "type": "LineString", "coordinates": [ [ -77.3471, 38.86153 ], [ -77.34575, 38.86172 ] ] } },
{ "type": "Feature", "properties": { "name": "I66 EXPRESS EB" }, "geometry": { "type": "LineString", "coordinates": [ [ -77.34782, 38.86166 ], [ -77.34618, 38.8619 ] ] } },
{ "type": "Feature", "properties": { "name": "I66 EB RAMP TO RT50 WB" }, "geometry": { "type": "LineString", "coordinates": [ [ -77.34575, 38.86172 ], [ -77.34394, 38.86203 ] ] } },
{ "type": "Feature", "properties": { "name": "I66 EXPRESS EB" }, "geometry": { "type": "LineString", "coordinates": [ [ -77.34618, 38.8619 ], [ -77.34431, 38.86222 ] ] } },
{ "type": "Feature", "properties": { "name": "I66 EXPRESS EB" }, "geometry": { "type": "LineString", "coordinates": [ [ -77.34431, 38.86222 ], [ -77.34362, 38.86235 ] ] } },
{ "type": "Feature", "properties": { "name": "I66 EXPRESS EB" }, "geometry": { "type": "LineString", "coordinates": [ [ -77.34362, 38.86235 ], [ -77.34074, 38.86285 ] ] } },
{ "type": "Feature", "properties": { "name": "RT50 EB RAMP TO I66 EXPRESS WB" }, "geometry": { "type": "LineString", "coordinates": [ [ -77.34441, 38.86235 ], [ -77.34392, 38.86243 ] ] } },
{ "type": "Feature", "properties": { "name": "RT50 EB RAMP TO I66 EXPRESS WB" }, "geometry": { "type": "LineString", "coordinates": [ [ -77.34392, 38.86243 ], [ -77.34074, 38.86285 ] ] } },
{ "type": "Feature", "properties": { "name": "RT50 EB RAMP TO I66 EXPRESS WB" }, "geometry": { "type": "LineString", "coordinates": [ [ -77.34716, 38.86206 ], [ -77.34647, 38.86198 ], [ -77.34441, 38.86235 ] ] } },
{ "type": "Feature", "properties": { "name": "I66 EXPRESS EB" }, "geometry": { "type": "LineString", "coordinates": [ [ -77.34074, 38.86285 ], [ -77.3368, 38.86364 ] ] } },
{ "type": "Feature", "properties": { "name": "I66 EXPRESS EB" }, "geometry": { "type": "LineString", "coordinates": [ [ -77.3368, 38.86364 ], [ -77.33614, 38.86378 ] ] } },
{ "type": "Feature", "properties": { "name": "I66 EXPRESS EB" }, "geometry": { "type": "LineString", "coordinates": [ [ -77.33614, 38.86378 ], [ -77.32272, 38.86625 ] ] } },
{ "type": "Feature", "properties": { "name": "I66 EXPRESS EB" }, "geometry": { "type": "LineString", "coordinates": [ [ -77.32272, 38.86625 ], [ -77.32185, 38.86639 ] ] } },
{ "type": "Feature", "properties": { "name": "I66 EXPRESS EB" }, "geometry": { "type": "LineString", "coordinates": [ [ -77.32185, 38.86639 ], [ -77.31296, 38.86793 ] ] } },
{ "type": "Feature", "properties": { "name": "I66 EXPRESS EB" }, "geometry": { "type": "LineString", "coordinates": [ [ -77.31296, 38.86793 ], [ -77.30896, 38.8685 ] ] } },
{ "type": "Feature", "properties": { "name": "I66 EXPRESS EB RAMP TO RT123" }, "geometry": { "type": "LineString", "coordinates": [ [ -77.31296, 38.86793 ], [ -77.30861, 38.86872 ] ] } },
{ "type": "Feature", "properties": { "name": "I66 EXPRESS EB" }, "geometry": { "type": "LineString", "coordinates": [ [ -77.30896, 38.8685 ], [ -77.30802, 38.86871 ] ] } },
{ "type": "Feature", "properties": { "name": "RT123 RAMP TO I66 EXPRESS EB" }, "geometry": { "type": "LineString", "coordinates": [ [ -77.30835, 38.86879 ], [ -77.30587, 38.86928 ], [ -77.30389, 38.86956 ] ] } },
{ "type": "Feature", "properties": { "name": "I66 EXPRESS EB" }, "geometry": { "type": "LineString", "coordinates": [ [ -77.30389, 38.86956 ], [ -77.29926, 38.87042 ], [ -77.29307, 38.87183 ], [ -77.28362, 38.87463 ] ] } },
{ "type": "Feature", "properties": { "name": "I66 EXPRESS EB" }, "geometry": { "type": "LineString", "coordinates": [ [ -77.28362, 38.87463 ], [ -77.28267, 38.8749 ] ] } },
{ "type": "Feature", "properties": { "name": "I66 EXPRESS EB" }, "geometry": { "type": "LineString", "coordinates": [ [ -77.28267, 38.8749 ], [ -77.27879, 38.87604 ] ] } },
{ "type": "Feature", "properties": { "name": "I66 EXPRESS EB" }, "geometry": { "type": "LineString", "coordinates": [ [ -77.27879, 38.87604 ], [ -77.27518, 38.87688 ] ] } },
{ "type": "Feature", "properties": { "name": "I66 EXPRESS EB" }, "geometry": { "type": "LineString", "coordinates": [ [ -77.27518, 38.87688 ], [ -77.2745, 38.87704 ] ] } },
{ "type": "Feature", "properties": { "name": "I66 EXPRESS EB" }, "geometry": { "type": "LineString", "coordinates": [ [ -77.2745, 38.87704 ], [ -77.26936, 38.87797 ], [ -77.26747, 38.87823 ] ] } },
{ "type": "Feature", "properties": { "name": "I66 EXPRESS EB" }, "geometry": { "type": "LineString", "coordinates": [ [ -77.26747, 38.87823 ], [ -77.26682, 38.87829 ] ] } },
{ "type": "Feature", "properties": { "name": "I66 EXPRESS EB" }, "geometry": { "type": "LineString", "coordinates": [ [ -77.26682, 38.87829 ], [ -77.2472, 38.87949 ] ] } },
{ "type": "Feature", "properties": { "name": "I66 EXPRESS EB" }, "geometry": { "type": "LineString", "coordinates": [ [ -77.2472, 38.87949 ], [ -77.24631, 38.87953 ] ] } },
{ "type": "Feature", "properties": { "name": "I66 EXPRESS EB" }, "geometry": { "type": "LineString", "coordinates": [ [ -77.24631, 38.87953 ], [ -77.24054, 38.87989 ], [ -77.23816, 38.88021 ], [ -77.23662, 38.88053 ] ] } },
{ "type": "Feature", "properties": { "name": "I66 EXPRESS EB" }, "geometry": { "type": "LineString", "coordinates": [ [ -77.23662, 38.88053 ], [ -77.23575, 38.88073 ] ] } },
{ "type": "Feature", "properties": { "name": "I66 EXPRESS EB" }, "geometry": { "type": "LineString", "coordinates": [ [ -77.23575, 38.88073 ], [ -77.23063, 38.8824 ] ] } },
{ "type": "Feature", "properties": { "name": "I66 EB" }, "geometry": { "type": "LineString", "coordinates": [ [ -77.24634, 38.8794 ], [ -77.24206, 38.87963 ] ] } },
{ "type": "Feature", "properties": { "name": "I66 EXPRESS EB" }, "geometry": { "type": "LineString", "coordinates": [ [ -77.23063, 38.8824 ], [ -77.22854, 38.88307 ] ] } },
{ "type": "Feature", "properties": { "name": "I66 EXPRESS EB" }, "geometry": { "type": "LineString", "coordinates": [ [ -77.22854, 38.88307 ], [ -77.22759, 38.88338 ] ] } },
{ "type": "Feature", "properties": { "name": "I66 EXPRESS EB" }, "geometry": { "type": "LineString", "coordinates": [ [ -77.22759, 38.88338 ], [ -77.22517, 38.88409 ] ] } },
{ "type": "Feature", "properties": { "name": "I66 EXPRESS EB" }, "geometry": { "type": "LineString", "coordinates": [ [ -77.22517, 38.88409 ], [ -77.22482, 38.8842 ] ] } },
{ "type": "Feature", "properties": { "name": "I66 EB" }, "geometry": { "type": "LineString", "coordinates": [ [ -77.22504, 38.88403 ], [ -77.22467, 38.88415 ] ] } },
{ "type": "Feature", "properties": { "name": "I66 EB" }, "geometry": { "type": "LineString", "coordinates": [ [ -77.23245, 38.88167 ], [ -77.22865, 38.88292 ] ] } },
{ "type": "Feature", "properties": { "name": "I66 EXPRESS EB" }, "geometry": { "type": "LineString", "coordinates": [ [ -77.22482, 38.8842 ], [ -77.22264, 38.88492 ] ] } },
{ "type": "Feature", "properties": { "name": "I66 EXPRESS EB" }, "geometry": { "type": "LineString", "coordinates": [ [ -77.22264, 38.88492 ], [ -77.22181, 38.88519 ] ] } },
{ "type": "Feature", "properties": { "name": "I495 SB" }, "geometry": { "type": "LineString", "coordinates": [ [ -77.21734, 38.89177 ], [ -77.21886, 38.89019 ], [ -77.22132, 38.88794 ] ] } },
{ "type": "Feature", "properties": { "name": "I66 EXPRESS WB" }, "geometry": { "type": "LineString", "coordinates": [ [ -77.23399, 38.88164 ], [ -77.23637, 38.88091 ], [ -77.23902, 38.8803 ], [ -77.24114, 38.88007 ], [ -77.24633, 38.87975 ] ] } },
{ "type": "Feature", "properties": { "name": "I66 EXPRESS WB" }, "geometry": { "type": "LineString", "coordinates": [ [ -77.24633, 38.87975 ], [ -77.24717, 38.8797 ] ] } },
{ "type": "Feature", "properties": { "name": "I66 EXPRESS WB" }, "geometry": { "type": "LineString", "coordinates": [ [ -77.24717, 38.8797 ], [ -77.26673, 38.87856 ] ] } },
{ "type": "Feature", "properties": { "name": "I66 EXPRESS WB" }, "geometry": { "type": "LineString", "coordinates": [ [ -77.26673, 38.87856 ], [ -77.26773, 38.87849 ] ] } },
{ "type": "Feature", "properties": { "name": "I66 EB" }, "geometry": { "type": "LineString", "coordinates": [ [ -77.26252, 38.87846 ], [ -77.25774, 38.87872 ] ] } },
{ "type": "Feature", "properties": { "name": "I66 EXPRESS WB" }, "geometry": { "type": "LineString", "coordinates": [ [ -77.26773, 38.87849 ], [ -77.27422, 38.87754 ] ] } },
{ "type": "Feature", "properties": { "name": "I66 EXPRESS WB" }, "geometry": { "type": "LineString", "coordinates": [ [ -77.27422, 38.87754 ], [ -77.27521, 38.87736 ] ] } },
{ "type": "Feature", "properties": { "name": "I66 EXPRESS WB" }, "geometry": { "type": "LineString", "coordinates": [ [ -77.27521, 38.87736 ], [ -77.27959, 38.87614 ] ] } },
{ "type": "Feature", "properties": { "name": "I66 EXPRESS WB" }, "geometry": { "type": "LineString", "coordinates": [ [ -77.27959, 38.87614 ], [ -77.28284, 38.87509 ] ] } },
{ "type": "Feature", "properties": { "name": "I66 EXPRESS WB" }, "geometry": { "type": "LineString", "coordinates": [ [ -77.28284, 38.87509 ], [ -77.28374, 38.87483 ] ] } },
{ "type": "Feature", "properties": { "name": "I66 EXPRESS WB" }, "geometry": { "type": "LineString", "coordinates": [ [ -77.28835, 38.87346 ], [ -77.29253, 38.87222 ], [ -77.29571, 38.87142 ], [ -77.29951, 38.87058 ], [ -77.30355, 38.86993 ] ] } },
{ "type": "Feature", "properties": { "name": "I66 EXPRESS WB RAMP TO RT123" }, "geometry": { "type": "LineString", "coordinates": [ [ -77.30355, 38.86993 ], [ -77.3084, 38.86905 ] ] } },
{ "type": "Feature", "properties": { "name": "I66 EXPRESS WB" }, "geometry": { "type": "LineString", "coordinates": [ [ -77.30355, 38.86993 ], [ -77.30397, 38.86993 ], [ -77.30812, 38.86925 ] ] } },
{ "type": "Feature", "properties": { "name": "I66 EXPRESS WB" }, "geometry": { "type": "LineString", "coordinates": [ [ -77.30812, 38.86925 ], [ -77.30898, 38.86911 ] ] } },
{ "type": "Feature", "properties": { "name": "RT123 RAMP TO I66 EXPRESS WB" }, "geometry": { "type": "LineString", "coordinates": [ [ -77.30866, 38.86899 ], [ -77.31313, 38.86821 ] ] } },
{ "type": "Feature", "properties": { "name": "I66 EXPRESS WB" }, "geometry": { "type": "LineString", "coordinates": [ [ -77.30898, 38.86911 ], [ -77.31313, 38.86821 ] ] } },
{ "type": "Feature", "properties": { "name": "I66 EXPRESS WB" }, "geometry": { "type": "LineString", "coordinates": [ [ -77.31313, 38.86821 ], [ -77.32149, 38.86668 ] ] } },
{ "type": "Feature", "properties": { "name": "I66 EXPRESS WB" }, "geometry": { "type": "LineString", "coordinates": [ [ -77.32149, 38.86668 ], [ -77.32249, 38.86651 ] ] } },
{ "type": "Feature", "properties": { "name": "I66 EXPRESS WB" }, "geometry": { "type": "LineString", "coordinates": [ [ -77.32249, 38.86651 ], [ -77.33607, 38.8641 ] ] } },
{ "type": "Feature", "properties": { "name": "I66 EXPRESS WB" }, "geometry": { "type": "LineString", "coordinates": [ [ -77.33607, 38.8641 ], [ -77.33682, 38.86395 ] ] } },
{ "type": "Feature", "properties": { "name": "I66 EXPRESS WB" }, "geometry": { "type": "LineString", "coordinates": [ [ -77.33682, 38.86395 ], [ -77.33804, 38.86375 ] ] } },
{ "type": "Feature", "properties": { "name": "I66 EXPRESS WB" }, "geometry": { "type": "LineString", "coordinates": [ [ -77.33804, 38.86375 ], [ -77.34198, 38.8631 ] ] } },
{ "type": "Feature", "properties": { "name": "I66 EXPRESS WB" }, "geometry": { "type": "LineString", "coordinates": [ [ -77.34198, 38.8631 ], [ -77.34295, 38.86291 ] ] } },
{ "type": "Feature", "properties": { "name": "I66 EXPRESS WB" }, "geometry": { "type": "LineString", "coordinates": [ [ -77.34295, 38.86291 ], [ -77.34424, 38.86267 ] ] } },
{ "type": "Feature", "properties": { "name": "I66 EXPRESS WB" }, "geometry": { "type": "LineString", "coordinates": [ [ -77.34424, 38.86267 ], [ -77.34497, 38.86254 ] ] } },
{ "type": "Feature", "properties": { "name": "I66 EXPRESS WB" }, "geometry": { "type": "LineString", "coordinates": [ [ -77.34497, 38.86254 ], [ -77.34689, 38.86219 ] ] } },
{ "type": "Feature", "properties": { "name": "I66 EXPRESS WB" }, "geometry": { "type": "LineString", "coordinates": [ [ -77.34689, 38.86219 ], [ -77.34791, 38.862 ] ] } },
{ "type": "Feature", "properties": { "name": "I66 EXPRESS WB" }, "geometry": { "type": "LineString", "coordinates": [ [ -77.34791, 38.862 ], [ -77.35552, 38.86061 ] ] } },
{ "type": "Feature", "properties": { "name": "RT50 WB THRU RAMP TO I66 WB" }, "geometry": { "type": "LineString", "coordinates": [ [ -77.34548, 38.86274 ], [ -77.34724, 38.86241 ] ] } },
{ "type": "Feature", "properties": { "name": "I66 EXPRESS WB" }, "geometry": { "type": "LineString", "coordinates": [ [ -77.35708, 38.86032 ], [ -77.36338, 38.85918 ] ] } },
{ "type": "Feature", "properties": { "name": "I66 EXPRESS WB" }, "geometry": { "type": "LineString", "coordinates": [ [ -77.36338, 38.85918 ], [ -77.3642, 38.85904 ] ] } },
{ "type": "Feature", "properties": { "name": "I66 EXPRESS WB" }, "geometry": { "type": "LineString", "coordinates": [ [ -77.3642, 38.85904 ], [ -77.37093, 38.85778 ] ] } },
{ "type": "Feature", "properties": { "name": "I66 EXPRESS WB" }, "geometry": { "type": "LineString", "coordinates": [ [ -77.37093, 38.85778 ], [ -77.37198, 38.85759 ] ] } },
{ "type": "Feature", "properties": { "name": "I66 EXPRESS WB" }, "geometry": { "type": "LineString", "coordinates": [ [ -77.37198, 38.85759 ], [ -77.38821, 38.85466 ] ] } },
{ "type": "Feature", "properties": { "name": "I66 EXPRESS WB" }, "geometry": { "type": "LineString", "coordinates": [ [ -77.38821, 38.85466 ], [ -77.38893, 38.85452 ] ] } },
{ "type": "Feature", "properties": { "name": "I66 EXPRESS WB" }, "geometry": { "type": "LineString", "coordinates": [ [ -77.39292, 38.85381 ], [ -77.39557, 38.85341 ] ] } },
{ "type": "Feature", "properties": { "name": "I66 EXPRESS WB" }, "geometry": { "type": "LineString", "coordinates": [ [ -77.39557, 38.85341 ], [ -77.40266, 38.85217 ] ] } },
{ "type": "Feature", "properties": { "name": "I66 EXPRESS WB" }, "geometry": { "type": "LineString", "coordinates": [ [ -77.40266, 38.85217 ], [ -77.40343, 38.85204 ] ] } },
{ "type": "Feature", "properties": { "name": "I66 EXPRESS WB" }, "geometry": { "type": "LineString", "coordinates": [ [ -77.40343, 38.85204 ], [ -77.40814, 38.85115 ] ] } },
{ "type": "Feature", "properties": { "name": "I66 EXPRESS WB" }, "geometry": { "type": "LineString", "coordinates": [ [ -77.40814, 38.85115 ], [ -77.41328, 38.85024 ] ] } },
{ "type": "Feature", "properties": { "name": "I66 EXPRESS RAMP TO I66" }, "geometry": { "type": "LineString", "coordinates": [ [ -77.40814, 38.85115 ], [ -77.41284, 38.8502 ] ] } },
{ "type": "Feature", "properties": { "name": "I66 EXPRESS RAMP TO I66" }, "geometry": { "type": "LineString", "coordinates": [ [ -77.41284, 38.8502 ], [ -77.41333, 38.85012 ], [ -77.41482, 38.85016 ], [ -77.41535, 38.85008 ] ] } },
{ "type": "Feature", "properties": { "name": "I66 EXPRESS RAMP TO I66 WB" }, "geometry": { "type": "LineString", "coordinates": [ [ -77.41535, 38.85008 ], [ -77.42046, 38.84903 ] ] } },
{ "type": "Feature", "properties": { "name": "I66 WB" }, "geometry": { "type": "LineString", "coordinates": [ [ -77.41154, 38.85069 ], [ -77.41369, 38.85027 ] ] } },
{ "type": "Feature", "properties": { "name": "I66 WB" }, "geometry": { "type": "LineString", "coordinates": [ [ -77.41369, 38.85027 ], [ -77.41499, 38.85003 ] ] } },
{ "type": "Feature", "properties": { "name": "I66 EXPRESS WB" }, "geometry": { "type": "LineString", "coordinates": [ [ -77.41328, 38.85024 ], [ -77.41447, 38.84999 ] ] } },
{ "type": "Feature", "properties": { "name": "I66 EXPRESS WB" }, "geometry": { "type": "LineString", "coordinates": [ [ -77.41447, 38.84999 ], [ -77.41964, 38.84898 ], [ -77.42534, 38.84798 ] ] } },
{ "type": "Feature", "properties": { "name": "I66 EXPRESS RAMP TO 28NB" }, "geometry": { "type": "LineString", "coordinates": [ [ -77.42534, 38.84798 ], [ -77.43014, 38.84702 ] ] } },
{ "type": "Feature", "properties": { "name": "I66 EXPRESS WB" }, "geometry": { "type": "LineString", "coordinates": [ [ -77.42534, 38.84798 ], [ -77.43104, 38.84701 ] ] } },
{ "type": "Feature", "properties": { "name": "I66 EXPRESS RAMP TO 28NB" }, "geometry": { "type": "LineString", "coordinates": [ [ -77.43014, 38.84702 ], [ -77.43083, 38.84691 ], [ -77.4315, 38.84696 ], [ -77.43215, 38.84721 ], [ -77.43242, 38.84743 ] ] } },
{ "type": "Feature", "properties": { "name": "I66 EXPRESS RAMP TO 28NB" }, "geometry": { "type": "LineString", "coordinates": [ [ -77.43242, 38.84743 ], [ -77.43268, 38.84785 ] ] } },
{ "type": "Feature", "properties": { "name": "I66 EXPRESS WB" }, "geometry": { "type": "LineString", "coordinates": [ [ -77.43104, 38.84701 ], [ -77.43313, 38.84661 ] ] } },
{ "type": "Feature", "properties": { "name": "I66 EXPRESS WB" }, "geometry": { "type": "LineString", "coordinates": [ [ -77.43313, 38.84661 ], [ -77.43539, 38.84603 ] ] } },
{ "type": "Feature", "properties": { "name": "I66 EXPRESS WB" }, "geometry": { "type": "LineString", "coordinates": [ [ -77.43539, 38.84603 ], [ -77.43623, 38.84575 ] ] } },
{ "type": "Feature", "properties": { "name": "I66 EXPRESS WB" }, "geometry": { "type": "LineString", "coordinates": [ [ -77.43623, 38.84575 ], [ -77.43773, 38.84514 ], [ -77.44011, 38.84391 ] ] } },
{ "type": "Feature", "properties": { "name": "I66 EXPRESS RAMP TO 28NB" }, "geometry": { "type": "LineString", "coordinates": [ [ -77.43268, 38.84785 ], [ -77.43297, 38.84906 ] ] } },
{ "type": "Feature", "properties": { "name": "I66 EXPRESS RAMP TO 28NB" }, "geometry": { "type": "LineString", "coordinates": [ [ -77.43268, 38.84785 ], [ -77.43282, 38.84802 ], [ -77.433, 38.84853 ], [ -77.43317, 38.84933 ], [ -77.4331, 38.85076 ] ] } },
{ "type": "Feature", "properties": { "name": "I66 EXPRESS WB" }, "geometry": { "type": "LineString", "coordinates": [ [ -77.44285, 38.84185 ], [ -77.44516, 38.83942 ], [ -77.44703, 38.83727 ] ] } },
{ "type": "Feature", "properties": { "name": "I66 EXPRESS WB" }, "geometry": { "type": "LineString", "coordinates": [ [ -77.44703, 38.83727 ], [ -77.44745, 38.8368 ] ] } },
{ "type": "Feature", "properties": { "name": "I66 EXPRESS WB" }, "geometry": { "type": "LineString", "coordinates": [ [ -77.44745, 38.8368 ], [ -77.4555, 38.82782 ], [ -77.45703, 38.8263 ], [ -77.4606, 38.8234 ] ] } },
{ "type": "Feature", "properties": { "name": "I66 EXPRESS WB" }, "geometry": { "type": "LineString", "coordinates": [ [ -77.46484, 38.82065 ], [ -77.46524, 38.82044 ] ] } },
{ "type": "Feature", "properties": { "name": "I66 EXPRESS EB" }, "geometry": { "type": "LineString", "coordinates": [ [ -77.46513, 38.82035 ], [ -77.46476, 38.82057 ] ] } },
{ "type": "Feature", "properties": { "name": "I66 EXPRESS WB" }, "geometry": { "type": "LineString", "coordinates": [ [ -77.46524, 38.82044 ], [ -77.4679, 38.81908 ], [ -77.46964, 38.81829 ], [ -77.47689, 38.81545 ] ] } },
{ "type": "Feature", "properties": { "name": "I66 EXPRESS WB" }, "geometry": { "type": "LineString", "coordinates": [ [ -77.47689, 38.81545 ], [ -77.47782, 38.81508 ] ] } },
{ "type": "Feature", "properties": { "name": "I66 EXPRESS WB" }, "geometry": { "type": "LineString", "coordinates": [ [ -77.47782, 38.81508 ], [ -77.48773, 38.81116 ] ] } },
{ "type": "Feature", "properties": { "name": "I66 EXPRESS WB" }, "geometry": { "type": "LineString", "coordinates": [ [ -77.48773, 38.81116 ], [ -77.48827, 38.81094 ] ] } },
{ "type": "Feature", "properties": { "name": "I66 EXPRESS WB" }, "geometry": { "type": "LineString", "coordinates": [ [ -77.48827, 38.81094 ], [ -77.48995, 38.81029 ] ] } },
{ "type": "Feature", "properties": { "name": "I66 EXPRESS WB" }, "geometry": { "type": "LineString", "coordinates": [ [ -77.48995, 38.81029 ], [ -77.49025, 38.81017 ] ] } },
{ "type": "Feature", "properties": { "name": "I66 EXPRESS EB" }, "geometry": { "type": "LineString", "coordinates": [ [ -77.49012, 38.81002 ], [ -77.48988, 38.81016 ] ] } },
{ "type": "Feature", "properties": { "name": "I66 EXPRESS EB" }, "geometry": { "type": "LineString", "coordinates": [ [ -77.48988, 38.81016 ], [ -77.48821, 38.81084 ] ] } },
{ "type": "Feature", "properties": { "name": "I66 EXPRESS EB" }, "geometry": { "type": "LineString", "coordinates": [ [ -77.48821, 38.81084 ], [ -77.48761, 38.81108 ] ] } },
{ "type": "Feature", "properties": { "name": "I66 EXPRESS EB" }, "geometry": { "type": "LineString", "coordinates": [ [ -77.48497, 38.81212 ], [ -77.47774, 38.81497 ] ] } },
{ "type": "Feature", "properties": { "name": "I66 EXPRESS EB" }, "geometry": { "type": "LineString", "coordinates": [ [ -77.47774, 38.81497 ], [ -77.47685, 38.81532 ] ] } },
{ "type": "Feature", "properties": { "name": "I66 EXPRESS EB" }, "geometry": { "type": "LineString", "coordinates": [ [ -77.47685, 38.81532 ], [ -77.46933, 38.81829 ], [ -77.46513, 38.82035 ] ] } },
{ "type": "Feature", "properties": { "name": "I66 EXPRESS EB" }, "geometry": { "type": "LineString", "coordinates": [ [ -77.46043, 38.82336 ], [ -77.45815, 38.82515 ], [ -77.45576, 38.82738 ], [ -77.45361, 38.82967 ], [ -77.44729, 38.83678 ] ] } },
{ "type": "Feature", "properties": { "name": "I66 EXPRESS EB" }, "geometry": { "type": "LineString", "coordinates": [ [ -77.44729, 38.83678 ], [ -77.44676, 38.83738 ] ] } },
{ "type": "Feature", "properties": { "name": "I66 EXPRESS EB" }, "geometry": { "type": "LineString", "coordinates": [ [ -77.44262, 38.84173 ], [ -77.44097, 38.84295 ], [ -77.43963, 38.84376 ] ] } },
{ "type": "Feature", "properties": { "name": "XXOVER" }, "geometry": { "type": "LineString", "coordinates": [ [ -77.3084, 38.86905 ], [ -77.30866, 38.86899 ] ] } },
{ "type": "Feature", "properties": { "name": "XXOVER" }, "geometry": { "type": "LineString", "coordinates": [ [ -77.30861, 38.86872 ], [ -77.30835, 38.86879 ] ] } },
{ "type": "Feature", "properties": { "name": "I66 EXPRESS WB" }, "geometry": { "type": "LineString", "coordinates": [ [ -77.28374, 38.87483 ], [ -77.28835, 38.87346 ] ] } },
{ "type": "Feature", "properties": { "name": "I66 WB" }, "geometry": { "type": "LineString", "coordinates": [ [ -77.21858, 38.88748 ], [ -77.21871, 38.88743 ] ] } },
{ "type": "Feature", "properties": { "name": "RT50 WB THRU RAMP TO I66 WB" }, "geometry": { "type": "LineString", "coordinates": [ [ -77.34831, 38.86223 ], [ -77.35028, 38.86191 ] ] } },
{ "type": "Feature", "properties": { "name": "RT50 WB THRU RAMP TO I66 WB" }, "geometry": { "type": "LineString", "coordinates": [ [ -77.35028, 38.86191 ], [ -77.35212, 38.8614 ] ] } },
{ "type": "Feature", "properties": { "name": "RT267 EB" }, "geometry": { "type": "LineString", "coordinates": [ [ -77.3224, 38.94458 ], [ -77.31965, 38.94517 ], [ -77.31501, 38.94658 ] ] } },
{ "type": "Feature", "properties": { "name": "RT267 EB" }, "geometry": { "type": "LineString", "coordinates": [ [ -77.34411, 38.94871 ], [ -77.34085, 38.94762 ] ] } },
{ "type": "Feature", "properties": { "name": "DULLES ACCESS RD EB" }, "geometry": { "type": "LineString", "coordinates": [ [ -77.34402, 38.9489 ], [ -77.33973, 38.9475 ] ] } },
{ "type": "Feature", "properties": { "name": "DULLES ACCESS RD WB" }, "geometry": { "type": "LineString", "coordinates": [ [ -77.3396, 38.94774 ], [ -77.34643, 38.94999 ] ] } },
{ "type": "Feature", "properties": { "name": "RT267 WB" }, "geometry": { "type": "LineString", "coordinates": [ [ -77.34029, 38.94821 ], [ -77.34633, 38.95016 ] ] } },
{ "type": "Feature", "properties": { "name": "RT50 WB THRU RAMP TO I66 WB" }, "geometry": { "type": "LineString", "coordinates": [ [ -77.34232, 38.8632 ], [ -77.34548, 38.86274 ] ] } },
{ "type": "Feature", "properties": { "name": "DULLES ACCESS RD WB" }, "geometry": { "type": "LineString", "coordinates": [ [ -77.39566, 38.9545 ], [ -77.39726, 38.95481 ] ] } },
{ "type": "Feature", "properties": { "name": "RT267 WB" }, "geometry": { "type": "LineString", "coordinates": [ [ -77.39062, 38.95389 ], [ -77.39554, 38.95469 ] ] } },
{ "type": "Feature", "properties": { "name": "DULLES ACCESS RD WB" }, "geometry": { "type": "LineString", "coordinates": [ [ -77.35661, 38.95241 ], [ -77.35989, 38.95289 ], [ -77.36454, 38.95331 ] ] } },
{ "type": "Feature", "properties": { "name": "RT267 WB" }, "geometry": { "type": "LineString", "coordinates": [ [ -77.35914, 38.95303 ], [ -77.36455, 38.95355 ] ] } },
{ "type": "Feature", "properties": { "name": "DULLES ACCESS RD EB" }, "geometry": { "type": "LineString", "coordinates": [ [ -77.3637, 38.95299 ], [ -77.35956, 38.9526 ], [ -77.35668, 38.95215 ] ] } },
{ "type": "Feature", "properties": { "name": "RT267 EB" }, "geometry": { "type": "LineString", "coordinates": [ [ -77.36373, 38.95279 ], [ -77.36073, 38.95249 ] ] } },
{ "type": "Feature", "properties": { "name": "I66 EXPRESS EB" }, "geometry": { "type": "LineString", "coordinates": [ [ -77.48761, 38.81108 ], [ -77.48497, 38.81212 ] ] } },
{ "type": "Feature", "properties": { "name": "I66 EB" }, "geometry": { "type": "LineString", "coordinates": [ [ -77.48757, 38.81098 ], [ -77.48491, 38.81201 ] ] } },
{ "type": "Feature", "properties": { "name": "I66 EXPRESS EB" }, "geometry": { "type": "LineString", "coordinates": [ [ -77.46476, 38.82057 ], [ -77.46304, 38.82159 ], [ -77.46043, 38.82336 ] ] } },
{ "type": "Feature", "properties": { "name": "I66 EB" }, "geometry": { "type": "LineString", "coordinates": [ [ -77.4618, 38.82223 ], [ -77.46032, 38.82327 ] ] } },
{ "type": "Feature", "properties": { "name": "I66 EXPRESS WB" }, "geometry": { "type": "LineString", "coordinates": [ [ -77.4606, 38.8234 ], [ -77.46275, 38.82193 ], [ -77.46484, 38.82065 ] ] } },
{ "type": "Feature", "properties": { "name": "I66 WB" }, "geometry": { "type": "LineString", "coordinates": [ [ -77.46068, 38.82351 ], [ -77.46211, 38.82251 ] ] } },
{ "type": "Feature", "properties": { "name": "I66 EXPRESS WB" }, "geometry": { "type": "LineString", "coordinates": [ [ -77.44011, 38.84391 ], [ -77.44122, 38.84316 ], [ -77.44285, 38.84185 ] ] } },
{ "type": "Feature", "properties": { "name": "I66 WB" }, "geometry": { "type": "LineString", "coordinates": [ [ -77.44304, 38.84199 ], [ -77.4441, 38.84092 ], [ -77.4452, 38.83957 ] ] } },
{ "type": "Feature", "properties": { "name": "I66 EB" }, "geometry": { "type": "LineString", "coordinates": [ [ -77.42257, 38.84802 ], [ -77.41959, 38.84859 ] ] } },
{ "type": "Feature", "properties": { "name": "I66 EXPRESS EB" }, "geometry": { "type": "LineString", "coordinates": [ [ -77.42384, 38.84794 ], [ -77.41963, 38.84871 ] ] } },
{ "type": "Feature", "properties": { "name": "I66 EXPRESS WB" }, "geometry": { "type": "LineString", "coordinates": [ [ -77.35552, 38.86061 ], [ -77.35708, 38.86032 ] ] } },
{ "type": "Feature", "properties": { "name": "I66 EXPRESS EB" }, "geometry": { "type": "LineString", "coordinates": [ [ -77.35623, 38.86023 ], [ -77.35304, 38.86083 ] ] } },
{ "type": "Feature", "properties": { "name": "I66 EXPRESS WB" }, "geometry": { "type": "LineString", "coordinates": [ [ -77.38893, 38.85452 ], [ -77.39292, 38.85381 ] ] } },
{ "type": "Feature", "properties": { "name": "I66 EXPRESS EB" }, "geometry": { "type": "LineString", "coordinates": [ [ -77.39293, 38.85355 ], [ -77.38904, 38.85427 ] ] } },
{ "type": "Feature", "properties": { "name": "I66 EB" }, "geometry": { "type": "LineString", "coordinates": [ [ -77.44435, 38.83979 ], [ -77.44376, 38.84047 ], [ -77.44247, 38.84166 ] ] } },
{ "type": "Feature", "properties": { "name": "I66 EXPRESS EB" }, "geometry": { "type": "LineString", "coordinates": [ [ -77.44676, 38.83738 ], [ -77.44356, 38.8409 ], [ -77.44262, 38.84173 ] ] } },
{ "type": "Feature", "properties": { "name": "I66 EXPRESS WB" }, "geometry": { "type": "LineString", "coordinates": [ [ -77.22845, 38.88345 ], [ -77.23399, 38.88164 ] ] } },
{ "type": "Feature", "properties": { "name": "I66 WB" }, "geometry": { "type": "LineString", "coordinates": [ [ -77.22893, 38.88352 ], [ -77.23159, 38.88257 ], [ -77.23408, 38.88181 ] ] } },
{ "type": "Feature", "properties": { "name": "I95 EXP SB" }, "geometry": { "type": "LineString", "coordinates": [ [ -77.18171, 38.77535 ], [ -77.18206, 38.77386 ] ] } },
{ "type": "Feature", "properties": { "name": "I495 NB" }, "geometry": { "type": "LineString", "coordinates": [ [ -77.19282, 38.95617 ], [ -77.192, 38.95812 ] ] } },
{ "type": "Feature", "properties": { "name": "I495 EXPRESS LANE NB" }, "geometry": { "type": "LineString", "coordinates": [ [ -77.19097, 38.95979 ], [ -77.19056, 38.96013 ] ] } },
{ "type": "Feature", "properties": { "name": "I495 EXPRESS LANE NB" }, "geometry": { "type": "LineString", "coordinates": [ [ -77.19362, 38.95485 ], [ -77.19313, 38.95579 ], [ -77.1921, 38.95827 ], [ -77.1916, 38.95911 ], [ -77.19097, 38.95979 ] ] } },
{ "type": "Feature", "properties": { "name": "GEORGE WASHINGTON MEMORIAL PKWY RAMP TO I495 SB" }, "geometry": { "type": "LineString", "coordinates": [ [ -77.1941, 38.95504 ], [ -77.1943, 38.95459 ] ] } },
{ "type": "Feature", "properties": { "name": "GEORGE WASHINGTON MEMORIAL PKWY RAMP TO I495 SB" }, "geometry": { "type": "LineString", "coordinates": [ [ -77.1943, 38.95459 ], [ -77.19487, 38.95367 ] ] } },
{ "type": "Feature", "properties": { "name": "GEORGE WASHINGTON MEMORIAL PKWY RAMP TO I495 SB" }, "geometry": { "type": "LineString", "coordinates": [ [ -77.19385, 38.95622 ], [ -77.19392, 38.95594 ] ] } },
{ "type": "Feature", "properties": { "name": "GEORGE WASHINGTON MEMORIAL PKWY RAMP TO I495 SB" }, "geometry": { "type": "LineString", "coordinates": [ [ -77.19392, 38.95594 ], [ -77.19398, 38.95568 ] ] } },
{ "type": "Feature", "properties": { "name": "GEORGE WASHINGTON MEMORIAL PKWY RAMP TO I495 SB" }, "geometry": { "type": "LineString", "coordinates": [ [ -77.19398, 38.95568 ], [ -77.1941, 38.95504 ] ] } },
{ "type": "Feature", "properties": { "name": "GEORGE WASHINGTON MEMORIAL PKWY RAMP TO I495 SB" }, "geometry": { "type": "LineString", "coordinates": [ [ -77.19285, 38.95806 ], [ -77.19385, 38.95622 ] ] } },
{ "type": "Feature", "properties": { "name": "GEORGE WASHINGTON MEMORIAL PKWY RAMP TO I495 SB" }, "geometry": { "type": "LineString", "coordinates": [ [ -77.19144, 38.96014 ], [ -77.19229, 38.95916 ], [ -77.19285, 38.95806 ] ] } },
{ "type": "Feature", "properties": { "name": "GEORGE WASHINGTON MEMORIAL PKWY RAMP TO I495 SB" }, "geometry": { "type": "LineString", "coordinates": [ [ -77.19105, 38.96046 ], [ -77.19144, 38.96014 ] ] } },
{ "type": "Feature", "properties": { "name": "RT267 EB RAMP TO I495 EXPRESS LANES NB" }, "geometry": { "type": "LineString", "coordinates": [ [ -77.20373, 38.92936 ], [ -77.20408, 38.92943 ], [ -77.20569, 38.93012 ], [ -77.20837, 38.93103 ], [ -77.20881, 38.93131 ], [ -77.20912, 38.93166 ], [ -77.20941, 38.93251 ] ] } },
{ "type": "Feature", "properties": { "name": "RT267 EB RAMP TO I495 EXPRESS LANES NB" }, "geometry": { "type": "LineString", "coordinates": [ [ -77.20941, 38.93251 ], [ -77.20949, 38.933 ], [ -77.20945, 38.93336 ], [ -77.20813, 38.93574 ] ] } },
{ "type": "Feature", "properties": { "name": "I495 EXPRESS LANE NB" }, "geometry": { "type": "LineString", "coordinates": [ [ -77.20268, 38.94528 ], [ -77.20237, 38.9458 ] ] } },
{ "type": "Feature", "properties": { "name": "I495 EXPRESS LANE NB" }, "geometry": { "type": "LineString", "coordinates": [ [ -77.20237, 38.9458 ], [ -77.20147, 38.94705 ], [ -77.20075, 38.94786 ], [ -77.19986, 38.94871 ], [ -77.19599, 38.95189 ], [ -77.19514, 38.95276 ], [ -77.19398, 38.95427 ] ] } },
{ "type": "Feature", "properties": { "name": "I495 EXPRESS LANE NB" }, "geometry": { "type": "LineString", "coordinates": [ [ -77.19398, 38.95427 ], [ -77.19362, 38.95485 ] ] } },
{ "type": "Feature", "properties": { "name": "I495 EXPRESS LANE NB" }, "geometry": { "type": "LineString", "coordinates": [ [ -77.19056, 38.96013 ], [ -77.18925, 38.96083 ], [ -77.18325, 38.96352 ] ] } },
{ "type": "Feature", "properties": { "name": "I495 EXPRESS LANE SB" }, "geometry": { "type": "LineString", "coordinates": [ [ -77.20256, 38.94586 ], [ -77.20282, 38.94544 ] ] } },
{ "type": "Feature", "properties": { "name": "I495 EXPRESS LANE SB" }, "geometry": { "type": "LineString", "coordinates": [ [ -77.19416, 38.95442 ], [ -77.19508, 38.95316 ], [ -77.1962, 38.95196 ], [ -77.19984, 38.94899 ], [ -77.20074, 38.94816 ], [ -77.20163, 38.94716 ], [ -77.20256, 38.94586 ] ] } },
{ "type": "Feature", "properties": { "name": "I495 SB" }, "geometry": { "type": "LineString", "coordinates": [ [ -77.19396, 38.95495 ], [ -77.19429, 38.95443 ] ] } },
{ "type": "Feature", "properties": { "name": "I495 RAMP TO RT193" }, "geometry": { "type": "LineString", "coordinates": [ [ -77.1894, 38.96127 ], [ -77.19009, 38.96095 ], [ -77.19086, 38.96044 ] ] } },
{ "type": "Feature", "properties": { "name": "I495 RAMP TO RT193" }, "geometry": { "type": "LineString", "coordinates": [ [ -77.19086, 38.96044 ], [ -77.19133, 38.96007 ] ] } },
{ "type": "Feature", "properties": { "name": "I495 RAMP TO RT193" }, "geometry": { "type": "LineString", "coordinates": [ [ -77.19133, 38.96007 ], [ -77.1923, 38.95896 ], [ -77.19299, 38.95759 ] ] } },
{ "type": "Feature", "properties": { "name": "GEORGE WASHINGTON MEMORIAL PKWY RAMP TO I495 SB" }, "geometry": { "type": "LineString", "coordinates": [ [ -77.19285, 38.95806 ], [ -77.19299, 38.95759 ] ] } },
{ "type": "Feature", "properties": { "name": "GEORGE WASHINGTON MEMORIAL PKWY RAMP TO I495 EXPRESS LANE SB" }, "geometry": { "type": "LineString", "coordinates": [ [ -77.19079, 38.9602 ], [ -77.19125, 38.95981 ] ] } },
{ "type": "Feature", "properties": { "name": "I495 SB" }, "geometry": { "type": "LineString", "coordinates": [ [ -77.19429, 38.95443 ], [ -77.19487, 38.95367 ] ] } },
{ "type": "Feature", "properties": { "name": "I495 SB" }, "geometry": { "type": "LineString", "coordinates": [ [ -77.19916, 38.9497 ], [ -77.20047, 38.94861 ], [ -77.20196, 38.94696 ] ] } },
{ "type": "Feature", "properties": { "name": "I495 EXPRESS LANE SB" }, "geometry": { "type": "LineString", "coordinates": [ [ -77.19299, 38.95663 ], [ -77.19388, 38.95487 ] ] } },
{ "type": "Feature", "properties": { "name": "I95 EXP" }, "geometry": { "type": "LineString", "coordinates": [ [ -77.18188, 38.77439 ], [ -77.18163, 38.77535 ] ] } },
{ "type": "Feature", "properties": { "name": "I95 LOCAL NB" }, "geometry": { "type": "LineString", "coordinates": [ [ -77.05882, 38.79412 ], [ -77.05617, 38.79383 ] ] } },
{ "type": "Feature", "properties": { "name": "I395 NB" }, "geometry": { "type": "LineString", "coordinates": [ [ -77.11923, 38.82692 ], [ -77.11612, 38.82852 ], [ -77.114, 38.82951 ], [ -77.11151, 38.83046 ], [ -77.10813, 38.8316 ] ] } },
{ "type": "Feature", "properties": { "name": "I95 SB" }, "geometry": { "type": "LineString", "coordinates": [ [ -77.03896, 38.79278 ], [ -77.04144, 38.79284 ], [ -77.04631, 38.79331 ] ] } },
{ "type": "Feature", "properties": { "name": "I95 LOCAL SB" }, "geometry": { "type": "LineString", "coordinates": [ [ -77.03897, 38.79292 ], [ -77.04103, 38.79296 ], [ -77.04629, 38.79346 ] ] } },
{ "type": "Feature", "properties": { "name": "I95 LOCAL SB" }, "geometry": { "type": "LineString", "coordinates": [ [ -77.04629, 38.79346 ], [ -77.05327, 38.79439 ] ] } },
{ "type": "Feature", "properties": { "name": "I95 LOCAL SB" }, "geometry": { "type": "LineString", "coordinates": [ [ -77.05327, 38.79439 ], [ -77.05607, 38.79484 ] ] } },
{ "type": "Feature", "properties": { "name": "I395 SB" }, "geometry": { "type": "LineString", "coordinates": [ [ -77.10461, 38.83302 ], [ -77.10522, 38.83286 ] ] } },
{ "type": "Feature", "properties": { "name": "GEORGE WASHINGTON MEMORIAL PKWY NB" }, "geometry": { "type": "LineString", "coordinates": [ [ -77.0438, 38.82171 ], [ -77.04344, 38.82457 ] ] } },
{ "type": "Feature", "properties": { "name": "I95 SB RAMP TO EISENHOWER AVE" }, "geometry": { "type": "LineString", "coordinates": [ [ -77.05211, 38.79401 ], [ -77.05946, 38.79536 ] ] } },
{ "type": "Feature", "properties": { "name": "I95 LOCAL NB" }, "geometry": { "type": "LineString", "coordinates": [ [ -77.06132, 38.7948 ], [ -77.0599, 38.79436 ], [ -77.05882, 38.79412 ] ] } },
{ "type": "Feature", "properties": { "name": "I95 SB" }, "geometry": { "type": "LineString", "coordinates": [ [ -77.05349, 38.7942 ], [ -77.05894, 38.79509 ], [ -77.06318, 38.79616 ] ] } },
{ "type": "Feature", "properties": { "name": "GEORGE WASHINGTON MEMORIAL PKWY SB" }, "geometry": { "type": "LineString", "coordinates": [ [ -77.04392, 38.83034 ], [ -77.04352, 38.82845 ], [ -77.04341, 38.82728 ], [ -77.04341, 38.82616 ] ] } },
{ "type": "Feature", "properties": { "name": "I395 NB" }, "geometry": { "type": "LineString", "coordinates": [ [ -77.13153, 38.81842 ], [ -77.13029, 38.81921 ], [ -77.12419, 38.82389 ] ] } },
{ "type": "Feature", "properties": { "name": "I395 NB" }, "geometry": { "type": "LineString", "coordinates": [ [ -77.12419, 38.82389 ], [ -77.12399, 38.82404 ] ] } },
{ "type": "Feature", "properties": { "name": "I395 SB" }, "geometry": { "type": "LineString", "coordinates": [ [ -77.12448, 38.82405 ], [ -77.12868, 38.82086 ] ] } },
{ "type": "Feature", "properties": { "name": "I395 SB" }, "geometry": { "type": "LineString", "coordinates": [ [ -77.09965, 38.83438 ], [ -77.10461, 38.83302 ] ] } },
{ "type": "Feature", "properties": { "name": "GEORGE WASHINGTON MEMORIAL PKWY SB" }, "geometry": { "type": "LineString", "coordinates": [ [ -77.04393, 38.8217 ], [ -77.04433, 38.81856 ] ] } },
{ "type": "Feature", "properties": { "name": "GEORGE WASHINGTON MEMORIAL PKWY SB" }, "geometry": { "type": "LineString", "coordinates": [ [ -77.04341, 38.82616 ], [ -77.0436, 38.8243 ] ] } },
{ "type": "Feature", "properties": { "name": "GEORGE WASHINGTON MEMORIAL PKWY SB" }, "geometry": { "type": "LineString", "coordinates": [ [ -77.0436, 38.8243 ], [ -77.04393, 38.8217 ] ] } },
{ "type": "Feature", "properties": { "name": "GEORGE WASHINGTON MEMORIAL PKWY NB" }, "geometry": { "type": "LineString", "coordinates": [ [ -77.04344, 38.82457 ], [ -77.04322, 38.82624 ] ] } },
{ "type": "Feature", "properties": { "name": "GEORGE WASHINGTON MEMORIAL PKWY NB" }, "geometry": { "type": "LineString", "coordinates": [ [ -77.04322, 38.82624 ], [ -77.04302, 38.82862 ], [ -77.04313, 38.8296 ], [ -77.04334, 38.83045 ] ] } },
{ "type": "Feature", "properties": { "name": "I395 NB" }, "geometry": { "type": "LineString", "coordinates": [ [ -77.13789, 38.8156 ], [ -77.13403, 38.81714 ], [ -77.13153, 38.81842 ] ] } },
{ "type": "Feature", "properties": { "name": "GEORGE WASHINGTON MEMORIAL PKWY NB" }, "geometry": { "type": "LineString", "coordinates": [ [ -77.0446, 38.81584 ], [ -77.04421, 38.81854 ] ] } },
{ "type": "Feature", "properties": { "name": "GEORGE WASHINGTON MEMORIAL PKWY SB" }, "geometry": { "type": "LineString", "coordinates": [ [ -77.04433, 38.81856 ], [ -77.04475, 38.81573 ] ] } },
{ "type": "Feature", "properties": { "name": "SHIRLINGTON CIR RAMP TO I395 EXP HWY" }, "geometry": { "type": "LineString", "coordinates": [ [ -77.08379, 38.84164 ], [ -77.08297, 38.8425 ] ] } },
{ "type": "Feature", "properties": { "name": "I395 SB" }, "geometry": { "type": "LineString", "coordinates": [ [ -77.12428, 38.82419 ], [ -77.12448, 38.82405 ] ] } },
{ "type": "Feature", "properties": { "name": "SHIRLINGTON CIR RAMP TO I395 EXP HWY" }, "geometry": { "type": "LineString", "coordinates": [ [ -77.08297, 38.8425 ], [ -77.08224, 38.84327 ] ] } },
{ "type": "Feature", "properties": { "name": "I395 NB" }, "geometry": { "type": "LineString", "coordinates": [ [ -77.14367, 38.81322 ], [ -77.14275, 38.81362 ] ] } },
{ "type": "Feature", "properties": { "name": "I395 SB" }, "geometry": { "type": "LineString", "coordinates": [ [ -77.13819, 38.81578 ], [ -77.14365, 38.81359 ] ] } },
{ "type": "Feature", "properties": { "name": "I395 NB" }, "geometry": { "type": "LineString", "coordinates": [ [ -77.14275, 38.81362 ], [ -77.13789, 38.8156 ] ] } },
{ "type": "Feature", "properties": { "name": "I395 SB" }, "geometry": { "type": "LineString", "coordinates": [ [ -77.12868, 38.82086 ], [ -77.13089, 38.81921 ], [ -77.13259, 38.81819 ], [ -77.13405, 38.81745 ], [ -77.13819, 38.81578 ] ] } },
{ "type": "Feature", "properties": { "name": "I395 NB" }, "geometry": { "type": "LineString", "coordinates": [ [ -77.10431, 38.83275 ], [ -77.09749, 38.83465 ] ] } },
{ "type": "Feature", "properties": { "name": "I395 SB" }, "geometry": { "type": "LineString", "coordinates": [ [ -77.09786, 38.83487 ], [ -77.09965, 38.83438 ] ] } },
{ "type": "Feature", "properties": { "name": "GEORGE WASHINGTON MEMORIAL PKWY NB" }, "geometry": { "type": "LineString", "coordinates": [ [ -77.04421, 38.81854 ], [ -77.0438, 38.82171 ] ] } },
{ "type": "Feature", "properties": { "name": "I95 LOCAL NB" }, "geometry": { "type": "LineString", "coordinates": [ [ -77.0534, 38.79354 ], [ -77.04866, 38.79311 ] ] } },
{ "type": "Feature", "properties": { "name": "GEORGE WASHINGTON MEMORIAL PKWY NB" }, "geometry": { "type": "LineString", "coordinates": [ [ -77.04334, 38.83045 ], [ -77.04397, 38.83188 ], [ -77.04548, 38.83463 ], [ -77.0457, 38.83562 ], [ -77.04574, 38.83738 ], [ -77.04596, 38.83818 ], [ -77.04627, 38.83873 ], [ -77.04809, 38.84136 ] ] } },
{ "type": "Feature", "properties": { "name": "GEORGE WASHINGTON MEMORIAL PKWY SB" }, "geometry": { "type": "LineString", "coordinates": [ [ -77.04823, 38.84136 ], [ -77.0463, 38.83857 ], [ -77.04608, 38.83812 ], [ -77.04592, 38.83748 ], [ -77.04588, 38.83528 ], [ -77.04574, 38.8346 ], [ -77.04432, 38.83141 ], [ -77.04392, 38.83034 ] ] } },
{ "type": "Feature", "properties": { "name": "I395 SB" }, "geometry": { "type": "LineString", "coordinates": [ [ -77.08256, 38.84332 ], [ -77.0836, 38.84218 ], [ -77.0852, 38.84062 ] ] } },
{ "type": "Feature", "properties": { "name": "I95 NB" }, "geometry": { "type": "LineString", "coordinates": [ [ -77.04635, 38.79306 ], [ -77.04129, 38.79262 ], [ -77.03896, 38.79256 ] ] } },
{ "type": "Feature", "properties": { "name": "I95 LOCAL NB" }, "geometry": { "type": "LineString", "coordinates": [ [ -77.04637, 38.79293 ], [ -77.0414, 38.79249 ], [ -77.03895, 38.79243 ] ] } },
{ "type": "Feature", "properties": { "name": "I95 LOCAL NB" }, "geometry": { "type": "LineString", "coordinates": [ [ -77.04866, 38.79311 ], [ -77.04637, 38.79293 ] ] } },
{ "type": "Feature", "properties": { "name": "I95 NB" }, "geometry": { "type": "LineString", "coordinates": [ [ -77.05776, 38.79429 ], [ -77.05736, 38.79424 ] ] } },
{ "type": "Feature", "properties": { "name": "I95 NB" }, "geometry": { "type": "LineString", "coordinates": [ [ -77.0633, 38.79593 ], [ -77.05943, 38.79462 ], [ -77.05776, 38.79429 ] ] } },
{ "type": "Feature", "properties": { "name": "I95 LOCAL SB" }, "geometry": { "type": "LineString", "coordinates": [ [ -77.05607, 38.79484 ], [ -77.06069, 38.79575 ], [ -77.06308, 38.79634 ] ] } },
{ "type": "Feature", "properties": { "name": "I395 NB" }, "geometry": { "type": "LineString", "coordinates": [ [ -77.10732, 38.83185 ], [ -77.10431, 38.83275 ] ] } },
{ "type": "Feature", "properties": { "name": "I395 SB" }, "geometry": { "type": "LineString", "coordinates": [ [ -77.10522, 38.83286 ], [ -77.10749, 38.83217 ] ] } },
{ "type": "Feature", "properties": { "name": "I395 NB" }, "geometry": { "type": "LineString", "coordinates": [ [ -77.12399, 38.82404 ], [ -77.12196, 38.82536 ], [ -77.11923, 38.82692 ] ] } },
{ "type": "Feature", "properties": { "name": "I395 SB" }, "geometry": { "type": "LineString", "coordinates": [ [ -77.11993, 38.827 ], [ -77.12308, 38.82504 ], [ -77.12428, 38.82419 ] ] } },
{ "type": "Feature", "properties": { "name": "I95 SB" }, "geometry": { "type": "LineString", "coordinates": [ [ -77.04631, 38.79331 ], [ -77.04867, 38.79356 ] ] } },
{ "type": "Feature", "properties": { "name": "I95 SB" }, "geometry": { "type": "LineString", "coordinates": [ [ -77.04867, 38.79356 ], [ -77.05211, 38.79401 ] ] } },
{ "type": "Feature", "properties": { "name": "I95 SB" }, "geometry": { "type": "LineString", "coordinates": [ [ -77.05211, 38.79401 ], [ -77.05349, 38.7942 ] ] } },
{ "type": "Feature", "properties": { "name": "I95 NB" }, "geometry": { "type": "LineString", "coordinates": [ [ -77.05234, 38.79363 ], [ -77.04635, 38.79306 ] ] } },
{ "type": "Feature", "properties": { "name": "I395 NB" }, "geometry": { "type": "LineString", "coordinates": [ [ -77.08511, 38.84019 ], [ -77.08398, 38.84124 ], [ -77.08209, 38.84324 ] ] } },
{ "type": "Feature", "properties": { "name": "I395 NB" }, "geometry": { "type": "LineString", "coordinates": [ [ -77.10785, 38.83168 ], [ -77.10732, 38.83185 ] ] } },
{ "type": "Feature", "properties": { "name": "I395 NB" }, "geometry": { "type": "LineString", "coordinates": [ [ -77.10813, 38.8316 ], [ -77.10785, 38.83168 ] ] } },
{ "type": "Feature", "properties": { "name": "I395 SB" }, "geometry": { "type": "LineString", "coordinates": [ [ -77.10803, 38.83201 ], [ -77.11138, 38.83092 ], [ -77.11418, 38.82983 ], [ -77.11709, 38.82852 ], [ -77.11993, 38.827 ] ] } },
{ "type": "Feature", "properties": { "name": "I395 SB" }, "geometry": { "type": "LineString", "coordinates": [ [ -77.10749, 38.83217 ], [ -77.10803, 38.83201 ] ] } },
{ "type": "Feature", "properties": { "name": "I95 LOCAL NB" }, "geometry": { "type": "LineString", "coordinates": [ [ -77.05617, 38.79383 ], [ -77.0534, 38.79354 ] ] } },
{ "type": "Feature", "properties": { "name": "I95 NB" }, "geometry": { "type": "LineString", "coordinates": [ [ -77.05736, 38.79424 ], [ -77.05234, 38.79363 ] ] } },
{ "type": "Feature", "properties": { "name": "I395 SB EXP HWY SB" }, "geometry": { "type": "LineString", "coordinates": [ [ -77.09769, 38.83477 ], [ -77.10743, 38.83205 ] ] } },
{ "type": "Feature", "properties": { "name": "I395 SB EXP HWY SB" }, "geometry": { "type": "LineString", "coordinates": [ [ -77.08238, 38.84329 ], [ -77.08516, 38.84044 ] ] } },
{ "type": "Feature", "properties": { "name": "I395 SB EXP HWY SB" }, "geometry": { "type": "LineString", "coordinates": [ [ -77.10743, 38.83205 ], [ -77.10796, 38.83189 ] ] } },
{ "type": "Feature", "properties": { "name": "I395 SB EXP HWY SB" }, "geometry": { "type": "LineString", "coordinates": [ [ -77.10796, 38.83189 ], [ -77.10814, 38.83184 ] ] } },
{ "type": "Feature", "properties": { "name": "I395 NB EXP HWY NB" }, "geometry": { "type": "LineString", "coordinates": [ [ -77.14366, 38.81338 ], [ -77.13409, 38.81727 ], [ -77.13263, 38.81797 ], [ -77.13024, 38.81945 ], [ -77.12432, 38.82397 ] ] } },
{ "type": "Feature", "properties": { "name": "I395 NB EXP HWY NB" }, "geometry": { "type": "LineString", "coordinates": [ [ -77.12432, 38.82397 ], [ -77.1241, 38.82412 ] ] } },
{ "type": "Feature", "properties": { "name": "I395 NB EXP HWY NB" }, "geometry": { "type": "LineString", "coordinates": [ [ -77.10741, 38.83202 ], [ -77.09769, 38.83477 ] ] } },
{ "type": "Feature", "properties": { "name": "I395 NB EXP HWY NB" }, "geometry": { "type": "LineString", "coordinates": [ [ -77.12014, 38.82668 ], [ -77.1175, 38.82812 ], [ -77.11504, 38.82928 ], [ -77.11183, 38.83059 ], [ -77.1083, 38.83175 ] ] } },
{ "type": "Feature", "properties": { "name": "I395 NB EXP HWY NB" }, "geometry": { "type": "LineString", "coordinates": [ [ -77.08516, 38.84044 ], [ -77.08397, 38.84157 ], [ -77.08238, 38.84329 ] ] } },
{ "type": "Feature", "properties": { "name": "I395 NB EXP HWY NB" }, "geometry": { "type": "LineString", "coordinates": [ [ -77.10794, 38.83186 ], [ -77.10741, 38.83202 ] ] } },
{ "type": "Feature", "properties": { "name": "I395 NB EXP HWY NB" }, "geometry": { "type": "LineString", "coordinates": [ [ -77.10812, 38.83181 ], [ -77.10794, 38.83186 ] ] } },
{ "type": "Feature", "properties": { "name": "I395 NB EXP HWY NB" }, "geometry": { "type": "LineString", "coordinates": [ [ -77.1083, 38.83175 ], [ -77.10812, 38.83181 ] ] } },
{ "type": "Feature", "properties": { "name": "I395 SB EXP HWY SB" }, "geometry": { "type": "LineString", "coordinates": [ [ -77.10814, 38.83184 ], [ -77.10831, 38.83178 ] ] } },
{ "type": "Feature", "properties": { "name": "I395 NB EXP HWY NB" }, "geometry": { "type": "LineString", "coordinates": [ [ -77.12276, 38.82503 ], [ -77.12014, 38.82668 ] ] } },
{ "type": "Feature", "properties": { "name": "I395 SB EXP HWY SB" }, "geometry": { "type": "LineString", "coordinates": [ [ -77.10831, 38.83178 ], [ -77.11091, 38.83095 ], [ -77.11412, 38.8297 ], [ -77.1178, 38.82801 ], [ -77.12012, 38.82672 ] ] } },
{ "type": "Feature", "properties": { "name": "I395 SB EXP HWY SB" }, "geometry": { "type": "LineString", "coordinates": [ [ -77.12012, 38.82672 ], [ -77.12296, 38.82495 ] ] } },
{ "type": "Feature", "properties": { "name": "I395 SB EXP HWY SB" }, "geometry": { "type": "LineString", "coordinates": [ [ -77.12413, 38.82414 ], [ -77.12435, 38.82399 ] ] } },
{ "type": "Feature", "properties": { "name": "I395 SB EXP HWY SB" }, "geometry": { "type": "LineString", "coordinates": [ [ -77.12435, 38.82399 ], [ -77.13064, 38.81921 ], [ -77.13267, 38.818 ], [ -77.13424, 38.81724 ], [ -77.14366, 38.81342 ] ] } },
{ "type": "Feature", "properties": { "name": "I395 SB EXP HWY SB" }, "geometry": { "type": "LineString", "coordinates": [ [ -77.12296, 38.82495 ], [ -77.12413, 38.82414 ] ] } },
{ "type": "Feature", "properties": { "name": "I395 NB EXP HWY NB" }, "geometry": { "type": "LineString", "coordinates": [ [ -77.1241, 38.82412 ], [ -77.12276, 38.82503 ] ] } },
{ "type": "Feature", "properties": { "name": "I95 LOCAL NB" }, "geometry": { "type": "LineString", "coordinates": [ [ -77.06342, 38.79572 ], [ -77.06132, 38.7948 ] ] } },
{ "type": "Feature", "properties": { "name": "INTERSTATE 395 SB" }, "geometry": { "type": "LineString", "coordinates": [ [ -77.05223, 38.86659 ], [ -77.05268, 38.86652 ] ] } },
{ "type": "Feature", "properties": { "name": "RICHMOND HWY" }, "geometry": { "type": "LineString", "coordinates": [ [ -77.0521, 38.85835 ], [ -77.05215, 38.85777 ] ] } },
{ "type": "Feature", "properties": { "name": "RICHMOND HWY" }, "geometry": { "type": "LineString", "coordinates": [ [ -77.05179, 38.86024 ], [ -77.05172, 38.86106 ] ] } },
{ "type": "Feature", "properties": { "name": "RICHMOND HWY" }, "geometry": { "type": "LineString", "coordinates": [ [ -77.05172, 38.86106 ], [ -77.05161, 38.86208 ] ] } },
{ "type": "Feature", "properties": { "name": "RICHMOND HWY" }, "geometry": { "type": "LineString", "coordinates": [ [ -77.05161, 38.86208 ], [ -77.05154, 38.86281 ] ] } },
{ "type": "Feature", "properties": { "name": "INTERSTATE 66 EB" }, "geometry": { "type": "LineString", "coordinates": [ [ -77.06803, 38.89613 ], [ -77.06787, 38.89474 ] ] } },
{ "type": "Feature", "properties": { "name": "INTERSTATE 66 EB" }, "geometry": { "type": "LineString", "coordinates": [ [ -77.06787, 38.89474 ], [ -77.06778, 38.89425 ] ] } },
{ "type": "Feature", "properties": { "name": "INTERSTATE 66 EB" }, "geometry": { "type": "LineString", "coordinates": [ [ -77.06778, 38.89425 ], [ -77.06739, 38.89337 ] ] } },
{ "type": "Feature", "properties": { "name": "INTERSTATE 395 NB" }, "geometry": { "type": "LineString", "coordinates": [ [ -77.09749, 38.83465 ], [ -77.09708, 38.83476 ] ] } },
{ "type": "Feature", "properties": { "name": "INTERSTATE 395 EXP" }, "geometry": { "type": "LineString", "coordinates": [ [ -77.09769, 38.83477 ], [ -77.09572, 38.83531 ] ] } },
{ "type": "Feature", "properties": { "name": "INTERSTATE 395 SB" }, "geometry": { "type": "LineString", "coordinates": [ [ -77.09583, 38.83543 ], [ -77.09786, 38.83487 ] ] } },
{ "type": "Feature", "properties": { "name": "INTERSTATE 395 NB" }, "geometry": { "type": "LineString", "coordinates": [ [ -77.09708, 38.83476 ], [ -77.09566, 38.83516 ] ] } },
{ "type": "Feature", "properties": { "name": "INTERSTATE 395 EXP" }, "geometry": { "type": "LineString", "coordinates": [ [ -77.08878, 38.83792 ], [ -77.08724, 38.83877 ] ] } },
{ "type": "Feature", "properties": { "name": "INTERSTATE 66 WB" }, "geometry": { "type": "LineString", "coordinates": [ [ -77.09134, 38.89816 ], [ -77.09267, 38.89801 ] ] } },
{ "type": "Feature", "properties": { "name": "INTERSTATE 66 WB" }, "geometry": { "type": "LineString", "coordinates": [ [ -77.0877, 38.89842 ], [ -77.08956, 38.89835 ] ] } },
{ "type": "Feature", "properties": { "name": "INTERSTATE 66 WB" }, "geometry": { "type": "LineString", "coordinates": [ [ -77.08579, 38.89793 ], [ -77.08668, 38.89824 ], [ -77.0877, 38.89842 ] ] } },
{ "type": "Feature", "properties": { "name": "INTERSTATE 395 NB" }, "geometry": { "type": "LineString", "coordinates": [ [ -77.06176, 38.86706 ], [ -77.06089, 38.86699 ], [ -77.06004, 38.86682 ] ] } },
{ "type": "Feature", "properties": { "name": "INTERSTATE 395 EXP" }, "geometry": { "type": "LineString", "coordinates": [ [ -77.06994, 38.85962 ], [ -77.06944, 38.86103 ] ] } },
{ "type": "Feature", "properties": { "name": "RICHMOND HWY" }, "geometry": { "type": "LineString", "coordinates": [ [ -77.05194, 38.85836 ], [ -77.05188, 38.85912 ] ] } },
{ "type": "Feature", "properties": { "name": "RICHMOND HWY" }, "geometry": { "type": "LineString", "coordinates": [ [ -77.05188, 38.85912 ], [ -77.05183, 38.8597 ] ] } },
{ "type": "Feature", "properties": { "name": "RICHMOND HWY" }, "geometry": { "type": "LineString", "coordinates": [ [ -77.05208, 38.85674 ], [ -77.05202, 38.85738 ] ] } },
{ "type": "Feature", "properties": { "name": "RICHMOND HWY" }, "geometry": { "type": "LineString", "coordinates": [ [ -77.05199, 38.85779 ], [ -77.05194, 38.85836 ] ] } },
{ "type": "Feature", "properties": { "name": "INTERSTATE 66 EB" }, "geometry": { "type": "LineString", "coordinates": [ [ -77.15493, 38.88515 ], [ -77.15323, 38.88458 ] ] } },
{ "type": "Feature", "properties": { "name": "INTERSTATE 66 WB" }, "geometry": { "type": "LineString", "coordinates": [ [ -77.15304, 38.8849 ], [ -77.15476, 38.88549 ] ] } },
{ "type": "Feature", "properties": { "name": "INTERSTATE 66 EB" }, "geometry": { "type": "LineString", "coordinates": [ [ -77.10036, 38.89397 ], [ -77.09998, 38.89471 ], [ -77.09954, 38.89534 ] ] } },
{ "type": "Feature", "properties": { "name": "INTERSTATE 66 EB" }, "geometry": { "type": "LineString", "coordinates": [ [ -77.09824, 38.89644 ], [ -77.09757, 38.89681 ], [ -77.09662, 38.89716 ] ] } },
{ "type": "Feature", "properties": { "name": "INTERSTATE 66 WB" }, "geometry": { "type": "LineString", "coordinates": [ [ -77.09667, 38.89727 ], [ -77.09754, 38.89695 ], [ -77.09832, 38.89654 ] ] } },
{ "type": "Feature", "properties": { "name": "INTERSTATE 66 WB" }, "geometry": { "type": "LineString", "coordinates": [ [ -77.07772, 38.89835 ], [ -77.07913, 38.89782 ] ] } },
{ "type": "Feature", "properties": { "name": "INTERSTATE 66 EB" }, "geometry": { "type": "LineString", "coordinates": [ [ -77.07905, 38.89771 ], [ -77.07766, 38.89824 ] ] } },
{ "type": "Feature", "properties": { "name": "INTERSTATE 66 EB" }, "geometry": { "type": "LineString", "coordinates": [ [ -77.07766, 38.89824 ], [ -77.07608, 38.89859 ] ] } },
{ "type": "Feature", "properties": { "name": "INTERSTATE 66 EB" }, "geometry": { "type": "LineString", "coordinates": [ [ -77.07608, 38.89859 ], [ -77.07403, 38.8987 ] ] } },
{ "type": "Feature", "properties": { "name": "INTERSTATE 395 EXP SB" }, "geometry": { "type": "LineString", "coordinates": [ [ -77.04758, 38.86854 ], [ -77.04826, 38.86783 ], [ -77.04905, 38.86726 ] ] } },
{ "type": "Feature", "properties": { "name": "RICHMOND HWY" }, "geometry": { "type": "LineString", "coordinates": [ [ -77.05168, 38.86282 ], [ -77.05177, 38.8621 ] ] } },
{ "type": "Feature", "properties": { "name": "RICHMOND HWY" }, "geometry": { "type": "LineString", "coordinates": [ [ -77.05204, 38.85912 ], [ -77.0521, 38.85835 ] ] } },
{ "type": "Feature", "properties": { "name": "RICHMOND HWY" }, "geometry": { "type": "LineString", "coordinates": [ [ -77.05199, 38.8597 ], [ -77.05204, 38.85912 ] ] } },
{ "type": "Feature", "properties": { "name": "INTERSTATE 66 WB" }, "geometry": { "type": "LineString", "coordinates": [ [ -77.06735, 38.89352 ], [ -77.0676, 38.89407 ], [ -77.06774, 38.89475 ] ] } },
{ "type": "Feature", "properties": { "name": "INTERSTATE 66 WB" }, "geometry": { "type": "LineString", "coordinates": [ [ -77.14297, 38.88148 ], [ -77.14466, 38.88206 ] ] } },
{ "type": "Feature", "properties": { "name": "INTERSTATE 66 EB" }, "geometry": { "type": "LineString", "coordinates": [ [ -77.14484, 38.8818 ], [ -77.14312, 38.88122 ] ] } },
{ "type": "Feature", "properties": { "name": "INTERSTATE 66 EB" }, "geometry": { "type": "LineString", "coordinates": [ [ -77.14312, 38.88122 ], [ -77.14142, 38.88064 ] ] } },
{ "type": "Feature", "properties": { "name": "INTERSTATE 66 WB" }, "geometry": { "type": "LineString", "coordinates": [ [ -77.14136, 38.88093 ], [ -77.14297, 38.88148 ] ] } },
{ "type": "Feature", "properties": { "name": "INTERSTATE 395 NB" }, "geometry": { "type": "LineString", "coordinates": [ [ -77.06973, 38.85956 ], [ -77.06938, 38.86038 ], [ -77.06924, 38.86093 ] ] } },
{ "type": "Feature", "properties": { "name": "INTERSTATE 395 SB" }, "geometry": { "type": "LineString", "coordinates": [ [ -77.06968, 38.86102 ], [ -77.07013, 38.85967 ] ] } },
{ "type": "Feature", "properties": { "name": "INTERSTATE 66 WB" }, "geometry": { "type": "LineString", "coordinates": [ [ -77.08055, 38.89718 ], [ -77.08145, 38.89687 ], [ -77.0823, 38.89677 ] ] } },
{ "type": "Feature", "properties": { "name": "INTERSTATE 66 EB" }, "geometry": { "type": "LineString", "coordinates": [ [ -77.0823, 38.89665 ], [ -77.08139, 38.89676 ], [ -77.08047, 38.89707 ] ] } },
{ "type": "Feature", "properties": { "name": "INTERSTATE 66 WB" }, "geometry": { "type": "LineString", "coordinates": [ [ -77.14799, 38.88319 ], [ -77.14974, 38.88379 ] ] } },
{ "type": "Feature", "properties": { "name": "INTERSTATE 66 EB" }, "geometry": { "type": "LineString", "coordinates": [ [ -77.14986, 38.88346 ], [ -77.1481, 38.88288 ] ] } },
{ "type": "Feature", "properties": { "name": "INTERSTATE 66 WB" }, "geometry": { "type": "LineString", "coordinates": [ [ -77.1463, 38.88262 ], [ -77.14799, 38.88319 ] ] } },
{ "type": "Feature", "properties": { "name": "INTERSTATE 66 EB" }, "geometry": { "type": "LineString", "coordinates": [ [ -77.1481, 38.88288 ], [ -77.14621, 38.88225 ] ] } },
{ "type": "Feature", "properties": { "name": "INTERSTATE 66 EB" }, "geometry": { "type": "LineString", "coordinates": [ [ -77.10727, 38.88979 ], [ -77.10545, 38.89023 ] ] } },
{ "type": "Feature", "properties": { "name": "INTERSTATE 66 WB" }, "geometry": { "type": "LineString", "coordinates": [ [ -77.10553, 38.89034 ], [ -77.10735, 38.88991 ] ] } },
{ "type": "Feature", "properties": { "name": "INTERSTATE 66 EB" }, "geometry": { "type": "LineString", "coordinates": [ [ -77.09662, 38.89716 ], [ -77.09493, 38.89756 ] ] } },
{ "type": "Feature", "properties": { "name": "INTERSTATE 66 WB" }, "geometry": { "type": "LineString", "coordinates": [ [ -77.09497, 38.89767 ], [ -77.09667, 38.89727 ] ] } },
{ "type": "Feature", "properties": { "name": "INTERSTATE 66 EB" }, "geometry": { "type": "LineString", "coordinates": [ [ -77.09265, 38.89789 ], [ -77.09129, 38.89804 ] ] } },
{ "type": "Feature", "properties": { "name": "INTERSTATE 66 EB" }, "geometry": { "type": "LineString", "coordinates": [ [ -77.09129, 38.89804 ], [ -77.08952, 38.89823 ] ] } },
{ "type": "Feature", "properties": { "name": "INTERSTATE 66 WB" }, "geometry": { "type": "LineString", "coordinates": [ [ -77.08956, 38.89835 ], [ -77.09134, 38.89816 ] ] } },
{ "type": "Feature", "properties": { "name": "INTERSTATE 66 WB" }, "geometry": { "type": "LineString", "coordinates": [ [ -77.07611, 38.89872 ], [ -77.07772, 38.89835 ] ] } },
{ "type": "Feature", "properties": { "name": "INTERSTATE 66 WB" }, "geometry": { "type": "LineString", "coordinates": [ [ -77.07404, 38.89883 ], [ -77.07611, 38.89872 ] ] } },
{ "type": "Feature", "properties": { "name": "RICHMOND HWY" }, "geometry": { "type": "LineString", "coordinates": [ [ -77.05148, 38.86313 ], [ -77.05129, 38.8639 ] ] } },
{ "type": "Feature", "properties": { "name": "INTERSTATE 66 WB" }, "geometry": { "type": "LineString", "coordinates": [ [ -77.06774, 38.89475 ], [ -77.06782, 38.89556 ] ] } },
{ "type": "Feature", "properties": { "name": "INTERSTATE 66 EB" }, "geometry": { "type": "LineString", "coordinates": [ [ -77.14142, 38.88064 ], [ -77.13976, 38.88009 ] ] } },
{ "type": "Feature", "properties": { "name": "INTERSTATE 66 WB" }, "geometry": { "type": "LineString", "coordinates": [ [ -77.13967, 38.88035 ], [ -77.14136, 38.88093 ] ] } },
{ "type": "Feature", "properties": { "name": "INTERSTATE 395 EXP" }, "geometry": { "type": "LineString", "coordinates": [ [ -77.06696, 38.86583 ], [ -77.06516, 38.86653 ] ] } },
{ "type": "Feature", "properties": { "name": "INTERSTATE 395 EXP" }, "geometry": { "type": "LineString", "coordinates": [ [ -77.06516, 38.86653 ], [ -77.06335, 38.86706 ] ] } },
{ "type": "Feature", "properties": { "name": "RICHMOND HWY" }, "geometry": { "type": "LineString", "coordinates": [ [ -77.05188, 38.86106 ], [ -77.05194, 38.86024 ] ] } },
{ "type": "Feature", "properties": { "name": "RICHMOND HWY" }, "geometry": { "type": "LineString", "coordinates": [ [ -77.05177, 38.8621 ], [ -77.05188, 38.86106 ] ] } },
{ "type": "Feature", "properties": { "name": "INTERSTATE 395 EXP SB" }, "geometry": { "type": "LineString", "coordinates": [ [ -77.05437, 38.86608 ], [ -77.05604, 38.86621 ] ] } },
{ "type": "Feature", "properties": { "name": "INTERSTATE 395 EXP NB" }, "geometry": { "type": "LineString", "coordinates": [ [ -77.05606, 38.86613 ], [ -77.05437, 38.86599 ] ] } },
{ "type": "Feature", "properties": { "name": "INTERSTATE 395 SB" }, "geometry": { "type": "LineString", "coordinates": [ [ -77.05268, 38.86652 ], [ -77.05384, 38.86641 ] ] } },
{ "type": "Feature", "properties": { "name": "INTERSTATE 395 EXP SB" }, "geometry": { "type": "LineString", "coordinates": [ [ -77.0526, 38.86612 ], [ -77.0541, 38.86607 ] ] } },
{ "type": "Feature", "properties": { "name": "INTERSTATE 395 EXP NB" }, "geometry": { "type": "LineString", "coordinates": [ [ -77.05411, 38.86598 ], [ -77.05258, 38.86604 ] ] } },
{ "type": "Feature", "properties": { "name": "INTERSTATE 395 SB" }, "geometry": { "type": "LineString", "coordinates": [ [ -77.05861, 38.86692 ], [ -77.05994, 38.86731 ] ] } },
{ "type": "Feature", "properties": { "name": "INTERSTATE 395 EXP" }, "geometry": { "type": "LineString", "coordinates": [ [ -77.06944, 38.86103 ], [ -77.06934, 38.86163 ] ] } },
{ "type": "Feature", "properties": { "name": "INTERSTATE 395 EXP" }, "geometry": { "type": "LineString", "coordinates": [ [ -77.07079, 38.85821 ], [ -77.07003, 38.85944 ] ] } },
{ "type": "Feature", "properties": { "name": "INTERSTATE 395 SB" }, "geometry": { "type": "LineString", "coordinates": [ [ -77.06955, 38.86176 ], [ -77.06968, 38.86102 ] ] } },
{ "type": "Feature", "properties": { "name": "INTERSTATE 395 NB" }, "geometry": { "type": "LineString", "coordinates": [ [ -77.06865, 38.86383 ], [ -77.06819, 38.86453 ] ] } },
{ "type": "Feature", "properties": { "name": "INTERSTATE 395 SB" }, "geometry": { "type": "LineString", "coordinates": [ [ -77.06859, 38.86483 ], [ -77.06913, 38.86391 ] ] } },
{ "type": "Feature", "properties": { "name": "INTERSTATE 66 EB" }, "geometry": { "type": "LineString", "coordinates": [ [ -77.09906, 38.89582 ], [ -77.09833, 38.89638 ] ] } },
{ "type": "Feature", "properties": { "name": "INTERSTATE 66 WB" }, "geometry": { "type": "LineString", "coordinates": [ [ -77.09852, 38.89641 ], [ -77.09923, 38.89584 ] ] } },
{ "type": "Feature", "properties": { "name": "INTERSTATE 66 WB" }, "geometry": { "type": "LineString", "coordinates": [ [ -77.07913, 38.89782 ], [ -77.08038, 38.89725 ] ] } },
{ "type": "Feature", "properties": { "name": "INTERSTATE 66 WB" }, "geometry": { "type": "LineString", "coordinates": [ [ -77.06603, 38.89232 ], [ -77.06659, 38.89268 ], [ -77.06708, 38.89316 ] ] } },
{ "type": "Feature", "properties": { "name": "INTERSTATE 66 WB" }, "geometry": { "type": "LineString", "coordinates": [ [ -77.14466, 38.88206 ], [ -77.14606, 38.88254 ] ] } },
{ "type": "Feature", "properties": { "name": "INTERSTATE 66 EB" }, "geometry": { "type": "LineString", "coordinates": [ [ -77.14597, 38.88217 ], [ -77.14484, 38.8818 ] ] } },
{ "type": "Feature", "properties": { "name": "INTERSTATE 395 SB" }, "geometry": { "type": "LineString", "coordinates": [ [ -77.07021, 38.85949 ], [ -77.07095, 38.85828 ] ] } },
{ "type": "Feature", "properties": { "name": "U.S. ROUTE 1" }, "geometry": { "type": "LineString", "coordinates": [ [ -77.05165, 38.86314 ], [ -77.05168, 38.86282 ] ] } },
{ "type": "Feature", "properties": { "name": "INTERSTATE 66 EB" }, "geometry": { "type": "LineString", "coordinates": [ [ -77.08031, 38.89714 ], [ -77.07905, 38.89771 ] ] } },
{ "type": "Feature", "properties": { "name": "RICHMOND HWY" }, "geometry": { "type": "LineString", "coordinates": [ [ -77.05146, 38.86747 ], [ -77.0516, 38.86522 ] ] } },
{ "type": "Feature", "properties": { "name": "INTERSTATE 66 EB" }, "geometry": { "type": "LineString", "coordinates": [ [ -77.10911, 38.88935 ], [ -77.10844, 38.88951 ] ] } },
{ "type": "Feature", "properties": { "name": "INTERSTATE 66 WB" }, "geometry": { "type": "LineString", "coordinates": [ [ -77.10735, 38.88991 ], [ -77.10818, 38.88971 ] ] } },
{ "type": "Feature", "properties": { "name": "INTERSTATE 66 EB" }, "geometry": { "type": "LineString", "coordinates": [ [ -77.09483, 38.89758 ], [ -77.0929, 38.89786 ] ] } },
{ "type": "Feature", "properties": { "name": "INTERSTATE 66 WB" }, "geometry": { "type": "LineString", "coordinates": [ [ -77.09284, 38.89799 ], [ -77.09468, 38.89773 ] ] } },
{ "type": "Feature", "properties": { "name": "INTERSTATE 395 NB" }, "geometry": { "type": "LineString", "coordinates": [ [ -77.06819, 38.86453 ], [ -77.06782, 38.86495 ], [ -77.06719, 38.86547 ] ] } },
{ "type": "Feature", "properties": { "name": "RICHMOND HWY" }, "geometry": { "type": "LineString", "coordinates": [ [ -77.05154, 38.86281 ], [ -77.05148, 38.86313 ] ] } },
{ "type": "Feature", "properties": { "name": "INTERSTATE 66 EB" }, "geometry": { "type": "LineString", "coordinates": [ [ -77.139, 38.87984 ], [ -77.13806, 38.87956 ] ] } },
{ "type": "Feature", "properties": { "name": "INTERSTATE 395 EXP NB" }, "geometry": { "type": "LineString", "coordinates": [ [ -77.05258, 38.86604 ], [ -77.05175, 38.86615 ] ] } },
{ "type": "Feature", "properties": { "name": "INTERSTATE 395 NB" }, "geometry": { "type": "LineString", "coordinates": [ [ -77.05027, 38.86625 ], [ -77.04879, 38.86696 ] ] } },
{ "type": "Feature", "properties": { "name": "ARLINGTON BLVD" }, "geometry": { "type": "LineString", "coordinates": [ [ -77.06772, 38.89029 ], [ -77.06723, 38.89025 ], [ -77.06675, 38.89036 ] ] } },
{ "type": "Feature", "properties": { "name": "INTERSTATE 66 EB" }, "geometry": { "type": "LineString", "coordinates": [ [ -77.06711, 38.89301 ], [ -77.06669, 38.89261 ], [ -77.06612, 38.89222 ] ] } },
{ "type": "Feature", "properties": { "name": "RICHMOND HWY" }, "geometry": { "type": "LineString", "coordinates": [ [ -77.05297, 38.84906 ], [ -77.05309, 38.84829 ], [ -77.05301, 38.84816 ] ] } },
{ "type": "Feature", "properties": { "name": "RICHMOND HWY" }, "geometry": { "type": "LineString", "coordinates": [ [ -77.05301, 38.84816 ], [ -77.05291, 38.8483 ], [ -77.05281, 38.84906 ] ] } },
{ "type": "Feature", "properties": { "name": "RICHMOND HWY" }, "geometry": { "type": "LineString", "coordinates": [ [ -77.05281, 38.84906 ], [ -77.05263, 38.85047 ] ] } },
{ "type": "Feature", "properties": { "name": "RICHMOND HWY" }, "geometry": { "type": "LineString", "coordinates": [ [ -77.05129, 38.8639 ], [ -77.05103, 38.86495 ], [ -77.05127, 38.86699 ], [ -77.0513, 38.86891 ] ] } },
{ "type": "Feature", "properties": { "name": "INTERSTATE 66 EB" }, "geometry": { "type": "LineString", "coordinates": [ [ -77.10206, 38.8915 ], [ -77.10144, 38.89205 ], [ -77.10096, 38.89269 ] ] } },
{ "type": "Feature", "properties": { "name": "INTERSTATE 66 EB" }, "geometry": { "type": "LineString", "coordinates": [ [ -77.10096, 38.89269 ], [ -77.10036, 38.89397 ] ] } },
{ "type": "Feature", "properties": { "name": "INTERSTATE 66 EB" }, "geometry": { "type": "LineString", "coordinates": [ [ -77.12521, 38.88011 ], [ -77.12394, 38.88077 ] ] } },
{ "type": "Feature", "properties": { "name": "INTERSTATE 66 EB" }, "geometry": { "type": "LineString", "coordinates": [ [ -77.12394, 38.88077 ], [ -77.12366, 38.88092 ] ] } },
{ "type": "Feature", "properties": { "name": "INTERSTATE 395 SB" }, "geometry": { "type": "LineString", "coordinates": [ [ -77.07879, 38.84765 ], [ -77.07927, 38.84708 ] ] } },
{ "type": "Feature", "properties": { "name": "INTERSTATE 395 SB" }, "geometry": { "type": "LineString", "coordinates": [ [ -77.08039, 38.84576 ], [ -77.08145, 38.84456 ] ] } },
{ "type": "Feature", "properties": { "name": "INTERSTATE 395 SB" }, "geometry": { "type": "LineString", "coordinates": [ [ -77.07964, 38.84664 ], [ -77.08039, 38.84576 ] ] } },
{ "type": "Feature", "properties": { "name": "INTERSTATE 395 SB" }, "geometry": { "type": "LineString", "coordinates": [ [ -77.08145, 38.84456 ], [ -77.08256, 38.84332 ] ] } },
{ "type": "Feature", "properties": { "name": "WASHINGTON BLVD" }, "geometry": { "type": "LineString", "coordinates": [ [ -77.08394, 38.87539 ], [ -77.0837, 38.87522 ] ] } },
{ "type": "Feature", "properties": { "name": "WASHINGTON BLVD" }, "geometry": { "type": "LineString", "coordinates": [ [ -77.0836, 38.87532 ], [ -77.08385, 38.8755 ] ] } },
{ "type": "Feature", "properties": { "name": "WASHINGTON BLVD" }, "geometry": { "type": "LineString", "coordinates": [ [ -77.08313, 38.87498 ], [ -77.0836, 38.87532 ] ] } },
{ "type": "Feature", "properties": { "name": "WASHINGTON BLVD" }, "geometry": { "type": "LineString", "coordinates": [ [ -77.0837, 38.87522 ], [ -77.083, 38.8747 ] ] } },
{ "type": "Feature", "properties": { "name": "WASHINGTON BLVD" }, "geometry": { "type": "LineString", "coordinates": [ [ -77.083, 38.8747 ], [ -77.08245, 38.87413 ], [ -77.0818, 38.87318 ] ] } },
{ "type": "Feature", "properties": { "name": "WASHINGTON BLVD" }, "geometry": { "type": "LineString", "coordinates": [ [ -77.0818, 38.87318 ], [ -77.08153, 38.87277 ] ] } },
{ "type": "Feature", "properties": { "name": "WASHINGTON BLVD" }, "geometry": { "type": "LineString", "coordinates": [ [ -77.08237, 38.87427 ], [ -77.08313, 38.87498 ] ] } },
{ "type": "Feature", "properties": { "name": "WASHINGTON BLVD" }, "geometry": { "type": "LineString", "coordinates": [ [ -77.0814, 38.87284 ], [ -77.08237, 38.87427 ] ] } },
{ "type": "Feature", "properties": { "name": "WASHINGTON BLVD" }, "geometry": { "type": "LineString", "coordinates": [ [ -77.08078, 38.87193 ], [ -77.0814, 38.87284 ] ] } },
{ "type": "Feature", "properties": { "name": "WASHINGTON BLVD" }, "geometry": { "type": "LineString", "coordinates": [ [ -77.07902, 38.86986 ], [ -77.07972, 38.87058 ], [ -77.08069, 38.87181 ] ] } },
{ "type": "Feature", "properties": { "name": "INTERSTATE 395 SB" }, "geometry": { "type": "LineString", "coordinates": [ [ -77.04934, 38.86777 ], [ -77.05093, 38.86697 ] ] } },
{ "type": "Feature", "properties": { "name": "WASHINGTON BLVD" }, "geometry": { "type": "LineString", "coordinates": [ [ -77.05936, 38.88304 ], [ -77.05793, 38.88193 ], [ -77.05757, 38.88142 ], [ -77.05738, 38.88086 ] ] } },
{ "type": "Feature", "properties": { "name": "WASHINGTON BLVD" }, "geometry": { "type": "LineString", "coordinates": [ [ -77.05723, 38.87998 ], [ -77.05711, 38.87849 ], [ -77.05715, 38.87762 ] ] } },
{ "type": "Feature", "properties": { "name": "WASHINGTON BLVD" }, "geometry": { "type": "LineString", "coordinates": [ [ -77.05715, 38.87762 ], [ -77.05736, 38.87622 ] ] } },
{ "type": "Feature", "properties": { "name": "WASHINGTON BLVD" }, "geometry": { "type": "LineString", "coordinates": [ [ -77.05736, 38.87622 ], [ -77.05786, 38.87467 ] ] } },
{ "type": "Feature", "properties": { "name": "WASHINGTON BLVD" }, "geometry": { "type": "LineString", "coordinates": [ [ -77.05786, 38.87467 ], [ -77.05851, 38.87338 ], [ -77.05929, 38.87219 ] ] } },
{ "type": "Feature", "properties": { "name": "WASHINGTON BLVD" }, "geometry": { "type": "LineString", "coordinates": [ [ -77.05929, 38.87219 ], [ -77.06096, 38.86994 ] ] } },
{ "type": "Feature", "properties": { "name": "WASHINGTON BLVD" }, "geometry": { "type": "LineString", "coordinates": [ [ -77.06201, 38.86813 ], [ -77.061, 38.86945 ] ] } },
{ "type": "Feature", "properties": { "name": "WASHINGTON BLVD" }, "geometry": { "type": "LineString", "coordinates": [ [ -77.06084, 38.86965 ], [ -77.05968, 38.87117 ] ] } },
{ "type": "Feature", "properties": { "name": "WASHINGTON BLVD" }, "geometry": { "type": "LineString", "coordinates": [ [ -77.05968, 38.87117 ], [ -77.05834, 38.87333 ] ] } },
{ "type": "Feature", "properties": { "name": "INTERSTATE 395 SB" }, "geometry": { "type": "LineString", "coordinates": [ [ -77.05652, 38.86649 ], [ -77.05801, 38.86676 ] ] } },
{ "type": "Feature", "properties": { "name": "INTERSTATE 395 SB" }, "geometry": { "type": "LineString", "coordinates": [ [ -77.05455, 38.8664 ], [ -77.05597, 38.86644 ] ] } },
{ "type": "Feature", "properties": { "name": "WASHINGTON BLVD" }, "geometry": { "type": "LineString", "coordinates": [ [ -77.05834, 38.87333 ], [ -77.05777, 38.87454 ], [ -77.0572, 38.87626 ] ] } },
{ "type": "Feature", "properties": { "name": "WASHINGTON BLVD" }, "geometry": { "type": "LineString", "coordinates": [ [ -77.05698, 38.87794 ], [ -77.05708, 38.8797 ] ] } },
{ "type": "Feature", "properties": { "name": "U.S. ROUTE 1" }, "geometry": { "type": "LineString", "coordinates": [ [ -77.05129, 38.8639 ], [ -77.05052, 38.86536 ], [ -77.05016, 38.86585 ], [ -77.04971, 38.86625 ], [ -77.04838, 38.86713 ], [ -77.04831, 38.86728 ] ] } },
{ "type": "Feature", "properties": { "name": "INTERSTATE 395 NB" }, "geometry": { "type": "LineString", "coordinates": [ [ -77.04879, 38.86696 ], [ -77.04831, 38.86728 ] ] } },
{ "type": "Feature", "properties": { "name": "INTERSTATE 395 EXP NB" }, "geometry": { "type": "LineString", "coordinates": [ [ -77.05104, 38.86629 ], [ -77.05078, 38.86636 ] ] } },
{ "type": "Feature", "properties": { "name": "INTERSTATE 395 EXP NB" }, "geometry": { "type": "LineString", "coordinates": [ [ -77.04895, 38.86714 ], [ -77.04814, 38.86775 ], [ -77.04744, 38.86849 ] ] } },
{ "type": "Feature", "properties": { "name": "INTERSTATE 395 EXP NB" }, "geometry": { "type": "LineString", "coordinates": [ [ -77.05003, 38.86661 ], [ -77.04895, 38.86714 ] ] } },
{ "type": "Feature", "properties": { "name": "INTERSTATE 395 SB" }, "geometry": { "type": "LineString", "coordinates": [ [ -77.05093, 38.86697 ], [ -77.05178, 38.86669 ] ] } },
{ "type": "Feature", "properties": { "name": "INTERSTATE 395 SB" }, "geometry": { "type": "LineString", "coordinates": [ [ -77.04803, 38.86865 ], [ -77.04934, 38.86777 ] ] } },
{ "type": "Feature", "properties": { "name": "INTERSTATE 395 SB" }, "geometry": { "type": "LineString", "coordinates": [ [ -77.04768, 38.86899 ], [ -77.04803, 38.86865 ] ] } },
{ "type": "Feature", "properties": { "name": "INTERSTATE 395 NB" }, "geometry": { "type": "LineString", "coordinates": [ [ -77.04831, 38.86728 ], [ -77.0477, 38.86782 ], [ -77.04728, 38.86832 ] ] } },
{ "type": "Feature", "properties": { "name": "INTERSTATE 395 NB" }, "geometry": { "type": "LineString", "coordinates": [ [ -77.05177, 38.86578 ], [ -77.05098, 38.866 ] ] } },
{ "type": "Feature", "properties": { "name": "INTERSTATE 395 NB" }, "geometry": { "type": "LineString", "coordinates": [ [ -77.05232, 38.86566 ], [ -77.05177, 38.86578 ] ] } },
{ "type": "Feature", "properties": { "name": "INTERSTATE 395 EXP SB" }, "geometry": { "type": "LineString", "coordinates": [ [ -77.04905, 38.86726 ], [ -77.04987, 38.86684 ] ] } },
{ "type": "Feature", "properties": { "name": "INTERSTATE 395 EXP SB" }, "geometry": { "type": "LineString", "coordinates": [ [ -77.05009, 38.86675 ], [ -77.05104, 38.86642 ] ] } },
{ "type": "Feature", "properties": { "name": "INTERSTATE 395 EXP NB" }, "geometry": { "type": "LineString", "coordinates": [ [ -77.05765, 38.86638 ], [ -77.0566, 38.8662 ] ] } },
{ "type": "Feature", "properties": { "name": "INTERSTATE 395 NB" }, "geometry": { "type": "LineString", "coordinates": [ [ -77.058, 38.86627 ], [ -77.05668, 38.86593 ] ] } },
{ "type": "Feature", "properties": { "name": "INTERSTATE 395 NB" }, "geometry": { "type": "LineString", "coordinates": [ [ -77.06004, 38.86682 ], [ -77.05922, 38.8666 ] ] } },
{ "type": "Feature", "properties": { "name": "INTERSTATE 395 NB" }, "geometry": { "type": "LineString", "coordinates": [ [ -77.05922, 38.8666 ], [ -77.05848, 38.8664 ] ] } },
{ "type": "Feature", "properties": { "name": "WASHINGTON BLVD" }, "geometry": { "type": "LineString", "coordinates": [ [ -77.06144, 38.8693 ], [ -77.06198, 38.8686 ], [ -77.06248, 38.86816 ] ] } },
{ "type": "Feature", "properties": { "name": "WASHINGTON BLVD" }, "geometry": { "type": "LineString", "coordinates": [ [ -77.06567, 38.86686 ], [ -77.06639, 38.86658 ] ] } },
{ "type": "Feature", "properties": { "name": "WASHINGTON BLVD" }, "geometry": { "type": "LineString", "coordinates": [ [ -77.06639, 38.86658 ], [ -77.06898, 38.86573 ], [ -77.06986, 38.86559 ], [ -77.07098, 38.86555 ] ] } },
{ "type": "Feature", "properties": { "name": "WASHINGTON BLVD" }, "geometry": { "type": "LineString", "coordinates": [ [ -77.06349, 38.86767 ], [ -77.06567, 38.86686 ] ] } },
{ "type": "Feature", "properties": { "name": "INTERSTATE 395 NB" }, "geometry": { "type": "LineString", "coordinates": [ [ -77.06663, 38.8658 ], [ -77.06512, 38.86637 ] ] } },
{ "type": "Feature", "properties": { "name": "INTERSTATE 395 NB" }, "geometry": { "type": "LineString", "coordinates": [ [ -77.06512, 38.86637 ], [ -77.06332, 38.86691 ] ] } },
{ "type": "Feature", "properties": { "name": "WASHINGTON BLVD" }, "geometry": { "type": "LineString", "coordinates": [ [ -77.06714, 38.86539 ], [ -77.06359, 38.86658 ] ] } },
{ "type": "Feature", "properties": { "name": "WASHINGTON BLVD" }, "geometry": { "type": "LineString", "coordinates": [ [ -77.07135, 38.8654 ], [ -77.07105, 38.86535 ] ] } },
{ "type": "Feature", "properties": { "name": "WASHINGTON BLVD" }, "geometry": { "type": "LineString", "coordinates": [ [ -77.07105, 38.86535 ], [ -77.06982, 38.86515 ] ] } },
{ "type": "Feature", "properties": { "name": "INTERSTATE 395 NB" }, "geometry": { "type": "LineString", "coordinates": [ [ -77.06924, 38.86093 ], [ -77.06914, 38.8615 ] ] } },
{ "type": "Feature", "properties": { "name": "INTERSTATE 395 NB" }, "geometry": { "type": "LineString", "coordinates": [ [ -77.06907, 38.86203 ], [ -77.06903, 38.86236 ] ] } },
{ "type": "Feature", "properties": { "name": "INTERSTATE 395 NB" }, "geometry": { "type": "LineString", "coordinates": [ [ -77.06903, 38.86236 ], [ -77.06893, 38.86304 ], [ -77.06865, 38.86383 ] ] } },
{ "type": "Feature", "properties": { "name": "INTERSTATE 395 SB" }, "geometry": { "type": "LineString", "coordinates": [ [ -77.07095, 38.85828 ], [ -77.07111, 38.85805 ] ] } },
{ "type": "Feature", "properties": { "name": "INTERSTATE 395 SB" }, "geometry": { "type": "LineString", "coordinates": [ [ -77.0694, 38.86279 ], [ -77.06945, 38.86241 ] ] } },
{ "type": "Feature", "properties": { "name": "INTERSTATE 395 SB" }, "geometry": { "type": "LineString", "coordinates": [ [ -77.06913, 38.86391 ], [ -77.0694, 38.86279 ] ] } },
{ "type": "Feature", "properties": { "name": "INTERSTATE 66 EB" }, "geometry": { "type": "LineString", "coordinates": [ [ -77.06822, 38.89677 ], [ -77.06803, 38.89613 ] ] } },
{ "type": "Feature", "properties": { "name": "INTERSTATE 66 EB" }, "geometry": { "type": "LineString", "coordinates": [ [ -77.06871, 38.89749 ], [ -77.06822, 38.89677 ] ] } },
{ "type": "Feature", "properties": { "name": "INTERSTATE 66 WB" }, "geometry": { "type": "LineString", "coordinates": [ [ -77.06789, 38.89615 ], [ -77.06811, 38.89686 ] ] } },
{ "type": "Feature", "properties": { "name": "INTERSTATE 66 WB" }, "geometry": { "type": "LineString", "coordinates": [ [ -77.06782, 38.89556 ], [ -77.06789, 38.89615 ] ] } },
{ "type": "Feature", "properties": { "name": "INTERSTATE 66 WB" }, "geometry": { "type": "LineString", "coordinates": [ [ -77.06811, 38.89686 ], [ -77.06859, 38.89755 ] ] } },
{ "type": "Feature", "properties": { "name": "INTERSTATE 66 WB" }, "geometry": { "type": "LineString", "coordinates": [ [ -77.07059, 38.89861 ], [ -77.07375, 38.89882 ] ] } },
{ "type": "Feature", "properties": { "name": "INTERSTATE 66 WB" }, "geometry": { "type": "LineString", "coordinates": [ [ -77.06859, 38.89755 ], [ -77.06928, 38.89811 ], [ -77.07022, 38.89852 ] ] } },
{ "type": "Feature", "properties": { "name": "INTERSTATE 66 EB" }, "geometry": { "type": "LineString", "coordinates": [ [ -77.07027, 38.8984 ], [ -77.06937, 38.89802 ], [ -77.06871, 38.89749 ] ] } },
{ "type": "Feature", "properties": { "name": "INTERSTATE 66 EB" }, "geometry": { "type": "LineString", "coordinates": [ [ -77.07375, 38.8987 ], [ -77.0706, 38.89849 ] ] } },
{ "type": "Feature", "properties": { "name": "SPOUT RUN PKWY" }, "geometry": { "type": "LineString", "coordinates": [ [ -77.08988, 38.89905 ], [ -77.0888, 38.89933 ], [ -77.08722, 38.89939 ], [ -77.08545, 38.89988 ], [ -77.08493, 38.90012 ], [ -77.08389, 38.90088 ], [ -77.08291, 38.90125 ], [ -77.08219, 38.90135 ], [ -77.08076, 38.90134 ], [ -77.08015, 38.90146 ] ] } },
{ "type": "Feature", "properties": { "name": "SPOUT RUN PKWY" }, "geometry": { "type": "LineString", "coordinates": [ [ -77.0835, 38.9016 ], [ -77.08443, 38.90112 ], [ -77.08566, 38.9002 ], [ -77.08624, 38.89994 ], [ -77.08714, 38.89981 ], [ -77.08886, 38.89994 ], [ -77.08959, 38.89973 ] ] } },
{ "type": "Feature", "properties": { "name": "SPOUT RUN PKWY" }, "geometry": { "type": "LineString", "coordinates": [ [ -77.08959, 38.89973 ], [ -77.09031, 38.89924 ], [ -77.09087, 38.89899 ], [ -77.09277, 38.89876 ], [ -77.09325, 38.8986 ], [ -77.09329, 38.89852 ] ] } },
{ "type": "Feature", "properties": { "name": "SPOUT RUN PKWY" }, "geometry": { "type": "LineString", "coordinates": [ [ -77.09329, 38.89852 ], [ -77.09256, 38.89869 ], [ -77.09085, 38.89883 ], [ -77.08988, 38.89905 ] ] } },
{ "type": "Feature", "properties": { "name": "RICHMOND HWY" }, "geometry": { "type": "LineString", "coordinates": [ [ -77.06833, 38.89391 ], [ -77.06804, 38.89309 ], [ -77.06808, 38.89155 ], [ -77.06801, 38.89092 ] ] } },
{ "type": "Feature", "properties": { "name": "INTERSTATE 66 EB" }, "geometry": { "type": "LineString", "coordinates": [ [ -77.08952, 38.89823 ], [ -77.08852, 38.89831 ], [ -77.08771, 38.89828 ] ] } },
{ "type": "Feature", "properties": { "name": "INTERSTATE 66 EB" }, "geometry": { "type": "LineString", "coordinates": [ [ -77.08383, 38.89687 ], [ -77.08305, 38.89669 ], [ -77.0823, 38.89665 ] ] } },
{ "type": "Feature", "properties": { "name": "INTERSTATE 66 EB" }, "geometry": { "type": "LineString", "coordinates": [ [ -77.08771, 38.89828 ], [ -77.08679, 38.89813 ], [ -77.08587, 38.89781 ] ] } },
{ "type": "Feature", "properties": { "name": "INTERSTATE 66 EB" }, "geometry": { "type": "LineString", "coordinates": [ [ -77.08518, 38.89748 ], [ -77.08408, 38.89696 ] ] } },
{ "type": "Feature", "properties": { "name": "INTERSTATE 66 WB" }, "geometry": { "type": "LineString", "coordinates": [ [ -77.08518, 38.89763 ], [ -77.08579, 38.89793 ] ] } },
{ "type": "Feature", "properties": { "name": "INTERSTATE 66 WB" }, "geometry": { "type": "LineString", "coordinates": [ [ -77.0823, 38.89677 ], [ -77.08294, 38.8968 ], [ -77.08359, 38.89694 ] ] } },
{ "type": "Feature", "properties": { "name": "INTERSTATE 66 WB" }, "geometry": { "type": "LineString", "coordinates": [ [ -77.14974, 38.88379 ], [ -77.15074, 38.88412 ] ] } },
{ "type": "Feature", "properties": { "name": "INTERSTATE 66 WB" }, "geometry": { "type": "LineString", "coordinates": [ [ -77.15074, 38.88412 ], [ -77.1514, 38.88435 ] ] } },
{ "type": "Feature", "properties": { "name": "INTERSTATE 66 WB" }, "geometry": { "type": "LineString", "coordinates": [ [ -77.1514, 38.88435 ], [ -77.15304, 38.8849 ] ] } },
{ "type": "Feature", "properties": { "name": "INTERSTATE 66 EB" }, "geometry": { "type": "LineString", "coordinates": [ [ -77.1509, 38.88381 ], [ -77.14986, 38.88346 ] ] } },
{ "type": "Feature", "properties": { "name": "INTERSTATE 66 EB" }, "geometry": { "type": "LineString", "coordinates": [ [ -77.15323, 38.88458 ], [ -77.15155, 38.88402 ] ] } },
{ "type": "Feature", "properties": { "name": "INTERSTATE 66 EB" }, "geometry": { "type": "LineString", "coordinates": [ [ -77.16814, 38.89292 ], [ -77.1677, 38.89255 ] ] } },
{ "type": "Feature", "properties": { "name": "INTERSTATE 66 EB" }, "geometry": { "type": "LineString", "coordinates": [ [ -77.1677, 38.89255 ], [ -77.1666, 38.89162 ] ] } },
{ "type": "Feature", "properties": { "name": "INTERSTATE 66 EB" }, "geometry": { "type": "LineString", "coordinates": [ [ -77.1666, 38.89162 ], [ -77.16606, 38.89119 ] ] } },
{ "type": "Feature", "properties": { "name": "INTERSTATE 66 EB" }, "geometry": { "type": "LineString", "coordinates": [ [ -77.16557, 38.89079 ], [ -77.16483, 38.89018 ] ] } },
{ "type": "Feature", "properties": { "name": "INTERSTATE 66 EB" }, "geometry": { "type": "LineString", "coordinates": [ [ -77.16483, 38.89018 ], [ -77.16452, 38.88992 ] ] } },
{ "type": "Feature", "properties": { "name": "INTERSTATE 66 EB" }, "geometry": { "type": "LineString", "coordinates": [ [ -77.16441, 38.88982 ], [ -77.16303, 38.88867 ] ] } },
{ "type": "Feature", "properties": { "name": "INTERSTATE 66 EB" }, "geometry": { "type": "LineString", "coordinates": [ [ -77.16303, 38.88867 ], [ -77.16183, 38.88784 ] ] } },
{ "type": "Feature", "properties": { "name": "INTERSTATE 66 WB" }, "geometry": { "type": "LineString", "coordinates": [ [ -77.15984, 38.88728 ], [ -77.16118, 38.88797 ] ] } },
{ "type": "Feature", "properties": { "name": "INTERSTATE 66 EB" }, "geometry": { "type": "LineString", "coordinates": [ [ -77.16157, 38.88769 ], [ -77.16046, 38.88711 ] ] } },
{ "type": "Feature", "properties": { "name": "INTERSTATE 66 WB" }, "geometry": { "type": "LineString", "coordinates": [ [ -77.15827, 38.88669 ], [ -77.15973, 38.88723 ] ] } },
{ "type": "Feature", "properties": { "name": "INTERSTATE 66 EB" }, "geometry": { "type": "LineString", "coordinates": [ [ -77.16034, 38.88705 ], [ -77.15849, 38.88633 ] ] } },
{ "type": "Feature", "properties": { "name": "INTERSTATE 66 WB" }, "geometry": { "type": "LineString", "coordinates": [ [ -77.15651, 38.88609 ], [ -77.15827, 38.88669 ] ] } },
{ "type": "Feature", "properties": { "name": "INTERSTATE 66 EB" }, "geometry": { "type": "LineString", "coordinates": [ [ -77.15605, 38.88553 ], [ -77.15493, 38.88515 ] ] } },
{ "type": "Feature", "properties": { "name": "INTERSTATE 66 EB" }, "geometry": { "type": "LineString", "coordinates": [ [ -77.15849, 38.88633 ], [ -77.15655, 38.88569 ] ] } },
{ "type": "Feature", "properties": { "name": "INTERSTATE 66 WB" }, "geometry": { "type": "LineString", "coordinates": [ [ -77.15476, 38.88549 ], [ -77.15609, 38.88595 ] ] } },
{ "type": "Feature", "properties": { "name": "INTERSTATE 395 NB" }, "geometry": { "type": "LineString", "coordinates": [ [ -77.0715, 38.85684 ], [ -77.07063, 38.85814 ] ] } },
{ "type": "Feature", "properties": { "name": "INTERSTATE 395 EXP" }, "geometry": { "type": "LineString", "coordinates": [ [ -77.08238, 38.84329 ], [ -77.08131, 38.84448 ] ] } },
{ "type": "Feature", "properties": { "name": "INTERSTATE 395 EXP" }, "geometry": { "type": "LineString", "coordinates": [ [ -77.08025, 38.84568 ], [ -77.07954, 38.84652 ] ] } },
{ "type": "Feature", "properties": { "name": "INTERSTATE 395 EXP" }, "geometry": { "type": "LineString", "coordinates": [ [ -77.08131, 38.84448 ], [ -77.08025, 38.84568 ] ] } },
{ "type": "Feature", "properties": { "name": "INTERSTATE 395 NB" }, "geometry": { "type": "LineString", "coordinates": [ [ -77.08209, 38.84324 ], [ -77.08197, 38.84337 ] ] } },
{ "type": "Feature", "properties": { "name": "RAMP" }, "geometry": { "type": "LineString", "coordinates": [ [ -77.08204, 38.84323 ], [ -77.08197, 38.84337 ] ] } },
{ "type": "Feature", "properties": { "name": "INTERSTATE 395 NB" }, "geometry": { "type": "LineString", "coordinates": [ [ -77.08197, 38.84337 ], [ -77.081, 38.84446 ] ] } },
{ "type": "Feature", "properties": { "name": "INTERSTATE 395 NB" }, "geometry": { "type": "LineString", "coordinates": [ [ -77.081, 38.84446 ], [ -77.08006, 38.84562 ] ] } },
{ "type": "Feature", "properties": { "name": "INTERSTATE 395 NB" }, "geometry": { "type": "LineString", "coordinates": [ [ -77.07908, 38.8468 ], [ -77.07844, 38.84758 ] ] } },
{ "type": "Feature", "properties": { "name": "INTERSTATE 395 NB" }, "geometry": { "type": "LineString", "coordinates": [ [ -77.08006, 38.84562 ], [ -77.07938, 38.84643 ] ] } },
{ "type": "Feature", "properties": { "name": "INTERSTATE 395 NB" }, "geometry": { "type": "LineString", "coordinates": [ [ -77.07938, 38.84643 ], [ -77.07908, 38.8468 ] ] } },
{ "type": "Feature", "properties": { "name": "INTERSTATE 395 SB" }, "geometry": { "type": "LineString", "coordinates": [ [ -77.0774, 38.84936 ], [ -77.0784, 38.84813 ] ] } },
{ "type": "Feature", "properties": { "name": "INTERSTATE 395 SB" }, "geometry": { "type": "LineString", "coordinates": [ [ -77.07642, 38.8506 ], [ -77.0774, 38.84936 ] ] } },
{ "type": "Feature", "properties": { "name": "INTERSTATE 395 SB" }, "geometry": { "type": "LineString", "coordinates": [ [ -77.07544, 38.85189 ], [ -77.07642, 38.8506 ] ] } },
{ "type": "Feature", "properties": { "name": "INTERSTATE 395 SB" }, "geometry": { "type": "LineString", "coordinates": [ [ -77.07513, 38.8523 ], [ -77.07544, 38.85189 ] ] } },
{ "type": "Feature", "properties": { "name": "INTERSTATE 395 SB" }, "geometry": { "type": "LineString", "coordinates": [ [ -77.07451, 38.85317 ], [ -77.07513, 38.8523 ] ] } },
{ "type": "Feature", "properties": { "name": "INTERSTATE 395 SB" }, "geometry": { "type": "LineString", "coordinates": [ [ -77.07359, 38.85445 ], [ -77.07451, 38.85317 ] ] } },
{ "type": "Feature", "properties": { "name": "INTERSTATE 395 SB" }, "geometry": { "type": "LineString", "coordinates": [ [ -77.07272, 38.85569 ], [ -77.07359, 38.85445 ] ] } },
{ "type": "Feature", "properties": { "name": "INTERSTATE 395 SB" }, "geometry": { "type": "LineString", "coordinates": [ [ -77.07111, 38.85805 ], [ -77.07183, 38.85698 ] ] } },
{ "type": "Feature", "properties": { "name": "INTERSTATE 395 SB" }, "geometry": { "type": "LineString", "coordinates": [ [ -77.07183, 38.85698 ], [ -77.07272, 38.85569 ] ] } },
{ "type": "Feature", "properties": { "name": "INTERSTATE 395 EXP" }, "geometry": { "type": "LineString", "coordinates": [ [ -77.07918, 38.84694 ], [ -77.0786, 38.84763 ] ] } },
{ "type": "Feature", "properties": { "name": "INTERSTATE 395 EXP" }, "geometry": { "type": "LineString", "coordinates": [ [ -77.07727, 38.84927 ], [ -77.07629, 38.85052 ] ] } },
{ "type": "Feature", "properties": { "name": "INTERSTATE 395 EXP" }, "geometry": { "type": "LineString", "coordinates": [ [ -77.07825, 38.84807 ], [ -77.07727, 38.84927 ] ] } },
{ "type": "Feature", "properties": { "name": "INTERSTATE 395 EXP" }, "geometry": { "type": "LineString", "coordinates": [ [ -77.07629, 38.85052 ], [ -77.0753, 38.85181 ] ] } },
{ "type": "Feature", "properties": { "name": "INTERSTATE 395 EXP" }, "geometry": { "type": "LineString", "coordinates": [ [ -77.0753, 38.85181 ], [ -77.07436, 38.85308 ] ] } },
{ "type": "Feature", "properties": { "name": "INTERSTATE 395 EXP" }, "geometry": { "type": "LineString", "coordinates": [ [ -77.07436, 38.85308 ], [ -77.07342, 38.85437 ] ] } },
{ "type": "Feature", "properties": { "name": "INTERSTATE 395 EXP" }, "geometry": { "type": "LineString", "coordinates": [ [ -77.07342, 38.85437 ], [ -77.07255, 38.85561 ] ] } },
{ "type": "Feature", "properties": { "name": "INTERSTATE 395 EXP" }, "geometry": { "type": "LineString", "coordinates": [ [ -77.07166, 38.85691 ], [ -77.07079, 38.85821 ] ] } },
{ "type": "Feature", "properties": { "name": "INTERSTATE 395 EXP" }, "geometry": { "type": "LineString", "coordinates": [ [ -77.07255, 38.85561 ], [ -77.07166, 38.85691 ] ] } },
{ "type": "Feature", "properties": { "name": "INTERSTATE 395 NB" }, "geometry": { "type": "LineString", "coordinates": [ [ -77.07731, 38.84896 ], [ -77.07712, 38.84921 ] ] } },
{ "type": "Feature", "properties": { "name": "INTERSTATE 395 NB" }, "geometry": { "type": "LineString", "coordinates": [ [ -77.0781, 38.84799 ], [ -77.07731, 38.84896 ] ] } },
{ "type": "Feature", "properties": { "name": "INTERSTATE 395 NB" }, "geometry": { "type": "LineString", "coordinates": [ [ -77.07712, 38.84921 ], [ -77.07613, 38.85045 ] ] } },
{ "type": "Feature", "properties": { "name": "INTERSTATE 395 NB" }, "geometry": { "type": "LineString", "coordinates": [ [ -77.07613, 38.85045 ], [ -77.07514, 38.85174 ] ] } },
{ "type": "Feature", "properties": { "name": "INTERSTATE 395 NB" }, "geometry": { "type": "LineString", "coordinates": [ [ -77.07514, 38.85174 ], [ -77.07418, 38.85302 ] ] } },
{ "type": "Feature", "properties": { "name": "INTERSTATE 395 NB" }, "geometry": { "type": "LineString", "coordinates": [ [ -77.07418, 38.85302 ], [ -77.07326, 38.85429 ] ] } },
{ "type": "Feature", "properties": { "name": "INTERSTATE 395 NB" }, "geometry": { "type": "LineString", "coordinates": [ [ -77.07326, 38.85429 ], [ -77.07239, 38.85553 ] ] } },
{ "type": "Feature", "properties": { "name": "INTERSTATE 395 NB" }, "geometry": { "type": "LineString", "coordinates": [ [ -77.07239, 38.85553 ], [ -77.0715, 38.85684 ] ] } },
{ "type": "Feature", "properties": { "name": "INTERSTATE 395 NB" }, "geometry": { "type": "LineString", "coordinates": [ [ -77.07063, 38.85814 ], [ -77.06983, 38.85938 ] ] } },
{ "type": "Feature", "properties": { "name": "INTERSTATE 395 EXP" }, "geometry": { "type": "LineString", "coordinates": [ [ -77.09041, 38.83712 ], [ -77.08878, 38.83792 ] ] } },
{ "type": "Feature", "properties": { "name": "INTERSTATE 395 EXP" }, "geometry": { "type": "LineString", "coordinates": [ [ -77.09205, 38.83644 ], [ -77.09041, 38.83712 ] ] } },
{ "type": "Feature", "properties": { "name": "INTERSTATE 395 EXP" }, "geometry": { "type": "LineString", "coordinates": [ [ -77.09383, 38.83584 ], [ -77.09205, 38.83644 ] ] } },
{ "type": "Feature", "properties": { "name": "INTERSTATE 395 SB" }, "geometry": { "type": "LineString", "coordinates": [ [ -77.09163, 38.83676 ], [ -77.09212, 38.83657 ] ] } },
{ "type": "Feature", "properties": { "name": "INTERSTATE 395 SB" }, "geometry": { "type": "LineString", "coordinates": [ [ -77.09212, 38.83657 ], [ -77.0939, 38.83597 ] ] } },
{ "type": "Feature", "properties": { "name": "INTERSTATE 395 NB" }, "geometry": { "type": "LineString", "coordinates": [ [ -77.09377, 38.83569 ], [ -77.09188, 38.83634 ] ] } },
{ "type": "Feature", "properties": { "name": "INTERSTATE 395 EXP" }, "geometry": { "type": "LineString", "coordinates": [ [ -77.08724, 38.83877 ], [ -77.08641, 38.83936 ] ] } },
{ "type": "Feature", "properties": { "name": "INTERSTATE 395 EXP" }, "geometry": { "type": "LineString", "coordinates": [ [ -77.08585, 38.83981 ], [ -77.08516, 38.84044 ] ] } },
{ "type": "Feature", "properties": { "name": "INTERSTATE 395 SB" }, "geometry": { "type": "LineString", "coordinates": [ [ -77.09052, 38.83724 ], [ -77.09163, 38.83676 ] ] } },
{ "type": "Feature", "properties": { "name": "INTERSTATE 395 SB" }, "geometry": { "type": "LineString", "coordinates": [ [ -77.08927, 38.83784 ], [ -77.09052, 38.83724 ] ] } },
{ "type": "Feature", "properties": { "name": "INTERSTATE 395 SB" }, "geometry": { "type": "LineString", "coordinates": [ [ -77.08893, 38.83801 ], [ -77.08927, 38.83784 ] ] } },
{ "type": "Feature", "properties": { "name": "INTERSTATE 395 SB" }, "geometry": { "type": "LineString", "coordinates": [ [ -77.08738, 38.83886 ], [ -77.08893, 38.83801 ] ] } },
{ "type": "Feature", "properties": { "name": "INTERSTATE 395 SB" }, "geometry": { "type": "LineString", "coordinates": [ [ -77.08648, 38.8395 ], [ -77.08738, 38.83886 ] ] } },
{ "type": "Feature", "properties": { "name": "INTERSTATE 395 SB" }, "geometry": { "type": "LineString", "coordinates": [ [ -77.0852, 38.84062 ], [ -77.086, 38.83989 ] ] } },
{ "type": "Feature", "properties": { "name": "INTERSTATE 395 NB" }, "geometry": { "type": "LineString", "coordinates": [ [ -77.09188, 38.83634 ], [ -77.0903, 38.837 ] ] } },
{ "type": "Feature", "properties": { "name": "INTERSTATE 395 NB" }, "geometry": { "type": "LineString", "coordinates": [ [ -77.08568, 38.83972 ], [ -77.08511, 38.84019 ] ] } },
{ "type": "Feature", "properties": { "name": "INTERSTATE 395 NB" }, "geometry": { "type": "LineString", "coordinates": [ [ -77.0871, 38.83867 ], [ -77.08631, 38.83922 ] ] } },
{ "type": "Feature", "properties": { "name": "INTERSTATE 395 NB" }, "geometry": { "type": "LineString", "coordinates": [ [ -77.08863, 38.83782 ], [ -77.0871, 38.83867 ] ] } },
{ "type": "Feature", "properties": { "name": "INTERSTATE 395 NB" }, "geometry": { "type": "LineString", "coordinates": [ [ -77.0903, 38.837 ], [ -77.08993, 38.83718 ] ] } },
{ "type": "Feature", "properties": { "name": "INTERSTATE 395 NB" }, "geometry": { "type": "LineString", "coordinates": [ [ -77.08993, 38.83718 ], [ -77.08863, 38.83782 ] ] } },
{ "type": "Feature", "properties": { "name": "RICHMOND HWY" }, "geometry": { "type": "LineString", "coordinates": [ [ -77.05222, 38.85607 ], [ -77.05212, 38.85618 ], [ -77.05208, 38.85674 ] ] } },
{ "type": "Feature", "properties": { "name": "RICHMOND HWY" }, "geometry": { "type": "LineString", "coordinates": [ [ -77.05219, 38.85722 ], [ -77.05225, 38.85673 ] ] } },
{ "type": "Feature", "properties": { "name": "RICHMOND HWY" }, "geometry": { "type": "LineString", "coordinates": [ [ -77.05225, 38.85673 ], [ -77.05231, 38.85615 ], [ -77.05222, 38.85607 ] ] } },
{ "type": "Feature", "properties": { "name": "RICHMOND HWY" }, "geometry": { "type": "LineString", "coordinates": [ [ -77.05247, 38.85342 ], [ -77.05264, 38.85326 ], [ -77.05267, 38.85224 ] ] } },
{ "type": "Feature", "properties": { "name": "RICHMOND HWY" }, "geometry": { "type": "LineString", "coordinates": [ [ -77.05246, 38.85254 ], [ -77.05241, 38.85326 ], [ -77.05247, 38.85342 ] ] } },
{ "type": "Feature", "properties": { "name": "RICHMOND HWY" }, "geometry": { "type": "LineString", "coordinates": [ [ -77.05254, 38.85138 ], [ -77.05246, 38.85254 ] ] } },
{ "type": "Feature", "properties": { "name": "RICHMOND HWY" }, "geometry": { "type": "LineString", "coordinates": [ [ -77.05267, 38.85224 ], [ -77.05271, 38.8512 ] ] } },
{ "type": "Feature", "properties": { "name": "RICHMOND HWY" }, "geometry": { "type": "LineString", "coordinates": [ [ -77.05271, 38.8512 ], [ -77.05274, 38.8508 ] ] } },
{ "type": "Feature", "properties": { "name": "RICHMOND HWY" }, "geometry": { "type": "LineString", "coordinates": [ [ -77.0526, 38.85076 ], [ -77.05254, 38.85138 ] ] } },
{ "type": "Feature", "properties": { "name": "RICHMOND HWY" }, "geometry": { "type": "LineString", "coordinates": [ [ -77.05276, 38.85064 ], [ -77.05297, 38.84906 ] ] } },
{ "type": "Feature", "properties": { "name": "INTERSTATE 66 EB" }, "geometry": { "type": "LineString", "coordinates": [ [ -77.11963, 38.88407 ], [ -77.11876, 38.88528 ] ] } },
{ "type": "Feature", "properties": { "name": "INTERSTATE 66 WB" }, "geometry": { "type": "LineString", "coordinates": [ [ -77.11786, 38.88649 ], [ -77.11881, 38.88545 ] ] } },
{ "type": "Feature", "properties": { "name": "INTERSTATE 66 WB" }, "geometry": { "type": "LineString", "coordinates": [ [ -77.11627, 38.88754 ], [ -77.11765, 38.88666 ] ] } },
{ "type": "Feature", "properties": { "name": "INTERSTATE 66 EB" }, "geometry": { "type": "LineString", "coordinates": [ [ -77.11759, 38.88654 ], [ -77.11693, 38.88702 ], [ -77.11619, 38.88743 ] ] } },
{ "type": "Feature", "properties": { "name": "INTERSTATE 66 EB" }, "geometry": { "type": "LineString", "coordinates": [ [ -77.11862, 38.88546 ], [ -77.1178, 38.88636 ] ] } },
{ "type": "Feature", "properties": { "name": "INTERSTATE 66 WB" }, "geometry": { "type": "LineString", "coordinates": [ [ -77.11279, 38.88859 ], [ -77.11396, 38.88831 ] ] } },
{ "type": "Feature", "properties": { "name": "INTERSTATE 66 EB" }, "geometry": { "type": "LineString", "coordinates": [ [ -77.11619, 38.88743 ], [ -77.11541, 38.88777 ], [ -77.1145, 38.88804 ] ] } },
{ "type": "Feature", "properties": { "name": "INTERSTATE 66 WB" }, "geometry": { "type": "LineString", "coordinates": [ [ -77.1144, 38.8882 ], [ -77.11542, 38.8879 ], [ -77.11627, 38.88754 ] ] } },
{ "type": "Feature", "properties": { "name": "INTERSTATE 66 WB" }, "geometry": { "type": "LineString", "coordinates": [ [ -77.11142, 38.88892 ], [ -77.11279, 38.88859 ] ] } },
{ "type": "Feature", "properties": { "name": "INTERSTATE 66 EB" }, "geometry": { "type": "LineString", "coordinates": [ [ -77.11424, 38.88811 ], [ -77.11274, 38.88847 ] ] } },
{ "type": "Feature", "properties": { "name": "INTERSTATE 66 EB" }, "geometry": { "type": "LineString", "coordinates": [ [ -77.11274, 38.88847 ], [ -77.11136, 38.8888 ] ] } },
{ "type": "Feature", "properties": { "name": "INTERSTATE 66 WB" }, "geometry": { "type": "LineString", "coordinates": [ [ -77.10914, 38.88947 ], [ -77.11126, 38.88896 ] ] } },
{ "type": "Feature", "properties": { "name": "INTERSTATE 66 EB" }, "geometry": { "type": "LineString", "coordinates": [ [ -77.1112, 38.88884 ], [ -77.10911, 38.88935 ] ] } },
{ "type": "Feature", "properties": { "name": "INTERSTATE 66 WB" }, "geometry": { "type": "LineString", "coordinates": [ [ -77.09966, 38.89541 ], [ -77.10016, 38.89469 ], [ -77.1005, 38.89402 ] ] } },
{ "type": "Feature", "properties": { "name": "INTERSTATE 66 WB" }, "geometry": { "type": "LineString", "coordinates": [ [ -77.10384, 38.89076 ], [ -77.10553, 38.89034 ] ] } },
{ "type": "Feature", "properties": { "name": "INTERSTATE 66 WB" }, "geometry": { "type": "LineString", "coordinates": [ [ -77.13801, 38.87981 ], [ -77.13884, 38.88006 ] ] } },
{ "type": "Feature", "properties": { "name": "INTERSTATE 66 EB" }, "geometry": { "type": "LineString", "coordinates": [ [ -77.13806, 38.87956 ], [ -77.13624, 38.87924 ] ] } },
{ "type": "Feature", "properties": { "name": "INTERSTATE 66 WB" }, "geometry": { "type": "LineString", "coordinates": [ [ -77.13633, 38.8795 ], [ -77.13801, 38.87981 ] ] } },
{ "type": "Feature", "properties": { "name": "INTERSTATE 66 WB" }, "geometry": { "type": "LineString", "coordinates": [ [ -77.13447, 38.87944 ], [ -77.13633, 38.8795 ] ] } },
{ "type": "Feature", "properties": { "name": "INTERSTATE 66 EB" }, "geometry": { "type": "LineString", "coordinates": [ [ -77.13624, 38.87924 ], [ -77.13445, 38.87919 ] ] } },
{ "type": "Feature", "properties": { "name": "INTERSTATE 66 EB" }, "geometry": { "type": "LineString", "coordinates": [ [ -77.13445, 38.87919 ], [ -77.13255, 38.87924 ] ] } },
{ "type": "Feature", "properties": { "name": "INTERSTATE 66 WB" }, "geometry": { "type": "LineString", "coordinates": [ [ -77.1326, 38.87948 ], [ -77.13447, 38.87944 ] ] } },
{ "type": "Feature", "properties": { "name": "INTERSTATE 66 WB" }, "geometry": { "type": "LineString", "coordinates": [ [ -77.13072, 38.87952 ], [ -77.1326, 38.87948 ] ] } },
{ "type": "Feature", "properties": { "name": "INTERSTATE 66 EB" }, "geometry": { "type": "LineString", "coordinates": [ [ -77.13255, 38.87924 ], [ -77.1307, 38.87928 ] ] } },
{ "type": "Feature", "properties": { "name": "INTERSTATE 66 EB" }, "geometry": { "type": "LineString", "coordinates": [ [ -77.1307, 38.87928 ], [ -77.12888, 38.87932 ] ] } },
{ "type": "Feature", "properties": { "name": "INTERSTATE 66 WB" }, "geometry": { "type": "LineString", "coordinates": [ [ -77.1289, 38.87956 ], [ -77.13072, 38.87952 ] ] } },
{ "type": "Feature", "properties": { "name": "INTERSTATE 66 WB" }, "geometry": { "type": "LineString", "coordinates": [ [ -77.12704, 38.87979 ], [ -77.12793, 38.87964 ] ] } },
{ "type": "Feature", "properties": { "name": "INTERSTATE 66 EB" }, "geometry": { "type": "LineString", "coordinates": [ [ -77.12782, 38.87941 ], [ -77.12695, 38.87956 ] ] } },
{ "type": "Feature", "properties": { "name": "INTERSTATE 66 WB" }, "geometry": { "type": "LineString", "coordinates": [ [ -77.12533, 38.88033 ], [ -77.12704, 38.87979 ] ] } },
{ "type": "Feature", "properties": { "name": "INTERSTATE 66 EB" }, "geometry": { "type": "LineString", "coordinates": [ [ -77.12695, 38.87956 ], [ -77.12521, 38.88011 ] ] } },
{ "type": "Feature", "properties": { "name": "INTERSTATE 66 WB" }, "geometry": { "type": "LineString", "coordinates": [ [ -77.12479, 38.88059 ], [ -77.12533, 38.88033 ] ] } },
{ "type": "Feature", "properties": { "name": "INTERSTATE 66 WB" }, "geometry": { "type": "LineString", "coordinates": [ [ -77.12368, 38.88119 ], [ -77.12479, 38.88059 ] ] } },
{ "type": "Feature", "properties": { "name": "INTERSTATE 66 WB" }, "geometry": { "type": "LineString", "coordinates": [ [ -77.12237, 38.88192 ], [ -77.12368, 38.88119 ] ] } },
{ "type": "Feature", "properties": { "name": "INTERSTATE 66 EB" }, "geometry": { "type": "LineString", "coordinates": [ [ -77.12366, 38.88092 ], [ -77.1222, 38.88171 ] ] } },
{ "type": "Feature", "properties": { "name": "INTERSTATE 66 EB" }, "geometry": { "type": "LineString", "coordinates": [ [ -77.12198, 38.88184 ], [ -77.1207, 38.8828 ] ] } },
{ "type": "Feature", "properties": { "name": "INTERSTATE 66 WB" }, "geometry": { "type": "LineString", "coordinates": [ [ -77.12098, 38.88283 ], [ -77.12214, 38.88204 ] ] } },
{ "type": "Feature", "properties": { "name": "INTERSTATE 66 WB" }, "geometry": { "type": "LineString", "coordinates": [ [ -77.11976, 38.88414 ], [ -77.12023, 38.88355 ], [ -77.12088, 38.88292 ] ] } },
{ "type": "Feature", "properties": { "name": "INTERSTATE 66 EB" }, "geometry": { "type": "LineString", "coordinates": [ [ -77.12061, 38.88288 ], [ -77.11963, 38.88407 ] ] } },
{ "type": "Feature", "properties": { "name": "INTERSTATE 66 WB" }, "geometry": { "type": "LineString", "coordinates": [ [ -77.11894, 38.88527 ], [ -77.11976, 38.88414 ] ] } },
{ "type": "Feature", "properties": { "name": "INTERSTATE 66 EB" }, "geometry": { "type": "LineString", "coordinates": [ [ -77.10545, 38.89023 ], [ -77.10379, 38.89064 ] ] } },
{ "type": "Feature", "properties": { "name": "INTERSTATE 66 EB" }, "geometry": { "type": "LineString", "coordinates": [ [ -77.10362, 38.8907 ], [ -77.10279, 38.89104 ], [ -77.10206, 38.8915 ] ] } },
{ "type": "Feature", "properties": { "name": "INTERSTATE 66 WB" }, "geometry": { "type": "LineString", "coordinates": [ [ -77.10218, 38.89157 ], [ -77.10292, 38.89112 ], [ -77.10366, 38.89082 ] ] } },
{ "type": "Feature", "properties": { "name": "INTERSTATE 66 WB" }, "geometry": { "type": "LineString", "coordinates": [ [ -77.10111, 38.89275 ], [ -77.10155, 38.89215 ], [ -77.10218, 38.89157 ] ] } },
{ "type": "Feature", "properties": { "name": "INTERSTATE 66 WB" }, "geometry": { "type": "LineString", "coordinates": [ [ -77.10075, 38.89347 ], [ -77.10111, 38.89275 ] ] } },
{ "type": "Feature", "properties": { "name": "INTERSTATE 66 WB" }, "geometry": { "type": "LineString", "coordinates": [ [ -77.1005, 38.89402 ], [ -77.10075, 38.89347 ] ] } },
{ "type": "Feature", "properties": { "name": "RICHMOND HWY" }, "geometry": { "type": "LineString", "coordinates": [ [ -77.0613, 38.88108 ], [ -77.06256, 38.88257 ], [ -77.06366, 38.8841 ] ] } },
{ "type": "Feature", "properties": { "name": "RICHMOND HWY" }, "geometry": { "type": "LineString", "coordinates": [ [ -77.06609, 38.88808 ], [ -77.06746, 38.88927 ], [ -77.0677, 38.88965 ], [ -77.0678, 38.89014 ] ] } },
{ "type": "Feature", "properties": { "name": "RICHMOND HWY" }, "geometry": { "type": "LineString", "coordinates": [ [ -77.06628, 38.88807 ], [ -77.06407, 38.88451 ] ] } },
{ "type": "Feature", "properties": { "name": "RICHMOND HWY" }, "geometry": { "type": "LineString", "coordinates": [ [ -77.06795, 38.89022 ], [ -77.06784, 38.88968 ], [ -77.06759, 38.88922 ], [ -77.06628, 38.88807 ] ] } },
{ "type": "Feature", "properties": { "name": "ARLINGTON BLVD" }, "geometry": { "type": "LineString", "coordinates": [ [ -77.06568, 38.89187 ], [ -77.06653, 38.89114 ], [ -77.06721, 38.89084 ] ] } },
{ "type": "Feature", "properties": { "name": "ROUTE 233" }, "geometry": { "type": "LineString", "coordinates": [ [ -77.0499, 38.84992 ], [ -77.052, 38.85055 ] ] } },
{ "type": "Feature", "properties": { "name": "ROUTE 233" }, "geometry": { "type": "LineString", "coordinates": [ [ -77.05178, 38.85039 ], [ -77.04904, 38.84957 ] ] } },
{ "type": "Feature", "properties": { "name": "ROUTE 233" }, "geometry": { "type": "LineString", "coordinates": [ [ -77.05311, 38.8509 ], [ -77.05338, 38.8512 ], [ -77.05338, 38.85137 ], [ -77.05328, 38.85151 ], [ -77.05292, 38.85153 ], [ -77.05271, 38.8512 ] ] } },
{ "type": "Feature", "properties": { "name": "ROUTE 233" }, "geometry": { "type": "LineString", "coordinates": [ [ -77.05267, 38.85224 ], [ -77.05295, 38.85186 ], [ -77.05347, 38.85141 ], [ -77.05344, 38.85112 ], [ -77.05317, 38.85084 ] ] } },
{ "type": "Feature", "properties": { "name": "ROUTE 233" }, "geometry": { "type": "LineString", "coordinates": [ [ -77.04847, 38.84938 ], [ -77.04788, 38.84919 ], [ -77.04777, 38.84922 ] ] } },
{ "type": "Feature", "properties": { "name": "ROUTE 233" }, "geometry": { "type": "LineString", "coordinates": [ [ -77.04901, 38.84965 ], [ -77.0499, 38.84992 ] ] } },
{ "type": "Feature", "properties": { "name": "INTERSTATE 66 EB" }, "geometry": { "type": "LineString", "coordinates": [ [ -77.15155, 38.88402 ], [ -77.1509, 38.88381 ] ] } },
{ "type": "Feature", "properties": { "name": "WASHINGTON BLVD" }, "geometry": { "type": "LineString", "coordinates": [ [ -77.05727, 38.88029 ], [ -77.05723, 38.87998 ] ] } },
{ "type": "Feature", "properties": { "name": "WASHINGTON BLVD" }, "geometry": { "type": "LineString", "coordinates": [ [ -77.05708, 38.8797 ], [ -77.05712, 38.87999 ] ] } },
{ "type": "Feature", "properties": { "name": "INTERSTATE 66 EB" }, "geometry": { "type": "LineString", "coordinates": [ [ -77.16452, 38.88992 ], [ -77.16441, 38.88982 ] ] } },
{ "type": "Feature", "properties": { "name": "INTERSTATE 66 EB" }, "geometry": { "type": "LineString", "coordinates": [ [ -77.16606, 38.89119 ], [ -77.16557, 38.89079 ] ] } },
{ "type": "Feature", "properties": { "name": "INTERSTATE 66 EB" }, "geometry": { "type": "LineString", "coordinates": [ [ -77.16957, 38.89411 ], [ -77.16917, 38.89378 ] ] } },
{ "type": "Feature", "properties": { "name": "INTERSTATE 66 WB" }, "geometry": { "type": "LineString", "coordinates": [ [ -77.16118, 38.88797 ], [ -77.16144, 38.88812 ] ] } },
{ "type": "Feature", "properties": { "name": "INTERSTATE 66 EB" }, "geometry": { "type": "LineString", "coordinates": [ [ -77.16183, 38.88784 ], [ -77.16157, 38.88769 ] ] } },
{ "type": "Feature", "properties": { "name": "INTERSTATE 66 WB" }, "geometry": { "type": "LineString", "coordinates": [ [ -77.15609, 38.88595 ], [ -77.15651, 38.88609 ] ] } },
{ "type": "Feature", "properties": { "name": "INTERSTATE 66 EB" }, "geometry": { "type": "LineString", "coordinates": [ [ -77.15655, 38.88569 ], [ -77.15605, 38.88553 ] ] } },
{ "type": "Feature", "properties": { "name": "INTERSTATE 66 WB" }, "geometry": { "type": "LineString", "coordinates": [ [ -77.14606, 38.88254 ], [ -77.1463, 38.88262 ] ] } },
{ "type": "Feature", "properties": { "name": "INTERSTATE 66 EB" }, "geometry": { "type": "LineString", "coordinates": [ [ -77.14621, 38.88225 ], [ -77.14597, 38.88217 ] ] } },
{ "type": "Feature", "properties": { "name": "INTERSTATE 66 EB" }, "geometry": { "type": "LineString", "coordinates": [ [ -77.13976, 38.88009 ], [ -77.1392, 38.87991 ] ] } },
{ "type": "Feature", "properties": { "name": "INTERSTATE 66 EB" }, "geometry": { "type": "LineString", "coordinates": [ [ -77.1392, 38.87991 ], [ -77.139, 38.87984 ] ] } },
{ "type": "Feature", "properties": { "name": "INTERSTATE 66 WB" }, "geometry": { "type": "LineString", "coordinates": [ [ -77.13905, 38.88013 ], [ -77.13967, 38.88035 ] ] } },
{ "type": "Feature", "properties": { "name": "INTERSTATE 66 WB" }, "geometry": { "type": "LineString", "coordinates": [ [ -77.13884, 38.88006 ], [ -77.13905, 38.88013 ] ] } },
{ "type": "Feature", "properties": { "name": "INTERSTATE 66 WB" }, "geometry": { "type": "LineString", "coordinates": [ [ -77.1281, 38.87962 ], [ -77.1289, 38.87956 ] ] } },
{ "type": "Feature", "properties": { "name": "INTERSTATE 66 WB" }, "geometry": { "type": "LineString", "coordinates": [ [ -77.12793, 38.87964 ], [ -77.1281, 38.87962 ] ] } },
{ "type": "Feature", "properties": { "name": "INTERSTATE 66 EB" }, "geometry": { "type": "LineString", "coordinates": [ [ -77.12888, 38.87932 ], [ -77.12799, 38.87939 ] ] } },
{ "type": "Feature", "properties": { "name": "INTERSTATE 66 EB" }, "geometry": { "type": "LineString", "coordinates": [ [ -77.12799, 38.87939 ], [ -77.12782, 38.87941 ] ] } },
{ "type": "Feature", "properties": { "name": "INTERSTATE 66 EB" }, "geometry": { "type": "LineString", "coordinates": [ [ -77.1222, 38.88171 ], [ -77.12198, 38.88184 ] ] } },
{ "type": "Feature", "properties": { "name": "INTERSTATE 66 WB" }, "geometry": { "type": "LineString", "coordinates": [ [ -77.12214, 38.88204 ], [ -77.12237, 38.88192 ] ] } },
{ "type": "Feature", "properties": { "name": "INTERSTATE 66 WB" }, "geometry": { "type": "LineString", "coordinates": [ [ -77.12088, 38.88292 ], [ -77.12098, 38.88283 ] ] } },
{ "type": "Feature", "properties": { "name": "INTERSTATE 66 EB" }, "geometry": { "type": "LineString", "coordinates": [ [ -77.1207, 38.8828 ], [ -77.12061, 38.88288 ] ] } },
{ "type": "Feature", "properties": { "name": "INTERSTATE 66 EB" }, "geometry": { "type": "LineString", "coordinates": [ [ -77.11876, 38.88528 ], [ -77.11862, 38.88546 ] ] } },
{ "type": "Feature", "properties": { "name": "INTERSTATE 66 WB" }, "geometry": { "type": "LineString", "coordinates": [ [ -77.11881, 38.88545 ], [ -77.11894, 38.88527 ] ] } },
{ "type": "Feature", "properties": { "name": "INTERSTATE 66 WB" }, "geometry": { "type": "LineString", "coordinates": [ [ -77.11765, 38.88666 ], [ -77.11786, 38.88649 ] ] } },
{ "type": "Feature", "properties": { "name": "INTERSTATE 66 EB" }, "geometry": { "type": "LineString", "coordinates": [ [ -77.1178, 38.88636 ], [ -77.11759, 38.88654 ] ] } },
{ "type": "Feature", "properties": { "name": "INTERSTATE 66 WB" }, "geometry": { "type": "LineString", "coordinates": [ [ -77.11126, 38.88896 ], [ -77.11142, 38.88892 ] ] } },
{ "type": "Feature", "properties": { "name": "INTERSTATE 66 EB" }, "geometry": { "type": "LineString", "coordinates": [ [ -77.11136, 38.8888 ], [ -77.1112, 38.88884 ] ] } },
{ "type": "Feature", "properties": { "name": "INTERSTATE 66 WB" }, "geometry": { "type": "LineString", "coordinates": [ [ -77.10843, 38.88965 ], [ -77.10914, 38.88947 ] ] } },
{ "type": "Feature", "properties": { "name": "INTERSTATE 66 WB" }, "geometry": { "type": "LineString", "coordinates": [ [ -77.10818, 38.88971 ], [ -77.10843, 38.88965 ] ] } },
{ "type": "Feature", "properties": { "name": "INTERSTATE 66 EB" }, "geometry": { "type": "LineString", "coordinates": [ [ -77.10819, 38.88957 ], [ -77.10727, 38.88979 ] ] } },
{ "type": "Feature", "properties": { "name": "INTERSTATE 66 EB" }, "geometry": { "type": "LineString", "coordinates": [ [ -77.10844, 38.88951 ], [ -77.10819, 38.88957 ] ] } },
{ "type": "Feature", "properties": { "name": "INTERSTATE 66 EB" }, "geometry": { "type": "LineString", "coordinates": [ [ -77.10379, 38.89064 ], [ -77.10362, 38.8907 ] ] } },
{ "type": "Feature", "properties": { "name": "INTERSTATE 66 WB" }, "geometry": { "type": "LineString", "coordinates": [ [ -77.10366, 38.89082 ], [ -77.10384, 38.89076 ] ] } },
{ "type": "Feature", "properties": { "name": "INTERSTATE 66 EB" }, "geometry": { "type": "LineString", "coordinates": [ [ -77.09833, 38.89638 ], [ -77.09824, 38.89644 ] ] } },
{ "type": "Feature", "properties": { "name": "INTERSTATE 66 WB" }, "geometry": { "type": "LineString", "coordinates": [ [ -77.09832, 38.89654 ], [ -77.09852, 38.89641 ] ] } },
{ "type": "Feature", "properties": { "name": "INTERSTATE 66 WB" }, "geometry": { "type": "LineString", "coordinates": [ [ -77.09923, 38.89584 ], [ -77.09966, 38.89541 ] ] } },
{ "type": "Feature", "properties": { "name": "INTERSTATE 66 EB" }, "geometry": { "type": "LineString", "coordinates": [ [ -77.09954, 38.89534 ], [ -77.09906, 38.89582 ] ] } },
{ "type": "Feature", "properties": { "name": "INTERSTATE 66 EB" }, "geometry": { "type": "LineString", "coordinates": [ [ -77.0929, 38.89786 ], [ -77.09265, 38.89789 ] ] } },
{ "type": "Feature", "properties": { "name": "INTERSTATE 66 WB" }, "geometry": { "type": "LineString", "coordinates": [ [ -77.09267, 38.89801 ], [ -77.09284, 38.89799 ] ] } },
{ "type": "Feature", "properties": { "name": "INTERSTATE 66 EB" }, "geometry": { "type": "LineString", "coordinates": [ [ -77.09493, 38.89756 ], [ -77.09483, 38.89758 ] ] } },
{ "type": "Feature", "properties": { "name": "INTERSTATE 66 WB" }, "geometry": { "type": "LineString", "coordinates": [ [ -77.09468, 38.89773 ], [ -77.09497, 38.89767 ] ] } },
{ "type": "Feature", "properties": { "name": "INTERSTATE 66 WB" }, "geometry": { "type": "LineString", "coordinates": [ [ -77.08503, 38.89755 ], [ -77.08518, 38.89763 ] ] } },
{ "type": "Feature", "properties": { "name": "INTERSTATE 66 EB" }, "geometry": { "type": "LineString", "coordinates": [ [ -77.08587, 38.89781 ], [ -77.08534, 38.89756 ] ] } },
{ "type": "Feature", "properties": { "name": "INTERSTATE 66 EB" }, "geometry": { "type": "LineString", "coordinates": [ [ -77.08534, 38.89756 ], [ -77.08518, 38.89748 ] ] } },
{ "type": "Feature", "properties": { "name": "INTERSTATE 66 EB" }, "geometry": { "type": "LineString", "coordinates": [ [ -77.08408, 38.89696 ], [ -77.08383, 38.89687 ] ] } },
{ "type": "Feature", "properties": { "name": "INTERSTATE 66 WB" }, "geometry": { "type": "LineString", "coordinates": [ [ -77.08359, 38.89694 ], [ -77.08386, 38.89703 ] ] } },
{ "type": "Feature", "properties": { "name": "INTERSTATE 66 WB" }, "geometry": { "type": "LineString", "coordinates": [ [ -77.08038, 38.89725 ], [ -77.08055, 38.89718 ] ] } },
{ "type": "Feature", "properties": { "name": "INTERSTATE 66 EB" }, "geometry": { "type": "LineString", "coordinates": [ [ -77.08047, 38.89707 ], [ -77.08031, 38.89714 ] ] } },
{ "type": "Feature", "properties": { "name": "INTERSTATE 66 WB" }, "geometry": { "type": "LineString", "coordinates": [ [ -77.07375, 38.89882 ], [ -77.07404, 38.89883 ] ] } },
{ "type": "Feature", "properties": { "name": "INTERSTATE 66 EB" }, "geometry": { "type": "LineString", "coordinates": [ [ -77.07403, 38.8987 ], [ -77.07375, 38.8987 ] ] } },
{ "type": "Feature", "properties": { "name": "INTERSTATE 66 WB" }, "geometry": { "type": "LineString", "coordinates": [ [ -77.07022, 38.89852 ], [ -77.07059, 38.89861 ] ] } },
{ "type": "Feature", "properties": { "name": "INTERSTATE 66 EB" }, "geometry": { "type": "LineString", "coordinates": [ [ -77.0706, 38.89849 ], [ -77.07027, 38.8984 ] ] } },
{ "type": "Feature", "properties": { "name": "INTERSTATE 66 WB" }, "geometry": { "type": "LineString", "coordinates": [ [ -77.06708, 38.89316 ], [ -77.06735, 38.89352 ] ] } },
{ "type": "Feature", "properties": { "name": "INTERSTATE 66 EB" }, "geometry": { "type": "LineString", "coordinates": [ [ -77.06739, 38.89337 ], [ -77.06711, 38.89301 ] ] } },
{ "type": "Feature", "properties": { "name": "INTERSTATE 66 WB" }, "geometry": { "type": "LineString", "coordinates": [ [ -77.0659, 38.89225 ], [ -77.06603, 38.89232 ] ] } },
{ "type": "Feature", "properties": { "name": "INTERSTATE 66 WB" }, "geometry": { "type": "LineString", "coordinates": [ [ -77.15973, 38.88723 ], [ -77.15984, 38.88728 ] ] } },
{ "type": "Feature", "properties": { "name": "INTERSTATE 66 EB" }, "geometry": { "type": "LineString", "coordinates": [ [ -77.16046, 38.88711 ], [ -77.16034, 38.88705 ] ] } },
{ "type": "Feature", "properties": { "name": "SPOUT RUN PKWY" }, "geometry": { "type": "LineString", "coordinates": [ [ -77.08106, 38.90218 ], [ -77.08221, 38.90202 ], [ -77.0833, 38.90168 ] ] } },
{ "type": "Feature", "properties": { "name": "SPOUT RUN PKWY" }, "geometry": { "type": "LineString", "coordinates": [ [ -77.0833, 38.90168 ], [ -77.0835, 38.9016 ] ] } },
{ "type": "Feature", "properties": { "name": "RICHMOND HWY" }, "geometry": { "type": "LineString", "coordinates": [ [ -77.06786, 38.89084 ], [ -77.06784, 38.89156 ], [ -77.06758, 38.89256 ] ] } },
{ "type": "Feature", "properties": { "name": "RICHMOND HWY" }, "geometry": { "type": "LineString", "coordinates": [ [ -77.06785, 38.89069 ], [ -77.06786, 38.89084 ] ] } },
{ "type": "Feature", "properties": { "name": "ARLINGTON BLVD" }, "geometry": { "type": "LineString", "coordinates": [ [ -77.06721, 38.89084 ], [ -77.06776, 38.89078 ] ] } },
{ "type": "Feature", "properties": { "name": "RICHMOND HWY" }, "geometry": { "type": "LineString", "coordinates": [ [ -77.06782, 38.89036 ], [ -77.06785, 38.89069 ] ] } },
{ "type": "Feature", "properties": { "name": "RICHMOND HWY" }, "geometry": { "type": "LineString", "coordinates": [ [ -77.06799, 38.89072 ], [ -77.06796, 38.89042 ] ] } },
{ "type": "Feature", "properties": { "name": "INTERSTATE 395 NB" }, "geometry": { "type": "LineString", "coordinates": [ [ -77.09566, 38.83516 ], [ -77.09554, 38.83519 ] ] } },
{ "type": "Feature", "properties": { "name": "INTERSTATE 395 EXP" }, "geometry": { "type": "LineString", "coordinates": [ [ -77.09572, 38.83531 ], [ -77.0956, 38.83534 ] ] } },
{ "type": "Feature", "properties": { "name": "INTERSTATE 395 SB" }, "geometry": { "type": "LineString", "coordinates": [ [ -77.09571, 38.83547 ], [ -77.09583, 38.83543 ] ] } },
{ "type": "Feature", "properties": { "name": "INTERSTATE 395 SB" }, "geometry": { "type": "LineString", "coordinates": [ [ -77.086, 38.83989 ], [ -77.08638, 38.83958 ] ] } },
{ "type": "Feature", "properties": { "name": "INTERSTATE 395 SB" }, "geometry": { "type": "LineString", "coordinates": [ [ -77.08638, 38.83958 ], [ -77.08648, 38.8395 ] ] } },
{ "type": "Feature", "properties": { "name": "INTERSTATE 395 EXP" }, "geometry": { "type": "LineString", "coordinates": [ [ -77.08632, 38.83943 ], [ -77.08585, 38.83981 ] ] } },
{ "type": "Feature", "properties": { "name": "INTERSTATE 395 EXP" }, "geometry": { "type": "LineString", "coordinates": [ [ -77.08641, 38.83936 ], [ -77.08632, 38.83943 ] ] } },
{ "type": "Feature", "properties": { "name": "INTERSTATE 395 NB" }, "geometry": { "type": "LineString", "coordinates": [ [ -77.08622, 38.83929 ], [ -77.08568, 38.83972 ] ] } },
{ "type": "Feature", "properties": { "name": "INTERSTATE 395 NB" }, "geometry": { "type": "LineString", "coordinates": [ [ -77.08631, 38.83922 ], [ -77.08622, 38.83929 ] ] } },
{ "type": "Feature", "properties": { "name": "INTERSTATE 395 NB" }, "geometry": { "type": "LineString", "coordinates": [ [ -77.07833, 38.84771 ], [ -77.0781, 38.84799 ] ] } },
{ "type": "Feature", "properties": { "name": "INTERSTATE 395 NB" }, "geometry": { "type": "LineString", "coordinates": [ [ -77.07844, 38.84758 ], [ -77.07833, 38.84771 ] ] } },
{ "type": "Feature", "properties": { "name": "INTERSTATE 395 EXP" }, "geometry": { "type": "LineString", "coordinates": [ [ -77.07849, 38.84777 ], [ -77.07825, 38.84807 ] ] } },
{ "type": "Feature", "properties": { "name": "INTERSTATE 395 EXP" }, "geometry": { "type": "LineString", "coordinates": [ [ -77.0786, 38.84763 ], [ -77.07849, 38.84777 ] ] } },
{ "type": "Feature", "properties": { "name": "INTERSTATE 395 SB" }, "geometry": { "type": "LineString", "coordinates": [ [ -77.0784, 38.84813 ], [ -77.07866, 38.8478 ] ] } },
{ "type": "Feature", "properties": { "name": "INTERSTATE 395 SB" }, "geometry": { "type": "LineString", "coordinates": [ [ -77.07866, 38.8478 ], [ -77.07879, 38.84765 ] ] } },
{ "type": "Feature", "properties": { "name": "INTERSTATE 395 EXP" }, "geometry": { "type": "LineString", "coordinates": [ [ -77.07954, 38.84652 ], [ -77.07918, 38.84694 ] ] } },
{ "type": "Feature", "properties": { "name": "INTERSTATE 395 SB" }, "geometry": { "type": "LineString", "coordinates": [ [ -77.07927, 38.84708 ], [ -77.07964, 38.84664 ] ] } },
{ "type": "Feature", "properties": { "name": "RICHMOND HWY" }, "geometry": { "type": "LineString", "coordinates": [ [ -77.06378, 38.88406 ], [ -77.06289, 38.88276 ], [ -77.06173, 38.88133 ], [ -77.05941, 38.87898 ] ] } },
{ "type": "Feature", "properties": { "name": "RICHMOND HWY" }, "geometry": { "type": "LineString", "coordinates": [ [ -77.06396, 38.88455 ], [ -77.06609, 38.88808 ] ] } },
{ "type": "Feature", "properties": { "name": "RICHMOND HWY" }, "geometry": { "type": "LineString", "coordinates": [ [ -77.06366, 38.8841 ], [ -77.06396, 38.88455 ] ] } },
{ "type": "Feature", "properties": { "name": "RICHMOND HWY" }, "geometry": { "type": "LineString", "coordinates": [ [ -77.06407, 38.88451 ], [ -77.06378, 38.88406 ] ] } },
{ "type": "Feature", "properties": { "name": "WASHINGTON BLVD" }, "geometry": { "type": "LineString", "coordinates": [ [ -77.05727, 38.88087 ], [ -77.05756, 38.88215 ] ] } },
{ "type": "Feature", "properties": { "name": "WASHINGTON BLVD" }, "geometry": { "type": "LineString", "coordinates": [ [ -77.0577, 38.88254 ], [ -77.05818, 38.88353 ] ] } },
{ "type": "Feature", "properties": { "name": "WASHINGTON BLVD" }, "geometry": { "type": "LineString", "coordinates": [ [ -77.05756, 38.88215 ], [ -77.0577, 38.88254 ] ] } },
{ "type": "Feature", "properties": { "name": "WASHINGTON BLVD" }, "geometry": { "type": "LineString", "coordinates": [ [ -77.05738, 38.88086 ], [ -77.05731, 38.88054 ] ] } },
{ "type": "Feature", "properties": { "name": "WASHINGTON BLVD" }, "geometry": { "type": "LineString", "coordinates": [ [ -77.05717, 38.88031 ], [ -77.05727, 38.88087 ] ] } },
{ "type": "Feature", "properties": { "name": "WASHINGTON BLVD" }, "geometry": { "type": "LineString", "coordinates": [ [ -77.05714, 38.88012 ], [ -77.05717, 38.88031 ] ] } },
{ "type": "Feature", "properties": { "name": "WASHINGTON BLVD" }, "geometry": { "type": "LineString", "coordinates": [ [ -77.05712, 38.87999 ], [ -77.05714, 38.88012 ] ] } },
{ "type": "Feature", "properties": { "name": "WASHINGTON BLVD" }, "geometry": { "type": "LineString", "coordinates": [ [ -77.05731, 38.88054 ], [ -77.05727, 38.88029 ] ] } },
{ "type": "Feature", "properties": { "name": "WASHINGTON BLVD" }, "geometry": { "type": "LineString", "coordinates": [ [ -77.08153, 38.87277 ], [ -77.08092, 38.87189 ] ] } },
{ "type": "Feature", "properties": { "name": "WASHINGTON BLVD" }, "geometry": { "type": "LineString", "coordinates": [ [ -77.08092, 38.87189 ], [ -77.08083, 38.87176 ] ] } },
{ "type": "Feature", "properties": { "name": "WASHINGTON BLVD" }, "geometry": { "type": "LineString", "coordinates": [ [ -77.08069, 38.87181 ], [ -77.08078, 38.87193 ] ] } },
{ "type": "Feature", "properties": { "name": "WASHINGTON BLVD" }, "geometry": { "type": "LineString", "coordinates": [ [ -77.06124, 38.86956 ], [ -77.06144, 38.8693 ] ] } },
{ "type": "Feature", "properties": { "name": "WASHINGTON BLVD" }, "geometry": { "type": "LineString", "coordinates": [ [ -77.06096, 38.86994 ], [ -77.06108, 38.86978 ] ] } },
{ "type": "Feature", "properties": { "name": "RICHMOND HWY" }, "geometry": { "type": "LineString", "coordinates": [ [ -77.05851, 38.87835 ], [ -77.0613, 38.88108 ] ] } },
{ "type": "Feature", "properties": { "name": "RICHMOND HWY" }, "geometry": { "type": "LineString", "coordinates": [ [ -77.05941, 38.87898 ], [ -77.05733, 38.87699 ] ] } },
{ "type": "Feature", "properties": { "name": "RICHMOND HWY" }, "geometry": { "type": "LineString", "coordinates": [ [ -77.0566, 38.87631 ], [ -77.05595, 38.87596 ], [ -77.05409, 38.87533 ], [ -77.0534, 38.87491 ] ] } },
{ "type": "Feature", "properties": { "name": "RICHMOND HWY" }, "geometry": { "type": "LineString", "coordinates": [ [ -77.0534, 38.87491 ], [ -77.05281, 38.87427 ], [ -77.05151, 38.87216 ], [ -77.05132, 38.87155 ], [ -77.05133, 38.87088 ] ] } },
{ "type": "Feature", "properties": { "name": "WASHINGTON BLVD" }, "geometry": { "type": "LineString", "coordinates": [ [ -77.05701, 38.87749 ], [ -77.05698, 38.87794 ] ] } },
{ "type": "Feature", "properties": { "name": "WASHINGTON BLVD" }, "geometry": { "type": "LineString", "coordinates": [ [ -77.0572, 38.87626 ], [ -77.05701, 38.87749 ] ] } },
{ "type": "Feature", "properties": { "name": "RICHMOND HWY" }, "geometry": { "type": "LineString", "coordinates": [ [ -77.05733, 38.87699 ], [ -77.0566, 38.87631 ] ] } },
{ "type": "Feature", "properties": { "name": "RICHMOND HWY" }, "geometry": { "type": "LineString", "coordinates": [ [ -77.0573, 38.87719 ], [ -77.05851, 38.87835 ] ] } },
{ "type": "Feature", "properties": { "name": "RICHMOND HWY" }, "geometry": { "type": "LineString", "coordinates": [ [ -77.05698, 38.87687 ], [ -77.0573, 38.87719 ] ] } },
{ "type": "Feature", "properties": { "name": "ROUTE 233" }, "geometry": { "type": "LineString", "coordinates": [ [ -77.04777, 38.84922 ], [ -77.04845, 38.84948 ] ] } },
{ "type": "Feature", "properties": { "name": "ROUTE 233" }, "geometry": { "type": "LineString", "coordinates": [ [ -77.04904, 38.84957 ], [ -77.04847, 38.84938 ] ] } },
{ "type": "Feature", "properties": { "name": "ROUTE 233" }, "geometry": { "type": "LineString", "coordinates": [ [ -77.04845, 38.84948 ], [ -77.04901, 38.84965 ] ] } },
{ "type": "Feature", "properties": { "name": "ROUTE 233" }, "geometry": { "type": "LineString", "coordinates": [ [ -77.052, 38.85055 ], [ -77.05311, 38.8509 ] ] } },
{ "type": "Feature", "properties": { "name": "ROUTE 233" }, "geometry": { "type": "LineString", "coordinates": [ [ -77.05317, 38.85084 ], [ -77.05178, 38.85039 ] ] } },
{ "type": "Feature", "properties": { "name": "RICHMOND HWY" }, "geometry": { "type": "LineString", "coordinates": [ [ -77.05274, 38.8508 ], [ -77.05276, 38.85064 ] ] } },
{ "type": "Feature", "properties": { "name": "RICHMOND HWY" }, "geometry": { "type": "LineString", "coordinates": [ [ -77.05263, 38.85047 ], [ -77.0526, 38.85076 ] ] } },
{ "type": "Feature", "properties": { "name": "INTERSTATE 395 SB" }, "geometry": { "type": "LineString", "coordinates": [ [ -77.05178, 38.86669 ], [ -77.05223, 38.86659 ] ] } },
{ "type": "Feature", "properties": { "name": "INTERSTATE 395 NB" }, "geometry": { "type": "LineString", "coordinates": [ [ -77.05049, 38.86617 ], [ -77.05027, 38.86625 ] ] } },
{ "type": "Feature", "properties": { "name": "INTERSTATE 395 NB" }, "geometry": { "type": "LineString", "coordinates": [ [ -77.05098, 38.866 ], [ -77.05049, 38.86617 ] ] } },
{ "type": "Feature", "properties": { "name": "INTERSTATE 395 EXP NB" }, "geometry": { "type": "LineString", "coordinates": [ [ -77.05175, 38.86615 ], [ -77.05104, 38.86629 ] ] } },
{ "type": "Feature", "properties": { "name": "INTERSTATE 395 EXP NB" }, "geometry": { "type": "LineString", "coordinates": [ [ -77.05078, 38.86636 ], [ -77.05023, 38.86654 ] ] } },
{ "type": "Feature", "properties": { "name": "INTERSTATE 395 EXP NB" }, "geometry": { "type": "LineString", "coordinates": [ [ -77.05023, 38.86654 ], [ -77.05003, 38.86661 ] ] } },
{ "type": "Feature", "properties": { "name": "INTERSTATE 395 EXP SB" }, "geometry": { "type": "LineString", "coordinates": [ [ -77.04987, 38.86684 ], [ -77.05009, 38.86675 ] ] } },
{ "type": "Feature", "properties": { "name": "INTERSTATE 395 EXP SB" }, "geometry": { "type": "LineString", "coordinates": [ [ -77.05173, 38.86626 ], [ -77.0526, 38.86612 ] ] } },
{ "type": "Feature", "properties": { "name": "INTERSTATE 395 EXP SB" }, "geometry": { "type": "LineString", "coordinates": [ [ -77.05104, 38.86642 ], [ -77.05173, 38.86626 ] ] } },
{ "type": "Feature", "properties": { "name": "INTERSTATE 395 EXP SB" }, "geometry": { "type": "LineString", "coordinates": [ [ -77.0541, 38.86607 ], [ -77.05437, 38.86608 ] ] } },
{ "type": "Feature", "properties": { "name": "INTERSTATE 395 EXP NB" }, "geometry": { "type": "LineString", "coordinates": [ [ -77.05437, 38.86599 ], [ -77.05411, 38.86598 ] ] } },
{ "type": "Feature", "properties": { "name": "INTERSTATE 395 NB" }, "geometry": { "type": "LineString", "coordinates": [ [ -77.054, 38.86556 ], [ -77.05232, 38.86566 ] ] } },
{ "type": "Feature", "properties": { "name": "INTERSTATE 395 NB" }, "geometry": { "type": "LineString", "coordinates": [ [ -77.05668, 38.86593 ], [ -77.05615, 38.86582 ] ] } },
{ "type": "Feature", "properties": { "name": "INTERSTATE 395 NB" }, "geometry": { "type": "LineString", "coordinates": [ [ -77.05455, 38.86559 ], [ -77.054, 38.86556 ] ] } },
{ "type": "Feature", "properties": { "name": "INTERSTATE 395 NB" }, "geometry": { "type": "LineString", "coordinates": [ [ -77.05615, 38.86582 ], [ -77.05455, 38.86559 ] ] } },
{ "type": "Feature", "properties": { "name": "INTERSTATE 395 SB" }, "geometry": { "type": "LineString", "coordinates": [ [ -77.05597, 38.86644 ], [ -77.05652, 38.86649 ] ] } },
{ "type": "Feature", "properties": { "name": "INTERSTATE 395 EXP SB" }, "geometry": { "type": "LineString", "coordinates": [ [ -77.05604, 38.86621 ], [ -77.05658, 38.86628 ] ] } },
{ "type": "Feature", "properties": { "name": "INTERSTATE 395 EXP NB" }, "geometry": { "type": "LineString", "coordinates": [ [ -77.0566, 38.8662 ], [ -77.05606, 38.86613 ] ] } },
{ "type": "Feature", "properties": { "name": "INTERSTATE 395 EXP SB" }, "geometry": { "type": "LineString", "coordinates": [ [ -77.06179, 38.86722 ], [ -77.061, 38.86725 ], [ -77.06, 38.86709 ] ] } },
{ "type": "Feature", "properties": { "name": "INTERSTATE 395 EXP NB" }, "geometry": { "type": "LineString", "coordinates": [ [ -77.06179, 38.86722 ], [ -77.06096, 38.86716 ], [ -77.06002, 38.86698 ] ] } },
{ "type": "Feature", "properties": { "name": "INTERSTATE 395 EXP NB" }, "geometry": { "type": "LineString", "coordinates": [ [ -77.06002, 38.86698 ], [ -77.0585, 38.86657 ] ] } },
{ "type": "Feature", "properties": { "name": "INTERSTATE 395 NB" }, "geometry": { "type": "LineString", "coordinates": [ [ -77.05848, 38.8664 ], [ -77.058, 38.86627 ] ] } },
{ "type": "Feature", "properties": { "name": "INTERSTATE 395 EXP NB" }, "geometry": { "type": "LineString", "coordinates": [ [ -77.0585, 38.86657 ], [ -77.058, 38.86645 ] ] } },
{ "type": "Feature", "properties": { "name": "INTERSTATE 395 EXP NB" }, "geometry": { "type": "LineString", "coordinates": [ [ -77.058, 38.86645 ], [ -77.05765, 38.86638 ] ] } },
{ "type": "Feature", "properties": { "name": "INTERSTATE 395 EXP SB" }, "geometry": { "type": "LineString", "coordinates": [ [ -77.05851, 38.86669 ], [ -77.058, 38.86655 ] ] } },
{ "type": "Feature", "properties": { "name": "INTERSTATE 395 EXP SB" }, "geometry": { "type": "LineString", "coordinates": [ [ -77.058, 38.86655 ], [ -77.05763, 38.86647 ] ] } },
{ "type": "Feature", "properties": { "name": "INTERSTATE 395 EXP SB" }, "geometry": { "type": "LineString", "coordinates": [ [ -77.05658, 38.86628 ], [ -77.05763, 38.86647 ] ] } },
{ "type": "Feature", "properties": { "name": "INTERSTATE 395 SB" }, "geometry": { "type": "LineString", "coordinates": [ [ -77.05801, 38.86676 ], [ -77.05861, 38.86692 ] ] } },
{ "type": "Feature", "properties": { "name": "WASHINGTON BLVD" }, "geometry": { "type": "LineString", "coordinates": [ [ -77.06359, 38.86658 ], [ -77.06334, 38.8667 ] ] } },
{ "type": "Feature", "properties": { "name": "WASHINGTON BLVD" }, "geometry": { "type": "LineString", "coordinates": [ [ -77.06247, 38.8675 ], [ -77.06227, 38.86777 ] ] } },
{ "type": "Feature", "properties": { "name": "INTERSTATE 395 EXP" }, "geometry": { "type": "LineString", "coordinates": [ [ -77.06246, 38.86719 ], [ -77.06179, 38.86722 ] ] } },
{ "type": "Feature", "properties": { "name": "INTERSTATE 395 NB" }, "geometry": { "type": "LineString", "coordinates": [ [ -77.06243, 38.86704 ], [ -77.06176, 38.86706 ] ] } },
{ "type": "Feature", "properties": { "name": "WASHINGTON BLVD" }, "geometry": { "type": "LineString", "coordinates": [ [ -77.06334, 38.8667 ], [ -77.06307, 38.86688 ] ] } },
{ "type": "Feature", "properties": { "name": "INTERSTATE 395 SB" }, "geometry": { "type": "LineString", "coordinates": [ [ -77.06689, 38.86614 ], [ -77.06806, 38.86539 ] ] } },
{ "type": "Feature", "properties": { "name": "INTERSTATE 395 SB" }, "geometry": { "type": "LineString", "coordinates": [ [ -77.06524, 38.8668 ], [ -77.06689, 38.86614 ] ] } },
{ "type": "Feature", "properties": { "name": "INTERSTATE 395 SB" }, "geometry": { "type": "LineString", "coordinates": [ [ -77.06354, 38.86744 ], [ -77.06524, 38.8668 ] ] } },
{ "type": "Feature", "properties": { "name": "INTERSTATE 395 SB" }, "geometry": { "type": "LineString", "coordinates": [ [ -77.06156, 38.86762 ], [ -77.062, 38.86765 ] ] } },
{ "type": "Feature", "properties": { "name": "WASHINGTON BLVD" }, "geometry": { "type": "LineString", "coordinates": [ [ -77.06266, 38.86725 ], [ -77.06247, 38.8675 ] ] } },
{ "type": "Feature", "properties": { "name": "WASHINGTON BLVD" }, "geometry": { "type": "LineString", "coordinates": [ [ -77.06227, 38.86777 ], [ -77.06211, 38.86798 ] ] } },
{ "type": "Feature", "properties": { "name": "WASHINGTON BLVD" }, "geometry": { "type": "LineString", "coordinates": [ [ -77.06211, 38.86798 ], [ -77.06201, 38.86813 ] ] } },
{ "type": "Feature", "properties": { "name": "WASHINGTON BLVD" }, "geometry": { "type": "LineString", "coordinates": [ [ -77.06248, 38.86816 ], [ -77.06295, 38.86789 ] ] } },
{ "type": "Feature", "properties": { "name": "INTERSTATE 395 EXP" }, "geometry": { "type": "LineString", "coordinates": [ [ -77.06885, 38.86386 ], [ -77.06829, 38.86473 ] ] } },
{ "type": "Feature", "properties": { "name": "INTERSTATE 395 EXP" }, "geometry": { "type": "LineString", "coordinates": [ [ -77.06829, 38.86473 ], [ -77.06769, 38.86533 ] ] } },
{ "type": "Feature", "properties": { "name": "INTERSTATE 395 EXP" }, "geometry": { "type": "LineString", "coordinates": [ [ -77.06924, 38.86239 ], [ -77.06911, 38.86317 ], [ -77.06885, 38.86386 ] ] } },
{ "type": "Feature", "properties": { "name": "INTERSTATE 395 NB" }, "geometry": { "type": "LineString", "coordinates": [ [ -77.06719, 38.86547 ], [ -77.06663, 38.8658 ] ] } },
{ "type": "Feature", "properties": { "name": "INTERSTATE 395 EXP" }, "geometry": { "type": "LineString", "coordinates": [ [ -77.06769, 38.86533 ], [ -77.06696, 38.86583 ] ] } },
{ "type": "Feature", "properties": { "name": "INTERSTATE 395 SB" }, "geometry": { "type": "LineString", "coordinates": [ [ -77.06806, 38.86539 ], [ -77.06859, 38.86483 ] ] } },
{ "type": "Feature", "properties": { "name": "WASHINGTON BLVD" }, "geometry": { "type": "LineString", "coordinates": [ [ -77.06815, 38.86518 ], [ -77.06714, 38.86539 ] ] } },
{ "type": "Feature", "properties": { "name": "WASHINGTON BLVD" }, "geometry": { "type": "LineString", "coordinates": [ [ -77.06982, 38.86515 ], [ -77.06887, 38.86514 ] ] } },
{ "type": "Feature", "properties": { "name": "WASHINGTON BLVD" }, "geometry": { "type": "LineString", "coordinates": [ [ -77.06887, 38.86514 ], [ -77.06826, 38.86517 ] ] } },
{ "type": "Feature", "properties": { "name": "WASHINGTON BLVD" }, "geometry": { "type": "LineString", "coordinates": [ [ -77.06826, 38.86517 ], [ -77.06815, 38.86518 ] ] } },
{ "type": "Feature", "properties": { "name": "INTERSTATE 395 SB" }, "geometry": { "type": "LineString", "coordinates": [ [ -77.06945, 38.86241 ], [ -77.06953, 38.86187 ] ] } },
{ "type": "Feature", "properties": { "name": "INTERSTATE 395 EXP" }, "geometry": { "type": "LineString", "coordinates": [ [ -77.06932, 38.86174 ], [ -77.06924, 38.86239 ] ] } },
{ "type": "Feature", "properties": { "name": "INTERSTATE 395 NB" }, "geometry": { "type": "LineString", "coordinates": [ [ -77.06912, 38.86161 ], [ -77.06907, 38.86203 ] ] } },
{ "type": "Feature", "properties": { "name": "INTERSTATE 395 NB" }, "geometry": { "type": "LineString", "coordinates": [ [ -77.06914, 38.8615 ], [ -77.06912, 38.86161 ] ] } },
{ "type": "Feature", "properties": { "name": "INTERSTATE 395 EXP" }, "geometry": { "type": "LineString", "coordinates": [ [ -77.06934, 38.86163 ], [ -77.06932, 38.86174 ] ] } },
{ "type": "Feature", "properties": { "name": "INTERSTATE 395 SB" }, "geometry": { "type": "LineString", "coordinates": [ [ -77.06953, 38.86187 ], [ -77.06955, 38.86176 ] ] } },
{ "type": "Feature", "properties": { "name": "INTERSTATE 66 WB" }, "geometry": { "type": "LineString", "coordinates": [ [ -77.11396, 38.88831 ], [ -77.11425, 38.88824 ] ] } },
{ "type": "Feature", "properties": { "name": "INTERSTATE 66 WB" }, "geometry": { "type": "LineString", "coordinates": [ [ -77.11425, 38.88824 ], [ -77.1144, 38.8882 ] ] } },
{ "type": "Feature", "properties": { "name": "INTERSTATE 66 EB" }, "geometry": { "type": "LineString", "coordinates": [ [ -77.11439, 38.88807 ], [ -77.11424, 38.88811 ] ] } },
{ "type": "Feature", "properties": { "name": "INTERSTATE 66 EB" }, "geometry": { "type": "LineString", "coordinates": [ [ -77.1145, 38.88804 ], [ -77.11439, 38.88807 ] ] } },
{ "type": "Feature", "properties": { "name": "INTERSTATE 66 WB" }, "geometry": { "type": "LineString", "coordinates": [ [ -77.08386, 38.89703 ], [ -77.08497, 38.89752 ] ] } },
{ "type": "Feature", "properties": { "name": "INTERSTATE 66 WB" }, "geometry": { "type": "LineString", "coordinates": [ [ -77.08497, 38.89752 ], [ -77.08503, 38.89755 ] ] } },
{ "type": "Feature", "properties": { "name": "RICHMOND HWY" }, "geometry": { "type": "LineString", "coordinates": [ [ -77.068, 38.89085 ], [ -77.06799, 38.89072 ] ] } },
{ "type": "Feature", "properties": { "name": "RICHMOND HWY" }, "geometry": { "type": "LineString", "coordinates": [ [ -77.06801, 38.89092 ], [ -77.068, 38.89085 ] ] } },
{ "type": "Feature", "properties": { "name": "ARLINGTON BLVD" }, "geometry": { "type": "LineString", "coordinates": [ [ -77.06817, 38.89084 ], [ -77.06847, 38.89091 ] ] } },
{ "type": "Feature", "properties": { "name": "ARLINGTON BLVD" }, "geometry": { "type": "LineString", "coordinates": [ [ -77.06829, 38.89053 ], [ -77.06813, 38.89045 ] ] } },
{ "type": "Feature", "properties": { "name": "RICHMOND HWY" }, "geometry": { "type": "LineString", "coordinates": [ [ -77.05131, 38.86911 ], [ -77.05108, 38.8711 ], [ -77.05116, 38.87179 ], [ -77.05139, 38.87234 ], [ -77.05273, 38.87447 ], [ -77.05314, 38.87493 ], [ -77.05371, 38.87534 ], [ -77.05424, 38.87559 ], [ -77.0561, 38.87622 ], [ -77.05698, 38.87687 ] ] } },
{ "type": "Feature", "properties": { "name": "RICHMOND HWY" }, "geometry": { "type": "LineString", "coordinates": [ [ -77.0513, 38.86891 ], [ -77.05131, 38.86911 ] ] } },
{ "type": "Feature", "properties": { "name": "RICHMOND HWY" }, "geometry": { "type": "LineString", "coordinates": [ [ -77.05133, 38.87088 ], [ -77.0515, 38.86978 ], [ -77.05147, 38.86907 ] ] } },
{ "type": "Feature", "properties": { "name": "RICHMOND HWY" }, "geometry": { "type": "LineString", "coordinates": [ [ -77.05145, 38.86886 ], [ -77.05146, 38.86747 ] ] } },
{ "type": "Feature", "properties": { "name": "RICHMOND HWY" }, "geometry": { "type": "LineString", "coordinates": [ [ -77.05147, 38.86907 ], [ -77.05145, 38.86886 ] ] } },
{ "type": "Feature", "properties": { "name": "U.S. ROUTE 1" }, "geometry": { "type": "LineString", "coordinates": [ [ -77.04768, 38.86899 ], [ -77.04769, 38.86885 ], [ -77.04796, 38.86859 ], [ -77.04929, 38.8676 ], [ -77.04967, 38.86722 ] ] } },
{ "type": "Feature", "properties": { "name": "U.S. ROUTE 1" }, "geometry": { "type": "LineString", "coordinates": [ [ -77.04967, 38.86722 ], [ -77.0513, 38.86477 ] ] } },
{ "type": "Feature", "properties": { "name": "U.S. ROUTE 1" }, "geometry": { "type": "LineString", "coordinates": [ [ -77.0513, 38.86477 ], [ -77.05165, 38.86314 ] ] } },
{ "type": "Feature", "properties": { "name": "RICHMOND HWY" }, "geometry": { "type": "LineString", "coordinates": [ [ -77.0516, 38.86522 ], [ -77.05172, 38.86314 ] ] } },
{ "type": "Feature", "properties": { "name": "RICHMOND HWY" }, "geometry": { "type": "LineString", "coordinates": [ [ -77.05172, 38.86314 ], [ -77.05168, 38.86282 ] ] } },
{ "type": "Feature", "properties": { "name": "INTERSTATE 395 SB" }, "geometry": { "type": "LineString", "coordinates": [ [ -77.09484, 38.83571 ], [ -77.09571, 38.83547 ] ] } },
{ "type": "Feature", "properties": { "name": "INTERSTATE 395 SB" }, "geometry": { "type": "LineString", "coordinates": [ [ -77.0939, 38.83597 ], [ -77.09463, 38.83576 ] ] } },
{ "type": "Feature", "properties": { "name": "INTERSTATE 395 SB" }, "geometry": { "type": "LineString", "coordinates": [ [ -77.09463, 38.83576 ], [ -77.09484, 38.83571 ] ] } },
{ "type": "Feature", "properties": { "name": "INTERSTATE 395 EXP" }, "geometry": { "type": "LineString", "coordinates": [ [ -77.0956, 38.83534 ], [ -77.09477, 38.83557 ] ] } },
{ "type": "Feature", "properties": { "name": "INTERSTATE 395 EXP" }, "geometry": { "type": "LineString", "coordinates": [ [ -77.09455, 38.83563 ], [ -77.09383, 38.83584 ] ] } },
{ "type": "Feature", "properties": { "name": "INTERSTATE 395 EXP" }, "geometry": { "type": "LineString", "coordinates": [ [ -77.09477, 38.83557 ], [ -77.09455, 38.83563 ] ] } },
{ "type": "Feature", "properties": { "name": "INTERSTATE 395 NB" }, "geometry": { "type": "LineString", "coordinates": [ [ -77.09554, 38.83519 ], [ -77.09467, 38.83543 ] ] } },
{ "type": "Feature", "properties": { "name": "INTERSTATE 395 NB" }, "geometry": { "type": "LineString", "coordinates": [ [ -77.09446, 38.83549 ], [ -77.09377, 38.83569 ] ] } },
{ "type": "Feature", "properties": { "name": "INTERSTATE 395 NB" }, "geometry": { "type": "LineString", "coordinates": [ [ -77.09467, 38.83543 ], [ -77.09446, 38.83549 ] ] } },
{ "type": "Feature", "properties": { "name": "RICHMOND HWY" }, "geometry": { "type": "LineString", "coordinates": [ [ -77.0678, 38.89014 ], [ -77.06782, 38.89036 ] ] } },
{ "type": "Feature", "properties": { "name": "RICHMOND HWY" }, "geometry": { "type": "LineString", "coordinates": [ [ -77.06796, 38.89042 ], [ -77.06795, 38.89022 ] ] } },
{ "type": "Feature", "properties": { "name": "RICHMOND HWY" }, "geometry": { "type": "LineString", "coordinates": [ [ -77.05202, 38.85738 ], [ -77.05199, 38.85779 ] ] } },
{ "type": "Feature", "properties": { "name": "WASHINGTON BLVD" }, "geometry": { "type": "LineString", "coordinates": [ [ -77.06108, 38.86978 ], [ -77.06124, 38.86956 ] ] } },
{ "type": "Feature", "properties": { "name": "RICHMOND HWY" }, "geometry": { "type": "LineString", "coordinates": [ [ -77.05215, 38.85777 ], [ -77.05219, 38.85722 ] ] } },
{ "type": "Feature", "properties": { "name": "WASHINGTON BLVD" }, "geometry": { "type": "LineString", "coordinates": [ [ -77.061, 38.86945 ], [ -77.06084, 38.86965 ] ] } },
{ "type": "Feature", "properties": { "name": "INTERSTATE 395 SB" }, "geometry": { "type": "LineString", "coordinates": [ [ -77.05384, 38.86641 ], [ -77.05455, 38.8664 ] ] } },
{ "type": "Feature", "properties": { "name": "RICHMOND HWY" }, "geometry": { "type": "LineString", "coordinates": [ [ -77.06777, 38.89321 ], [ -77.06815, 38.89378 ], [ -77.06833, 38.89391 ] ] } },
{ "type": "Feature", "properties": { "name": "RICHMOND HWY" }, "geometry": { "type": "LineString", "coordinates": [ [ -77.06769, 38.89308 ], [ -77.06777, 38.89321 ] ] } },
{ "type": "Feature", "properties": { "name": "RICHMOND HWY" }, "geometry": { "type": "LineString", "coordinates": [ [ -77.06758, 38.89256 ], [ -77.06769, 38.89308 ] ] } },
{ "type": "Feature", "properties": { "name": "INTERSTATE 395 NB" }, "geometry": { "type": "LineString", "coordinates": [ [ -77.06332, 38.86691 ], [ -77.06243, 38.86704 ] ] } },
{ "type": "Feature", "properties": { "name": "INTERSTATE 395 EXP" }, "geometry": { "type": "LineString", "coordinates": [ [ -77.06335, 38.86706 ], [ -77.06246, 38.86719 ] ] } },
{ "type": "Feature", "properties": { "name": "INTERSTATE 395 SB" }, "geometry": { "type": "LineString", "coordinates": [ [ -77.062, 38.86765 ], [ -77.06282, 38.8676 ], [ -77.06354, 38.86744 ] ] } },
{ "type": "Feature", "properties": { "name": "WASHINGTON BLVD" }, "geometry": { "type": "LineString", "coordinates": [ [ -77.06295, 38.86789 ], [ -77.06349, 38.86767 ] ] } },
{ "type": "Feature", "properties": { "name": "GEORGE WASHINGTON MEMORIAL PKWY" }, "geometry": { "type": "LineString", "coordinates": [ [ -77.11759, 38.92801 ], [ -77.11898, 38.929 ] ] } },
{ "type": "Feature", "properties": { "name": "GEORGE WASHINGTON MEMORIAL PKWY" }, "geometry": { "type": "LineString", "coordinates": [ [ -77.11905, 38.92894 ], [ -77.1177, 38.92798 ] ] } },
{ "type": "Feature", "properties": { "name": "GEORGE WASHINGTON MEMORIAL PKWY" }, "geometry": { "type": "LineString", "coordinates": [ [ -77.11377, 38.92448 ], [ -77.1156, 38.92633 ], [ -77.11759, 38.92801 ] ] } },
{ "type": "Feature", "properties": { "name": "GEORGE WASHINGTON MEMORIAL PKWY" }, "geometry": { "type": "LineString", "coordinates": [ [ -77.1177, 38.92798 ], [ -77.1158, 38.92639 ], [ -77.11385, 38.92443 ] ] } },
{ "type": "Feature", "properties": { "name": "GEORGE WASHINGTON MEMORIAL PKWY" }, "geometry": { "type": "LineString", "coordinates": [ [ -77.10587, 38.91624 ], [ -77.1071, 38.91849 ], [ -77.10773, 38.91939 ], [ -77.10843, 38.9202 ], [ -77.10953, 38.92117 ], [ -77.11272, 38.92351 ], [ -77.11377, 38.92448 ] ] } },
{ "type": "Feature", "properties": { "name": "GEORGE WASHINGTON MEMORIAL PKWY" }, "geometry": { "type": "LineString", "coordinates": [ [ -77.11385, 38.92443 ], [ -77.11262, 38.92332 ], [ -77.10968, 38.92117 ], [ -77.10853, 38.92017 ], [ -77.10735, 38.91869 ], [ -77.10606, 38.9162 ] ] } },
{ "type": "Feature", "properties": { "name": "GEORGE WASHINGTON MEMORIAL PKWY" }, "geometry": { "type": "LineString", "coordinates": [ [ -77.1022, 38.91124 ], [ -77.10341, 38.91219 ], [ -77.10421, 38.91308 ], [ -77.10587, 38.91624 ] ] } },
{ "type": "Feature", "properties": { "name": "GEORGE WASHINGTON MEMORIAL PKWY" }, "geometry": { "type": "LineString", "coordinates": [ [ -77.10606, 38.9162 ], [ -77.10479, 38.91359 ], [ -77.10432, 38.91284 ], [ -77.10354, 38.91193 ], [ -77.10241, 38.91102 ] ] } },
{ "type": "Feature", "properties": { "name": "GEORGE WASHINGTON MEMORIAL PKWY" }, "geometry": { "type": "LineString", "coordinates": [ [ -77.09415, 38.90514 ], [ -77.09166, 38.90383 ], [ -77.08983, 38.90308 ], [ -77.08702, 38.90229 ], [ -77.08392, 38.90172 ] ] } },
{ "type": "Feature", "properties": { "name": "GEORGE WASHINGTON MEMORIAL PKWY" }, "geometry": { "type": "LineString", "coordinates": [ [ -77.10241, 38.91102 ], [ -77.09803, 38.90752 ], [ -77.09657, 38.90654 ], [ -77.09415, 38.90514 ] ] } },
{ "type": "Feature", "properties": { "name": "GEORGE WASHINGTON MEMORIAL PKWY" }, "geometry": { "type": "LineString", "coordinates": [ [ -77.08106, 38.90218 ], [ -77.08324, 38.90222 ], [ -77.08495, 38.90234 ], [ -77.08787, 38.90283 ], [ -77.08997, 38.90341 ], [ -77.09156, 38.90398 ], [ -77.09409, 38.90521 ] ] } },
{ "type": "Feature", "properties": { "name": "GEORGE WASHINGTON MEMORIAL PKWY" }, "geometry": { "type": "LineString", "coordinates": [ [ -77.09409, 38.90521 ], [ -77.09591, 38.90627 ], [ -77.09772, 38.9075 ], [ -77.09923, 38.90873 ], [ -77.10074, 38.9101 ], [ -77.1022, 38.91124 ] ] } },
{ "type": "Feature", "properties": { "name": "GEORGE WASHINGTON MEMORIAL PKWY" }, "geometry": { "type": "LineString", "coordinates": [ [ -77.08392, 38.90172 ], [ -77.08262, 38.90152 ] ] } },
{ "type": "Feature", "properties": { "name": "GEORGE WASHINGTON MEMORIAL PKWY" }, "geometry": { "type": "LineString", "coordinates": [ [ -77.08262, 38.90152 ], [ -77.08126, 38.90138 ], [ -77.08015, 38.90146 ] ] } },
{ "type": "Feature", "properties": { "name": "GEORGE WASHINGTON MEMORIAL PKWY" }, "geometry": { "type": "LineString", "coordinates": [ [ -77.07075, 38.90084 ], [ -77.07154, 38.90094 ], [ -77.07318, 38.9009 ], [ -77.07422, 38.90099 ], [ -77.07727, 38.90182 ] ] } },
{ "type": "Feature", "properties": { "name": "GEORGE WASHINGTON MEMORIAL PKWY" }, "geometry": { "type": "LineString", "coordinates": [ [ -77.07044, 38.90077 ], [ -77.07075, 38.90084 ] ] } },
{ "type": "Feature", "properties": { "name": "GEORGE WASHINGTON MEMORIAL PKWY" }, "geometry": { "type": "LineString", "coordinates": [ [ -77.07341, 38.90063 ], [ -77.07188, 38.90079 ], [ -77.07114, 38.90077 ] ] } },
{ "type": "Feature", "properties": { "name": "GEORGE WASHINGTON MEMORIAL PKWY" }, "geometry": { "type": "LineString", "coordinates": [ [ -77.07114, 38.90077 ], [ -77.07081, 38.9007 ] ] } },
{ "type": "Feature", "properties": { "name": "GEORGE WASHINGTON MEMORIAL PKWY" }, "geometry": { "type": "LineString", "coordinates": [ [ -77.07081, 38.9007 ], [ -77.07052, 38.90062 ] ] } },
{ "type": "Feature", "properties": { "name": "GEORGE WASHINGTON MEMORIAL PKWY" }, "geometry": { "type": "LineString", "coordinates": [ [ -77.08015, 38.90146 ], [ -77.07905, 38.90159 ], [ -77.07811, 38.90156 ], [ -77.07498, 38.90072 ], [ -77.07366, 38.90062 ] ] } },
{ "type": "Feature", "properties": { "name": "GEORGE WASHINGTON MEMORIAL PKWY" }, "geometry": { "type": "LineString", "coordinates": [ [ -77.07366, 38.90062 ], [ -77.07341, 38.90063 ] ] } },
{ "type": "Feature", "properties": { "name": "GEORGE WASHINGTON MEMORIAL PKWY" }, "geometry": { "type": "LineString", "coordinates": [ [ -77.07727, 38.90182 ], [ -77.07898, 38.90212 ], [ -77.08106, 38.90218 ] ] } },
{ "type": "Feature", "properties": { "name": "GEORGE WASHINGTON MEMORIAL PKWY" }, "geometry": { "type": "LineString", "coordinates": [ [ -77.06838, 38.89939 ], [ -77.06878, 38.89993 ], [ -77.06917, 38.90023 ], [ -77.06969, 38.90051 ], [ -77.07044, 38.90077 ] ] } },
{ "type": "Feature", "properties": { "name": "GEORGE WASHINGTON MEMORIAL PKWY" }, "geometry": { "type": "LineString", "coordinates": [ [ -77.06774, 38.89725 ], [ -77.06838, 38.89939 ] ] } },
{ "type": "Feature", "properties": { "name": "GEORGE WASHINGTON MEMORIAL PKWY" }, "geometry": { "type": "LineString", "coordinates": [ [ -77.06669, 38.89522 ], [ -77.06774, 38.89725 ] ] } },
{ "type": "Feature", "properties": { "name": "GEORGE WASHINGTON MEMORIAL PKWY" }, "geometry": { "type": "LineString", "coordinates": [ [ -77.07052, 38.90062 ], [ -77.06927, 38.90004 ], [ -77.06885, 38.89969 ], [ -77.06855, 38.89929 ] ] } },
{ "type": "Feature", "properties": { "name": "GEORGE WASHINGTON MEMORIAL PKWY" }, "geometry": { "type": "LineString", "coordinates": [ [ -77.06855, 38.89929 ], [ -77.06795, 38.89727 ] ] } },
{ "type": "Feature", "properties": { "name": "GEORGE WASHINGTON MEMORIAL PKWY" }, "geometry": { "type": "LineString", "coordinates": [ [ -77.06795, 38.89727 ], [ -77.0669, 38.89536 ] ] } },
{ "type": "Feature", "properties": { "name": "GEORGE WASHINGTON MEMORIAL PKWY" }, "geometry": { "type": "LineString", "coordinates": [ [ -77.06532, 38.89209 ], [ -77.06575, 38.89333 ], [ -77.06669, 38.89522 ] ] } },
{ "type": "Feature", "properties": { "name": "GEORGE WASHINGTON MEMORIAL PKWY" }, "geometry": { "type": "LineString", "coordinates": [ [ -77.0669, 38.89536 ], [ -77.06595, 38.89351 ], [ -77.06545, 38.89213 ] ] } },
{ "type": "Feature", "properties": { "name": "GEORGE WASHINGTON MEMORIAL PKWY" }, "geometry": { "type": "LineString", "coordinates": [ [ -77.06545, 38.89213 ], [ -77.06536, 38.89179 ] ] } },
{ "type": "Feature", "properties": { "name": "GEORGE WASHINGTON MEMORIAL PKWY" }, "geometry": { "type": "LineString", "coordinates": [ [ -77.06536, 38.89179 ], [ -77.0652, 38.89121 ] ] } },
{ "type": "Feature", "properties": { "name": "GEORGE WASHINGTON MEMORIAL PKWY" }, "geometry": { "type": "LineString", "coordinates": [ [ -77.0652, 38.89121 ], [ -77.06517, 38.89112 ] ] } },
{ "type": "Feature", "properties": { "name": "GEORGE WASHINGTON MEMORIAL PKWY" }, "geometry": { "type": "LineString", "coordinates": [ [ -77.06517, 38.89112 ], [ -77.06452, 38.88915 ] ] } },
{ "type": "Feature", "properties": { "name": "GEORGE WASHINGTON MEMORIAL PKWY" }, "geometry": { "type": "LineString", "coordinates": [ [ -77.06452, 38.88915 ], [ -77.06444, 38.8889 ] ] } },
{ "type": "Feature", "properties": { "name": "GEORGE WASHINGTON MEMORIAL PKWY" }, "geometry": { "type": "LineString", "coordinates": [ [ -77.06444, 38.8889 ], [ -77.06405, 38.88779 ], [ -77.06357, 38.88708 ] ] } },
{ "type": "Feature", "properties": { "name": "GEORGE WASHINGTON MEMORIAL PKWY" }, "geometry": { "type": "LineString", "coordinates": [ [ -77.06357, 38.88708 ], [ -77.06206, 38.8851 ] ] } },
{ "type": "Feature", "properties": { "name": "GEORGE WASHINGTON MEMORIAL PKWY" }, "geometry": { "type": "LineString", "coordinates": [ [ -77.06206, 38.8851 ], [ -77.06192, 38.88488 ] ] } },
{ "type": "Feature", "properties": { "name": "GEORGE WASHINGTON MEMORIAL PKWY" }, "geometry": { "type": "LineString", "coordinates": [ [ -77.06192, 38.88488 ], [ -77.06156, 38.88425 ] ] } },
{ "type": "Feature", "properties": { "name": "GEORGE WASHINGTON MEMORIAL PKWY" }, "geometry": { "type": "LineString", "coordinates": [ [ -77.06156, 38.88425 ], [ -77.06068, 38.88256 ], [ -77.06012, 38.88169 ] ] } },
{ "type": "Feature", "properties": { "name": "GEORGE WASHINGTON MEMORIAL PKWY" }, "geometry": { "type": "LineString", "coordinates": [ [ -77.06012, 38.88169 ], [ -77.05975, 38.88134 ], [ -77.05928, 38.88104 ] ] } },
{ "type": "Feature", "properties": { "name": "GEORGE WASHINGTON MEMORIAL PKWY" }, "geometry": { "type": "LineString", "coordinates": [ [ -77.05928, 38.88104 ], [ -77.05834, 38.88072 ], [ -77.05746, 38.88065 ] ] } },
{ "type": "Feature", "properties": { "name": "GEORGE WASHINGTON MEMORIAL PKWY" }, "geometry": { "type": "LineString", "coordinates": [ [ -77.05746, 38.88065 ], [ -77.05711, 38.88068 ] ] } },
{ "type": "Feature", "properties": { "name": "GEORGE WASHINGTON MEMORIAL PKWY" }, "geometry": { "type": "LineString", "coordinates": [ [ -77.05711, 38.88068 ], [ -77.05536, 38.88101 ], [ -77.05464, 38.88106 ], [ -77.05387, 38.88096 ], [ -77.05309, 38.88066 ] ] } },
{ "type": "Feature", "properties": { "name": "GEORGE WASHINGTON MEMORIAL PKWY" }, "geometry": { "type": "LineString", "coordinates": [ [ -77.0419, 38.87097 ], [ -77.04104, 38.87013 ], [ -77.04034, 38.86903 ], [ -77.04013, 38.86802 ], [ -77.04029, 38.86687 ], [ -77.04076, 38.86595 ], [ -77.04144, 38.8651 ], [ -77.04438, 38.86244 ], [ -77.04542, 38.86111 ] ] } },
{ "type": "Feature", "properties": { "name": "GEORGE WASHINGTON MEMORIAL PKWY" }, "geometry": { "type": "LineString", "coordinates": [ [ -77.04542, 38.86111 ], [ -77.0464, 38.85924 ], [ -77.04663, 38.85859 ], [ -77.04686, 38.85751 ] ] } },
{ "type": "Feature", "properties": { "name": "GEORGE WASHINGTON MEMORIAL PKWY" }, "geometry": { "type": "LineString", "coordinates": [ [ -77.04686, 38.85751 ], [ -77.04689, 38.85723 ] ] } },
{ "type": "Feature", "properties": { "name": "GEORGE WASHINGTON MEMORIAL PKWY" }, "geometry": { "type": "LineString", "coordinates": [ [ -77.04812, 38.84945 ], [ -77.04819, 38.84921 ] ] } },
{ "type": "Feature", "properties": { "name": "GEORGE WASHINGTON MEMORIAL PKWY" }, "geometry": { "type": "LineString", "coordinates": [ [ -77.04819, 38.84921 ], [ -77.04884, 38.84693 ] ] } },
{ "type": "Feature", "properties": { "name": "GEORGE WASHINGTON MEMORIAL PKWY" }, "geometry": { "type": "LineString", "coordinates": [ [ -77.04884, 38.84693 ], [ -77.04889, 38.84677 ] ] } },
{ "type": "Feature", "properties": { "name": "GEORGE WASHINGTON MEMORIAL PKWY" }, "geometry": { "type": "LineString", "coordinates": [ [ -77.04889, 38.84677 ], [ -77.0491, 38.84586 ], [ -77.0492, 38.84465 ] ] } },
{ "type": "Feature", "properties": { "name": "GEORGE WASHINGTON MEMORIAL PKWY" }, "geometry": { "type": "LineString", "coordinates": [ [ -77.0492, 38.84465 ], [ -77.04913, 38.84381 ], [ -77.04894, 38.84296 ], [ -77.04862, 38.84209 ], [ -77.04823, 38.84136 ] ] } },
{ "type": "Feature", "properties": { "name": "GEORGE WASHINGTON MEMORIAL PKWY" }, "geometry": { "type": "LineString", "coordinates": [ [ -77.04872, 38.84689 ], [ -77.04868, 38.84703 ] ] } },
{ "type": "Feature", "properties": { "name": "GEORGE WASHINGTON MEMORIAL PKWY" }, "geometry": { "type": "LineString", "coordinates": [ [ -77.04868, 38.84703 ], [ -77.04827, 38.84846 ] ] } },
{ "type": "Feature", "properties": { "name": "GEORGE WASHINGTON MEMORIAL PKWY" }, "geometry": { "type": "LineString", "coordinates": [ [ -77.04827, 38.84846 ], [ -77.04806, 38.84918 ] ] } },
{ "type": "Feature", "properties": { "name": "GEORGE WASHINGTON MEMORIAL PKWY" }, "geometry": { "type": "LineString", "coordinates": [ [ -77.04806, 38.84918 ], [ -77.048, 38.84939 ] ] } },
{ "type": "Feature", "properties": { "name": "GEORGE WASHINGTON MEMORIAL PKWY" }, "geometry": { "type": "LineString", "coordinates": [ [ -77.048, 38.84939 ], [ -77.04719, 38.85237 ], [ -77.04686, 38.85455 ] ] } },
{ "type": "Feature", "properties": { "name": "GEORGE WASHINGTON MEMORIAL PKWY" }, "geometry": { "type": "LineString", "coordinates": [ [ -77.04686, 38.85455 ], [ -77.04677, 38.85712 ] ] } },
{ "type": "Feature", "properties": { "name": "GEORGE WASHINGTON MEMORIAL PKWY" }, "geometry": { "type": "LineString", "coordinates": [ [ -77.04677, 38.85712 ], [ -77.04674, 38.8574 ] ] } },
{ "type": "Feature", "properties": { "name": "GEORGE WASHINGTON MEMORIAL PKWY" }, "geometry": { "type": "LineString", "coordinates": [ [ -77.04674, 38.8574 ], [ -77.04654, 38.85842 ], [ -77.04626, 38.85926 ], [ -77.04576, 38.86028 ], [ -77.04521, 38.86119 ] ] } },
{ "type": "Feature", "properties": { "name": "GEORGE WASHINGTON MEMORIAL PKWY" }, "geometry": { "type": "LineString", "coordinates": [ [ -77.04521, 38.86119 ], [ -77.04407, 38.86252 ], [ -77.04132, 38.86499 ], [ -77.04057, 38.8659 ], [ -77.04032, 38.86634 ], [ -77.04001, 38.8673 ], [ -77.03998, 38.86833 ], [ -77.04023, 38.8692 ], [ -77.04085, 38.87013 ] ] } },
{ "type": "Feature", "properties": { "name": "GEORGE WASHINGTON MEMORIAL PKWY" }, "geometry": { "type": "LineString", "coordinates": [ [ -77.0544, 38.88153 ], [ -77.05504, 38.88199 ], [ -77.05617, 38.88313 ], [ -77.05763, 38.88434 ], [ -77.05797, 38.88479 ], [ -77.05866, 38.88607 ] ] } },
{ "type": "Feature", "properties": { "name": "GEORGE WASHINGTON MEMORIAL PKWY" }, "geometry": { "type": "LineString", "coordinates": [ [ -77.05866, 38.88607 ], [ -77.0588, 38.88629 ] ] } },
{ "type": "Feature", "properties": { "name": "GEORGE WASHINGTON MEMORIAL PKWY" }, "geometry": { "type": "LineString", "coordinates": [ [ -77.0588, 38.88629 ], [ -77.05957, 38.88742 ], [ -77.0605, 38.88828 ], [ -77.06156, 38.88893 ], [ -77.06286, 38.88938 ] ] } },
{ "type": "Feature", "properties": { "name": "GEORGE WASHINGTON MEMORIAL PKWY" }, "geometry": { "type": "LineString", "coordinates": [ [ -77.04809, 38.84136 ], [ -77.04848, 38.84208 ], [ -77.0488, 38.84293 ], [ -77.049, 38.84377 ], [ -77.04907, 38.84465 ] ] } },
{ "type": "Feature", "properties": { "name": "GEORGE WASHINGTON MEMORIAL PKWY" }, "geometry": { "type": "LineString", "coordinates": [ [ -77.04907, 38.84465 ], [ -77.049, 38.84564 ], [ -77.04872, 38.84689 ] ] } },
{ "type": "Feature", "properties": { "name": "GEORGE WASHINGTON MEMORIAL PKWY" }, "geometry": { "type": "LineString", "coordinates": [ [ -77.04689, 38.85723 ], [ -77.04705, 38.8538 ], [ -77.04741, 38.85197 ], [ -77.04812, 38.84945 ] ] } },
{ "type": "Feature", "properties": { "name": "WASHINGTON BLVD" }, "geometry": { "type": "LineString", "coordinates": [ [ -77.07416, 38.86643 ], [ -77.07588, 38.86736 ] ] } },
{ "type": "Feature", "properties": { "name": "WASHINGTON BLVD" }, "geometry": { "type": "LineString", "coordinates": [ [ -77.07256, 38.86582 ], [ -77.07306, 38.86598 ] ] } },
{ "type": "Feature", "properties": { "name": "WASHINGTON BLVD" }, "geometry": { "type": "LineString", "coordinates": [ [ -77.07356, 38.86617 ], [ -77.07416, 38.86643 ] ] } },
{ "type": "Feature", "properties": { "name": "WASHINGTON BLVD" }, "geometry": { "type": "LineString", "coordinates": [ [ -77.07605, 38.86729 ], [ -77.07495, 38.86665 ], [ -77.07381, 38.8661 ] ] } },
{ "type": "Feature", "properties": { "name": "WASHINGTON BLVD" }, "geometry": { "type": "LineString", "coordinates": [ [ -77.06278, 38.86712 ], [ -77.06266, 38.86725 ] ] } },
{ "type": "Feature", "properties": { "name": "WASHINGTON BLVD" }, "geometry": { "type": "LineString", "coordinates": [ [ -77.06294, 38.86698 ], [ -77.06287, 38.86704 ] ] } },
{ "type": "Feature", "properties": { "name": "WASHINGTON BLVD" }, "geometry": { "type": "LineString", "coordinates": [ [ -77.06287, 38.86704 ], [ -77.06278, 38.86712 ] ] } },
{ "type": "Feature", "properties": { "name": "WASHINGTON BLVD" }, "geometry": { "type": "LineString", "coordinates": [ [ -77.06307, 38.86688 ], [ -77.06294, 38.86698 ] ] } },
{ "type": "Feature", "properties": { "name": "RICHMOND HWY" }, "geometry": { "type": "LineString", "coordinates": [ [ -77.05183, 38.8597 ], [ -77.05179, 38.86024 ] ] } },
{ "type": "Feature", "properties": { "name": "RICHMOND HWY" }, "geometry": { "type": "LineString", "coordinates": [ [ -77.05194, 38.86024 ], [ -77.05199, 38.8597 ] ] } },
{ "type": "Feature", "properties": { "name": "INTERSTATE 395 SB" }, "geometry": { "type": "LineString", "coordinates": [ [ -77.07013, 38.85967 ], [ -77.07021, 38.85949 ] ] } },
{ "type": "Feature", "properties": { "name": "INTERSTATE 395 EXP" }, "geometry": { "type": "LineString", "coordinates": [ [ -77.07003, 38.85944 ], [ -77.06994, 38.85962 ] ] } },
{ "type": "Feature", "properties": { "name": "INTERSTATE 395 NB" }, "geometry": { "type": "LineString", "coordinates": [ [ -77.06983, 38.85938 ], [ -77.06973, 38.85956 ] ] } },
{ "type": "Feature", "properties": { "name": "WASHINGTON BLVD" }, "geometry": { "type": "LineString", "coordinates": [ [ -77.07588, 38.86736 ], [ -77.07759, 38.86857 ], [ -77.07902, 38.86986 ] ] } },
{ "type": "Feature", "properties": { "name": "WASHINGTON BLVD" }, "geometry": { "type": "LineString", "coordinates": [ [ -77.07098, 38.86555 ], [ -77.07256, 38.86582 ] ] } },
{ "type": "Feature", "properties": { "name": "WASHINGTON BLVD" }, "geometry": { "type": "LineString", "coordinates": [ [ -77.07306, 38.86598 ], [ -77.07356, 38.86617 ] ] } },
{ "type": "Feature", "properties": { "name": "WASHINGTON BLVD" }, "geometry": { "type": "LineString", "coordinates": [ [ -77.07332, 38.86591 ], [ -77.07228, 38.86559 ], [ -77.07135, 38.8654 ] ] } },
{ "type": "Feature", "properties": { "name": "WASHINGTON BLVD" }, "geometry": { "type": "LineString", "coordinates": [ [ -77.07381, 38.8661 ], [ -77.07332, 38.86591 ] ] } },
{ "type": "Feature", "properties": { "name": "WASHINGTON BLVD" }, "geometry": { "type": "LineString", "coordinates": [ [ -77.08083, 38.87176 ], [ -77.0797, 38.87037 ], [ -77.07859, 38.86924 ], [ -77.07737, 38.86822 ], [ -77.07605, 38.86729 ] ] } },
{ "type": "Feature", "properties": { "name": "INTERSTATE 66 WB" }, "geometry": { "type": "LineString", "coordinates": [ [ -77.16689, 38.89245 ], [ -77.16778, 38.89319 ] ] } },
{ "type": "Feature", "properties": { "name": "INTERSTATE 66 WB" }, "geometry": { "type": "LineString", "coordinates": [ [ -77.16144, 38.88812 ], [ -77.16268, 38.88894 ] ] } },
{ "type": "Feature", "properties": { "name": "INTERSTATE 66 WB" }, "geometry": { "type": "LineString", "coordinates": [ [ -77.16268, 38.88894 ], [ -77.16383, 38.88984 ] ] } },
{ "type": "Feature", "properties": { "name": "INTERSTATE 66 WB" }, "geometry": { "type": "LineString", "coordinates": [ [ -77.16383, 38.88984 ], [ -77.16395, 38.88994 ] ] } },
{ "type": "Feature", "properties": { "name": "INTERSTATE 66 WB" }, "geometry": { "type": "LineString", "coordinates": [ [ -77.16395, 38.88994 ], [ -77.16528, 38.89105 ] ] } },
{ "type": "Feature", "properties": { "name": "INTERSTATE 66 WB" }, "geometry": { "type": "LineString", "coordinates": [ [ -77.16528, 38.89105 ], [ -77.16605, 38.8917 ] ] } },
{ "type": "Feature", "properties": { "name": "INTERSTATE 66 WB" }, "geometry": { "type": "LineString", "coordinates": [ [ -77.16659, 38.89215 ], [ -77.16689, 38.89245 ] ] } },
{ "type": "Feature", "properties": { "name": "INTERSTATE 66 WB" }, "geometry": { "type": "LineString", "coordinates": [ [ -77.16605, 38.8917 ], [ -77.16659, 38.89215 ] ] } },
{ "type": "Feature", "properties": { "name": "INTERSTATE 395 SB" }, "geometry": { "type": "LineString", "coordinates": [ [ -77.05994, 38.86731 ], [ -77.06156, 38.86762 ] ] } },
{ "type": "Feature", "properties": { "name": "INTERSTATE 395 EXP SB" }, "geometry": { "type": "LineString", "coordinates": [ [ -77.06, 38.86709 ], [ -77.05851, 38.86669 ] ] } },
{ "type": "Feature", "properties": { "name": "ARLINGTON BLVD" }, "geometry": { "type": "LineString", "coordinates": [ [ -77.06661, 38.89043 ], [ -77.06569, 38.89095 ] ] } },
{ "type": "Feature", "properties": { "name": "INTERSTATE 66 EB" }, "geometry": { "type": "LineString", "coordinates": [ [ -77.06107, 38.89201 ], [ -77.05544, 38.89292 ] ] } },
{ "type": "Feature", "properties": { "name": "INTERSTATE 66 EB" }, "geometry": { "type": "LineString", "coordinates": [ [ -77.06612, 38.89222 ], [ -77.06589, 38.89211 ] ] } },
{ "type": "Feature", "properties": { "name": "INTERSTATE 66 EB" }, "geometry": { "type": "LineString", "coordinates": [ [ -77.06589, 38.89211 ], [ -77.06485, 38.89176 ] ] } },
{ "type": "Feature", "properties": { "name": "INTERSTATE 66 EB" }, "geometry": { "type": "LineString", "coordinates": [ [ -77.0639, 38.89165 ], [ -77.06307, 38.89169 ], [ -77.06107, 38.89201 ] ] } },
{ "type": "Feature", "properties": { "name": "INTERSTATE 66 EB" }, "geometry": { "type": "LineString", "coordinates": [ [ -77.06485, 38.89176 ], [ -77.0639, 38.89165 ] ] } },
{ "type": "Feature", "properties": { "name": "INTERSTATE 66 WB" }, "geometry": { "type": "LineString", "coordinates": [ [ -77.05592, 38.89302 ], [ -77.06226, 38.89195 ] ] } },
{ "type": "Feature", "properties": { "name": "INTERSTATE 66 WB" }, "geometry": { "type": "LineString", "coordinates": [ [ -77.06489, 38.8919 ], [ -77.0659, 38.89225 ] ] } },
{ "type": "Feature", "properties": { "name": "INTERSTATE 66 WB" }, "geometry": { "type": "LineString", "coordinates": [ [ -77.06226, 38.89195 ], [ -77.06365, 38.89175 ], [ -77.06489, 38.8919 ] ] } },
{ "type": "Feature", "properties": { "name": "GEORGE WASHINGTON MEMORIAL PKWY" }, "geometry": { "type": "LineString", "coordinates": [ [ -77.06286, 38.88938 ], [ -77.06365, 38.88966 ], [ -77.0642, 38.88998 ] ] } },
{ "type": "Feature", "properties": { "name": "GEORGE WASHINGTON MEMORIAL PKWY" }, "geometry": { "type": "LineString", "coordinates": [ [ -77.0642, 38.88998 ], [ -77.06474, 38.89051 ], [ -77.06506, 38.89116 ] ] } },
{ "type": "Feature", "properties": { "name": "GEORGE WASHINGTON MEMORIAL PKWY" }, "geometry": { "type": "LineString", "coordinates": [ [ -77.06522, 38.89176 ], [ -77.06532, 38.89209 ] ] } },
{ "type": "Feature", "properties": { "name": "GEORGE WASHINGTON MEMORIAL PKWY" }, "geometry": { "type": "LineString", "coordinates": [ [ -77.06508, 38.89124 ], [ -77.06522, 38.89176 ] ] } },
{ "type": "Feature", "properties": { "name": "GEORGE WASHINGTON MEMORIAL PKWY" }, "geometry": { "type": "LineString", "coordinates": [ [ -77.06506, 38.89116 ], [ -77.06508, 38.89124 ] ] } },
{ "type": "Feature", "properties": { "name": "GEORGE WASHINGTON MEMORIAL PKWY" }, "geometry": { "type": "LineString", "coordinates": [ [ -77.11898, 38.929 ], [ -77.1232, 38.9317 ] ] } },
{ "type": "Feature", "properties": { "name": "GEORGE WASHINGTON MEMORIAL PKWY" }, "geometry": { "type": "LineString", "coordinates": [ [ -77.12327, 38.93164 ], [ -77.11905, 38.92894 ] ] } },
{ "type": "Feature", "properties": { "name": "INTERSTATE 66 WB" }, "geometry": { "type": "LineString", "coordinates": [ [ -77.16865, 38.89392 ], [ -77.16904, 38.89426 ] ] } },
{ "type": "Feature", "properties": { "name": "INTERSTATE 66 EB" }, "geometry": { "type": "LineString", "coordinates": [ [ -77.16917, 38.89378 ], [ -77.16814, 38.89292 ] ] } },
{ "type": "Feature", "properties": { "name": "INTERSTATE 66 EB" }, "geometry": { "type": "LineString", "coordinates": [ [ -77.17038, 38.89476 ], [ -77.16957, 38.89411 ] ] } },
{ "type": "Feature", "properties": { "name": "INTERSTATE 66 WB" }, "geometry": { "type": "LineString", "coordinates": [ [ -77.16778, 38.89319 ], [ -77.16865, 38.89392 ] ] } },
{ "type": "Feature", "properties": { "name": "INTERSTATE 66 WB" }, "geometry": { "type": "LineString", "coordinates": [ [ -77.16904, 38.89426 ], [ -77.17001, 38.89505 ] ] } },
{ "type": "Feature", "properties": { "name": "I95 EXP HWY" }, "geometry": { "type": "LineString", "coordinates": [ [ -77.27885, 38.65802 ], [ -77.27667, 38.66196 ] ] } },
{ "type": "Feature", "properties": { "name": "I95 N HWY" }, "geometry": { "type": "LineString", "coordinates": [ [ -77.28649, 38.64353 ], [ -77.28249, 38.65079 ] ] } },
{ "type": "Feature", "properties": { "name": "I66 E HWY" }, "geometry": { "type": "LineString", "coordinates": [ [ -77.51937, 38.80137 ], [ -77.51277, 38.80183 ] ] } },
{ "type": "Feature", "properties": { "name": "I95 S HWY" }, "geometry": { "type": "LineString", "coordinates": [ [ -77.25938, 38.66969 ], [ -77.26603, 38.66884 ] ] } },
{ "type": "Feature", "properties": { "name": "I66 W HWY" }, "geometry": { "type": "LineString", "coordinates": [ [ -77.5082, 38.80323 ], [ -77.51143, 38.80239 ], [ -77.51473, 38.80198 ] ] } },
{ "type": "Feature", "properties": { "name": "I66 E HWY" }, "geometry": { "type": "LineString", "coordinates": [ [ -77.49582, 38.8077 ], [ -77.49272, 38.80889 ] ] } },
{ "type": "Feature", "properties": { "name": "I95 EXP HWY" }, "geometry": { "type": "LineString", "coordinates": [ [ -77.25881, 38.66962 ], [ -77.25307, 38.67041 ], [ -77.25012, 38.671 ], [ -77.24804, 38.67156 ] ] } },
{ "type": "Feature", "properties": { "name": "I95 EXP HWY" }, "geometry": { "type": "LineString", "coordinates": [ [ -77.2983, 38.61738 ], [ -77.29309, 38.62818 ] ] } },
{ "type": "Feature", "properties": { "name": "I95 N HWY" }, "geometry": { "type": "LineString", "coordinates": [ [ -77.248, 38.6714 ], [ -77.24665, 38.6718 ] ] } },
{ "type": "Feature", "properties": { "name": "I66 W HWY" }, "geometry": { "type": "LineString", "coordinates": [ [ -77.49552, 38.80819 ], [ -77.503, 38.80524 ] ] } },
{ "type": "Feature", "properties": { "name": "I95 S HWY" }, "geometry": { "type": "LineString", "coordinates": [ [ -77.28693, 38.64416 ], [ -77.28827, 38.64151 ], [ -77.28967, 38.63827 ] ] } },
{ "type": "Feature", "properties": { "name": "I95 N HWY" }, "geometry": { "type": "LineString", "coordinates": [ [ -77.27852, 38.65792 ], [ -77.27598, 38.66242 ] ] } },
{ "type": "Feature", "properties": { "name": "I66 E HWY" }, "geometry": { "type": "LineString", "coordinates": [ [ -77.52627, 38.80084 ], [ -77.52267, 38.80114 ] ] } },
{ "type": "Feature", "properties": { "name": "I66 E HWY" }, "geometry": { "type": "LineString", "coordinates": [ [ -77.49272, 38.80889 ], [ -77.49147, 38.80936 ] ] } },
{ "type": "Feature", "properties": { "name": "I95 S HWY" }, "geometry": { "type": "LineString", "coordinates": [ [ -77.28665, 38.64469 ], [ -77.28693, 38.64416 ] ] } },
{ "type": "Feature", "properties": { "name": "I95 S HWY" }, "geometry": { "type": "LineString", "coordinates": [ [ -77.27813, 38.66002 ], [ -77.27917, 38.65812 ] ] } },
{ "type": "Feature", "properties": { "name": "I66 W HWY" }, "geometry": { "type": "LineString", "coordinates": [ [ -77.52646, 38.80115 ], [ -77.54494, 38.79993 ] ] } },
{ "type": "Feature", "properties": { "name": "I66 W HWY" }, "geometry": { "type": "LineString", "coordinates": [ [ -77.52028, 38.80158 ], [ -77.52537, 38.80123 ] ] } },
{ "type": "Feature", "properties": { "name": "I95 S HWY" }, "geometry": { "type": "LineString", "coordinates": [ [ -77.28329, 38.65073 ], [ -77.28648, 38.64498 ] ] } },
{ "type": "Feature", "properties": { "name": "I95 EXP HWY" }, "geometry": { "type": "LineString", "coordinates": [ [ -77.28475, 38.6474 ], [ -77.28215, 38.65209 ] ] } },
{ "type": "Feature", "properties": { "name": "I95 EXP HWY" }, "geometry": { "type": "LineString", "coordinates": [ [ -77.28632, 38.64454 ], [ -77.28475, 38.6474 ] ] } },
{ "type": "Feature", "properties": { "name": "I95 N HWY" }, "geometry": { "type": "LineString", "coordinates": [ [ -77.29613, 38.62107 ], [ -77.29278, 38.62812 ] ] } },
{ "type": "Feature", "properties": { "name": "I95 EXP HWY" }, "geometry": { "type": "LineString", "coordinates": [ [ -77.24804, 38.67156 ], [ -77.24567, 38.67224 ] ] } },
{ "type": "Feature", "properties": { "name": "I95 N HWY" }, "geometry": { "type": "LineString", "coordinates": [ [ -77.25372, 38.67014 ], [ -77.25166, 38.67052 ] ] } },
{ "type": "Feature", "properties": { "name": "I66 W HWY" }, "geometry": { "type": "LineString", "coordinates": [ [ -77.52537, 38.80123 ], [ -77.52646, 38.80115 ] ] } },
{ "type": "Feature", "properties": { "name": "I66 E HWY" }, "geometry": { "type": "LineString", "coordinates": [ [ -77.54468, 38.7994 ], [ -77.54062, 38.79968 ], [ -77.53645, 38.80015 ], [ -77.53322, 38.80038 ] ] } },
{ "type": "Feature", "properties": { "name": "I95 N HWY" }, "geometry": { "type": "LineString", "coordinates": [ [ -77.25843, 38.6695 ], [ -77.25372, 38.67014 ] ] } },
{ "type": "Feature", "properties": { "name": "I66 E HWY" }, "geometry": { "type": "LineString", "coordinates": [ [ -77.51141, 38.802 ], [ -77.50955, 38.8024 ], [ -77.50797, 38.80286 ] ] } },
{ "type": "Feature", "properties": { "name": "I95 S HWY" }, "geometry": { "type": "LineString", "coordinates": [ [ -77.25314, 38.67055 ], [ -77.2571, 38.66995 ] ] } },
{ "type": "Feature", "properties": { "name": "I95 S EX156 ON" }, "geometry": { "type": "LineString", "coordinates": [ [ -77.28776, 38.64058 ], [ -77.28705, 38.64169 ], [ -77.28622, 38.6427 ], [ -77.28604, 38.64316 ], [ -77.28603, 38.64362 ] ] } },
{ "type": "Feature", "properties": { "name": "I66 W HWY" }, "geometry": { "type": "LineString", "coordinates": [ [ -77.4917, 38.80969 ], [ -77.4926, 38.80934 ] ] } },
{ "type": "Feature", "properties": { "name": "I66 W HWY" }, "geometry": { "type": "LineString", "coordinates": [ [ -77.4926, 38.80934 ], [ -77.49552, 38.80819 ] ] } },
{ "type": "Feature", "properties": { "name": "I95 N HWY" }, "geometry": { "type": "LineString", "coordinates": [ [ -77.25166, 38.67052 ], [ -77.248, 38.6714 ] ] } },
{ "type": "Feature", "properties": { "name": "I95 S HWY" }, "geometry": { "type": "LineString", "coordinates": [ [ -77.28017, 38.65634 ], [ -77.28329, 38.65073 ] ] } },
{ "type": "Feature", "properties": { "name": "I95 EXP HWY" }, "geometry": { "type": "LineString", "coordinates": [ [ -77.27667, 38.66196 ], [ -77.27583, 38.66317 ], [ -77.2748, 38.66432 ], [ -77.27362, 38.66537 ], [ -77.27229, 38.6663 ], [ -77.27083, 38.66712 ], [ -77.26927, 38.6678 ], [ -77.26813, 38.66819 ], [ -77.26599, 38.66869 ] ] } },
{ "type": "Feature", "properties": { "name": "I95 N HWY" }, "geometry": { "type": "LineString", "coordinates": [ [ -77.29764, 38.61795 ], [ -77.29613, 38.62107 ] ] } },
{ "type": "Feature", "properties": { "name": "I66 E HWY" }, "geometry": { "type": "LineString", "coordinates": [ [ -77.50797, 38.80286 ], [ -77.50245, 38.805 ], [ -77.49855, 38.80664 ], [ -77.49582, 38.8077 ] ] } },
{ "type": "Feature", "properties": { "name": "I95 N HWY" }, "geometry": { "type": "LineString", "coordinates": [ [ -77.26596, 38.66854 ], [ -77.25932, 38.66939 ] ] } },
{ "type": "Feature", "properties": { "name": "I95 N HWY" }, "geometry": { "type": "LineString", "coordinates": [ [ -77.27598, 38.66242 ], [ -77.27511, 38.66357 ], [ -77.27417, 38.66456 ], [ -77.27299, 38.66557 ], [ -77.2718, 38.66638 ], [ -77.27022, 38.66723 ], [ -77.26885, 38.66778 ], [ -77.26739, 38.66823 ], [ -77.26596, 38.66854 ] ] } },
{ "type": "Feature", "properties": { "name": "I95 S HWY" }, "geometry": { "type": "LineString", "coordinates": [ [ -77.28648, 38.64498 ], [ -77.28665, 38.64469 ] ] } },
{ "type": "Feature", "properties": { "name": "I95 S HWY" }, "geometry": { "type": "LineString", "coordinates": [ [ -77.26603, 38.66884 ], [ -77.26782, 38.66844 ], [ -77.26989, 38.66775 ], [ -77.27196, 38.66676 ], [ -77.27336, 38.66584 ], [ -77.27475, 38.6647 ], [ -77.27594, 38.66343 ], [ -77.27695, 38.66204 ], [ -77.27813, 38.66002 ] ] } },
{ "type": "Feature", "properties": { "name": "UNNAMED" }, "geometry": { "type": "LineString", "coordinates": [ [ -77.49361, 38.80845 ], [ -77.49272, 38.80889 ] ] } },
{ "type": "Feature", "properties": { "name": "UNNAMED" }, "geometry": { "type": "LineString", "coordinates": [ [ -77.49582, 38.8077 ], [ -77.49482, 38.80798 ] ] } },
{ "type": "Feature", "properties": { "name": "UNNAMED" }, "geometry": { "type": "LineString", "coordinates": [ [ -77.4926, 38.80934 ], [ -77.49355, 38.80913 ] ] } },
{ "type": "Feature", "properties": { "name": "UNNAMED" }, "geometry": { "type": "LineString", "coordinates": [ [ -77.49474, 38.80866 ], [ -77.49542, 38.80832 ], [ -77.49552, 38.80819 ] ] } },
{ "type": "Feature", "properties": { "name": "I95 N ACCESS ON" }, "geometry": { "type": "LineString", "coordinates": [ [ -77.27886, 38.65704 ], [ -77.27741, 38.6596 ] ] } },
{ "type": "Feature", "properties": { "name": "I95 N ACCESS OF" }, "geometry": { "type": "LineString", "coordinates": [ [ -77.28065, 38.65377 ], [ -77.27993, 38.65512 ] ] } },
{ "type": "Feature", "properties": { "name": "I95 N ACCESS OF" }, "geometry": { "type": "LineString", "coordinates": [ [ -77.27993, 38.65512 ], [ -77.27952, 38.65584 ] ] } },
{ "type": "Feature", "properties": { "name": "I95 N ACCESS ON" }, "geometry": { "type": "LineString", "coordinates": [ [ -77.27952, 38.65584 ], [ -77.27919, 38.65643 ] ] } },
{ "type": "Feature", "properties": { "name": "I95 N ACCESS ON" }, "geometry": { "type": "LineString", "coordinates": [ [ -77.27919, 38.65643 ], [ -77.27886, 38.65704 ] ] } },
{ "type": "Feature", "properties": { "name": "I95 EXP HWY" }, "geometry": { "type": "LineString", "coordinates": [ [ -77.27967, 38.65654 ], [ -77.27885, 38.65802 ] ] } },
{ "type": "Feature", "properties": { "name": "I95 N HWY" }, "geometry": { "type": "LineString", "coordinates": [ [ -77.28249, 38.65079 ], [ -77.28007, 38.65514 ] ] } },
{ "type": "Feature", "properties": { "name": "I95 N HWY" }, "geometry": { "type": "LineString", "coordinates": [ [ -77.27933, 38.65647 ], [ -77.27852, 38.65792 ] ] } },
{ "type": "Feature", "properties": { "name": "I95 S HWY" }, "geometry": { "type": "LineString", "coordinates": [ [ -77.27917, 38.65812 ], [ -77.28002, 38.65661 ] ] } },
{ "type": "Feature", "properties": { "name": "I95 S HWY" }, "geometry": { "type": "LineString", "coordinates": [ [ -77.28002, 38.65661 ], [ -77.28017, 38.65634 ] ] } },
{ "type": "Feature", "properties": { "name": "I95 EXP HWY" }, "geometry": { "type": "LineString", "coordinates": [ [ -77.28043, 38.65518 ], [ -77.27967, 38.65654 ] ] } },
{ "type": "Feature", "properties": { "name": "I95 EXP HWY" }, "geometry": { "type": "LineString", "coordinates": [ [ -77.28215, 38.65209 ], [ -77.28043, 38.65518 ] ] } },
{ "type": "Feature", "properties": { "name": "I95 S HWY" }, "geometry": { "type": "LineString", "coordinates": [ [ -77.24809, 38.6718 ], [ -77.25058, 38.67111 ], [ -77.25314, 38.67055 ] ] } },
{ "type": "Feature", "properties": { "name": "I95 S HWY" }, "geometry": { "type": "LineString", "coordinates": [ [ -77.29346, 38.62825 ], [ -77.29861, 38.61751 ] ] } },
{ "type": "Feature", "properties": { "name": "I95 EXP HWY" }, "geometry": { "type": "LineString", "coordinates": [ [ -77.29196, 38.63088 ], [ -77.28935, 38.63808 ], [ -77.28794, 38.64133 ], [ -77.28632, 38.64454 ] ] } },
{ "type": "Feature", "properties": { "name": "I95 N HWY" }, "geometry": { "type": "LineString", "coordinates": [ [ -77.29168, 38.63075 ], [ -77.28986, 38.63586 ], [ -77.28878, 38.63864 ], [ -77.28765, 38.64124 ], [ -77.28649, 38.64353 ] ] } },
{ "type": "Feature", "properties": { "name": "I66 E HWY" }, "geometry": { "type": "LineString", "coordinates": [ [ -77.52267, 38.80114 ], [ -77.52013, 38.80133 ] ] } },
{ "type": "Feature", "properties": { "name": "I95 N HWY" }, "geometry": { "type": "LineString", "coordinates": [ [ -77.28007, 38.65514 ], [ -77.27948, 38.65619 ] ] } },
{ "type": "Feature", "properties": { "name": "I95 S HWY" }, "geometry": { "type": "LineString", "coordinates": [ [ -77.2461, 38.67241 ], [ -77.24809, 38.6718 ] ] } },
{ "type": "Feature", "properties": { "name": "I95 N HWY" }, "geometry": { "type": "LineString", "coordinates": [ [ -77.24665, 38.6718 ], [ -77.24541, 38.67215 ] ] } },
{ "type": "Feature", "properties": { "name": "I66 W HWY" }, "geometry": { "type": "LineString", "coordinates": [ [ -77.49028, 38.81023 ], [ -77.4917, 38.80969 ] ] } },
{ "type": "Feature", "properties": { "name": "I66 E HWY" }, "geometry": { "type": "LineString", "coordinates": [ [ -77.49147, 38.80936 ], [ -77.49005, 38.80994 ] ] } },
{ "type": "Feature", "properties": { "name": "I66 W HWY" }, "geometry": { "type": "LineString", "coordinates": [ [ -77.51473, 38.80198 ], [ -77.51951, 38.80164 ] ] } },
{ "type": "Feature", "properties": { "name": "I95 EXP HWY" }, "geometry": { "type": "LineString", "coordinates": [ [ -77.27672, 38.66198 ], [ -77.2789, 38.65804 ] ] } },
{ "type": "Feature", "properties": { "name": "I95 EXP HWY" }, "geometry": { "type": "LineString", "coordinates": [ [ -77.24806, 38.6716 ], [ -77.25013, 38.67105 ], [ -77.25308, 38.67045 ], [ -77.25882, 38.66967 ] ] } },
{ "type": "Feature", "properties": { "name": "I95 EXP HWY" }, "geometry": { "type": "LineString", "coordinates": [ [ -77.25934, 38.66961 ], [ -77.266, 38.66873 ] ] } },
{ "type": "Feature", "properties": { "name": "I95 EXP HWY" }, "geometry": { "type": "LineString", "coordinates": [ [ -77.26599, 38.66869 ], [ -77.25933, 38.66956 ] ] } },
{ "type": "Feature", "properties": { "name": "I95 EXP HWY" }, "geometry": { "type": "LineString", "coordinates": [ [ -77.2848, 38.64742 ], [ -77.28637, 38.64457 ] ] } },
{ "type": "Feature", "properties": { "name": "I95 EXP HWY" }, "geometry": { "type": "LineString", "coordinates": [ [ -77.2789, 38.65804 ], [ -77.27972, 38.65656 ] ] } },
{ "type": "Feature", "properties": { "name": "I95 EXP HWY" }, "geometry": { "type": "LineString", "coordinates": [ [ -77.28048, 38.65519 ], [ -77.28224, 38.65204 ] ] } },
{ "type": "Feature", "properties": { "name": "I95 EXP HWY" }, "geometry": { "type": "LineString", "coordinates": [ [ -77.28637, 38.64457 ], [ -77.288, 38.64135 ], [ -77.28886, 38.63942 ], [ -77.28989, 38.63682 ], [ -77.29173, 38.63165 ] ] } },
{ "type": "Feature", "properties": { "name": "I95 EXP HWY" }, "geometry": { "type": "LineString", "coordinates": [ [ -77.29314, 38.62819 ], [ -77.29835, 38.6174 ] ] } },
{ "type": "Feature", "properties": { "name": "I95 EXP HWY" }, "geometry": { "type": "LineString", "coordinates": [ [ -77.28224, 38.65204 ], [ -77.2848, 38.64742 ] ] } },
{ "type": "Feature", "properties": { "name": "I95 EXP HWY" }, "geometry": { "type": "LineString", "coordinates": [ [ -77.27972, 38.65656 ], [ -77.28048, 38.65519 ] ] } },
{ "type": "Feature", "properties": { "name": "I95 EXP HWY" }, "geometry": { "type": "LineString", "coordinates": [ [ -77.29201, 38.63089 ], [ -77.29314, 38.62819 ] ] } },
{ "type": "Feature", "properties": { "name": "I95 EXP HWY" }, "geometry": { "type": "LineString", "coordinates": [ [ -77.29309, 38.62818 ], [ -77.29196, 38.63088 ] ] } },
{ "type": "Feature", "properties": { "name": "I95 EXP HWY" }, "geometry": { "type": "LineString", "coordinates": [ [ -77.266, 38.66873 ], [ -77.26815, 38.66823 ], [ -77.2693, 38.66784 ], [ -77.27086, 38.66716 ], [ -77.27232, 38.66634 ], [ -77.27366, 38.6654 ], [ -77.27484, 38.66435 ], [ -77.27587, 38.6632 ], [ -77.27672, 38.66198 ] ] } },
{ "type": "Feature", "properties": { "name": "I95 EXP HWY" }, "geometry": { "type": "LineString", "coordinates": [ [ -77.24576, 38.67228 ], [ -77.24806, 38.6716 ] ] } },
{ "type": "Feature", "properties": { "name": "I66 W HWY" }, "geometry": { "type": "LineString", "coordinates": [ [ -77.53322, 38.80038 ], [ -77.52627, 38.80084 ] ] } },
{ "type": "Feature", "properties": { "name": "I66 W HWY" }, "geometry": { "type": "LineString", "coordinates": [ [ -77.51951, 38.80164 ], [ -77.52028, 38.80158 ] ] } },
{ "type": "Feature", "properties": { "name": "I66 E HWY" }, "geometry": { "type": "LineString", "coordinates": [ [ -77.52013, 38.80133 ], [ -77.51937, 38.80137 ] ] } },
{ "type": "Feature", "properties": { "name": "I95 S HWY" }, "geometry": { "type": "LineString", "coordinates": [ [ -77.2571, 38.66995 ], [ -77.25885, 38.66974 ] ] } },
{ "type": "Feature", "properties": { "name": "I95 S HWY" }, "geometry": { "type": "LineString", "coordinates": [ [ -77.25885, 38.66974 ], [ -77.25938, 38.66969 ] ] } },
{ "type": "Feature", "properties": { "name": "I95 EXP HWY" }, "geometry": { "type": "LineString", "coordinates": [ [ -77.25882, 38.66967 ], [ -77.25934, 38.66961 ] ] } },
{ "type": "Feature", "properties": { "name": "I95 EXP HWY" }, "geometry": { "type": "LineString", "coordinates": [ [ -77.25933, 38.66956 ], [ -77.25881, 38.66962 ] ] } },
{ "type": "Feature", "properties": { "name": "I95 N HWY" }, "geometry": { "type": "LineString", "coordinates": [ [ -77.25877, 38.66946 ], [ -77.25843, 38.6695 ] ] } },
{ "type": "Feature", "properties": { "name": "I95 N HWY" }, "geometry": { "type": "LineString", "coordinates": [ [ -77.25932, 38.66939 ], [ -77.25877, 38.66946 ] ] } },
{ "type": "Feature", "properties": { "name": "I95 S EX156 ON" }, "geometry": { "type": "LineString", "coordinates": [ [ -77.28583, 38.64522 ], [ -77.28475, 38.6474 ] ] } },
{ "type": "Feature", "properties": { "name": "I95 S EX156 ON" }, "geometry": { "type": "LineString", "coordinates": [ [ -77.28603, 38.64362 ], [ -77.28602, 38.6446 ], [ -77.28583, 38.64522 ] ] } },
{ "type": "Feature", "properties": { "name": "I95 S HWY" }, "geometry": { "type": "LineString", "coordinates": [ [ -77.29231, 38.63102 ], [ -77.29346, 38.62825 ] ] } },
{ "type": "Feature", "properties": { "name": "I95 N HWY" }, "geometry": { "type": "LineString", "coordinates": [ [ -77.29278, 38.62812 ], [ -77.29168, 38.63075 ] ] } },
{ "type": "Feature", "properties": { "name": "I95 EXP EX157" }, "geometry": { "type": "LineString", "coordinates": [ [ -77.29019, 38.63686 ], [ -77.29013, 38.63675 ], [ -77.29173, 38.63165 ] ] } },
{ "type": "Feature", "properties": { "name": "I95 S HWY" }, "geometry": { "type": "LineString", "coordinates": [ [ -77.29019, 38.63686 ], [ -77.29231, 38.63102 ] ] } },
{ "type": "Feature", "properties": { "name": "I95 EXP HWY" }, "geometry": { "type": "LineString", "coordinates": [ [ -77.29173, 38.63165 ], [ -77.29201, 38.63089 ] ] } },
{ "type": "Feature", "properties": { "name": "I95 EXP" }, "geometry": { "type": "LineString", "coordinates": [ [ -77.28215, 38.65209 ], [ -77.28205, 38.65216 ], [ -77.2797, 38.65602 ], [ -77.27948, 38.65619 ] ] } },
{ "type": "Feature", "properties": { "name": "I95 N HWY" }, "geometry": { "type": "LineString", "coordinates": [ [ -77.27948, 38.65619 ], [ -77.27933, 38.65647 ] ] } },
{ "type": "Feature", "properties": { "name": "I66 E HWY" }, "geometry": { "type": "LineString", "coordinates": [ [ -77.51277, 38.80183 ], [ -77.51218, 38.80188 ] ] } },
{ "type": "Feature", "properties": { "name": "I66 E HWY" }, "geometry": { "type": "LineString", "coordinates": [ [ -77.51218, 38.80188 ], [ -77.51141, 38.802 ] ] } },
{ "type": "Feature", "properties": { "name": "I66 W HWY" }, "geometry": { "type": "LineString", "coordinates": [ [ -77.50414, 38.80478 ], [ -77.5082, 38.80323 ] ] } },
{ "type": "Feature", "properties": { "name": "I66 W HWY" }, "geometry": { "type": "LineString", "coordinates": [ [ -77.503, 38.80524 ], [ -77.50414, 38.80478 ] ] } },
{ "type": "Feature", "properties": { "name": "I66 EXPRESS HWY" }, "geometry": { "type": "LineString", "coordinates": [ [ -77.52514, 38.80103 ], [ -77.52019, 38.80138 ] ] } },
{ "type": "Feature", "properties": { "name": "I66 EXPRESS HWY" }, "geometry": { "type": "LineString", "coordinates": [ [ -77.52025, 38.80151 ], [ -77.52644, 38.80109 ] ] } },
{ "type": "Feature", "properties": { "name": "I66 EXPRESS HWY" }, "geometry": { "type": "LineString", "coordinates": [ [ -77.52019, 38.80138 ], [ -77.5194, 38.80144 ] ] } },
{ "type": "Feature", "properties": { "name": "I66 EXPRESS ON" }, "geometry": { "type": "LineString", "coordinates": [ [ -77.51601, 38.80142 ], [ -77.51401, 38.80148 ], [ -77.51253, 38.80163 ] ] } },
{ "type": "Feature", "properties": { "name": "I66 EXPRESS HWY" }, "geometry": { "type": "LineString", "coordinates": [ [ -77.5194, 38.80144 ], [ -77.51299, 38.80189 ], [ -77.51187, 38.80203 ] ] } },
{ "type": "Feature", "properties": { "name": "I66 EXPRESS HWY" }, "geometry": { "type": "LineString", "coordinates": [ [ -77.52631, 38.80096 ], [ -77.52514, 38.80103 ] ] } },
{ "type": "Feature", "properties": { "name": "I66 EXPRESS HWY" }, "geometry": { "type": "LineString", "coordinates": [ [ -77.51949, 38.80157 ], [ -77.52025, 38.80151 ] ] } },
{ "type": "Feature", "properties": { "name": "I66 EXPRESS HWY" }, "geometry": { "type": "LineString", "coordinates": [ [ -77.50807, 38.80316 ], [ -77.50988, 38.80262 ], [ -77.51235, 38.80215 ], [ -77.5144, 38.80192 ], [ -77.51949, 38.80157 ] ] } },
{ "type": "Feature", "properties": { "name": "I66 EXPRESS HWY" }, "geometry": { "type": "LineString", "coordinates": [ [ -77.49025, 38.81017 ], [ -77.50047, 38.80614 ] ] } },
{ "type": "Feature", "properties": { "name": "I66 EXPRESS OF" }, "geometry": { "type": "LineString", "coordinates": [ [ -77.50411, 38.80495 ], [ -77.5082, 38.80323 ] ] } },
{ "type": "Feature", "properties": { "name": "I66 EXPRESS OF" }, "geometry": { "type": "LineString", "coordinates": [ [ -77.50275, 38.80511 ], [ -77.50411, 38.80495 ] ] } },
{ "type": "Feature", "properties": { "name": "I66 EXPRESS OF" }, "geometry": { "type": "LineString", "coordinates": [ [ -77.50047, 38.80614 ], [ -77.50095, 38.80585 ], [ -77.50275, 38.80511 ] ] } },
{ "type": "Feature", "properties": { "name": "I66 EXPRESS HWY" }, "geometry": { "type": "LineString", "coordinates": [ [ -77.50785, 38.80298 ], [ -77.50375, 38.80454 ], [ -77.49999, 38.80618 ], [ -77.49012, 38.81002 ] ] } },
{ "type": "Feature", "properties": { "name": "I66 EXPRESS HWY" }, "geometry": { "type": "LineString", "coordinates": [ [ -77.50367, 38.80485 ], [ -77.50807, 38.80316 ] ] } },
{ "type": "Feature", "properties": { "name": "I66 EXPRESS ON" }, "geometry": { "type": "LineString", "coordinates": [ [ -77.54311, 38.79969 ], [ -77.53879, 38.79997 ] ] } },
{ "type": "Feature", "properties": { "name": "I66 EXPRESS HWY" }, "geometry": { "type": "LineString", "coordinates": [ [ -77.53879, 38.79997 ], [ -77.53617, 38.80031 ], [ -77.52891, 38.80079 ] ] } },
{ "type": "Feature", "properties": { "name": "I66 EXPRESS OF" }, "geometry": { "type": "LineString", "coordinates": [ [ -77.53934, 38.80022 ], [ -77.54299, 38.7999 ] ] } },
{ "type": "Feature", "properties": { "name": "I66 EXPRESS HWY" }, "geometry": { "type": "LineString", "coordinates": [ [ -77.52644, 38.80109 ], [ -77.53934, 38.80022 ] ] } },
{ "type": "Feature", "properties": { "name": "I66 EXPRESS HWY" }, "geometry": { "type": "LineString", "coordinates": [ [ -77.53322, 38.80038 ], [ -77.52909, 38.8007 ], [ -77.52891, 38.80079 ] ] } },
{ "type": "Feature", "properties": { "name": "I66 EXPRESS HWY" }, "geometry": { "type": "LineString", "coordinates": [ [ -77.52891, 38.80079 ], [ -77.52631, 38.80096 ] ] } },
{ "type": "Feature", "properties": { "name": "I66 EXPRESS HWY" }, "geometry": { "type": "LineString", "coordinates": [ [ -77.53934, 38.80022 ], [ -77.54885, 38.79956 ] ] } },
{ "type": "Feature", "properties": { "name": "I66 EXPRESS HWY" }, "geometry": { "type": "LineString", "coordinates": [ [ -77.54883, 38.79934 ], [ -77.54299, 38.79959 ], [ -77.53879, 38.79997 ] ] } },
{ "type": "Feature", "properties": { "name": "I66 EXPRESS HWY" }, "geometry": { "type": "LineString", "coordinates": [ [ -77.51096, 38.80219 ], [ -77.50974, 38.80245 ], [ -77.50785, 38.80298 ] ] } },
{ "type": "Feature", "properties": { "name": "I66 EXPRESS HWY" }, "geometry": { "type": "LineString", "coordinates": [ [ -77.51187, 38.80203 ], [ -77.51096, 38.80219 ] ] } },
{ "type": "Feature", "properties": { "name": "I66 EXPRESS HWY" }, "geometry": { "type": "LineString", "coordinates": [ [ -77.50047, 38.80614 ], [ -77.50278, 38.80522 ] ] } },
{ "type": "Feature", "properties": { "name": "I66 EXPRESS HWY" }, "geometry": { "type": "LineString", "coordinates": [ [ -77.50278, 38.80522 ], [ -77.50367, 38.80485 ] ] } },
{ "type": "Feature", "properties": { "name": "I66 EXPRESS ON" }, "geometry": { "type": "LineString", "coordinates": [ [ -77.511, 38.80228 ], [ -77.50785, 38.80298 ] ] } },
{ "type": "Feature", "properties": { "name": "I66 EXPRESS ON" }, "geometry": { "type": "LineString", "coordinates": [ [ -77.51253, 38.80163 ], [ -77.511, 38.80228 ] ] } },
{ "type": "Feature", "properties": { "name": "I95 S HWY" }, "geometry": { "type": "LineString", "coordinates": [ [ -77.28967, 38.63827 ], [ -77.29019, 38.63686 ] ] } },
{ "type": "Feature", "properties": { "name": "FAIRFAX COUNTY PKWY SB" }, "geometry": { "type": "LineString", "coordinates": [ [ -77.35486, 38.82282 ], [ -77.35386, 38.82286 ], [ -77.35287, 38.82276 ], [ -77.3516, 38.82235 ], [ -77.35078, 38.82193 ], [ -77.35018, 38.82145 ], [ -77.34918, 38.82013 ] ] } },
{ "type": "Feature", "properties": { "name": "FAIRFAX COUNTY PKWY NB" }, "geometry": { "type": "LineString", "coordinates": [ [ -77.34894, 38.82024 ], [ -77.35, 38.82157 ], [ -77.35055, 38.82202 ], [ -77.35115, 38.82237 ], [ -77.35279, 38.82293 ], [ -77.35341, 38.82302 ], [ -77.35449, 38.82302 ] ] } },
{ "type": "Feature", "properties": { "name": "FAIRFAX COUNTY PKWY NB" }, "geometry": { "type": "LineString", "coordinates": [ [ -77.2541, 38.74555 ], [ -77.25502, 38.74577 ], [ -77.25627, 38.74626 ], [ -77.25721, 38.74682 ], [ -77.25821, 38.7476 ] ] } },
{ "type": "Feature", "properties": { "name": "FAIRFAX COUNTY PKWY SB" }, "geometry": { "type": "LineString", "coordinates": [ [ -77.16839, 38.71856 ], [ -77.1661, 38.71733 ], [ -77.16545, 38.71687 ], [ -77.16472, 38.71612 ], [ -77.16437, 38.71551 ], [ -77.1642, 38.71499 ] ] } },
{ "type": "Feature", "properties": { "name": "FAIRFAX COUNTY PKWY NB" }, "geometry": { "type": "LineString", "coordinates": [ [ -77.30187, 38.77913 ], [ -77.30418, 38.78009 ] ] } },
{ "type": "Feature", "properties": { "name": "FAIRFAX COUNTY PKWY SB" }, "geometry": { "type": "LineString", "coordinates": [ [ -77.28809, 38.76882 ], [ -77.28442, 38.76491 ], [ -77.28387, 38.76422 ], [ -77.28313, 38.76299 ] ] } },
{ "type": "Feature", "properties": { "name": "FAIRFAX COUNTY PKWY SB" }, "geometry": { "type": "LineString", "coordinates": [ [ -77.38688, 38.8513 ], [ -77.38545, 38.84949 ], [ -77.38469, 38.84887 ], [ -77.38404, 38.84851 ], [ -77.38312, 38.84815 ], [ -77.37873, 38.847 ] ] } },
{ "type": "Feature", "properties": { "name": "FAIRFAX COUNTY PKWY SB" }, "geometry": { "type": "LineString", "coordinates": [ [ -77.27677, 38.75515 ], [ -77.27612, 38.75432 ], [ -77.27548, 38.75376 ], [ -77.27299, 38.75222 ] ] } },
{ "type": "Feature", "properties": { "name": "FAIRFAX COUNTY PKWY SB" }, "geometry": { "type": "LineString", "coordinates": [ [ -77.36229, 38.97494 ], [ -77.36198, 38.97204 ] ] } },
{ "type": "Feature", "properties": { "name": "FAIRFAX COUNTY PKWY NB" }, "geometry": { "type": "LineString", "coordinates": [ [ -77.22753, 38.75751 ], [ -77.22886, 38.75718 ], [ -77.2297, 38.75713 ], [ -77.23028, 38.75721 ] ] } },
{ "type": "Feature", "properties": { "name": "FAIRFAX COUNTY PKWY NB" }, "geometry": { "type": "LineString", "coordinates": [ [ -77.18869, 38.72964 ], [ -77.18901, 38.73012 ] ] } },
{ "type": "Feature", "properties": { "name": "FAIRFAX COUNTY PKWY NB" }, "geometry": { "type": "LineString", "coordinates": [ [ -77.32652, 38.78841 ], [ -77.3272, 38.78861 ] ] } },
{ "type": "Feature", "properties": { "name": "FAIRFAX COUNTY PKWY SB" }, "geometry": { "type": "LineString", "coordinates": [ [ -77.32681, 38.78828 ], [ -77.32619, 38.78804 ] ] } },
{ "type": "Feature", "properties": { "name": "FAIRFAX COUNTY PKWY NB" }, "geometry": { "type": "LineString", "coordinates": [ [ -77.40561, 38.90704 ], [ -77.40308, 38.91097 ], [ -77.40256, 38.91213 ], [ -77.4016, 38.91367 ], [ -77.40037, 38.91525 ], [ -77.39674, 38.92087 ] ] } },
{ "type": "Feature", "properties": { "name": "FAIRFAX COUNTY PKWY NB" }, "geometry": { "type": "LineString", "coordinates": [ [ -77.36553, 39.00531 ], [ -77.3659, 39.00657 ], [ -77.36595, 39.00708 ], [ -77.36586, 39.00774 ], [ -77.36529, 39.00894 ], [ -77.36474, 39.00954 ] ] } },
{ "type": "Feature", "properties": { "name": "FAIRFAX COUNTY PKWY SB" }, "geometry": { "type": "LineString", "coordinates": [ [ -77.3648, 38.99246 ], [ -77.36442, 38.99175 ], [ -77.36402, 38.99126 ], [ -77.3619, 38.98976 ], [ -77.3612, 38.98906 ] ] } },
{ "type": "Feature", "properties": { "name": "FAIRFAX COUNTY PKWY NB" }, "geometry": { "type": "LineString", "coordinates": [ [ -77.40486, 38.90001 ], [ -77.40651, 38.90327 ], [ -77.40676, 38.90418 ], [ -77.40674, 38.90483 ], [ -77.40659, 38.90539 ], [ -77.40627, 38.90603 ], [ -77.40561, 38.90704 ] ] } },
{ "type": "Feature", "properties": { "name": "FAIRFAX COUNTY PKWY SB" }, "geometry": { "type": "LineString", "coordinates": [ [ -77.37454, 38.95272 ], [ -77.37482, 38.95226 ] ] } },
{ "type": "Feature", "properties": { "name": "FAIRFAX COUNTY PKWY NB" }, "geometry": { "type": "LineString", "coordinates": [ [ -77.28289, 38.76308 ], [ -77.28362, 38.76429 ], [ -77.28416, 38.76498 ], [ -77.28792, 38.76902 ] ] } },
{ "type": "Feature", "properties": { "name": "FAIRFAX COUNTY PKWY NB" }, "geometry": { "type": "LineString", "coordinates": [ [ -77.33024, 38.78929 ], [ -77.33157, 38.78968 ], [ -77.33214, 38.79 ], [ -77.33255, 38.79035 ], [ -77.33293, 38.79085 ], [ -77.33403, 38.79286 ] ] } },
{ "type": "Feature", "properties": { "name": "FAIRFAX COUNTY PKWY SB" }, "geometry": { "type": "LineString", "coordinates": [ [ -77.23886, 38.75371 ], [ -77.23752, 38.75509 ], [ -77.23697, 38.75556 ] ] } },
{ "type": "Feature", "properties": { "name": "FAIRFAX COUNTY PKWY SB" }, "geometry": { "type": "LineString", "coordinates": [ [ -77.34764, 38.81798 ], [ -77.34606, 38.81572 ], [ -77.34433, 38.8139 ], [ -77.34379, 38.8131 ], [ -77.34357, 38.81264 ], [ -77.34343, 38.81196 ], [ -77.34365, 38.80999 ] ] } },
{ "type": "Feature", "properties": { "name": "FAIRFAX COUNTY PKWY SB" }, "geometry": { "type": "LineString", "coordinates": [ [ -77.16416, 38.71046 ], [ -77.16424, 38.70821 ] ] } },
{ "type": "Feature", "properties": { "name": "FAIRFAX COUNTY PKWY SB" }, "geometry": { "type": "LineString", "coordinates": [ [ -77.39112, 38.93022 ], [ -77.39627, 38.92235 ], [ -77.39691, 38.92101 ] ] } },
{ "type": "Feature", "properties": { "name": "FAIRFAX COUNTY PKWY SB" }, "geometry": { "type": "LineString", "coordinates": [ [ -77.23036, 38.75699 ], [ -77.2288, 38.757 ], [ -77.22731, 38.75738 ] ] } },
{ "type": "Feature", "properties": { "name": "FAIRFAX COUNTY PKWY NB" }, "geometry": { "type": "LineString", "coordinates": [ [ -77.37092, 38.95737 ], [ -77.37013, 38.9584 ] ] } },
{ "type": "Feature", "properties": { "name": "FAIRFAX COUNTY PKWY NB" }, "geometry": { "type": "LineString", "coordinates": [ [ -77.37111, 38.95709 ], [ -77.37092, 38.95737 ] ] } },
{ "type": "Feature", "properties": { "name": "FAIRFAX COUNTY PKWY SB" }, "geometry": { "type": "LineString", "coordinates": [ [ -77.19024, 38.74086 ], [ -77.19015, 38.74073 ] ] } },
{ "type": "Feature", "properties": { "name": "FAIRFAX COUNTY PKWY SB" }, "geometry": { "type": "LineString", "coordinates": [ [ -77.38413, 38.87405 ], [ -77.38412, 38.87331 ] ] } },
{ "type": "Feature", "properties": { "name": "FRANCONIA SPRINGFIELD PKWY" }, "geometry": { "type": "LineString", "coordinates": [ [ -77.1558, 38.7656 ], [ -77.16195, 38.76669 ] ] } },
{ "type": "Feature", "properties": { "name": "FAIRFAX COUNTY PKWY SB" }, "geometry": { "type": "LineString", "coordinates": [ [ -77.233, 38.75719 ], [ -77.23136, 38.75721 ], [ -77.23036, 38.75699 ] ] } },
{ "type": "Feature", "properties": { "name": "FAIRFAX COUNTY PKWY SB" }, "geometry": { "type": "LineString", "coordinates": [ [ -77.23348, 38.75708 ], [ -77.233, 38.75719 ] ] } },
{ "type": "Feature", "properties": { "name": "FAIRFAX COUNTY PKWY NB" }, "geometry": { "type": "LineString", "coordinates": [ [ -77.38187, 38.86345 ], [ -77.38182, 38.86446 ], [ -77.38195, 38.86509 ] ] } },
{ "type": "Feature", "properties": { "name": "FAIRFAX COUNTY PKWY SB" }, "geometry": { "type": "LineString", "coordinates": [ [ -77.27923, 38.75823 ], [ -77.27913, 38.75812 ] ] } },
{ "type": "Feature", "properties": { "name": "FAIRFAX COUNTY PKWY SB" }, "geometry": { "type": "LineString", "coordinates": [ [ -77.22731, 38.75738 ], [ -77.22645, 38.75766 ] ] } },
{ "type": "Feature", "properties": { "name": "FAIRFAX COUNTY PKWY SB" }, "geometry": { "type": "LineString", "coordinates": [ [ -77.38242, 38.86268 ], [ -77.38256, 38.86246 ] ] } },
{ "type": "Feature", "properties": { "name": "FAIRFAX COUNTY PKWY NB" }, "geometry": { "type": "LineString", "coordinates": [ [ -77.19233, 38.74398 ], [ -77.19284, 38.74437 ] ] } },
{ "type": "Feature", "properties": { "name": "FAIRFAX COUNTY PKWY NB" }, "geometry": { "type": "LineString", "coordinates": [ [ -77.29694, 38.77645 ], [ -77.29992, 38.77828 ], [ -77.30187, 38.77913 ] ] } },
{ "type": "Feature", "properties": { "name": "FAIRFAX COUNTY PKWY SB" }, "geometry": { "type": "LineString", "coordinates": [ [ -77.17926, 38.72239 ], [ -77.17577, 38.72164 ] ] } },
{ "type": "Feature", "properties": { "name": "FAIRFAX COUNTY PKWY SB" }, "geometry": { "type": "LineString", "coordinates": [ [ -77.36198, 38.97204 ], [ -77.36197, 38.97137 ], [ -77.36213, 38.97084 ], [ -77.36305, 38.96938 ] ] } },
{ "type": "Feature", "properties": { "name": "FAIRFAX COUNTY PKWY SB" }, "geometry": { "type": "LineString", "coordinates": [ [ -77.2171, 38.7589 ], [ -77.21692, 38.75874 ] ] } },
{ "type": "Feature", "properties": { "name": "FRANCONIA SPRINGFIELD PKWY" }, "geometry": { "type": "LineString", "coordinates": [ [ -77.2086, 38.76172 ], [ -77.20932, 38.76134 ], [ -77.21086, 38.7608 ], [ -77.21363, 38.7603 ] ] } },
{ "type": "Feature", "properties": { "name": "FAIRFAX COUNTY PKWY SB" }, "geometry": { "type": "LineString", "coordinates": [ [ -77.21769, 38.75892 ], [ -77.21716, 38.75911 ] ] } },
{ "type": "Feature", "properties": { "name": "FAIRFAX COUNTY PKWY SB" }, "geometry": { "type": "LineString", "coordinates": [ [ -77.36578, 39.00538 ], [ -77.36526, 39.00407 ], [ -77.36415, 39.00245 ], [ -77.36365, 39.0014 ], [ -77.36341, 39.00025 ], [ -77.36339, 38.99944 ], [ -77.36357, 38.99837 ], [ -77.36377, 38.99779 ] ] } },
{ "type": "Feature", "properties": { "name": "FAIRFAX COUNTY PKWY NB" }, "geometry": { "type": "LineString", "coordinates": [ [ -77.37866, 38.84717 ], [ -77.38289, 38.84824 ], [ -77.38382, 38.8486 ], [ -77.38446, 38.84896 ], [ -77.38523, 38.84958 ], [ -77.38587, 38.85039 ] ] } },
{ "type": "Feature", "properties": { "name": "FAIRFAX COUNTY PKWY SB" }, "geometry": { "type": "LineString", "coordinates": [ [ -77.3884, 38.85369 ], [ -77.38784, 38.85265 ], [ -77.38708, 38.8516 ] ] } },
{ "type": "Feature", "properties": { "name": "FAIRFAX COUNTY PKWY SB" }, "geometry": { "type": "LineString", "coordinates": [ [ -77.21953, 38.75827 ], [ -77.21769, 38.75892 ] ] } },
{ "type": "Feature", "properties": { "name": "FAIRFAX COUNTY PKWY SB" }, "geometry": { "type": "LineString", "coordinates": [ [ -77.36826, 38.9615 ], [ -77.36833, 38.9614 ] ] } },
{ "type": "Feature", "properties": { "name": "FAIRFAX COUNTY PKWY NB" }, "geometry": { "type": "LineString", "coordinates": [ [ -77.3681, 38.96131 ], [ -77.36802, 38.96142 ] ] } },
{ "type": "Feature", "properties": { "name": "FAIRFAX COUNTY PKWY NB" }, "geometry": { "type": "LineString", "coordinates": [ [ -77.36273, 38.96948 ], [ -77.3619, 38.97073 ], [ -77.36173, 38.97133 ], [ -77.36198, 38.97497 ] ] } },
{ "type": "Feature", "properties": { "name": "FAIRFAX COUNTY PKWY NB" }, "geometry": { "type": "LineString", "coordinates": [ [ -77.16907, 38.71923 ], [ -77.17203, 38.72077 ], [ -77.17353, 38.72134 ] ] } },
{ "type": "Feature", "properties": { "name": "FRANCONIA SPRINGFIELD PKWY" }, "geometry": { "type": "LineString", "coordinates": [ [ -77.21177, 38.76039 ], [ -77.21031, 38.76078 ], [ -77.20847, 38.76159 ] ] } },
{ "type": "Feature", "properties": { "name": "FRANCONIA SPRINGFIELD PKWY" }, "geometry": { "type": "LineString", "coordinates": [ [ -77.20847, 38.76159 ], [ -77.2078, 38.76209 ] ] } },
{ "type": "Feature", "properties": { "name": "FRANCONIA SPRINGFIELD PKWY" }, "geometry": { "type": "LineString", "coordinates": [ [ -77.18713, 38.76551 ], [ -77.18559, 38.76717 ] ] } },
{ "type": "Feature", "properties": { "name": "FAIRFAX COUNTY PKWY SB" }, "geometry": { "type": "LineString", "coordinates": [ [ -77.33451, 38.7932 ], [ -77.33428, 38.79277 ] ] } },
{ "type": "Feature", "properties": { "name": "FAIRFAX COUNTY PKWY NB" }, "geometry": { "type": "LineString", "coordinates": [ [ -77.18901, 38.73012 ], [ -77.18922, 38.73054 ] ] } },
{ "type": "Feature", "properties": { "name": "FRANCONIA SPRINGFIELD PKWY" }, "geometry": { "type": "LineString", "coordinates": [ [ -77.21363, 38.7603 ], [ -77.2164, 38.75963 ] ] } },
{ "type": "Feature", "properties": { "name": "FAIRFAX COUNTY PKWY SB" }, "geometry": { "type": "LineString", "coordinates": [ [ -77.32229, 38.78689 ], [ -77.31936, 38.78673 ], [ -77.31853, 38.78659 ] ] } },
{ "type": "Feature", "properties": { "name": "FAIRFAX COUNTY PKWY NB" }, "geometry": { "type": "LineString", "coordinates": [ [ -77.38863, 38.85583 ], [ -77.38861, 38.85665 ], [ -77.38846, 38.85743 ], [ -77.38811, 38.85819 ], [ -77.38778, 38.85864 ] ] } },
{ "type": "Feature", "properties": { "name": "FAIRFAX COUNTY PKWY NB" }, "geometry": { "type": "LineString", "coordinates": [ [ -77.38228, 38.86242 ], [ -77.38218, 38.86263 ] ] } },
{ "type": "Feature", "properties": { "name": "FAIRFAX COUNTY PKWY NB" }, "geometry": { "type": "LineString", "coordinates": [ [ -77.33667, 38.79651 ], [ -77.33681, 38.79658 ] ] } },
{ "type": "Feature", "properties": { "name": "FAIRFAX COUNTY PKWY NB" }, "geometry": { "type": "LineString", "coordinates": [ [ -77.3823, 38.87712 ], [ -77.38205, 38.878 ] ] } },
{ "type": "Feature", "properties": { "name": "FAIRFAX COUNTY PKWY NB" }, "geometry": { "type": "LineString", "coordinates": [ [ -77.33955, 38.79866 ], [ -77.34015, 38.79941 ] ] } },
{ "type": "Feature", "properties": { "name": "FAIRFAX COUNTY PKWY NB" }, "geometry": { "type": "LineString", "coordinates": [ [ -77.27289, 38.75236 ], [ -77.27403, 38.75301 ], [ -77.27555, 38.75403 ], [ -77.27611, 38.75455 ], [ -77.2769, 38.75558 ] ] } },
{ "type": "Feature", "properties": { "name": "FAIRFAX COUNTY PKWY SB" }, "geometry": { "type": "LineString", "coordinates": [ [ -77.38212, 38.86357 ], [ -77.38221, 38.86316 ] ] } },
{ "type": "Feature", "properties": { "name": "FAIRFAX COUNTY PKWY SB" }, "geometry": { "type": "LineString", "coordinates": [ [ -77.38309, 38.86839 ], [ -77.38231, 38.86548 ] ] } },
{ "type": "Feature", "properties": { "name": "FAIRFAX COUNTY PKWY NB" }, "geometry": { "type": "LineString", "coordinates": [ [ -77.21735, 38.75929 ], [ -77.21786, 38.75911 ] ] } },
{ "type": "Feature", "properties": { "name": "FRANCONIA SPRINGFIELD PKWY" }, "geometry": { "type": "LineString", "coordinates": [ [ -77.2164, 38.75963 ], [ -77.21684, 38.75947 ] ] } },
{ "type": "Feature", "properties": { "name": "FAIRFAX COUNTY PKWY SB" }, "geometry": { "type": "LineString", "coordinates": [ [ -77.21577, 38.75635 ], [ -77.21603, 38.75425 ] ] } },
{ "type": "Feature", "properties": { "name": "FAIRFAX COUNTY PKWY SB" }, "geometry": { "type": "LineString", "coordinates": [ [ -77.1642, 38.71499 ], [ -77.1641, 38.71424 ], [ -77.16416, 38.71046 ] ] } },
{ "type": "Feature", "properties": { "name": "FAIRFAX COUNTY PKWY NB" }, "geometry": { "type": "LineString", "coordinates": [ [ -77.1868, 38.7278 ], [ -77.18717, 38.72814 ] ] } },
{ "type": "Feature", "properties": { "name": "FAIRFAX COUNTY PKWY NB" }, "geometry": { "type": "LineString", "coordinates": [ [ -77.26688, 38.75164 ], [ -77.26854, 38.75194 ], [ -77.27045, 38.7518 ], [ -77.27117, 38.75182 ], [ -77.27211, 38.75203 ], [ -77.27289, 38.75236 ] ] } },
{ "type": "Feature", "properties": { "name": "FAIRFAX COUNTY PKWY NB" }, "geometry": { "type": "LineString", "coordinates": [ [ -77.19046, 38.7416 ], [ -77.19077, 38.7421 ] ] } },
{ "type": "Feature", "properties": { "name": "FAIRFAX COUNTY PKWY SB" }, "geometry": { "type": "LineString", "coordinates": [ [ -77.3404, 38.79939 ], [ -77.33977, 38.79859 ] ] } },
{ "type": "Feature", "properties": { "name": "FAIRFAX COUNTY PKWY SB" }, "geometry": { "type": "LineString", "coordinates": [ [ -77.33428, 38.79277 ], [ -77.33304, 38.7906 ], [ -77.33235, 38.7899 ], [ -77.33124, 38.78938 ], [ -77.32718, 38.78839 ] ] } },
{ "type": "Feature", "properties": { "name": "FAIRFAX COUNTY PKWY NB" }, "geometry": { "type": "LineString", "coordinates": [ [ -77.34015, 38.79941 ], [ -77.34157, 38.80138 ], [ -77.34213, 38.80235 ], [ -77.34266, 38.80354 ] ] } },
{ "type": "Feature", "properties": { "name": "FAIRFAX COUNTY PKWY SB" }, "geometry": { "type": "LineString", "coordinates": [ [ -77.28313, 38.76299 ], [ -77.2821, 38.76095 ], [ -77.28179, 38.7605 ], [ -77.27923, 38.75823 ] ] } },
{ "type": "Feature", "properties": { "name": "FAIRFAX COUNTY PKWY SB" }, "geometry": { "type": "LineString", "coordinates": [ [ -77.3066, 38.781 ], [ -77.30443, 38.77996 ] ] } },
{ "type": "Feature", "properties": { "name": "FRANCONIA SPRINGFIELD PKWY" }, "geometry": { "type": "LineString", "coordinates": [ [ -77.18658, 38.7663 ], [ -77.18724, 38.76564 ], [ -77.18769, 38.76533 ], [ -77.18841, 38.76498 ], [ -77.18923, 38.76476 ], [ -77.19007, 38.76468 ], [ -77.19634, 38.76476 ] ] } },
{ "type": "Feature", "properties": { "name": "FAIRFAX COUNTY PKWY SB" }, "geometry": { "type": "LineString", "coordinates": [ [ -77.27701, 38.75547 ], [ -77.27677, 38.75515 ] ] } },
{ "type": "Feature", "properties": { "name": "FAIRFAX COUNTY PKWY NB" }, "geometry": { "type": "LineString", "coordinates": [ [ -77.33428, 38.7933 ], [ -77.33556, 38.79555 ], [ -77.33607, 38.79607 ], [ -77.33667, 38.79651 ] ] } },
{ "type": "Feature", "properties": { "name": "FAIRFAX COUNTY PKWY SB" }, "geometry": { "type": "LineString", "coordinates": [ [ -77.33977, 38.79859 ], [ -77.33906, 38.79775 ], [ -77.33856, 38.79731 ], [ -77.33697, 38.79645 ] ] } },
{ "type": "Feature", "properties": { "name": "FAIRFAX COUNTY PKWY NB" }, "geometry": { "type": "LineString", "coordinates": [ [ -77.19077, 38.7421 ], [ -77.19097, 38.74239 ] ] } },
{ "type": "Feature", "properties": { "name": "FAIRFAX COUNTY PKWY SB" }, "geometry": { "type": "LineString", "coordinates": [ [ -77.19108, 38.7422 ], [ -77.1909, 38.74193 ] ] } },
{ "type": "Feature", "properties": { "name": "FAIRFAX COUNTY PKWY NB" }, "geometry": { "type": "LineString", "coordinates": [ [ -77.38205, 38.878 ], [ -77.38208, 38.87861 ], [ -77.38226, 38.87923 ], [ -77.38257, 38.87977 ], [ -77.383, 38.88025 ], [ -77.38398, 38.88094 ], [ -77.38589, 38.88169 ] ] } },
{ "type": "Feature", "properties": { "name": "FAIRFAX COUNTY PKWY SB" }, "geometry": { "type": "LineString", "coordinates": [ [ -77.37467, 38.84211 ], [ -77.37457, 38.84072 ], [ -77.37424, 38.83935 ], [ -77.37257, 38.83502 ], [ -77.37209, 38.83421 ], [ -77.3714, 38.83335 ], [ -77.36912, 38.83123 ] ] } },
{ "type": "Feature", "properties": { "name": "FRANCONIA SPRINGFIELD PKWY" }, "geometry": { "type": "LineString", "coordinates": [ [ -77.20797, 38.7622 ], [ -77.2086, 38.76172 ] ] } },
{ "type": "Feature", "properties": { "name": "FRANCONIA SPRINGFIELD PKWY" }, "geometry": { "type": "LineString", "coordinates": [ [ -77.18509, 38.76808 ], [ -77.18658, 38.7663 ] ] } },
{ "type": "Feature", "properties": { "name": "FAIRFAX COUNTY PKWY SB" }, "geometry": { "type": "LineString", "coordinates": [ [ -77.18694, 38.72763 ], [ -77.18572, 38.72654 ] ] } },
{ "type": "Feature", "properties": { "name": "FAIRFAX COUNTY PKWY NB" }, "geometry": { "type": "LineString", "coordinates": [ [ -77.37185, 38.95599 ], [ -77.37111, 38.95709 ] ] } },
{ "type": "Feature", "properties": { "name": "FAIRFAX COUNTY PKWY SB" }, "geometry": { "type": "LineString", "coordinates": [ [ -77.22252, 38.75837 ], [ -77.22062, 38.75817 ], [ -77.21953, 38.75827 ] ] } },
{ "type": "Feature", "properties": { "name": "FAIRFAX COUNTY PKWY NB" }, "geometry": { "type": "LineString", "coordinates": [ [ -77.36705, 38.82923 ], [ -77.36732, 38.82962 ], [ -77.36888, 38.83131 ] ] } },
{ "type": "Feature", "properties": { "name": "FAIRFAX COUNTY PKWY NB" }, "geometry": { "type": "LineString", "coordinates": [ [ -77.309, 38.78257 ], [ -77.30989, 38.78321 ], [ -77.31154, 38.78485 ], [ -77.31247, 38.78545 ], [ -77.31363, 38.78584 ], [ -77.31847, 38.78681 ] ] } },
{ "type": "Feature", "properties": { "name": "FAIRFAX COUNTY PKWY SB" }, "geometry": { "type": "LineString", "coordinates": [ [ -77.23697, 38.75556 ], [ -77.23642, 38.75591 ] ] } },
{ "type": "Feature", "properties": { "name": "FAIRFAX COUNTY PKWY NB" }, "geometry": { "type": "LineString", "coordinates": [ [ -77.37436, 38.84128 ], [ -77.37461, 38.84372 ], [ -77.3748, 38.84425 ], [ -77.3751, 38.84478 ] ] } },
{ "type": "Feature", "properties": { "name": "FAIRFAX COUNTY PKWY SB" }, "geometry": { "type": "LineString", "coordinates": [ [ -77.3612, 38.98906 ], [ -77.36021, 38.98798 ], [ -77.35886, 38.98447 ], [ -77.35883, 38.98361 ], [ -77.35927, 38.9821 ], [ -77.35969, 38.98116 ], [ -77.36052, 38.97977 ] ] } },
{ "type": "Feature", "properties": { "name": "FAIRFAX COUNTY PKWY NB" }, "geometry": { "type": "LineString", "coordinates": [ [ -77.23307, 38.75738 ], [ -77.23355, 38.75727 ] ] } },
{ "type": "Feature", "properties": { "name": "FAIRFAX COUNTY PKWY SB" }, "geometry": { "type": "LineString", "coordinates": [ [ -77.30443, 38.77996 ], [ -77.30428, 38.77989 ] ] } },
{ "type": "Feature", "properties": { "name": "FAIRFAX COUNTY PKWY SB" }, "geometry": { "type": "LineString", "coordinates": [ [ -77.343, 38.8038 ], [ -77.34287, 38.80345 ] ] } },
{ "type": "Feature", "properties": { "name": "FAIRFAX COUNTY PKWY NB" }, "geometry": { "type": "LineString", "coordinates": [ [ -77.26398, 38.75058 ], [ -77.26676, 38.7516 ] ] } },
{ "type": "Feature", "properties": { "name": "FAIRFAX COUNTY PKWY NB" }, "geometry": { "type": "LineString", "coordinates": [ [ -77.2442, 38.74981 ], [ -77.24646, 38.7479 ] ] } },
{ "type": "Feature", "properties": { "name": "FAIRFAX COUNTY PKWY NB" }, "geometry": { "type": "LineString", "coordinates": [ [ -77.16816, 38.71876 ], [ -77.16886, 38.71913 ] ] } },
{ "type": "Feature", "properties": { "name": "FAIRFAX COUNTY PKWY SB" }, "geometry": { "type": "LineString", "coordinates": [ [ -77.19015, 38.74073 ], [ -77.18972, 38.73993 ] ] } },
{ "type": "Feature", "properties": { "name": "FAIRFAX COUNTY PKWY NB" }, "geometry": { "type": "LineString", "coordinates": [ [ -77.16886, 38.71913 ], [ -77.16907, 38.71923 ] ] } },
{ "type": "Feature", "properties": { "name": "FAIRFAX COUNTY PKWY SB" }, "geometry": { "type": "LineString", "coordinates": [ [ -77.16919, 38.71898 ], [ -77.16839, 38.71856 ] ] } },
{ "type": "Feature", "properties": { "name": "FAIRFAX COUNTY PKWY SB" }, "geometry": { "type": "LineString", "coordinates": [ [ -77.16939, 38.71909 ], [ -77.16919, 38.71898 ] ] } },
{ "type": "Feature", "properties": { "name": "FAIRFAX COUNTY PKWY SB" }, "geometry": { "type": "LineString", "coordinates": [ [ -77.32619, 38.78804 ], [ -77.32363, 38.7871 ], [ -77.32229, 38.78689 ] ] } },
{ "type": "Feature", "properties": { "name": "FAIRFAX COUNTY PKWY SB" }, "geometry": { "type": "LineString", "coordinates": [ [ -77.37028, 38.95856 ], [ -77.37033, 38.95849 ] ] } },
{ "type": "Feature", "properties": { "name": "FAIRFAX COUNTY PKWY NB" }, "geometry": { "type": "LineString", "coordinates": [ [ -77.37698, 38.94821 ], [ -77.37688, 38.94834 ] ] } },
{ "type": "Feature", "properties": { "name": "FAIRFAX COUNTY PKWY NB" }, "geometry": { "type": "LineString", "coordinates": [ [ -77.36898, 38.83141 ], [ -77.37112, 38.83338 ], [ -77.37215, 38.83479 ], [ -77.37282, 38.8363 ], [ -77.37384, 38.83899 ], [ -77.37429, 38.84071 ], [ -77.37436, 38.84128 ] ] } },
{ "type": "Feature", "properties": { "name": "FAIRFAX COUNTY PKWY SB" }, "geometry": { "type": "LineString", "coordinates": [ [ -77.37033, 38.95849 ], [ -77.37074, 38.95796 ] ] } },
{ "type": "Feature", "properties": { "name": "FAIRFAX COUNTY PKWY NB" }, "geometry": { "type": "LineString", "coordinates": [ [ -77.38804, 38.85346 ], [ -77.38853, 38.85499 ], [ -77.38863, 38.85583 ] ] } },
{ "type": "Feature", "properties": { "name": "FAIRFAX COUNTY PKWY SB" }, "geometry": { "type": "LineString", "coordinates": [ [ -77.38219, 38.86505 ], [ -77.38208, 38.86447 ], [ -77.38212, 38.86357 ] ] } },
{ "type": "Feature", "properties": { "name": "FAIRFAX COUNTY PKWY NB" }, "geometry": { "type": "LineString", "coordinates": [ [ -77.30418, 38.78009 ], [ -77.30432, 38.78015 ] ] } },
{ "type": "Feature", "properties": { "name": "FAIRFAX COUNTY PKWY SB" }, "geometry": { "type": "LineString", "coordinates": [ [ -77.3771, 38.94838 ], [ -77.3772, 38.94826 ] ] } },
{ "type": "Feature", "properties": { "name": "FAIRFAX COUNTY PKWY SB" }, "geometry": { "type": "LineString", "coordinates": [ [ -77.31853, 38.78659 ], [ -77.31404, 38.78573 ], [ -77.31295, 38.78541 ], [ -77.31231, 38.7851 ], [ -77.31178, 38.78473 ], [ -77.31013, 38.78309 ], [ -77.30917, 38.78241 ] ] } },
{ "type": "Feature", "properties": { "name": "FAIRFAX COUNTY PKWY SB" }, "geometry": { "type": "LineString", "coordinates": [ [ -77.18298, 38.72421 ], [ -77.18234, 38.72366 ], [ -77.18101, 38.72289 ], [ -77.17926, 38.72239 ] ] } },
{ "type": "Feature", "properties": { "name": "FAIRFAX COUNTY PKWY SB" }, "geometry": { "type": "LineString", "coordinates": [ [ -77.3736, 38.95394 ], [ -77.37384, 38.95362 ] ] } },
{ "type": "Feature", "properties": { "name": "FAIRFAX COUNTY PKWY NB" }, "geometry": { "type": "LineString", "coordinates": [ [ -77.39056, 38.93065 ], [ -77.38425, 38.93976 ] ] } },
{ "type": "Feature", "properties": { "name": "FAIRFAX COUNTY PKWY SB" }, "geometry": { "type": "LineString", "coordinates": [ [ -77.36305, 38.96938 ], [ -77.36481, 38.96673 ] ] } },
{ "type": "Feature", "properties": { "name": "FAIRFAX COUNTY PKWY SB" }, "geometry": { "type": "LineString", "coordinates": [ [ -77.27913, 38.75812 ], [ -77.27834, 38.75726 ], [ -77.27712, 38.75561 ] ] } },
{ "type": "Feature", "properties": { "name": "FAIRFAX COUNTY PKWY SB" }, "geometry": { "type": "LineString", "coordinates": [ [ -77.36481, 38.96673 ], [ -77.36551, 38.96571 ] ] } },
{ "type": "Feature", "properties": { "name": "FAIRFAX COUNTY PKWY NB" }, "geometry": { "type": "LineString", "coordinates": [ [ -77.19097, 38.74239 ], [ -77.19233, 38.74398 ] ] } },
{ "type": "Feature", "properties": { "name": "FAIRFAX COUNTY PKWY SB" }, "geometry": { "type": "LineString", "coordinates": [ [ -77.36052, 38.97977 ], [ -77.36171, 38.97809 ], [ -77.36226, 38.97702 ], [ -77.36235, 38.97655 ], [ -77.36229, 38.97494 ] ] } },
{ "type": "Feature", "properties": { "name": "FAIRFAX COUNTY PKWY SB" }, "geometry": { "type": "LineString", "coordinates": [ [ -77.38231, 38.86548 ], [ -77.38219, 38.86505 ] ] } },
{ "type": "Feature", "properties": { "name": "FAIRFAX COUNTY PKWY SB" }, "geometry": { "type": "LineString", "coordinates": [ [ -77.26406, 38.75045 ], [ -77.26287, 38.74983 ], [ -77.26074, 38.7491 ] ] } },
{ "type": "Feature", "properties": { "name": "FAIRFAX COUNTY PKWY SB" }, "geometry": { "type": "LineString", "coordinates": [ [ -77.36505, 38.82612 ], [ -77.36332, 38.82388 ], [ -77.36252, 38.82327 ], [ -77.36154, 38.82279 ], [ -77.36076, 38.82256 ], [ -77.35936, 38.8224 ], [ -77.35486, 38.82282 ] ] } },
{ "type": "Feature", "properties": { "name": "FAIRFAX COUNTY PKWY SB" }, "geometry": { "type": "LineString", "coordinates": [ [ -77.26693, 38.75153 ], [ -77.26682, 38.75149 ] ] } },
{ "type": "Feature", "properties": { "name": "FAIRFAX COUNTY PKWY NB" }, "geometry": { "type": "LineString", "coordinates": [ [ -77.27703, 38.75572 ], [ -77.2772, 38.75595 ] ] } },
{ "type": "Feature", "properties": { "name": "FAIRFAX COUNTY PKWY NB" }, "geometry": { "type": "LineString", "coordinates": [ [ -77.27895, 38.75821 ], [ -77.27906, 38.75834 ] ] } },
{ "type": "Feature", "properties": { "name": "FAIRFAX COUNTY PKWY NB" }, "geometry": { "type": "LineString", "coordinates": [ [ -77.36458, 38.96669 ], [ -77.36273, 38.96948 ] ] } },
{ "type": "Feature", "properties": { "name": "FAIRFAX COUNTY PKWY NB" }, "geometry": { "type": "LineString", "coordinates": [ [ -77.1639, 38.71078 ], [ -77.16382, 38.71424 ], [ -77.16389, 38.71497 ] ] } },
{ "type": "Feature", "properties": { "name": "FAIRFAX COUNTY PKWY NB" }, "geometry": { "type": "LineString", "coordinates": [ [ -77.37359, 38.95364 ], [ -77.37339, 38.95392 ] ] } },
{ "type": "Feature", "properties": { "name": "FAIRFAX COUNTY PKWY NB" }, "geometry": { "type": "LineString", "coordinates": [ [ -77.3746, 38.95221 ], [ -77.37426, 38.95273 ] ] } },
{ "type": "Feature", "properties": { "name": "FAIRFAX COUNTY PKWY NB" }, "geometry": { "type": "LineString", "coordinates": [ [ -77.37013, 38.9584 ], [ -77.37008, 38.95847 ] ] } },
{ "type": "Feature", "properties": { "name": "FAIRFAX COUNTY PKWY SB" }, "geometry": { "type": "LineString", "coordinates": [ [ -77.19324, 38.74446 ], [ -77.19295, 38.74424 ] ] } },
{ "type": "Feature", "properties": { "name": "FRANCONIA SPRINGFIELD PKWY" }, "geometry": { "type": "LineString", "coordinates": [ [ -77.2078, 38.76209 ], [ -77.20669, 38.76314 ], [ -77.20573, 38.76382 ], [ -77.20521, 38.76409 ], [ -77.20388, 38.7645 ], [ -77.20232, 38.76466 ], [ -77.19633, 38.76459 ] ] } },
{ "type": "Feature", "properties": { "name": "FAIRFAX COUNTY PKWY NB" }, "geometry": { "type": "LineString", "coordinates": [ [ -77.21665, 38.75882 ], [ -77.21685, 38.759 ] ] } },
{ "type": "Feature", "properties": { "name": "FAIRFAX COUNTY PKWY NB" }, "geometry": { "type": "LineString", "coordinates": [ [ -77.3428, 38.8039 ], [ -77.34326, 38.80547 ], [ -77.3435, 38.8069 ], [ -77.34356, 38.80851 ], [ -77.34341, 38.80996 ] ] } },
{ "type": "Feature", "properties": { "name": "FAIRFAX COUNTY PKWY NB" }, "geometry": { "type": "LineString", "coordinates": [ [ -77.38197, 38.8631 ], [ -77.38187, 38.86345 ] ] } },
{ "type": "Feature", "properties": { "name": "FAIRFAX COUNTY PKWY SB" }, "geometry": { "type": "LineString", "coordinates": [ [ -77.3888, 38.85512 ], [ -77.3884, 38.85369 ] ] } },
{ "type": "Feature", "properties": { "name": "FAIRFAX COUNTY PKWY NB" }, "geometry": { "type": "LineString", "coordinates": [ [ -77.31847, 38.78681 ], [ -77.32222, 38.78708 ], [ -77.32341, 38.78727 ] ] } },
{ "type": "Feature", "properties": { "name": "FAIRFAX COUNTY PKWY SB" }, "geometry": { "type": "LineString", "coordinates": [ [ -77.27299, 38.75222 ], [ -77.27213, 38.75186 ], [ -77.27135, 38.7517 ], [ -77.27082, 38.75165 ], [ -77.26856, 38.75181 ], [ -77.26693, 38.75153 ] ] } },
{ "type": "Feature", "properties": { "name": "FAIRFAX COUNTY PKWY SB" }, "geometry": { "type": "LineString", "coordinates": [ [ -77.30428, 38.77989 ], [ -77.30198, 38.77897 ] ] } },
{ "type": "Feature", "properties": { "name": "FAIRFAX COUNTY PKWY SB" }, "geometry": { "type": "LineString", "coordinates": [ [ -77.24635, 38.74768 ], [ -77.24398, 38.74966 ] ] } },
{ "type": "Feature", "properties": { "name": "FAIRFAX COUNTY PKWY SB" }, "geometry": { "type": "LineString", "coordinates": [ [ -77.37384, 38.95362 ], [ -77.37454, 38.95272 ] ] } },
{ "type": "Feature", "properties": { "name": "FAIRFAX COUNTY PKWY NB" }, "geometry": { "type": "LineString", "coordinates": [ [ -77.38326, 38.87035 ], [ -77.38378, 38.87276 ] ] } },
{ "type": "Feature", "properties": { "name": "FAIRFAX COUNTY PKWY NB" }, "geometry": { "type": "LineString", "coordinates": [ [ -77.36457, 38.99242 ], [ -77.36461, 38.99251 ] ] } },
{ "type": "Feature", "properties": { "name": "FAIRFAX COUNTY PKWY NB" }, "geometry": { "type": "LineString", "coordinates": [ [ -77.27906, 38.75834 ], [ -77.28125, 38.76027 ], [ -77.28167, 38.76071 ], [ -77.28289, 38.76308 ] ] } },
{ "type": "Feature", "properties": { "name": "FAIRFAX COUNTY PKWY NB" }, "geometry": { "type": "LineString", "coordinates": [ [ -77.39082, 38.93024 ], [ -77.39056, 38.93065 ] ] } },
{ "type": "Feature", "properties": { "name": "FAIRFAX COUNTY PKWY SB" }, "geometry": { "type": "LineString", "coordinates": [ [ -77.25835, 38.74749 ], [ -77.25729, 38.74662 ], [ -77.25634, 38.74607 ], [ -77.2551, 38.74557 ], [ -77.25418, 38.74533 ] ] } },
{ "type": "Feature", "properties": { "name": "FAIRFAX COUNTY PKWY SB" }, "geometry": { "type": "LineString", "coordinates": [ [ -77.23642, 38.75591 ], [ -77.23524, 38.75647 ], [ -77.23348, 38.75708 ] ] } },
{ "type": "Feature", "properties": { "name": "FAIRFAX COUNTY PKWY SB" }, "geometry": { "type": "LineString", "coordinates": [ [ -77.38406, 38.87274 ], [ -77.38355, 38.87029 ] ] } },
{ "type": "Feature", "properties": { "name": "FAIRFAX COUNTY PKWY NB" }, "geometry": { "type": "LineString", "coordinates": [ [ -77.24646, 38.7479 ], [ -77.24733, 38.74712 ], [ -77.24842, 38.7464 ] ] } },
{ "type": "Feature", "properties": { "name": "FRANCONIA SPRINGFIELD PKWY" }, "geometry": { "type": "LineString", "coordinates": [ [ -77.18038, 38.77063 ], [ -77.17936, 38.77072 ], [ -77.17883, 38.77067 ], [ -77.17525, 38.76992 ] ] } },
{ "type": "Feature", "properties": { "name": "FAIRFAX COUNTY PKWY NB" }, "geometry": { "type": "LineString", "coordinates": [ [ -77.40101, 38.89724 ], [ -77.40229, 38.89772 ], [ -77.40334, 38.89835 ], [ -77.40419, 38.8991 ], [ -77.40486, 38.90001 ] ] } },
{ "type": "Feature", "properties": { "name": "FAIRFAX COUNTY PKWY SB" }, "geometry": { "type": "LineString", "coordinates": [ [ -77.18737, 38.72801 ], [ -77.18694, 38.72763 ] ] } },
{ "type": "Feature", "properties": { "name": "FAIRFAX COUNTY PKWY NB" }, "geometry": { "type": "LineString", "coordinates": [ [ -77.25821, 38.7476 ], [ -77.25948, 38.74865 ], [ -77.26066, 38.74924 ] ] } },
{ "type": "Feature", "properties": { "name": "FAIRFAX COUNTY PKWY SB" }, "geometry": { "type": "LineString", "coordinates": [ [ -77.38376, 38.87523 ], [ -77.38405, 38.87454 ], [ -77.38413, 38.87405 ] ] } },
{ "type": "Feature", "properties": { "name": "FAIRFAX COUNTY PKWY SB" }, "geometry": { "type": "LineString", "coordinates": [ [ -77.22491, 38.75815 ], [ -77.22381, 38.7584 ], [ -77.22252, 38.75837 ] ] } },
{ "type": "Feature", "properties": { "name": "FAIRFAX COUNTY PKWY SB" }, "geometry": { "type": "LineString", "coordinates": [ [ -77.30917, 38.78241 ], [ -77.3066, 38.781 ] ] } },
{ "type": "Feature", "properties": { "name": "FAIRFAX COUNTY PKWY SB" }, "geometry": { "type": "LineString", "coordinates": [ [ -77.38445, 38.9399 ], [ -77.39087, 38.9306 ] ] } },
{ "type": "Feature", "properties": { "name": "FRANCONIA SPRINGFIELD PKWY" }, "geometry": { "type": "LineString", "coordinates": [ [ -77.19634, 38.76476 ], [ -77.20242, 38.76484 ], [ -77.20395, 38.76467 ], [ -77.205, 38.76436 ], [ -77.20606, 38.76386 ], [ -77.20683, 38.76329 ], [ -77.20797, 38.7622 ] ] } },
{ "type": "Feature", "properties": { "name": "FAIRFAX COUNTY PKWY SB" }, "geometry": { "type": "LineString", "coordinates": [ [ -77.37482, 38.95226 ], [ -77.37519, 38.95169 ] ] } },
{ "type": "Feature", "properties": { "name": "FAIRFAX COUNTY PKWY NB" }, "geometry": { "type": "LineString", "coordinates": [ [ -77.28792, 38.76902 ], [ -77.28999, 38.77101 ], [ -77.29416, 38.77463 ], [ -77.29549, 38.77557 ], [ -77.29694, 38.77645 ] ] } },
{ "type": "Feature", "properties": { "name": "FAIRFAX COUNTY PKWY NB" }, "geometry": { "type": "LineString", "coordinates": [ [ -77.30432, 38.78015 ], [ -77.30766, 38.78179 ], [ -77.309, 38.78257 ] ] } },
{ "type": "Feature", "properties": { "name": "FAIRFAX COUNTY PKWY NB" }, "geometry": { "type": "LineString", "coordinates": [ [ -77.21572, 38.75761 ], [ -77.21601, 38.75814 ] ] } },
{ "type": "Feature", "properties": { "name": "FAIRFAX COUNTY PKWY SB" }, "geometry": { "type": "LineString", "coordinates": [ [ -77.26074, 38.7491 ], [ -77.25962, 38.74855 ], [ -77.25835, 38.74749 ] ] } },
{ "type": "Feature", "properties": { "name": "FRANCONIA SPRINGFIELD PKWY" }, "geometry": { "type": "LineString", "coordinates": [ [ -77.16195, 38.76669 ], [ -77.16229, 38.76677 ] ] } },
{ "type": "Feature", "properties": { "name": "FAIRFAX COUNTY PKWY SB" }, "geometry": { "type": "LineString", "coordinates": [ [ -77.36989, 38.95905 ], [ -77.37028, 38.95856 ] ] } },
{ "type": "Feature", "properties": { "name": "FAIRFAX COUNTY PKWY NB" }, "geometry": { "type": "LineString", "coordinates": [ [ -77.21685, 38.759 ], [ -77.21744, 38.75948 ] ] } },
{ "type": "Feature", "properties": { "name": "FAIRFAX COUNTY PKWY SB" }, "geometry": { "type": "LineString", "coordinates": [ [ -77.386, 38.88151 ], [ -77.38412, 38.88077 ], [ -77.3832, 38.88013 ], [ -77.3828, 38.87969 ], [ -77.38251, 38.87917 ], [ -77.38234, 38.87862 ], [ -77.3823, 38.87799 ] ] } },
{ "type": "Feature", "properties": { "name": "FAIRFAX COUNTY PKWY NB" }, "geometry": { "type": "LineString", "coordinates": [ [ -77.38589, 38.88169 ], [ -77.38704, 38.88218 ], [ -77.38786, 38.88265 ], [ -77.38865, 38.88328 ], [ -77.38938, 38.88408 ], [ -77.38995, 38.88505 ], [ -77.39163, 38.88943 ], [ -77.39221, 38.89038 ], [ -77.393, 38.89132 ], [ -77.39573, 38.89383 ], [ -77.39795, 38.89603 ], [ -77.39919, 38.89673 ], [ -77.40101, 38.89724 ] ] } },
{ "type": "Feature", "properties": { "name": "FAIRFAX COUNTY PKWY NB" }, "geometry": { "type": "LineString", "coordinates": [ [ -77.36802, 38.96142 ], [ -77.36716, 38.96269 ] ] } },
{ "type": "Feature", "properties": { "name": "FAIRFAX COUNTY PKWY SB" }, "geometry": { "type": "LineString", "coordinates": [ [ -77.34918, 38.82013 ], [ -77.34764, 38.81798 ] ] } },
{ "type": "Feature", "properties": { "name": "FAIRFAX COUNTY PKWY SB" }, "geometry": { "type": "LineString", "coordinates": [ [ -77.39691, 38.92101 ], [ -77.40064, 38.91529 ], [ -77.40154, 38.91419 ], [ -77.40252, 38.91269 ], [ -77.40338, 38.91094 ], [ -77.40578, 38.90711 ] ] } },
{ "type": "Feature", "properties": { "name": "FAIRFAX COUNTY PKWY NB" }, "geometry": { "type": "LineString", "coordinates": [ [ -77.23028, 38.75721 ], [ -77.23183, 38.75744 ], [ -77.23307, 38.75738 ] ] } },
{ "type": "Feature", "properties": { "name": "FAIRFAX COUNTY PKWY NB" }, "geometry": { "type": "LineString", "coordinates": [ [ -77.34743, 38.81805 ], [ -77.34894, 38.82024 ] ] } },
{ "type": "Feature", "properties": { "name": "FAIRFAX COUNTY PKWY NB" }, "geometry": { "type": "LineString", "coordinates": [ [ -77.23717, 38.75569 ], [ -77.23891, 38.75401 ] ] } },
{ "type": "Feature", "properties": { "name": "FAIRFAX COUNTY PKWY NB" }, "geometry": { "type": "LineString", "coordinates": [ [ -77.23655, 38.75608 ], [ -77.23694, 38.75585 ] ] } },
{ "type": "Feature", "properties": { "name": "FRANCONIA SPRINGFIELD PKWY" }, "geometry": { "type": "LineString", "coordinates": [ [ -77.21672, 38.75928 ], [ -77.21544, 38.75973 ], [ -77.21425, 38.75999 ] ] } },
{ "type": "Feature", "properties": { "name": "FAIRFAX COUNTY PKWY SB" }, "geometry": { "type": "LineString", "coordinates": [ [ -77.36377, 38.99779 ], [ -77.36514, 38.99509 ], [ -77.3653, 38.99447 ], [ -77.36532, 38.99374 ], [ -77.36524, 38.9934 ], [ -77.36484, 38.99254 ] ] } },
{ "type": "Feature", "properties": { "name": "FAIRFAX COUNTY PKWY NB" }, "geometry": { "type": "LineString", "coordinates": [ [ -77.38218, 38.86263 ], [ -77.38197, 38.8631 ] ] } },
{ "type": "Feature", "properties": { "name": "FAIRFAX COUNTY PKWY NB" }, "geometry": { "type": "LineString", "coordinates": [ [ -77.33403, 38.79286 ], [ -77.33428, 38.7933 ] ] } },
{ "type": "Feature", "properties": { "name": "FAIRFAX COUNTY PKWY NB" }, "geometry": { "type": "LineString", "coordinates": [ [ -77.34341, 38.80996 ], [ -77.34318, 38.8116 ], [ -77.34319, 38.81208 ], [ -77.34337, 38.81281 ], [ -77.34396, 38.81381 ], [ -77.34584, 38.81582 ], [ -77.34743, 38.81805 ] ] } },
{ "type": "Feature", "properties": { "name": "FAIRFAX COUNTY PKWY SB" }, "geometry": { "type": "LineString", "coordinates": [ [ -77.37106, 38.95749 ], [ -77.37127, 38.95722 ] ] } },
{ "type": "Feature", "properties": { "name": "FAIRFAX COUNTY PKWY SB" }, "geometry": { "type": "LineString", "coordinates": [ [ -77.37074, 38.95796 ], [ -77.37106, 38.95749 ] ] } },
{ "type": "Feature", "properties": { "name": "FAIRFAX COUNTY PKWY SB" }, "geometry": { "type": "LineString", "coordinates": [ [ -77.37533, 38.84473 ], [ -77.37502, 38.8442 ], [ -77.37484, 38.84367 ], [ -77.37467, 38.84211 ] ] } },
{ "type": "Feature", "properties": { "name": "FAIRFAX COUNTY PKWY NB" }, "geometry": { "type": "LineString", "coordinates": [ [ -77.38261, 38.87653 ], [ -77.3823, 38.87712 ] ] } },
{ "type": "Feature", "properties": { "name": "FAIRFAX COUNTY PKWY SB" }, "geometry": { "type": "LineString", "coordinates": [ [ -77.27712, 38.75561 ], [ -77.27701, 38.75547 ] ] } },
{ "type": "Feature", "properties": { "name": "FAIRFAX COUNTY PKWY SB" }, "geometry": { "type": "LineString", "coordinates": [ [ -77.38855, 38.85779 ], [ -77.38886, 38.85664 ], [ -77.38887, 38.85572 ], [ -77.3888, 38.85512 ] ] } },
{ "type": "Feature", "properties": { "name": "FAIRFAX COUNTY PKWY SB" }, "geometry": { "type": "LineString", "coordinates": [ [ -77.30198, 38.77897 ], [ -77.30009, 38.77812 ], [ -77.29719, 38.77637 ] ] } },
{ "type": "Feature", "properties": { "name": "FAIRFAX COUNTY PKWY SB" }, "geometry": { "type": "LineString", "coordinates": [ [ -77.17366, 38.72116 ], [ -77.17236, 38.72066 ], [ -77.16939, 38.71909 ] ] } },
{ "type": "Feature", "properties": { "name": "FAIRFAX COUNTY PKWY SB" }, "geometry": { "type": "LineString", "coordinates": [ [ -77.36734, 38.96291 ], [ -77.36826, 38.9615 ] ] } },
{ "type": "Feature", "properties": { "name": "FAIRFAX COUNTY PKWY SB" }, "geometry": { "type": "LineString", "coordinates": [ [ -77.3772, 38.94826 ], [ -77.37969, 38.94555 ], [ -77.38237, 38.94223 ], [ -77.38336, 38.94131 ], [ -77.38437, 38.94001 ] ] } },
{ "type": "Feature", "properties": { "name": "FAIRFAX COUNTY PKWY SB" }, "geometry": { "type": "LineString", "coordinates": [ [ -77.40106, 38.8971 ], [ -77.39999, 38.89683 ], [ -77.39925, 38.89655 ], [ -77.39855, 38.89617 ], [ -77.39781, 38.89561 ], [ -77.39606, 38.89382 ], [ -77.39294, 38.8909 ], [ -77.39224, 38.88997 ], [ -77.39157, 38.88861 ] ] } },
{ "type": "Feature", "properties": { "name": "FRANCONIA SPRINGFIELD PKWY" }, "geometry": { "type": "LineString", "coordinates": [ [ -77.19633, 38.76459 ], [ -77.18966, 38.76454 ], [ -77.18834, 38.76483 ], [ -77.18713, 38.76551 ] ] } },
{ "type": "Feature", "properties": { "name": "FAIRFAX COUNTY PKWY NB" }, "geometry": { "type": "LineString", "coordinates": [ [ -77.38414, 38.93991 ], [ -77.3834, 38.94092 ], [ -77.38218, 38.9421 ], [ -77.37962, 38.94527 ], [ -77.37698, 38.94821 ] ] } },
{ "type": "Feature", "properties": { "name": "FAIRFAX COUNTY PKWY SB" }, "geometry": { "type": "LineString", "coordinates": [ [ -77.18944, 38.73045 ], [ -77.18919, 38.72993 ] ] } },
{ "type": "Feature", "properties": { "name": "FAIRFAX COUNTY PKWY NB" }, "geometry": { "type": "LineString", "coordinates": [ [ -77.21574, 38.75425 ], [ -77.2155, 38.75664 ], [ -77.21572, 38.75761 ] ] } },
{ "type": "Feature", "properties": { "name": "FAIRFAX COUNTY PKWY SB" }, "geometry": { "type": "LineString", "coordinates": [ [ -77.1909, 38.74193 ], [ -77.19024, 38.74086 ] ] } },
{ "type": "Feature", "properties": { "name": "FAIRFAX COUNTY PKWY SB" }, "geometry": { "type": "LineString", "coordinates": [ [ -77.33683, 38.79635 ], [ -77.33626, 38.79593 ], [ -77.33574, 38.79541 ], [ -77.33451, 38.7932 ] ] } },
{ "type": "Feature", "properties": { "name": "FAIRFAX COUNTY PKWY NB" }, "geometry": { "type": "LineString", "coordinates": [ [ -77.22243, 38.75857 ], [ -77.22384, 38.7586 ], [ -77.22502, 38.75832 ] ] } },
{ "type": "Feature", "properties": { "name": "FAIRFAX COUNTY PKWY NB" }, "geometry": { "type": "LineString", "coordinates": [ [ -77.38195, 38.86509 ], [ -77.38207, 38.86551 ] ] } },
{ "type": "Feature", "properties": { "name": "FAIRFAX COUNTY PKWY NB" }, "geometry": { "type": "LineString", "coordinates": [ [ -77.38689, 38.85169 ], [ -77.38762, 38.85269 ], [ -77.38804, 38.85346 ] ] } },
{ "type": "Feature", "properties": { "name": "FAIRFAX COUNTY PKWY NB" }, "geometry": { "type": "LineString", "coordinates": [ [ -77.18717, 38.72814 ], [ -77.1883, 38.72917 ], [ -77.18869, 38.72964 ] ] } },
{ "type": "Feature", "properties": { "name": "FAIRFAX COUNTY PKWY SB" }, "geometry": { "type": "LineString", "coordinates": [ [ -77.40578, 38.90711 ], [ -77.40675, 38.90548 ], [ -77.40692, 38.90489 ], [ -77.40694, 38.90411 ], [ -77.40673, 38.9033 ], [ -77.405, 38.89995 ] ] } },
{ "type": "Feature", "properties": { "name": "FAIRFAX COUNTY PKWY SB" }, "geometry": { "type": "LineString", "coordinates": [ [ -77.29719, 38.77637 ], [ -77.29573, 38.7755 ], [ -77.2944, 38.77455 ], [ -77.29022, 38.77093 ], [ -77.28809, 38.76882 ] ] } },
{ "type": "Feature", "properties": { "name": "FAIRFAX COUNTY PKWY NB" }, "geometry": { "type": "LineString", "coordinates": [ [ -77.3272, 38.78861 ], [ -77.33024, 38.78929 ] ] } },
{ "type": "Feature", "properties": { "name": "FAIRFAX COUNTY PKWY SB" }, "geometry": { "type": "LineString", "coordinates": [ [ -77.405, 38.89995 ], [ -77.40434, 38.89902 ], [ -77.40346, 38.89824 ], [ -77.4023, 38.89756 ], [ -77.40106, 38.8971 ] ] } },
{ "type": "Feature", "properties": { "name": "FAIRFAX COUNTY PKWY SB" }, "geometry": { "type": "LineString", "coordinates": [ [ -77.39087, 38.9306 ], [ -77.39112, 38.93022 ] ] } },
{ "type": "Feature", "properties": { "name": "FAIRFAX COUNTY PKWY NB" }, "geometry": { "type": "LineString", "coordinates": [ [ -77.16391, 38.71046 ], [ -77.1639, 38.71078 ] ] } },
{ "type": "Feature", "properties": { "name": "FAIRFAX COUNTY PKWY NB" }, "geometry": { "type": "LineString", "coordinates": [ [ -77.32341, 38.78727 ], [ -77.32432, 38.78753 ], [ -77.32652, 38.78841 ] ] } },
{ "type": "Feature", "properties": { "name": "FAIRFAX COUNTY PKWY NB" }, "geometry": { "type": "LineString", "coordinates": [ [ -77.26676, 38.7516 ], [ -77.26688, 38.75164 ] ] } },
{ "type": "Feature", "properties": { "name": "FAIRFAX COUNTY PKWY SB" }, "geometry": { "type": "LineString", "coordinates": [ [ -77.34287, 38.80345 ], [ -77.34236, 38.80231 ], [ -77.3418, 38.80133 ], [ -77.3404, 38.79939 ] ] } },
{ "type": "Feature", "properties": { "name": "FAIRFAX COUNTY PKWY SB" }, "geometry": { "type": "LineString", "coordinates": [ [ -77.18919, 38.72993 ], [ -77.18886, 38.72948 ] ] } },
{ "type": "Feature", "properties": { "name": "FAIRFAX COUNTY PKWY NB" }, "geometry": { "type": "LineString", "coordinates": [ [ -77.22502, 38.75832 ], [ -77.22667, 38.75779 ] ] } },
{ "type": "Feature", "properties": { "name": "FRANCONIA SPRINGFIELD PKWY" }, "geometry": { "type": "LineString", "coordinates": [ [ -77.16639, 38.76789 ], [ -77.16781, 38.76828 ] ] } },
{ "type": "Feature", "properties": { "name": "FAIRFAX COUNTY PKWY SB" }, "geometry": { "type": "LineString", "coordinates": [ [ -77.36551, 38.96571 ], [ -77.36734, 38.96291 ] ] } },
{ "type": "Feature", "properties": { "name": "FAIRFAX COUNTY PKWY NB" }, "geometry": { "type": "LineString", "coordinates": [ [ -77.23355, 38.75727 ], [ -77.23534, 38.75665 ], [ -77.23655, 38.75608 ] ] } },
{ "type": "Feature", "properties": { "name": "FAIRFAX COUNTY PKWY SB" }, "geometry": { "type": "LineString", "coordinates": [ [ -77.39157, 38.88861 ], [ -77.39026, 38.88513 ], [ -77.38956, 38.88392 ], [ -77.38884, 38.88312 ], [ -77.38806, 38.88251 ], [ -77.38712, 38.88198 ], [ -77.386, 38.88151 ] ] } },
{ "type": "Feature", "properties": { "name": "FAIRFAX COUNTY PKWY SB" }, "geometry": { "type": "LineString", "coordinates": [ [ -77.21767, 38.7594 ], [ -77.2171, 38.7589 ] ] } },
{ "type": "Feature", "properties": { "name": "FAIRFAX COUNTY PKWY NB" }, "geometry": { "type": "LineString", "coordinates": [ [ -77.16389, 38.71497 ], [ -77.16434, 38.71605 ], [ -77.16514, 38.717 ], [ -77.16591, 38.71755 ], [ -77.16816, 38.71876 ] ] } },
{ "type": "Feature", "properties": { "name": "FAIRFAX COUNTY PKWY NB" }, "geometry": { "type": "LineString", "coordinates": [ [ -77.2772, 38.75595 ], [ -77.2782, 38.75733 ], [ -77.27895, 38.75821 ] ] } },
{ "type": "Feature", "properties": { "name": "FAIRFAX COUNTY PKWY NB" }, "geometry": { "type": "LineString", "coordinates": [ [ -77.19284, 38.74437 ], [ -77.19312, 38.7446 ] ] } },
{ "type": "Feature", "properties": { "name": "FAIRFAX COUNTY PKWY NB" }, "geometry": { "type": "LineString", "coordinates": [ [ -77.16392, 38.70825 ], [ -77.16391, 38.71046 ] ] } },
{ "type": "Feature", "properties": { "name": "FAIRFAX COUNTY PKWY SB" }, "geometry": { "type": "LineString", "coordinates": [ [ -77.33697, 38.79645 ], [ -77.33683, 38.79635 ] ] } },
{ "type": "Feature", "properties": { "name": "FAIRFAX COUNTY PKWY SB" }, "geometry": { "type": "LineString", "coordinates": [ [ -77.18886, 38.72948 ], [ -77.18844, 38.72897 ], [ -77.18737, 38.72801 ] ] } },
{ "type": "Feature", "properties": { "name": "FAIRFAX COUNTY PKWY NB" }, "geometry": { "type": "LineString", "coordinates": [ [ -77.26066, 38.74924 ], [ -77.26286, 38.75 ], [ -77.26398, 38.75058 ] ] } },
{ "type": "Feature", "properties": { "name": "FAIRFAX COUNTY PKWY NB" }, "geometry": { "type": "LineString", "coordinates": [ [ -77.38207, 38.86551 ], [ -77.38281, 38.8684 ] ] } },
{ "type": "Feature", "properties": { "name": "FAIRFAX COUNTY PKWY NB" }, "geometry": { "type": "LineString", "coordinates": [ [ -77.38708, 38.85931 ], [ -77.38609, 38.8599 ], [ -77.38433, 38.86065 ] ] } },
{ "type": "Feature", "properties": { "name": "FAIRFAX COUNTY PKWY NB" }, "geometry": { "type": "LineString", "coordinates": [ [ -77.2769, 38.75558 ], [ -77.27703, 38.75572 ] ] } },
{ "type": "Feature", "properties": { "name": "FAIRFAX COUNTY PKWY SB" }, "geometry": { "type": "LineString", "coordinates": [ [ -77.36484, 38.99254 ], [ -77.3648, 38.99246 ] ] } },
{ "type": "Feature", "properties": { "name": "FAIRFAX COUNTY PKWY SB" }, "geometry": { "type": "LineString", "coordinates": [ [ -77.19295, 38.74424 ], [ -77.19184, 38.74316 ], [ -77.19108, 38.7422 ] ] } },
{ "type": "Feature", "properties": { "name": "FAIRFAX COUNTY PKWY SB" }, "geometry": { "type": "LineString", "coordinates": [ [ -77.37519, 38.95169 ], [ -77.37665, 38.94901 ], [ -77.3771, 38.94838 ] ] } },
{ "type": "Feature", "properties": { "name": "FAIRFAX COUNTY PKWY SB" }, "geometry": { "type": "LineString", "coordinates": [ [ -77.38756, 38.85925 ], [ -77.38818, 38.85853 ], [ -77.38855, 38.85779 ] ] } },
{ "type": "Feature", "properties": { "name": "FAIRFAX COUNTY PKWY SB" }, "geometry": { "type": "LineString", "coordinates": [ [ -77.38728, 38.85945 ], [ -77.38756, 38.85925 ] ] } },
{ "type": "Feature", "properties": { "name": "FAIRFAX COUNTY PKWY NB" }, "geometry": { "type": "LineString", "coordinates": [ [ -77.38778, 38.85864 ], [ -77.38734, 38.85911 ] ] } },
{ "type": "Feature", "properties": { "name": "FAIRFAX COUNTY PKWY NB" }, "geometry": { "type": "LineString", "coordinates": [ [ -77.38734, 38.85911 ], [ -77.38708, 38.85931 ] ] } },
{ "type": "Feature", "properties": { "name": "FAIRFAX COUNTY PKWY NB" }, "geometry": { "type": "LineString", "coordinates": [ [ -77.1856, 38.72672 ], [ -77.1868, 38.7278 ] ] } },
{ "type": "Feature", "properties": { "name": "FAIRFAX COUNTY PKWY SB" }, "geometry": { "type": "LineString", "coordinates": [ [ -77.38221, 38.86316 ], [ -77.38242, 38.86268 ] ] } },
{ "type": "Feature", "properties": { "name": "FAIRFAX COUNTY PKWY SB" }, "geometry": { "type": "LineString", "coordinates": [ [ -77.36833, 38.9614 ], [ -77.36989, 38.95905 ] ] } },
{ "type": "Feature", "properties": { "name": "FAIRFAX COUNTY PKWY SB" }, "geometry": { "type": "LineString", "coordinates": [ [ -77.26682, 38.75149 ], [ -77.26406, 38.75045 ] ] } },
{ "type": "Feature", "properties": { "name": "FAIRFAX COUNTY PKWY NB" }, "geometry": { "type": "LineString", "coordinates": [ [ -77.39674, 38.92087 ], [ -77.39601, 38.92233 ], [ -77.39082, 38.93024 ] ] } },
{ "type": "Feature", "properties": { "name": "FAIRFAX COUNTY PKWY SB" }, "geometry": { "type": "LineString", "coordinates": [ [ -77.34365, 38.80999 ], [ -77.34381, 38.80852 ], [ -77.34375, 38.80691 ], [ -77.3434, 38.80506 ], [ -77.343, 38.8038 ] ] } },
{ "type": "Feature", "properties": { "name": "FAIRFAX COUNTY PKWY NB" }, "geometry": { "type": "LineString", "coordinates": [ [ -77.22667, 38.75779 ], [ -77.22753, 38.75751 ] ] } },
{ "type": "Feature", "properties": { "name": "FAIRFAX COUNTY PKWY SB" }, "geometry": { "type": "LineString", "coordinates": [ [ -77.22645, 38.75766 ], [ -77.22491, 38.75815 ] ] } },
{ "type": "Feature", "properties": { "name": "FAIRFAX COUNTY PKWY NB" }, "geometry": { "type": "LineString", "coordinates": [ [ -77.33681, 38.79658 ], [ -77.33779, 38.79705 ], [ -77.33861, 38.79759 ], [ -77.33955, 38.79866 ] ] } },
{ "type": "Feature", "properties": { "name": "FAIRFAX COUNTY PKWY NB" }, "geometry": { "type": "LineString", "coordinates": [ [ -77.34266, 38.80354 ], [ -77.3428, 38.8039 ] ] } },
{ "type": "Feature", "properties": { "name": "FAIRFAX COUNTY PKWY SB" }, "geometry": { "type": "LineString", "coordinates": [ [ -77.38257, 38.87707 ], [ -77.38333, 38.87591 ] ] } },
{ "type": "Feature", "properties": { "name": "FAIRFAX COUNTY PKWY NB" }, "geometry": { "type": "LineString", "coordinates": [ [ -77.24174, 38.75174 ], [ -77.2442, 38.74981 ] ] } },
{ "type": "Feature", "properties": { "name": "FRANCONIA SPRINGFIELD PKWY" }, "geometry": { "type": "LineString", "coordinates": [ [ -77.18559, 38.76717 ], [ -77.18453, 38.76843 ], [ -77.18398, 38.76889 ], [ -77.18344, 38.76922 ] ] } },
{ "type": "Feature", "properties": { "name": "FRANCONIA SPRINGFIELD PKWY" }, "geometry": { "type": "LineString", "coordinates": [ [ -77.18322, 38.76964 ], [ -77.18438, 38.76883 ], [ -77.18509, 38.76808 ] ] } },
{ "type": "Feature", "properties": { "name": "FRANCONIA SPRINGFIELD PKWY" }, "geometry": { "type": "LineString", "coordinates": [ [ -77.17516, 38.77004 ], [ -77.17875, 38.7708 ], [ -77.17964, 38.77085 ], [ -77.18053, 38.77076 ] ] } },
{ "type": "Feature", "properties": { "name": "FAIRFAX COUNTY PKWY NB" }, "geometry": { "type": "LineString", "coordinates": [ [ -77.37554, 38.84538 ], [ -77.37589, 38.84576 ], [ -77.37686, 38.84646 ], [ -77.37793, 38.84696 ], [ -77.37866, 38.84717 ] ] } },
{ "type": "Feature", "properties": { "name": "FAIRFAX COUNTY PKWY NB" }, "geometry": { "type": "LineString", "coordinates": [ [ -77.3751, 38.84478 ], [ -77.37554, 38.84538 ] ] } },
{ "type": "Feature", "properties": { "name": "FAIRFAX COUNTY PKWY SB" }, "geometry": { "type": "LineString", "coordinates": [ [ -77.37801, 38.84678 ], [ -77.3766, 38.84607 ], [ -77.3758, 38.84533 ] ] } },
{ "type": "Feature", "properties": { "name": "FAIRFAX COUNTY PKWY SB" }, "geometry": { "type": "LineString", "coordinates": [ [ -77.3758, 38.84533 ], [ -77.37533, 38.84473 ] ] } },
{ "type": "Feature", "properties": { "name": "FRANCONIA SPRINGFIELD PKWY" }, "geometry": { "type": "LineString", "coordinates": [ [ -77.17525, 38.76992 ], [ -77.1715, 38.76912 ] ] } },
{ "type": "Feature", "properties": { "name": "FAIRFAX COUNTY PKWY SB" }, "geometry": { "type": "LineString", "coordinates": [ [ -77.24398, 38.74966 ], [ -77.24174, 38.75144 ] ] } },
{ "type": "Feature", "properties": { "name": "FRANCONIA SPRINGFIELD PKWY" }, "geometry": { "type": "LineString", "coordinates": [ [ -77.16781, 38.76828 ], [ -77.17075, 38.76908 ] ] } },
{ "type": "Feature", "properties": { "name": "FAIRFAX COUNTY PKWY SB" }, "geometry": { "type": "LineString", "coordinates": [ [ -77.38333, 38.87591 ], [ -77.38367, 38.87537 ] ] } },
{ "type": "Feature", "properties": { "name": "FAIRFAX COUNTY PKWY SB" }, "geometry": { "type": "LineString", "coordinates": [ [ -77.38367, 38.87537 ], [ -77.38376, 38.87523 ] ] } },
{ "type": "Feature", "properties": { "name": "FAIRFAX COUNTY PKWY NB" }, "geometry": { "type": "LineString", "coordinates": [ [ -77.38305, 38.87582 ], [ -77.38261, 38.87653 ] ] } },
{ "type": "Feature", "properties": { "name": "FAIRFAX COUNTY PKWY NB" }, "geometry": { "type": "LineString", "coordinates": [ [ -77.3834, 38.87528 ], [ -77.38305, 38.87582 ] ] } },
{ "type": "Feature", "properties": { "name": "FAIRFAX COUNTY PKWY SB" }, "geometry": { "type": "LineString", "coordinates": [ [ -77.24825, 38.74626 ], [ -77.24751, 38.74672 ], [ -77.24635, 38.74768 ] ] } },
{ "type": "Feature", "properties": { "name": "FAIRFAX COUNTY PKWY NB" }, "geometry": { "type": "LineString", "coordinates": [ [ -77.19004, 38.74089 ], [ -77.19046, 38.7416 ] ] } },
{ "type": "Feature", "properties": { "name": "FAIRFAX COUNTY PKWY NB" }, "geometry": { "type": "LineString", "coordinates": [ [ -77.18971, 38.74034 ], [ -77.19004, 38.74089 ] ] } },
{ "type": "Feature", "properties": { "name": "FAIRFAX COUNTY PKWY SB" }, "geometry": { "type": "LineString", "coordinates": [ [ -77.38447, 38.8608 ], [ -77.38634, 38.86 ], [ -77.38728, 38.85945 ] ] } },
{ "type": "Feature", "properties": { "name": "FAIRFAX COUNTY PKWY NB" }, "geometry": { "type": "LineString", "coordinates": [ [ -77.35449, 38.82302 ], [ -77.35928, 38.82255 ], [ -77.36058, 38.82269 ], [ -77.36169, 38.82306 ], [ -77.36251, 38.8235 ], [ -77.3633, 38.82418 ], [ -77.36652, 38.82854 ] ] } },
{ "type": "Feature", "properties": { "name": "FAIRFAX COUNTY PKWY NB" }, "geometry": { "type": "LineString", "coordinates": [ [ -77.38383, 38.87418 ], [ -77.38358, 38.87501 ], [ -77.3834, 38.87528 ] ] } },
{ "type": "Feature", "properties": { "name": "FAIRFAX COUNTY PKWY SB" }, "geometry": { "type": "LineString", "coordinates": [ [ -77.36884, 38.83096 ], [ -77.36752, 38.82952 ], [ -77.367, 38.82882 ] ] } },
{ "type": "Feature", "properties": { "name": "FAIRFAX COUNTY PKWY SB" }, "geometry": { "type": "LineString", "coordinates": [ [ -77.367, 38.82882 ], [ -77.36674, 38.82845 ] ] } },
{ "type": "Feature", "properties": { "name": "FAIRFAX COUNTY PKWY NB" }, "geometry": { "type": "LineString", "coordinates": [ [ -77.3668, 38.82889 ], [ -77.36705, 38.82923 ] ] } },
{ "type": "Feature", "properties": { "name": "FAIRFAX COUNTY PKWY NB" }, "geometry": { "type": "LineString", "coordinates": [ [ -77.36652, 38.82854 ], [ -77.3668, 38.82889 ] ] } },
{ "type": "Feature", "properties": { "name": "FAIRFAX COUNTY PKWY NB" }, "geometry": { "type": "LineString", "coordinates": [ [ -77.25144, 38.74546 ], [ -77.25301, 38.74541 ], [ -77.2541, 38.74555 ] ] } },
{ "type": "Feature", "properties": { "name": "FAIRFAX COUNTY PKWY NB" }, "geometry": { "type": "LineString", "coordinates": [ [ -77.25044, 38.74562 ], [ -77.25144, 38.74546 ] ] } },
{ "type": "Feature", "properties": { "name": "FAIRFAX COUNTY PKWY SB" }, "geometry": { "type": "LineString", "coordinates": [ [ -77.25418, 38.74533 ], [ -77.25265, 38.74521 ], [ -77.25137, 38.74528 ] ] } },
{ "type": "Feature", "properties": { "name": "FAIRFAX COUNTY PKWY SB" }, "geometry": { "type": "LineString", "coordinates": [ [ -77.25137, 38.74528 ], [ -77.25038, 38.74546 ] ] } },
{ "type": "Feature", "properties": { "name": "FRANCONIA SPRINGFIELD PKWY" }, "geometry": { "type": "LineString", "coordinates": [ [ -77.17148, 38.76925 ], [ -77.17516, 38.77004 ] ] } },
{ "type": "Feature", "properties": { "name": "FRANCONIA SPRINGFIELD PKWY" }, "geometry": { "type": "LineString", "coordinates": [ [ -77.17075, 38.76908 ], [ -77.17148, 38.76925 ] ] } },
{ "type": "Feature", "properties": { "name": "FRANCONIA SPRINGFIELD PKWY" }, "geometry": { "type": "LineString", "coordinates": [ [ -77.17076, 38.76894 ], [ -77.16789, 38.76814 ] ] } },
{ "type": "Feature", "properties": { "name": "FRANCONIA SPRINGFIELD PKWY" }, "geometry": { "type": "LineString", "coordinates": [ [ -77.1715, 38.76912 ], [ -77.17076, 38.76894 ] ] } },
{ "type": "Feature", "properties": { "name": "FRANCONIA SPRINGFIELD PKWY" }, "geometry": { "type": "LineString", "coordinates": [ [ -77.16459, 38.76737 ], [ -77.16591, 38.76776 ] ] } },
{ "type": "Feature", "properties": { "name": "FRANCONIA SPRINGFIELD PKWY" }, "geometry": { "type": "LineString", "coordinates": [ [ -77.16615, 38.76767 ], [ -77.16479, 38.7673 ] ] } },
{ "type": "Feature", "properties": { "name": "FRANCONIA SPRINGFIELD PKWY" }, "geometry": { "type": "LineString", "coordinates": [ [ -77.16591, 38.76776 ], [ -77.16639, 38.76789 ] ] } },
{ "type": "Feature", "properties": { "name": "FRANCONIA SPRINGFIELD PKWY" }, "geometry": { "type": "LineString", "coordinates": [ [ -77.16229, 38.76677 ], [ -77.16459, 38.76737 ] ] } },
{ "type": "Feature", "properties": { "name": "FRANCONIA SPRINGFIELD PKWY" }, "geometry": { "type": "LineString", "coordinates": [ [ -77.16789, 38.76814 ], [ -77.16615, 38.76767 ] ] } },
{ "type": "Feature", "properties": { "name": "FRANCONIA SPRINGFIELD PKWY" }, "geometry": { "type": "LineString", "coordinates": [ [ -77.16201, 38.76655 ], [ -77.15586, 38.76546 ] ] } },
{ "type": "Feature", "properties": { "name": "FAIRFAX COUNTY PKWY NB" }, "geometry": { "type": "LineString", "coordinates": [ [ -77.37688, 38.94834 ], [ -77.37643, 38.949 ], [ -77.3746, 38.95221 ] ] } },
{ "type": "Feature", "properties": { "name": "FAIRFAX COUNTY PKWY SB" }, "geometry": { "type": "LineString", "coordinates": [ [ -77.36674, 38.82845 ], [ -77.36505, 38.82612 ] ] } },
{ "type": "Feature", "properties": { "name": "FAIRFAX COUNTY PKWY SB" }, "geometry": { "type": "LineString", "coordinates": [ [ -77.37127, 38.95722 ], [ -77.37236, 38.95567 ] ] } },
{ "type": "Feature", "properties": { "name": "FAIRFAX COUNTY PKWY NB" }, "geometry": { "type": "LineString", "coordinates": [ [ -77.37426, 38.95273 ], [ -77.37359, 38.95364 ] ] } },
{ "type": "Feature", "properties": { "name": "FAIRFAX COUNTY PKWY NB" }, "geometry": { "type": "LineString", "coordinates": [ [ -77.37339, 38.95392 ], [ -77.37298, 38.95449 ] ] } },
{ "type": "Feature", "properties": { "name": "FAIRFAX COUNTY PKWY NB" }, "geometry": { "type": "LineString", "coordinates": [ [ -77.37008, 38.95847 ], [ -77.3681, 38.96131 ] ] } },
{ "type": "Feature", "properties": { "name": "FAIRFAX COUNTY PKWY SB" }, "geometry": { "type": "LineString", "coordinates": [ [ -77.37236, 38.95567 ], [ -77.3736, 38.95394 ] ] } },
{ "type": "Feature", "properties": { "name": "FAIRFAX COUNTY PKWY NB" }, "geometry": { "type": "LineString", "coordinates": [ [ -77.37298, 38.95449 ], [ -77.37185, 38.95599 ] ] } },
{ "type": "Feature", "properties": { "name": "FAIRFAX COUNTY PKWY SB" }, "geometry": { "type": "LineString", "coordinates": [ [ -77.36504, 39.00971 ], [ -77.36544, 39.00927 ], [ -77.36587, 39.00856 ], [ -77.36616, 39.00766 ], [ -77.3662, 39.00703 ], [ -77.36578, 39.00538 ] ] } },
{ "type": "Feature", "properties": { "name": "FAIRFAX COUNTY PKWY NB" }, "geometry": { "type": "LineString", "coordinates": [ [ -77.36037, 38.97972 ], [ -77.35924, 38.98159 ], [ -77.35902, 38.98211 ], [ -77.35868, 38.98321 ], [ -77.35856, 38.98413 ], [ -77.3588, 38.98521 ], [ -77.3597, 38.9874 ], [ -77.36009, 38.98812 ], [ -77.36092, 38.98919 ] ] } },
{ "type": "Feature", "properties": { "name": "FAIRFAX COUNTY PKWY NB" }, "geometry": { "type": "LineString", "coordinates": [ [ -77.17889, 38.72252 ], [ -77.17997, 38.72275 ], [ -77.18076, 38.72304 ], [ -77.18168, 38.72347 ], [ -77.18281, 38.72434 ] ] } },
{ "type": "Feature", "properties": { "name": "FAIRFAX COUNTY PKWY NB" }, "geometry": { "type": "LineString", "coordinates": [ [ -77.36092, 38.98919 ], [ -77.36169, 38.98986 ], [ -77.36381, 38.99141 ], [ -77.36442, 38.99211 ], [ -77.36457, 38.99242 ] ] } },
{ "type": "Feature", "properties": { "name": "FAIRFAX COUNTY PKWY NB" }, "geometry": { "type": "LineString", "coordinates": [ [ -77.1757, 38.72182 ], [ -77.17889, 38.72252 ] ] } },
{ "type": "Feature", "properties": { "name": "FAIRFAX COUNTY PKWY NB" }, "geometry": { "type": "LineString", "coordinates": [ [ -77.36461, 38.99251 ], [ -77.36504, 38.99365 ], [ -77.36509, 38.99419 ], [ -77.365, 38.99473 ], [ -77.36353, 38.99774 ] ] } },
{ "type": "Feature", "properties": { "name": "FAIRFAX COUNTY PKWY NB" }, "geometry": { "type": "LineString", "coordinates": [ [ -77.36353, 38.99774 ], [ -77.36319, 38.99893 ], [ -77.36313, 38.9999 ], [ -77.36321, 39.00072 ], [ -77.36367, 39.00207 ], [ -77.36504, 39.00418 ], [ -77.36553, 39.00531 ] ] } },
{ "type": "Feature", "properties": { "name": "FAIRFAX COUNTY PKWY NB" }, "geometry": { "type": "LineString", "coordinates": [ [ -77.21786, 38.75911 ], [ -77.2191, 38.75862 ], [ -77.21992, 38.7584 ], [ -77.22062, 38.75837 ], [ -77.22243, 38.75857 ] ] } },
{ "type": "Feature", "properties": { "name": "FAIRFAX COUNTY PKWY SB" }, "geometry": { "type": "LineString", "coordinates": [ [ -77.24114, 38.7519 ], [ -77.23886, 38.75371 ] ] } },
{ "type": "Feature", "properties": { "name": "FAIRFAX COUNTY PKWY SB" }, "geometry": { "type": "LineString", "coordinates": [ [ -77.24174, 38.75144 ], [ -77.24114, 38.7519 ] ] } },
{ "type": "Feature", "properties": { "name": "FAIRFAX COUNTY PKWY NB" }, "geometry": { "type": "LineString", "coordinates": [ [ -77.23891, 38.75401 ], [ -77.24115, 38.7522 ] ] } },
{ "type": "Feature", "properties": { "name": "FAIRFAX COUNTY PKWY NB" }, "geometry": { "type": "LineString", "coordinates": [ [ -77.24115, 38.7522 ], [ -77.24174, 38.75174 ] ] } },
{ "type": "Feature", "properties": { "name": "FRANCONIA SPRINGFIELD PKWY" }, "geometry": { "type": "LineString", "coordinates": [ [ -77.18203, 38.77029 ], [ -77.18249, 38.77006 ] ] } },
{ "type": "Feature", "properties": { "name": "FAIRFAX COUNTY PKWY NB" }, "geometry": { "type": "LineString", "coordinates": [ [ -77.36198, 38.97497 ], [ -77.36208, 38.97608 ], [ -77.362, 38.97693 ], [ -77.36111, 38.9787 ], [ -77.36037, 38.97972 ] ] } },
{ "type": "Feature", "properties": { "name": "FRANCONIA SPRINGFIELD PKWY" }, "geometry": { "type": "LineString", "coordinates": [ [ -77.18344, 38.76922 ], [ -77.18273, 38.76963 ] ] } },
{ "type": "Feature", "properties": { "name": "FRANCONIA SPRINGFIELD PKWY" }, "geometry": { "type": "LineString", "coordinates": [ [ -77.18249, 38.77006 ], [ -77.1826, 38.77001 ] ] } },
{ "type": "Feature", "properties": { "name": "FAIRFAX COUNTY PKWY SB" }, "geometry": { "type": "LineString", "coordinates": [ [ -77.3823, 38.87799 ], [ -77.38257, 38.87707 ] ] } },
{ "type": "Feature", "properties": { "name": "FAIRFAX COUNTY PKWY NB" }, "geometry": { "type": "LineString", "coordinates": [ [ -77.38386, 38.87369 ], [ -77.38383, 38.87418 ] ] } },
{ "type": "Feature", "properties": { "name": "FRANCONIA SPRINGFIELD PKWY" }, "geometry": { "type": "LineString", "coordinates": [ [ -77.21684, 38.75947 ], [ -77.21735, 38.75929 ] ] } },
{ "type": "Feature", "properties": { "name": "FAIRFAX COUNTY PKWY NB" }, "geometry": { "type": "LineString", "coordinates": [ [ -77.23694, 38.75585 ], [ -77.23717, 38.75569 ] ] } },
{ "type": "Feature", "properties": { "name": "FAIRFAX COUNTY PKWY SB" }, "geometry": { "type": "LineString", "coordinates": [ [ -77.32718, 38.78839 ], [ -77.32681, 38.78828 ] ] } },
{ "type": "Feature", "properties": { "name": "FRANCONIA SPRINGFIELD PKWY" }, "geometry": { "type": "LineString", "coordinates": [ [ -77.21716, 38.75911 ], [ -77.21672, 38.75928 ] ] } },
{ "type": "Feature", "properties": { "name": "FAIRFAX COUNTY PKWY SB" }, "geometry": { "type": "LineString", "coordinates": [ [ -77.38708, 38.8516 ], [ -77.38688, 38.8513 ] ] } },
{ "type": "Feature", "properties": { "name": "FAIRFAX COUNTY PKWY NB" }, "geometry": { "type": "LineString", "coordinates": [ [ -77.38587, 38.85039 ], [ -77.38689, 38.85169 ] ] } },
{ "type": "Feature", "properties": { "name": "FAIRFAX COUNTY PKWY SB" }, "geometry": { "type": "LineString", "coordinates": [ [ -77.36912, 38.83123 ], [ -77.36884, 38.83096 ] ] } },
{ "type": "Feature", "properties": { "name": "FAIRFAX COUNTY PKWY NB" }, "geometry": { "type": "LineString", "coordinates": [ [ -77.36888, 38.83131 ], [ -77.36898, 38.83141 ] ] } },
{ "type": "Feature", "properties": { "name": "FAIRFAX COUNTY PKWY SB" }, "geometry": { "type": "LineString", "coordinates": [ [ -77.18572, 38.72654 ], [ -77.18371, 38.72483 ] ] } },
{ "type": "Feature", "properties": { "name": "FAIRFAX COUNTY PKWY NB" }, "geometry": { "type": "LineString", "coordinates": [ [ -77.19312, 38.7446 ], [ -77.19409, 38.74523 ] ] } },
{ "type": "Feature", "properties": { "name": "FAIRFAX COUNTY PKWY NB" }, "geometry": { "type": "LineString", "coordinates": [ [ -77.19409, 38.74523 ], [ -77.19485, 38.74556 ], [ -77.19634, 38.74583 ] ] } },
{ "type": "Feature", "properties": { "name": "FAIRFAX COUNTY PKWY NB" }, "geometry": { "type": "LineString", "coordinates": [ [ -77.19772, 38.7457 ], [ -77.2031, 38.74533 ] ] } },
{ "type": "Feature", "properties": { "name": "FAIRFAX COUNTY PKWY NB" }, "geometry": { "type": "LineString", "coordinates": [ [ -77.19634, 38.74583 ], [ -77.19772, 38.7457 ] ] } },
{ "type": "Feature", "properties": { "name": "FAIRFAX COUNTY PKWY SB" }, "geometry": { "type": "LineString", "coordinates": [ [ -77.20424, 38.74506 ], [ -77.19905, 38.74537 ] ] } },
{ "type": "Feature", "properties": { "name": "FAIRFAX COUNTY PKWY SB" }, "geometry": { "type": "LineString", "coordinates": [ [ -77.19905, 38.74537 ], [ -77.19765, 38.74548 ] ] } },
{ "type": "Feature", "properties": { "name": "FAIRFAX COUNTY PKWY SB" }, "geometry": { "type": "LineString", "coordinates": [ [ -77.19765, 38.74548 ], [ -77.19635, 38.74555 ] ] } },
{ "type": "Feature", "properties": { "name": "FAIRFAX COUNTY PKWY SB" }, "geometry": { "type": "LineString", "coordinates": [ [ -77.19635, 38.74555 ], [ -77.19569, 38.74551 ], [ -77.19475, 38.74531 ] ] } },
{ "type": "Feature", "properties": { "name": "FAIRFAX COUNTY PKWY SB" }, "geometry": { "type": "LineString", "coordinates": [ [ -77.19475, 38.74531 ], [ -77.19381, 38.74486 ], [ -77.19324, 38.74446 ] ] } },
{ "type": "Feature", "properties": { "name": "FAIRFAX COUNTY PKWY NB" }, "geometry": { "type": "LineString", "coordinates": [ [ -77.2031, 38.74533 ], [ -77.20491, 38.74526 ], [ -77.20619, 38.74541 ], [ -77.20755, 38.746 ], [ -77.20842, 38.74669 ] ] } },
{ "type": "Feature", "properties": { "name": "FAIRFAX COUNTY PKWY SB" }, "geometry": { "type": "LineString", "coordinates": [ [ -77.20842, 38.74635 ], [ -77.20771, 38.74583 ], [ -77.20646, 38.74528 ], [ -77.20568, 38.7451 ], [ -77.20424, 38.74506 ] ] } },
{ "type": "Feature", "properties": { "name": "FAIRFAX COUNTY PKWY NB" }, "geometry": { "type": "LineString", "coordinates": [ [ -77.20842, 38.74669 ], [ -77.20915, 38.74741 ] ] } },
{ "type": "Feature", "properties": { "name": "FAIRFAX COUNTY PKWY SB" }, "geometry": { "type": "LineString", "coordinates": [ [ -77.20934, 38.74726 ], [ -77.20842, 38.74635 ] ] } },
{ "type": "Feature", "properties": { "name": "FAIRFAX COUNTY PKWY NB" }, "geometry": { "type": "LineString", "coordinates": [ [ -77.20915, 38.74741 ], [ -77.21095, 38.7493 ] ] } },
{ "type": "Feature", "properties": { "name": "FAIRFAX COUNTY PKWY SB" }, "geometry": { "type": "LineString", "coordinates": [ [ -77.21249, 38.75031 ], [ -77.21212, 38.75009 ], [ -77.20934, 38.74726 ] ] } },
{ "type": "Feature", "properties": { "name": "FAIRFAX COUNTY PKWY NB" }, "geometry": { "type": "LineString", "coordinates": [ [ -77.21095, 38.7493 ], [ -77.21199, 38.75035 ], [ -77.21424, 38.75221 ] ] } },
{ "type": "Feature", "properties": { "name": "FAIRFAX COUNTY PKWY SB" }, "geometry": { "type": "LineString", "coordinates": [ [ -77.21448, 38.75202 ], [ -77.21306, 38.75091 ], [ -77.21249, 38.75031 ] ] } },
{ "type": "Feature", "properties": { "name": "FAIRFAX COUNTY PKWY NB" }, "geometry": { "type": "LineString", "coordinates": [ [ -77.36716, 38.96269 ], [ -77.36527, 38.96569 ] ] } },
{ "type": "Feature", "properties": { "name": "FAIRFAX COUNTY PKWY NB" }, "geometry": { "type": "LineString", "coordinates": [ [ -77.36527, 38.96569 ], [ -77.36458, 38.96669 ] ] } },
{ "type": "Feature", "properties": { "name": "FAIRFAX COUNTY PKWY SB" }, "geometry": { "type": "LineString", "coordinates": [ [ -77.18371, 38.72483 ], [ -77.18298, 38.72421 ] ] } },
{ "type": "Feature", "properties": { "name": "FAIRFAX COUNTY PKWY SB" }, "geometry": { "type": "LineString", "coordinates": [ [ -77.25038, 38.74546 ], [ -77.24876, 38.746 ] ] } },
{ "type": "Feature", "properties": { "name": "FAIRFAX COUNTY PKWY SB" }, "geometry": { "type": "LineString", "coordinates": [ [ -77.24876, 38.746 ], [ -77.24825, 38.74626 ] ] } },
{ "type": "Feature", "properties": { "name": "FAIRFAX COUNTY PKWY NB" }, "geometry": { "type": "LineString", "coordinates": [ [ -77.24891, 38.74615 ], [ -77.25044, 38.74562 ] ] } },
{ "type": "Feature", "properties": { "name": "FAIRFAX COUNTY PKWY NB" }, "geometry": { "type": "LineString", "coordinates": [ [ -77.24842, 38.7464 ], [ -77.24891, 38.74615 ] ] } },
{ "type": "Feature", "properties": { "name": "FRANCONIA SPRINGFIELD PKWY" }, "geometry": { "type": "LineString", "coordinates": [ [ -77.16479, 38.7673 ], [ -77.16201, 38.76655 ] ] } },
{ "type": "Feature", "properties": { "name": "FRANCONIA SPRINGFIELD PKWY" }, "geometry": { "type": "LineString", "coordinates": [ [ -77.21425, 38.75999 ], [ -77.21177, 38.76039 ] ] } },
{ "type": "Feature", "properties": { "name": "FRANCONIA SPRINGFIELD PKWY" }, "geometry": { "type": "LineString", "coordinates": [ [ -77.18273, 38.76963 ], [ -77.1811, 38.77044 ], [ -77.18038, 38.77063 ] ] } },
{ "type": "Feature", "properties": { "name": "FRANCONIA SPRINGFIELD PKWY" }, "geometry": { "type": "LineString", "coordinates": [ [ -77.18053, 38.77076 ], [ -77.18203, 38.77029 ] ] } },
{ "type": "Feature", "properties": { "name": "FAIRFAX COUNTY PKWY NB" }, "geometry": { "type": "LineString", "coordinates": [ [ -77.21483, 38.75268 ], [ -77.21515, 38.75298 ], [ -77.2155, 38.7535 ], [ -77.21574, 38.75425 ] ] } },
{ "type": "Feature", "properties": { "name": "FAIRFAX COUNTY PKWY NB" }, "geometry": { "type": "LineString", "coordinates": [ [ -77.21424, 38.75221 ], [ -77.21483, 38.75268 ] ] } },
{ "type": "Feature", "properties": { "name": "FAIRFAX COUNTY PKWY SB" }, "geometry": { "type": "LineString", "coordinates": [ [ -77.21603, 38.75425 ], [ -77.21586, 38.75349 ], [ -77.21538, 38.75275 ], [ -77.21506, 38.75247 ] ] } },
{ "type": "Feature", "properties": { "name": "FAIRFAX COUNTY PKWY SB" }, "geometry": { "type": "LineString", "coordinates": [ [ -77.21506, 38.75247 ], [ -77.21448, 38.75202 ] ] } },
{ "type": "Feature", "properties": { "name": "FAIRFAX COUNTY PKWY NB" }, "geometry": { "type": "LineString", "coordinates": [ [ -77.38433, 38.86065 ], [ -77.38308, 38.8615 ], [ -77.38228, 38.86242 ] ] } },
{ "type": "Feature", "properties": { "name": "FAIRFAX COUNTY PKWY SB" }, "geometry": { "type": "LineString", "coordinates": [ [ -77.38256, 38.86246 ], [ -77.38282, 38.86206 ], [ -77.38333, 38.86156 ], [ -77.384, 38.86105 ], [ -77.38447, 38.8608 ] ] } },
{ "type": "Feature", "properties": { "name": "FAIRFAX COUNTY PKWY SB" }, "geometry": { "type": "LineString", "coordinates": [ [ -77.38355, 38.87029 ], [ -77.38309, 38.86839 ] ] } },
{ "type": "Feature", "properties": { "name": "FAIRFAX COUNTY PKWY NB" }, "geometry": { "type": "LineString", "coordinates": [ [ -77.38281, 38.8684 ], [ -77.38326, 38.87035 ] ] } },
{ "type": "Feature", "properties": { "name": "FAIRFAX COUNTY PKWY SB" }, "geometry": { "type": "LineString", "coordinates": [ [ -77.38437, 38.94001 ], [ -77.38445, 38.9399 ] ] } },
{ "type": "Feature", "properties": { "name": "FAIRFAX COUNTY PKWY NB" }, "geometry": { "type": "LineString", "coordinates": [ [ -77.38425, 38.93976 ], [ -77.38414, 38.93991 ] ] } },
{ "type": "Feature", "properties": { "name": "FRANCONIA SPRINGFIELD PKWY" }, "geometry": { "type": "LineString", "coordinates": [ [ -77.1826, 38.77001 ], [ -77.18322, 38.76964 ] ] } },
{ "type": "Feature", "properties": { "name": "FAIRFAX COUNTY PKWY NB" }, "geometry": { "type": "LineString", "coordinates": [ [ -77.38378, 38.87276 ], [ -77.38386, 38.87369 ] ] } },
{ "type": "Feature", "properties": { "name": "FAIRFAX COUNTY PKWY SB" }, "geometry": { "type": "LineString", "coordinates": [ [ -77.38412, 38.87331 ], [ -77.38406, 38.87274 ] ] } },
{ "type": "Feature", "properties": { "name": "FAIRFAX COUNTY PKWY SB" }, "geometry": { "type": "LineString", "coordinates": [ [ -77.37873, 38.847 ], [ -77.37801, 38.84678 ] ] } },
{ "type": "Feature", "properties": { "name": "FAIRFAX COUNTY PKWY" }, "geometry": { "type": "LineString", "coordinates": [ [ -77.1639, 38.70803 ], [ -77.16392, 38.70825 ] ] } },
{ "type": "Feature", "properties": { "name": "FAIRFAX COUNTY PKWY" }, "geometry": { "type": "LineString", "coordinates": [ [ -77.16424, 38.70821 ], [ -77.16422, 38.70799 ] ] } },
{ "type": "Feature", "properties": { "name": "FAIRFAX COUNTY PKWY NB" }, "geometry": { "type": "LineString", "coordinates": [ [ -77.17353, 38.72134 ], [ -77.1757, 38.72182 ] ] } },
{ "type": "Feature", "properties": { "name": "FAIRFAX COUNTY PKWY SB" }, "geometry": { "type": "LineString", "coordinates": [ [ -77.17577, 38.72164 ], [ -77.17366, 38.72116 ] ] } }
]
}
