{
"type": "FeatureCollection",
"name": "official",
"crs": { "type": "name", "properties": { "name": "urn:ogc:def:crs:OGC:1.3:CRS84" } },
"xy_coordinate_resolution": 1e-05,
"features": [
{ "type": "Feature", "properties": { "year": 2025, "level": "ES", "name": "Aldrin" }, "geometry": { "type": "LineString", "coordinates": [ [ -77.33728, 38.9877 ], [ -77.33686, 38.98741 ], [ -77.33577, 38.98897 ], [ -77.33178, 38.98877 ], [ -77.33184, 38.9876 ], [ -77.33111, 38.98757 ], [ -77.33209, 38.9799 ], [ -77.3305, 38.97995 ], [ -77.33038, 38.97848 ], [ -77.33151, 38.97755 ], [ -77.33041, 38.97394 ], [ -77.33717, 38.9729 ], [ -77.34693, 38.96859 ], [ -77.3581, 38.96613 ], [ -77.36364, 38.96607 ], [ -77.36896, 38.96641 ], [ -77.378, 38.96838 ], [ -77.37772, 38.97082 ], [ -77.3737, 38.97045 ], [ -77.37356, 38.97148 ], [ -77.37032, 38.97126 ], [ -77.3706, 38.97055 ], [ -77.36995, 38.97041 ], [ -77.36973, 38.97122 ], [ -77.36735, 38.97052 ], [ -77.36667, 38.98228 ], [ -77.36556, 38.98192 ], [ -77.36577, 38.98147 ], [ -77.36518, 38.97925 ], [ -77.36313, 38.97811 ], [ -77.3626, 38.97803 ], [ -77.36249, 38.97713 ], [ -77.36215, 38.97716 ], [ -77.3621, 38.97496 ], [ -77.36084, 38.97534 ], [ -77.35968, 38.97528 ], [ -77.35915, 38.97493 ], [ -77.35875, 38.97401 ], [ -77.35779, 38.97349 ], [ -77.35738, 38.9739 ], [ -77.35663, 38.97413 ], [ -77.35487, 38.97387 ], [ -77.35283, 38.97413 ], [ -77.35162, 38.97376 ], [ -77.34909, 38.97776 ], [ -77.3479, 38.9791 ], [ -77.34732, 38.98238 ], [ -77.34511, 38.98498 ], [ -77.34541, 38.98504 ], [ -77.34526, 38.98589 ], [ -77.34553, 38.98723 ], [ -77.34522, 38.98723 ], [ -77.3444, 38.99159 ], [ -77.3403, 38.99751 ], [ -77.3363, 38.99468 ], [ -77.33714, 38.99369 ], [ -77.33808, 38.9915 ], [ -77.33765, 38.99132 ], [ -77.33924, 38.98906 ], [ -77.33728, 38.9877 ] ] } },
{ "type": "Feature", "properties": { "year": 2025, "level": "ES", "name": "Annandale Terrace" }, "geometry": { "type": "LineString", "coordinates": [ [ -77.19619, 38.83041 ], [ -77.18865, 38.82917 ], [ -77.1889, 38.82734 ], [ -77.18836, 38.82729 ], [ -77.18846, 38.82647 ], [ -77.189, 38.82651 ], [ -77.18918, 38.8252 ], [ -77.18764, 38.82508 ], [ -77.188, 38.82402 ], [ -77.18929, 38.82431 ], [ -77.18952, 38.82259 ], [ -77.18891, 38.82249 ], [ -77.18927, 38.82138 ], [ -77.18918, 38.8207 ], [ -77.18836, 38.82075 ], [ -77.18746, 38.822 ], [ -77.1867, 38.8217 ], [ -77.18628, 38.82224 ], [ -77.18397, 38.8216 ], [ -77.18397, 38.82105 ], [ -77.18469, 38.82079 ], [ -77.1857, 38.81938 ], [ -77.18477, 38.81946 ], [ -77.18518, 38.81937 ], [ -77.18505, 38.81883 ], [ -77.18377, 38.81924 ], [ -77.18297, 38.81184 ], [ -77.18647, 38.81183 ], [ -77.18684, 38.81533 ], [ -77.18969, 38.81878 ], [ -77.1924, 38.82347 ], [ -77.19806, 38.82155 ], [ -77.19939, 38.82019 ], [ -77.20261, 38.82244 ], [ -77.2027, 38.82228 ], [ -77.20427, 38.82294 ], [ -77.20503, 38.82186 ], [ -77.20608, 38.8223 ], [ -77.2063, 38.82199 ], [ -77.20664, 38.82242 ], [ -77.21038, 38.82399 ], [ -77.21305, 38.82405 ], [ -77.2132, 38.82541 ], [ -77.21098, 38.82925 ], [ -77.21381, 38.83039 ], [ -77.2151, 38.83007 ], [ -77.21561, 38.82898 ], [ -77.21757, 38.82871 ], [ -77.21802, 38.82909 ], [ -77.21921, 38.82929 ], [ -77.21844, 38.83177 ], [ -77.21822, 38.83432 ], [ -77.21234, 38.83286 ], [ -77.20873, 38.83246 ], [ -77.19619, 38.83041 ] ] } },
{ "type": "Feature", "properties": { "year": 2025, "level": "ES", "name": "Armstrong" }, "geometry": { "type": "LineString", "coordinates": [ [ -77.34379, 38.99804 ], [ -77.34395, 38.99751 ], [ -77.34525, 38.99806 ], [ -77.34599, 38.99695 ], [ -77.34455, 38.99667 ], [ -77.34675, 38.99325 ], [ -77.34506, 38.99309 ], [ -77.34374, 38.99255 ], [ -77.3444, 38.99159 ], [ -77.34522, 38.98723 ], [ -77.34553, 38.98723 ], [ -77.34526, 38.98589 ], [ -77.34541, 38.98504 ], [ -77.34511, 38.98498 ], [ -77.34732, 38.98238 ], [ -77.3479, 38.9791 ], [ -77.34909, 38.97776 ], [ -77.35162, 38.97376 ], [ -77.35283, 38.97413 ], [ -77.35487, 38.97387 ], [ -77.35663, 38.97413 ], [ -77.35738, 38.9739 ], [ -77.35779, 38.97349 ], [ -77.35875, 38.97401 ], [ -77.35915, 38.97493 ], [ -77.35968, 38.97528 ], [ -77.36084, 38.97534 ], [ -77.3621, 38.97496 ], [ -77.36215, 38.97716 ], [ -77.36249, 38.97713 ], [ -77.3626, 38.97803 ], [ -77.36313, 38.97811 ], [ -77.36518, 38.97925 ], [ -77.36577, 38.98147 ], [ -77.36556, 38.98192 ], [ -77.36667, 38.98228 ], [ -77.36661, 38.98266 ], [ -77.36711, 38.98301 ], [ -77.36671, 38.98382 ], [ -77.36702, 38.98599 ], [ -77.36654, 38.98615 ], [ -77.36649, 38.98691 ], [ -77.36525, 38.98688 ], [ -77.36508, 38.98742 ], [ -77.36565, 38.98798 ], [ -77.36497, 38.98936 ], [ -77.36492, 38.99013 ], [ -77.3684, 38.99172 ], [ -77.36898, 38.99258 ], [ -77.3695, 38.99253 ], [ -77.36853, 38.99564 ], [ -77.36847, 38.99733 ], [ -77.36953, 38.99773 ], [ -77.37133, 38.99787 ], [ -77.37215, 38.99818 ], [ -77.37228, 38.99935 ], [ -77.3708, 38.9998 ], [ -77.37025, 38.99911 ], [ -77.36924, 38.9987 ], [ -77.36687, 38.99922 ], [ -77.36578, 38.99985 ], [ -77.36333, 38.99941 ], [ -77.36401, 38.99706 ], [ -77.3653, 38.99447 ], [ -77.36524, 38.9934 ], [ -77.3648, 38.99246 ], [ -77.35797, 38.99114 ], [ -77.35647, 38.99408 ], [ -77.35561, 38.9951 ], [ -77.35494, 38.99536 ], [ -77.35438, 38.99525 ], [ -77.35459, 38.9947 ], [ -77.35128, 38.99339 ], [ -77.35131, 38.9939 ], [ -77.35089, 38.99372 ], [ -77.35072, 38.99593 ], [ -77.35142, 38.99597 ], [ -77.35147, 38.99551 ], [ -77.35195, 38.99528 ], [ -77.35409, 38.99599 ], [ -77.35355, 38.99737 ], [ -77.35149, 38.9968 ], [ -77.35183, 39.00092 ], [ -77.35325, 39.00165 ], [ -77.35888, 39.00344 ], [ -77.35702, 39.0069 ], [ -77.34586, 39.00096 ], [ -77.3463, 39.00042 ], [ -77.3438, 38.99907 ], [ -77.34438, 38.99825 ], [ -77.34379, 38.99804 ] ] } },
{ "type": "Feature", "properties": { "year": 2025, "level": "ES", "name": "Bailey's" }, "geometry": { "type": "LineString", "coordinates": [ [ -77.14309, 38.84363 ], [ -77.14959, 38.84678 ], [ -77.1535, 38.84914 ], [ -77.15243, 38.85138 ], [ -77.15345, 38.8528 ], [ -77.15684, 38.8543 ], [ -77.15779, 38.85441 ], [ -77.15927, 38.85569 ], [ -77.15876, 38.85637 ], [ -77.15807, 38.85604 ], [ -77.15787, 38.85642 ], [ -77.15838, 38.85687 ], [ -77.15268, 38.86433 ], [ -77.15287, 38.86442 ], [ -77.15174, 38.86533 ], [ -77.15088, 38.86571 ], [ -77.14568, 38.8593 ], [ -77.1295, 38.85051 ], [ -77.14018, 38.8457 ], [ -77.14114, 38.84498 ], [ -77.14193, 38.84361 ], [ -77.14309, 38.84363 ] ] } },
{ "type": "Feature", "properties": { "year": 2025, "level": "ES", "name": "Belle View" }, "geometry": { "type": "LineString", "coordinates": [ [ -77.05232, 38.77254 ], [ -77.05355, 38.76868 ], [ -77.05329, 38.76835 ], [ -77.05318, 38.76605 ], [ -77.05182, 38.7639 ], [ -77.04922, 38.76094 ], [ -77.04855, 38.75772 ], [ -77.04971, 38.75389 ], [ -77.05039, 38.75402 ], [ -77.05045, 38.75373 ], [ -77.05144, 38.75387 ], [ -77.05151, 38.75303 ], [ -77.05194, 38.75285 ], [ -77.05254, 38.75349 ], [ -77.05261, 38.7531 ], [ -77.05727, 38.75298 ], [ -77.05753, 38.75686 ], [ -77.05938, 38.76031 ], [ -77.0595, 38.761 ], [ -77.06293, 38.76038 ], [ -77.06498, 38.76093 ], [ -77.06565, 38.76084 ], [ -77.06639, 38.76243 ], [ -77.0671, 38.76238 ], [ -77.06789, 38.76339 ], [ -77.06827, 38.76341 ], [ -77.06879, 38.76401 ], [ -77.06929, 38.76421 ], [ -77.06953, 38.76584 ], [ -77.0688, 38.76572 ], [ -77.06853, 38.76606 ], [ -77.06807, 38.76586 ], [ -77.0684, 38.76541 ], [ -77.06764, 38.76495 ], [ -77.06704, 38.76554 ], [ -77.06739, 38.76598 ], [ -77.06694, 38.76617 ], [ -77.06753, 38.76647 ], [ -77.06761, 38.76858 ], [ -77.06805, 38.76883 ], [ -77.06847, 38.76865 ], [ -77.06871, 38.76898 ], [ -77.06924, 38.77266 ], [ -77.07285, 38.77164 ], [ -77.0731, 38.77218 ], [ -77.07378, 38.77199 ], [ -77.07353, 38.77145 ], [ -77.07427, 38.77125 ], [ -77.07406, 38.77047 ], [ -77.07495, 38.77032 ], [ -77.08121, 38.77233 ], [ -77.07948, 38.77944 ], [ -77.07881, 38.78092 ], [ -77.07778, 38.78204 ], [ -77.07626, 38.78292 ], [ -77.06977, 38.78558 ], [ -77.06514, 38.78893 ], [ -77.05787, 38.79195 ], [ -77.05681, 38.7926 ], [ -77.0526, 38.79073 ], [ -77.0513, 38.78991 ], [ -77.05355, 38.78686 ], [ -77.05457, 38.78423 ], [ -77.05428, 38.7819 ], [ -77.0525, 38.7793 ], [ -77.05174, 38.77731 ], [ -77.05172, 38.77554 ], [ -77.05232, 38.77254 ] ] } },
{ "type": "Feature", "properties": { "year": 2025, "level": "ES", "name": "Belvedere" }, "geometry": { "type": "LineString", "coordinates": [ [ -77.14309, 38.84363 ], [ -77.14193, 38.84361 ], [ -77.14114, 38.84498 ], [ -77.14018, 38.8457 ], [ -77.1295, 38.85051 ], [ -77.12815, 38.84979 ], [ -77.12868, 38.84958 ], [ -77.12875, 38.84923 ], [ -77.12762, 38.84804 ], [ -77.13053, 38.84695 ], [ -77.1321, 38.84686 ], [ -77.13205, 38.84669 ], [ -77.13289, 38.84605 ], [ -77.13423, 38.8453 ], [ -77.13291, 38.84375 ], [ -77.13383, 38.84325 ], [ -77.13366, 38.84305 ], [ -77.13476, 38.84232 ], [ -77.13432, 38.84183 ], [ -77.13478, 38.84159 ], [ -77.13452, 38.84129 ], [ -77.13805, 38.83933 ], [ -77.13884, 38.8396 ], [ -77.13964, 38.8406 ], [ -77.14169, 38.84094 ], [ -77.1422, 38.84123 ], [ -77.14482, 38.84087 ], [ -77.14563, 38.84116 ], [ -77.14502, 38.8426 ], [ -77.1457, 38.84258 ], [ -77.14804, 38.84192 ], [ -77.15742, 38.83648 ], [ -77.15842, 38.8365 ], [ -77.16217, 38.83784 ], [ -77.16346, 38.83806 ], [ -77.17058, 38.83762 ], [ -77.17379, 38.8366 ], [ -77.17643, 38.83643 ], [ -77.17696, 38.83762 ], [ -77.17377, 38.83794 ], [ -77.17634, 38.84371 ], [ -77.17432, 38.8443 ], [ -77.17472, 38.84552 ], [ -77.17471, 38.84649 ], [ -77.17079, 38.84582 ], [ -77.169, 38.84661 ], [ -77.16902, 38.84599 ], [ -77.16785, 38.84644 ], [ -77.16603, 38.84592 ], [ -77.1639, 38.8463 ], [ -77.16215, 38.84611 ], [ -77.1608, 38.84477 ], [ -77.15768, 38.84563 ], [ -77.15449, 38.84491 ], [ -77.15452, 38.84323 ], [ -77.15316, 38.84323 ], [ -77.1484, 38.8463 ], [ -77.14309, 38.84363 ] ] } },
{ "type": "Feature", "properties": { "year": 2025, "level": "ES", "name": "Bonnie Brae" }, "geometry": { "type": "LineString", "coordinates": [ [ -77.30919, 38.80936 ], [ -77.30777, 38.80883 ], [ -77.29933, 38.8071 ], [ -77.29711, 38.80645 ], [ -77.2972, 38.80416 ], [ -77.29548, 38.79899 ], [ -77.29783, 38.79852 ], [ -77.29872, 38.79854 ], [ -77.29899, 38.79826 ], [ -77.30127, 38.79753 ], [ -77.29609, 38.79763 ], [ -77.29554, 38.79667 ], [ -77.29599, 38.79503 ], [ -77.29575, 38.7946 ], [ -77.29615, 38.79461 ], [ -77.29626, 38.79348 ], [ -77.29593, 38.78973 ], [ -77.29514, 38.78919 ], [ -77.29577, 38.78708 ], [ -77.2956, 38.78594 ], [ -77.29791, 38.78617 ], [ -77.30259, 38.78753 ], [ -77.30472, 38.78891 ], [ -77.30686, 38.791 ], [ -77.31145, 38.79354 ], [ -77.31411, 38.79584 ], [ -77.31612, 38.79719 ], [ -77.31518, 38.79803 ], [ -77.31398, 38.79815 ], [ -77.31451, 38.80043 ], [ -77.32519, 38.80075 ], [ -77.33195, 38.7991 ], [ -77.33367, 38.799 ], [ -77.33808, 38.79923 ], [ -77.34306, 38.79784 ], [ -77.34752, 38.79786 ], [ -77.3494, 38.79766 ], [ -77.35182, 38.79684 ], [ -77.35906, 38.79212 ], [ -77.35933, 38.79229 ], [ -77.35917, 38.79275 ], [ -77.35949, 38.793 ], [ -77.35946, 38.79337 ], [ -77.35856, 38.7941 ], [ -77.35798, 38.79417 ], [ -77.35818, 38.79475 ], [ -77.35724, 38.79639 ], [ -77.35697, 38.79623 ], [ -77.35673, 38.79667 ], [ -77.35513, 38.79752 ], [ -77.35559, 38.79885 ], [ -77.35621, 38.79946 ], [ -77.35721, 38.79982 ], [ -77.35644, 38.80082 ], [ -77.35682, 38.80164 ], [ -77.35734, 38.8018 ], [ -77.35744, 38.80291 ], [ -77.35794, 38.80321 ], [ -77.35739, 38.80407 ], [ -77.35769, 38.80565 ], [ -77.3495, 38.80879 ], [ -77.34473, 38.80641 ], [ -77.34307, 38.80365 ], [ -77.34247, 38.80384 ], [ -77.34208, 38.80432 ], [ -77.34189, 38.80422 ], [ -77.34211, 38.80399 ], [ -77.34166, 38.80381 ], [ -77.34147, 38.80458 ], [ -77.34199, 38.80592 ], [ -77.34171, 38.80588 ], [ -77.34076, 38.80777 ], [ -77.34018, 38.80784 ], [ -77.33985, 38.80872 ], [ -77.34006, 38.8091 ], [ -77.33811, 38.80853 ], [ -77.33316, 38.80768 ], [ -77.3331, 38.81073 ], [ -77.32673, 38.80986 ], [ -77.32678, 38.80946 ], [ -77.32621, 38.8094 ], [ -77.32512, 38.81175 ], [ -77.32289, 38.81404 ], [ -77.32152, 38.81589 ], [ -77.30919, 38.80936 ] ] } },
{ "type": "Feature", "properties": { "year": 2025, "level": "ES", "name": "Braddock" }, "geometry": { "type": "LineString", "coordinates": [ [ -77.21129, 38.82872 ], [ -77.2132, 38.82541 ], [ -77.21305, 38.82405 ], [ -77.21038, 38.82399 ], [ -77.20664, 38.82242 ], [ -77.2063, 38.82199 ], [ -77.20608, 38.8223 ], [ -77.20503, 38.82186 ], [ -77.20427, 38.82294 ], [ -77.2027, 38.82228 ], [ -77.20261, 38.82244 ], [ -77.19939, 38.82019 ], [ -77.19806, 38.82155 ], [ -77.1924, 38.82347 ], [ -77.18969, 38.81878 ], [ -77.18684, 38.81533 ], [ -77.18647, 38.81183 ], [ -77.21792, 38.81123 ], [ -77.2207, 38.81504 ], [ -77.22208, 38.81802 ], [ -77.22246, 38.82085 ], [ -77.22191, 38.82388 ], [ -77.21921, 38.82929 ], [ -77.21802, 38.82909 ], [ -77.21757, 38.82871 ], [ -77.21561, 38.82898 ], [ -77.2151, 38.83007 ], [ -77.21381, 38.83039 ], [ -77.21098, 38.82925 ], [ -77.21129, 38.82872 ] ] } },
{ "type": "Feature", "properties": { "year": 2025, "level": "ES", "name": "Bren Mar Park" }, "geometry": { "type": "LineString", "coordinates": [ [ -77.16929, 38.81528 ], [ -77.16819, 38.81465 ], [ -77.16843, 38.81426 ], [ -77.16714, 38.81371 ], [ -77.16713, 38.81309 ], [ -77.1667, 38.81314 ], [ -77.16599, 38.81211 ], [ -77.1653, 38.81187 ], [ -77.16445, 38.81106 ], [ -77.16385, 38.80963 ], [ -77.16319, 38.80919 ], [ -77.16317, 38.80882 ], [ -77.16272, 38.80887 ], [ -77.16277, 38.80829 ], [ -77.16173, 38.80935 ], [ -77.16137, 38.80862 ], [ -77.16024, 38.80833 ], [ -77.16001, 38.80885 ], [ -77.15919, 38.80832 ], [ -77.15934, 38.80642 ], [ -77.15864, 38.80661 ], [ -77.15809, 38.80616 ], [ -77.15194, 38.80976 ], [ -77.14368, 38.81339 ], [ -77.14385, 38.81043 ], [ -77.14436, 38.81037 ], [ -77.14321, 38.80563 ], [ -77.14235, 38.80577 ], [ -77.13986, 38.80021 ], [ -77.13774, 38.80077 ], [ -77.13754, 38.7979 ], [ -77.14792, 38.79638 ], [ -77.15093, 38.79517 ], [ -77.15316, 38.79333 ], [ -77.15567, 38.79286 ], [ -77.16135, 38.79134 ], [ -77.16947, 38.78994 ], [ -77.17241, 38.79005 ], [ -77.17536, 38.79064 ], [ -77.17853, 38.79166 ], [ -77.18223, 38.79339 ], [ -77.18624, 38.79494 ], [ -77.18525, 38.79977 ], [ -77.18392, 38.80344 ], [ -77.18446, 38.80638 ], [ -77.18647, 38.81183 ], [ -77.17437, 38.81188 ], [ -77.17218, 38.81212 ], [ -77.17095, 38.81307 ], [ -77.17001, 38.8148 ], [ -77.16945, 38.81535 ], [ -77.16929, 38.81528 ] ] } },
{ "type": "Feature", "properties": { "year": 2025, "level": "ES", "name": "Brookfield" }, "geometry": { "type": "LineString", "coordinates": [ [ -77.40939, 38.88179 ], [ -77.41039, 38.87882 ], [ -77.41079, 38.87875 ], [ -77.41132, 38.88038 ], [ -77.41133, 38.88157 ], [ -77.41213, 38.87853 ], [ -77.41679, 38.8777 ], [ -77.41669, 38.87523 ], [ -77.42051, 38.87543 ], [ -77.42925, 38.87023 ], [ -77.42968, 38.87249 ], [ -77.43049, 38.87477 ], [ -77.43219, 38.87645 ], [ -77.43484, 38.87836 ], [ -77.43855, 38.88019 ], [ -77.43814, 38.88101 ], [ -77.43834, 38.88245 ], [ -77.43785, 38.88403 ], [ -77.43685, 38.88544 ], [ -77.43476, 38.88658 ], [ -77.4313, 38.89412 ], [ -77.40827, 38.88512 ], [ -77.40939, 38.88179 ] ] } },
{ "type": "Feature", "properties": { "year": 2025, "level": "ES", "name": "Bucknell" }, "geometry": { "type": "LineString", "coordinates": [ [ -77.06906, 38.77183 ], [ -77.06871, 38.76898 ], [ -77.06847, 38.76865 ], [ -77.06805, 38.76883 ], [ -77.06761, 38.76858 ], [ -77.06753, 38.76647 ], [ -77.06694, 38.76623 ], [ -77.06739, 38.76598 ], [ -77.06704, 38.76554 ], [ -77.06764, 38.76495 ], [ -77.0684, 38.76541 ], [ -77.06807, 38.76586 ], [ -77.06853, 38.76606 ], [ -77.0688, 38.76572 ], [ -77.06953, 38.76584 ], [ -77.06929, 38.76421 ], [ -77.06988, 38.76377 ], [ -77.07207, 38.76436 ], [ -77.07194, 38.76242 ], [ -77.07302, 38.76133 ], [ -77.07258, 38.76098 ], [ -77.07298, 38.76069 ], [ -77.07389, 38.76125 ], [ -77.07435, 38.76063 ], [ -77.07437, 38.75994 ], [ -77.07509, 38.76008 ], [ -77.0754, 38.75925 ], [ -77.0773, 38.75953 ], [ -77.07747, 38.76003 ], [ -77.0769, 38.76029 ], [ -77.07787, 38.76108 ], [ -77.07766, 38.76188 ], [ -77.07835, 38.76214 ], [ -77.0798, 38.75819 ], [ -77.08378, 38.75911 ], [ -77.08409, 38.76519 ], [ -77.08175, 38.76972 ], [ -77.08121, 38.77233 ], [ -77.07495, 38.77032 ], [ -77.07406, 38.77047 ], [ -77.07427, 38.77125 ], [ -77.07353, 38.77145 ], [ -77.07378, 38.77199 ], [ -77.0731, 38.77218 ], [ -77.07285, 38.77164 ], [ -77.06924, 38.77266 ], [ -77.06906, 38.77183 ] ] } },
{ "type": "Feature", "properties": { "year": 2025, "level": "ES", "name": "Bull Run" }, "geometry": { "type": "MultiLineString", "coordinates": [ [ [ -77.44744, 38.83695 ], [ -77.44689, 38.83709 ], [ -77.45477, 38.8283 ], [ -77.45801, 38.82519 ], [ -77.45377, 38.82423 ], [ -77.45223, 38.82528 ], [ -77.45006, 38.82333 ], [ -77.44654, 38.82086 ], [ -77.44494, 38.81943 ], [ -77.44337, 38.81869 ], [ -77.44873, 38.81133 ], [ -77.4497, 38.80524 ], [ -77.44916, 38.80323 ], [ -77.45072, 38.80209 ], [ -77.45004, 38.80044 ], [ -77.45118, 38.79834 ], [ -77.45148, 38.7972 ], [ -77.45287, 38.79619 ], [ -77.45486, 38.796 ], [ -77.45595, 38.79613 ], [ -77.45691, 38.79582 ], [ -77.4573, 38.796 ], [ -77.45738, 38.79702 ], [ -77.45846, 38.79761 ], [ -77.4593, 38.79769 ], [ -77.45994, 38.79745 ], [ -77.46061, 38.79633 ], [ -77.46204, 38.79556 ], [ -77.46271, 38.79557 ], [ -77.46447, 38.79635 ], [ -77.46586, 38.79659 ], [ -77.46715, 38.79654 ], [ -77.46774, 38.79625 ], [ -77.46832, 38.79633 ], [ -77.46877, 38.79596 ], [ -77.4704, 38.79571 ], [ -77.47209, 38.79641 ], [ -77.47357, 38.79636 ], [ -77.47475, 38.79669 ], [ -77.47591, 38.79765 ], [ -77.47609, 38.7991 ], [ -77.47678, 38.79942 ], [ -77.47979, 38.79899 ], [ -77.48035, 38.79819 ], [ -77.48029, 38.79697 ], [ -77.48072, 38.79648 ], [ -77.483, 38.7971 ], [ -77.48489, 38.79716 ], [ -77.48673, 38.79654 ], [ -77.49097, 38.79754 ], [ -77.49365, 38.79757 ], [ -77.49431, 38.79883 ], [ -77.49417, 38.80059 ], [ -77.49176, 38.80311 ], [ -77.48986, 38.80568 ], [ -77.48918, 38.80859 ], [ -77.48932, 38.80911 ], [ -77.49122, 38.8114 ], [ -77.49743, 38.81336 ], [ -77.50067, 38.81376 ], [ -77.50509, 38.81624 ], [ -77.50552, 38.81866 ], [ -77.50598, 38.81935 ], [ -77.50597, 38.81992 ], [ -77.50646, 38.82042 ], [ -77.50604, 38.82178 ], [ -77.50497, 38.82267 ], [ -77.50362, 38.8245 ], [ -77.50356, 38.82519 ], [ -77.50932, 38.82818 ], [ -77.51154, 38.82955 ], [ -77.51233, 38.83032 ], [ -77.51231, 38.83114 ], [ -77.51103, 38.8324 ], [ -77.51054, 38.83366 ], [ -77.51103, 38.83552 ], [ -77.51084, 38.83619 ], [ -77.50996, 38.83672 ], [ -77.50816, 38.83675 ], [ -77.50758, 38.83724 ], [ -77.50762, 38.83769 ], [ -77.50877, 38.83923 ], [ -77.50883, 38.83988 ], [ -77.5083, 38.84043 ], [ -77.50886, 38.84112 ], [ -77.51016, 38.84151 ], [ -77.51102, 38.84145 ], [ -77.51214, 38.8407 ], [ -77.51499, 38.84005 ], [ -77.52261, 38.8371 ], [ -77.52398, 38.83702 ], [ -77.52773, 38.83749 ], [ -77.5297, 38.83705 ], [ -77.53263, 38.83878 ], [ -77.5349, 38.83939 ], [ -77.53626, 38.8408 ], [ -77.53701, 38.84259 ], [ -77.53646, 38.84432 ], [ -77.5349, 38.84671 ], [ -77.53513, 38.84716 ], [ -77.53598, 38.8474 ], [ -77.51481, 38.8689 ], [ -77.51487, 38.86775 ], [ -77.50355, 38.86551 ], [ -77.50492, 38.86178 ], [ -77.50454, 38.8617 ], [ -77.50427, 38.85671 ], [ -77.50486, 38.85538 ], [ -77.50229, 38.85513 ], [ -77.50023, 38.85347 ], [ -77.49855, 38.85273 ], [ -77.4985, 38.85212 ], [ -77.49433, 38.85066 ], [ -77.49942, 38.84548 ], [ -77.49469, 38.84402 ], [ -77.49256, 38.84774 ], [ -77.48999, 38.84025 ], [ -77.49195, 38.83806 ], [ -77.48918, 38.83288 ], [ -77.48981, 38.83209 ], [ -77.48865, 38.83113 ], [ -77.48677, 38.82779 ], [ -77.44744, 38.83695 ] ], [ [ -77.44689, 38.83709 ], [ -77.44312, 38.84116 ], [ -77.44035, 38.84331 ], [ -77.43647, 38.84524 ], [ -77.43235, 38.84637 ], [ -77.43125, 38.84244 ], [ -77.43162, 38.83872 ], [ -77.44083, 38.8385 ], [ -77.44689, 38.83709 ] ] ] } },
{ "type": "Feature", "properties": { "year": 2025, "level": "ES", "name": "Bush Hill" }, "geometry": { "type": "LineString", "coordinates": [ [ -77.1202, 38.8007 ], [ -77.12, 38.79705 ], [ -77.11953, 38.79687 ], [ -77.11818, 38.79702 ], [ -77.11797, 38.79632 ], [ -77.11842, 38.79623 ], [ -77.11859, 38.79597 ], [ -77.11811, 38.79437 ], [ -77.11731, 38.7937 ], [ -77.11734, 38.79346 ], [ -77.11677, 38.79373 ], [ -77.11622, 38.79306 ], [ -77.11724, 38.79246 ], [ -77.1172, 38.7898 ], [ -77.11599, 38.78945 ], [ -77.11724, 38.78909 ], [ -77.12097, 38.78655 ], [ -77.12303, 38.78611 ], [ -77.12421, 38.7854 ], [ -77.1233, 38.78109 ], [ -77.12788, 38.78103 ], [ -77.12779, 38.7802 ], [ -77.12971, 38.77956 ], [ -77.12987, 38.78091 ], [ -77.13087, 38.7809 ], [ -77.13068, 38.77899 ], [ -77.13435, 38.77936 ], [ -77.13558, 38.77923 ], [ -77.13569, 38.78258 ], [ -77.1362, 38.78415 ], [ -77.14064, 38.78331 ], [ -77.14097, 38.78426 ], [ -77.14149, 38.7847 ], [ -77.14288, 38.78852 ], [ -77.1462, 38.78825 ], [ -77.1463, 38.79079 ], [ -77.14433, 38.7912 ], [ -77.14527, 38.79466 ], [ -77.15308, 38.79342 ], [ -77.15069, 38.79531 ], [ -77.1476, 38.79645 ], [ -77.13754, 38.7979 ], [ -77.13756, 38.79818 ], [ -77.1202, 38.8007 ] ] } },
{ "type": "Feature", "properties": { "year": 2025, "level": "ES", "name": "Camelot" }, "geometry": { "type": "LineString", "coordinates": [ [ -77.22032, 38.86571 ], [ -77.22018, 38.84484 ], [ -77.21986, 38.84189 ], [ -77.2184, 38.83611 ], [ -77.21822, 38.83432 ], [ -77.22088, 38.83496 ], [ -77.22682, 38.83567 ], [ -77.23273, 38.836 ], [ -77.23284, 38.83896 ], [ -77.23261, 38.84006 ], [ -77.2328, 38.84148 ], [ -77.23303, 38.84159 ], [ -77.23127, 38.8431 ], [ -77.2324, 38.84333 ], [ -77.23304, 38.84319 ], [ -77.23427, 38.84374 ], [ -77.23453, 38.8441 ], [ -77.23433, 38.84468 ], [ -77.2345, 38.84482 ], [ -77.23406, 38.84527 ], [ -77.23464, 38.84593 ], [ -77.23454, 38.84623 ], [ -77.23495, 38.84637 ], [ -77.23651, 38.84555 ], [ -77.23788, 38.84585 ], [ -77.2377, 38.84612 ], [ -77.23814, 38.84619 ], [ -77.23909, 38.84684 ], [ -77.23876, 38.84722 ], [ -77.23882, 38.84783 ], [ -77.23977, 38.84923 ], [ -77.24054, 38.84946 ], [ -77.24049, 38.85045 ], [ -77.24136, 38.85098 ], [ -77.24146, 38.85151 ], [ -77.24208, 38.85182 ], [ -77.24186, 38.85235 ], [ -77.24254, 38.8523 ], [ -77.2431, 38.85305 ], [ -77.24473, 38.85339 ], [ -77.23898, 38.85818 ], [ -77.23354, 38.86232 ], [ -77.23537, 38.8627 ], [ -77.23395, 38.86549 ], [ -77.22032, 38.86571 ] ] } },
{ "type": "Feature", "properties": { "year": 2025, "level": "ES", "name": "Cameron" }, "geometry": { "type": "LineString", "coordinates": [ [ -77.1014, 38.80352 ], [ -77.09792, 38.80329 ], [ -77.07647, 38.8007 ], [ -77.07327, 38.80012 ], [ -77.07001, 38.79915 ], [ -77.06304, 38.79643 ], [ -77.06362, 38.79536 ], [ -77.05993, 38.79409 ], [ -77.0568, 38.79259 ], [ -77.05787, 38.79195 ], [ -77.06514, 38.78893 ], [ -77.06904, 38.78601 ], [ -77.07284, 38.78427 ], [ -77.07143, 38.78682 ], [ -77.07662, 38.78902 ], [ -77.07639, 38.79082 ], [ -77.07714, 38.79263 ], [ -77.08228, 38.79488 ], [ -77.08248, 38.7952 ], [ -77.08385, 38.79328 ], [ -77.08459, 38.79309 ], [ -77.08554, 38.79502 ], [ -77.08612, 38.79498 ], [ -77.08615, 38.79553 ], [ -77.08709, 38.79575 ], [ -77.0897, 38.79575 ], [ -77.0898, 38.7951 ], [ -77.0925, 38.79472 ], [ -77.09236, 38.7969 ], [ -77.09287, 38.79715 ], [ -77.09364, 38.79708 ], [ -77.09415, 38.79809 ], [ -77.09387, 38.79952 ], [ -77.09711, 38.80042 ], [ -77.09751, 38.7998 ], [ -77.0981, 38.79969 ], [ -77.10431, 38.80072 ], [ -77.10431, 38.80168 ], [ -77.10232, 38.80174 ], [ -77.10167, 38.8027 ], [ -77.10164, 38.80352 ], [ -77.1014, 38.80352 ] ] } },
{ "type": "Feature", "properties": { "year": 2025, "level": "ES", "name": "Canterbury Woods" }, "geometry": { "type": "LineString", "coordinates": [ [ -77.25561, 38.82445 ], [ -77.25429, 38.82445 ], [ -77.25434, 38.82311 ], [ -77.25364, 38.82297 ], [ -77.25363, 38.82255 ], [ -77.25313, 38.82256 ], [ -77.25314, 38.82297 ], [ -77.25125, 38.82324 ], [ -77.25126, 38.82386 ], [ -77.25043, 38.82368 ], [ -77.25005, 38.82402 ], [ -77.25008, 38.82435 ], [ -77.24851, 38.82437 ], [ -77.2485, 38.82359 ], [ -77.24794, 38.82361 ], [ -77.24642, 38.82424 ], [ -77.24623, 38.82369 ], [ -77.24558, 38.82409 ], [ -77.24425, 38.82278 ], [ -77.24333, 38.82274 ], [ -77.24357, 38.81884 ], [ -77.23638, 38.81857 ], [ -77.23504, 38.81432 ], [ -77.23489, 38.81094 ], [ -77.24971, 38.81054 ], [ -77.26204, 38.81071 ], [ -77.26197, 38.81393 ], [ -77.26567, 38.8137 ], [ -77.26561, 38.81509 ], [ -77.26477, 38.81776 ], [ -77.25983, 38.82313 ], [ -77.25927, 38.82451 ], [ -77.25561, 38.82445 ] ] } },
{ "type": "Feature", "properties": { "year": 2025, "level": "ES", "name": "Cardinal Forest" }, "geometry": { "type": "LineString", "coordinates": [ [ -77.22789, 38.79246 ], [ -77.21888, 38.79277 ], [ -77.21679, 38.79069 ], [ -77.21689, 38.79035 ], [ -77.21609, 38.78989 ], [ -77.21515, 38.78885 ], [ -77.21301, 38.78773 ], [ -77.21137, 38.78754 ], [ -77.20885, 38.78669 ], [ -77.20759, 38.78608 ], [ -77.20701, 38.78514 ], [ -77.20621, 38.7849 ], [ -77.20584, 38.78417 ], [ -77.20622, 38.78365 ], [ -77.20621, 38.78302 ], [ -77.20716, 38.78155 ], [ -77.20836, 38.78053 ], [ -77.20931, 38.78012 ], [ -77.20986, 38.78061 ], [ -77.20961, 38.78068 ], [ -77.21021, 38.78064 ], [ -77.21071, 38.77977 ], [ -77.21135, 38.7804 ], [ -77.21242, 38.78085 ], [ -77.21278, 38.78189 ], [ -77.2134, 38.78211 ], [ -77.21433, 38.78194 ], [ -77.21431, 38.78283 ], [ -77.21496, 38.78389 ], [ -77.21628, 38.78463 ], [ -77.21731, 38.78488 ], [ -77.21789, 38.78568 ], [ -77.21939, 38.78593 ], [ -77.22007, 38.78644 ], [ -77.22045, 38.78629 ], [ -77.22127, 38.78655 ], [ -77.22186, 38.78607 ], [ -77.22364, 38.78561 ], [ -77.22431, 38.78627 ], [ -77.22569, 38.78627 ], [ -77.2261, 38.78606 ], [ -77.22879, 38.78701 ], [ -77.22894, 38.786 ], [ -77.23036, 38.786 ], [ -77.23035, 38.78515 ], [ -77.22975, 38.78515 ], [ -77.22991, 38.78401 ], [ -77.22957, 38.78366 ], [ -77.22926, 38.78366 ], [ -77.22934, 38.78307 ], [ -77.22617, 38.78309 ], [ -77.22614, 38.78064 ], [ -77.22754, 38.78052 ], [ -77.23339, 38.77928 ], [ -77.23492, 38.78172 ], [ -77.23816, 38.78515 ], [ -77.2461, 38.77779 ], [ -77.24835, 38.77982 ], [ -77.25039, 38.77794 ], [ -77.25431, 38.78143 ], [ -77.25492, 38.78281 ], [ -77.24591, 38.79365 ], [ -77.24787, 38.79594 ], [ -77.23746, 38.79611 ], [ -77.23601, 38.79567 ], [ -77.22988, 38.79283 ], [ -77.22789, 38.79246 ] ] } },
{ "type": "Feature", "properties": { "year": 2025, "level": "ES", "name": "Centre Ridge" }, "geometry": { "type": "LineString", "coordinates": [ [ -77.41555, 38.83896 ], [ -77.41758, 38.83671 ], [ -77.41785, 38.83449 ], [ -77.41916, 38.83497 ], [ -77.42347, 38.8359 ], [ -77.42443, 38.83353 ], [ -77.42711, 38.83452 ], [ -77.42695, 38.83475 ], [ -77.43027, 38.83605 ], [ -77.43065, 38.83555 ], [ -77.42988, 38.83521 ], [ -77.4302, 38.83479 ], [ -77.42862, 38.83419 ], [ -77.42918, 38.83327 ], [ -77.42626, 38.83217 ], [ -77.42791, 38.82948 ], [ -77.4334, 38.83194 ], [ -77.44337, 38.81869 ], [ -77.44494, 38.81943 ], [ -77.44654, 38.82086 ], [ -77.45006, 38.82333 ], [ -77.45223, 38.82528 ], [ -77.45377, 38.82423 ], [ -77.45801, 38.82519 ], [ -77.45477, 38.8283 ], [ -77.44689, 38.83709 ], [ -77.44048, 38.83852 ], [ -77.41545, 38.83907 ], [ -77.41555, 38.83896 ] ] } },
{ "type": "Feature", "properties": { "year": 2025, "level": "ES", "name": "Centreville" }, "geometry": { "type": "LineString", "coordinates": [ [ -77.42845, 38.80435 ], [ -77.42947, 38.80377 ], [ -77.42966, 38.80397 ], [ -77.43002, 38.80376 ], [ -77.43066, 38.80204 ], [ -77.43241, 38.80131 ], [ -77.43385, 38.8002 ], [ -77.43461, 38.80046 ], [ -77.43434, 38.8011 ], [ -77.43586, 38.80079 ], [ -77.43619, 38.80045 ], [ -77.43621, 38.79988 ], [ -77.43652, 38.7995 ], [ -77.43649, 38.79918 ], [ -77.43622, 38.79913 ], [ -77.43634, 38.79759 ], [ -77.43552, 38.79648 ], [ -77.4356, 38.79621 ], [ -77.43448, 38.79525 ], [ -77.43451, 38.79489 ], [ -77.43412, 38.79486 ], [ -77.43424, 38.79446 ], [ -77.43518, 38.79384 ], [ -77.43547, 38.79323 ], [ -77.43603, 38.79319 ], [ -77.43644, 38.79254 ], [ -77.43787, 38.79502 ], [ -77.43805, 38.79611 ], [ -77.43932, 38.79898 ], [ -77.44176, 38.80159 ], [ -77.44291, 38.80353 ], [ -77.44351, 38.80387 ], [ -77.447, 38.80395 ], [ -77.44812, 38.80375 ], [ -77.44916, 38.80323 ], [ -77.44967, 38.80455 ], [ -77.4489, 38.81071 ], [ -77.44848, 38.81185 ], [ -77.4334, 38.83194 ], [ -77.42145, 38.82666 ], [ -77.42226, 38.826 ], [ -77.42386, 38.82526 ], [ -77.42593, 38.82478 ], [ -77.42654, 38.82361 ], [ -77.42639, 38.82201 ], [ -77.42675, 38.82201 ], [ -77.42669, 38.82114 ], [ -77.42765, 38.81992 ], [ -77.42841, 38.81947 ], [ -77.4299, 38.81917 ], [ -77.42969, 38.81851 ], [ -77.43005, 38.81773 ], [ -77.43005, 38.81688 ], [ -77.43064, 38.81618 ], [ -77.43035, 38.81565 ], [ -77.43096, 38.81361 ], [ -77.43232, 38.81291 ], [ -77.43371, 38.81278 ], [ -77.43403, 38.81234 ], [ -77.43414, 38.81155 ], [ -77.43299, 38.81032 ], [ -77.43336, 38.80996 ], [ -77.42975, 38.80657 ], [ -77.42938, 38.80543 ], [ -77.4283, 38.80444 ], [ -77.42845, 38.80435 ] ] } },
{ "type": "Feature", "properties": { "year": 2025, "level": "ES", "name": "Cherry Run" }, "geometry": { "type": "LineString", "coordinates": [ [ -77.28132, 38.78318 ], [ -77.27985, 38.78384 ], [ -77.278, 38.78231 ], [ -77.27678, 38.77968 ], [ -77.27615, 38.77752 ], [ -77.2717, 38.77098 ], [ -77.27212, 38.76919 ], [ -77.27202, 38.76549 ], [ -77.27328, 38.76264 ], [ -77.27286, 38.76018 ], [ -77.27314, 38.75918 ], [ -77.27496, 38.75766 ], [ -77.2769, 38.75558 ], [ -77.27906, 38.75834 ], [ -77.28167, 38.76071 ], [ -77.28284, 38.76298 ], [ -77.28582, 38.76143 ], [ -77.28717, 38.7627 ], [ -77.28787, 38.76262 ], [ -77.28777, 38.76164 ], [ -77.29086, 38.75852 ], [ -77.2929, 38.75331 ], [ -77.29542, 38.75396 ], [ -77.29838, 38.75102 ], [ -77.30369, 38.75446 ], [ -77.30119, 38.75619 ], [ -77.30115, 38.75643 ], [ -77.29697, 38.7567 ], [ -77.29611, 38.75694 ], [ -77.29561, 38.7576 ], [ -77.29594, 38.75864 ], [ -77.29753, 38.75968 ], [ -77.29891, 38.76124 ], [ -77.29922, 38.76204 ], [ -77.29931, 38.76297 ], [ -77.29883, 38.764 ], [ -77.2971, 38.76603 ], [ -77.29608, 38.76877 ], [ -77.29601, 38.76996 ], [ -77.29638, 38.77111 ], [ -77.29763, 38.77312 ], [ -77.2984, 38.77319 ], [ -77.29905, 38.77284 ], [ -77.30038, 38.77409 ], [ -77.29885, 38.77494 ], [ -77.29786, 38.77489 ], [ -77.29847, 38.77599 ], [ -77.29694, 38.77645 ], [ -77.29862, 38.77749 ], [ -77.29733, 38.77864 ], [ -77.29451, 38.77768 ], [ -77.29304, 38.77889 ], [ -77.28859, 38.77876 ], [ -77.28795, 38.77892 ], [ -77.28412, 38.78131 ], [ -77.28468, 38.78182 ], [ -77.28418, 38.78296 ], [ -77.2847, 38.78343 ], [ -77.28335, 38.78427 ], [ -77.28348, 38.78509 ], [ -77.28132, 38.78318 ] ] } },
{ "type": "Feature", "properties": { "year": 2025, "level": "ES", "name": "Chesterbrook" }, "geometry": { "type": "LineString", "coordinates": [ [ -77.12517, 38.93018 ], [ -77.15896, 38.90372 ], [ -77.15933, 38.90451 ], [ -77.15956, 38.90451 ], [ -77.15939, 38.90618 ], [ -77.16121, 38.90619 ], [ -77.16139, 38.90803 ], [ -77.16121, 38.90845 ], [ -77.16345, 38.90859 ], [ -77.1638, 38.91008 ], [ -77.16308, 38.91197 ], [ -77.16606, 38.91295 ], [ -77.16713, 38.91202 ], [ -77.16858, 38.91191 ], [ -77.1676, 38.91345 ], [ -77.16876, 38.91383 ], [ -77.16859, 38.91415 ], [ -77.16808, 38.91398 ], [ -77.16728, 38.91567 ], [ -77.16709, 38.91561 ], [ -77.16692, 38.91644 ], [ -77.16728, 38.91656 ], [ -77.16701, 38.91705 ], [ -77.16617, 38.91732 ], [ -77.1656, 38.91721 ], [ -77.16561, 38.9175 ], [ -77.16517, 38.91753 ], [ -77.16549, 38.91778 ], [ -77.16534, 38.91805 ], [ -77.16555, 38.91824 ], [ -77.16459, 38.91956 ], [ -77.16405, 38.91939 ], [ -77.1639, 38.91973 ], [ -77.17196, 38.92333 ], [ -77.17161, 38.92345 ], [ -77.1727, 38.92521 ], [ -77.17106, 38.92715 ], [ -77.17022, 38.92725 ], [ -77.17059, 38.92797 ], [ -77.16926, 38.92922 ], [ -77.16931, 38.9296 ], [ -77.16905, 38.9295 ], [ -77.16856, 38.93013 ], [ -77.16812, 38.92993 ], [ -77.16779, 38.9301 ], [ -77.16737, 38.93081 ], [ -77.16658, 38.93111 ], [ -77.16519, 38.93117 ], [ -77.16513, 38.93156 ], [ -77.16468, 38.93154 ], [ -77.16449, 38.93213 ], [ -77.16352, 38.93264 ], [ -77.16383, 38.93282 ], [ -77.16434, 38.93394 ], [ -77.16432, 38.93455 ], [ -77.16402, 38.93479 ], [ -77.16354, 38.93493 ], [ -77.16349, 38.93456 ], [ -77.16062, 38.93352 ], [ -77.16103, 38.93325 ], [ -77.15981, 38.93243 ], [ -77.15842, 38.93302 ], [ -77.1569, 38.93233 ], [ -77.15579, 38.93254 ], [ -77.15371, 38.93345 ], [ -77.15188, 38.93517 ], [ -77.15058, 38.93477 ], [ -77.15067, 38.93443 ], [ -77.14948, 38.93448 ], [ -77.14933, 38.9342 ], [ -77.14799, 38.93352 ], [ -77.14771, 38.93368 ], [ -77.14776, 38.93466 ], [ -77.14628, 38.93488 ], [ -77.1462, 38.93399 ], [ -77.14503, 38.93392 ], [ -77.14402, 38.93421 ], [ -77.14294, 38.93693 ], [ -77.14216, 38.93629 ], [ -77.14164, 38.93665 ], [ -77.14126, 38.93667 ], [ -77.14097, 38.93633 ], [ -77.14054, 38.93655 ], [ -77.1387, 38.93875 ], [ -77.13958, 38.93919 ], [ -77.13806, 38.94122 ], [ -77.13139, 38.93804 ], [ -77.13001, 38.94019 ], [ -77.12875, 38.94038 ], [ -77.12809, 38.9409 ], [ -77.12464, 38.93875 ], [ -77.11975, 38.93442 ], [ -77.12517, 38.93018 ] ] } },
{ "type": "Feature", "properties": { "year": 2025, "level": "ES", "name": "Churchill Road" }, "geometry": { "type": "LineString", "coordinates": [ [ -77.17078, 38.96657 ], [ -77.1693, 38.96639 ], [ -77.16841, 38.96712 ], [ -77.16756, 38.96741 ], [ -77.16611, 38.96774 ], [ -77.16441, 38.96782 ], [ -77.15991, 38.96616 ], [ -77.1584, 38.96595 ], [ -77.1573, 38.9663 ], [ -77.15446, 38.96586 ], [ -77.15105, 38.96574 ], [ -77.14707, 38.96448 ], [ -77.14511, 38.9632 ], [ -77.14059, 38.95839 ], [ -77.13543, 38.95387 ], [ -77.13109, 38.94644 ], [ -77.12877, 38.94175 ], [ -77.12809, 38.9409 ], [ -77.12875, 38.94038 ], [ -77.13001, 38.94019 ], [ -77.13139, 38.93804 ], [ -77.13884, 38.94154 ], [ -77.14429, 38.94345 ], [ -77.14649, 38.94394 ], [ -77.1494, 38.94392 ], [ -77.16009, 38.94219 ], [ -77.16711, 38.94271 ], [ -77.17386, 38.9409 ], [ -77.1784, 38.94014 ], [ -77.18541, 38.93708 ], [ -77.18695, 38.93769 ], [ -77.18931, 38.9381 ], [ -77.19363, 38.937 ], [ -77.194, 38.9371 ], [ -77.19499, 38.93599 ], [ -77.19272, 38.93483 ], [ -77.19371, 38.93366 ], [ -77.19921, 38.93161 ], [ -77.20011, 38.93244 ], [ -77.20181, 38.93342 ], [ -77.2033, 38.9341 ], [ -77.20534, 38.93467 ], [ -77.20838, 38.93616 ], [ -77.20155, 38.94731 ], [ -77.20182, 38.94789 ], [ -77.20263, 38.94812 ], [ -77.20286, 38.9489 ], [ -77.20261, 38.9491 ], [ -77.20294, 38.94951 ], [ -77.20282, 38.95012 ], [ -77.20307, 38.95043 ], [ -77.20386, 38.95074 ], [ -77.20471, 38.9507 ], [ -77.20503, 38.95092 ], [ -77.2039, 38.95245 ], [ -77.20449, 38.95336 ], [ -77.20373, 38.95377 ], [ -77.20386, 38.95426 ], [ -77.20258, 38.95616 ], [ -77.20581, 38.95719 ], [ -77.20513, 38.95629 ], [ -77.20485, 38.95535 ], [ -77.21202, 38.95575 ], [ -77.21297, 38.94715 ], [ -77.21591, 38.94823 ], [ -77.219, 38.94887 ], [ -77.22171, 38.95026 ], [ -77.22113, 38.95059 ], [ -77.22139, 38.95155 ], [ -77.22108, 38.95263 ], [ -77.22072, 38.9529 ], [ -77.22055, 38.95402 ], [ -77.22067, 38.95543 ], [ -77.22123, 38.95575 ], [ -77.21757, 38.95993 ], [ -77.21689, 38.95983 ], [ -77.21535, 38.96026 ], [ -77.21353, 38.95993 ], [ -77.21647, 38.9562 ], [ -77.21256, 38.95577 ], [ -77.21196, 38.9597 ], [ -77.20839, 38.95922 ], [ -77.20613, 38.95944 ], [ -77.20529, 38.95896 ], [ -77.20516, 38.95946 ], [ -77.20614, 38.96057 ], [ -77.20578, 38.96103 ], [ -77.20517, 38.96106 ], [ -77.20487, 38.96157 ], [ -77.2052, 38.96194 ], [ -77.20515, 38.96259 ], [ -77.20428, 38.9633 ], [ -77.204, 38.96492 ], [ -77.203, 38.96574 ], [ -77.20413, 38.96688 ], [ -77.20437, 38.96749 ], [ -77.20239, 38.96788 ], [ -77.20158, 38.96749 ], [ -77.19753, 38.96688 ], [ -77.19672, 38.96702 ], [ -77.19579, 38.96758 ], [ -77.19524, 38.96746 ], [ -77.19422, 38.96828 ], [ -77.19081, 38.96799 ], [ -77.18932, 38.96754 ], [ -77.18843, 38.96804 ], [ -77.18682, 38.9678 ], [ -77.186, 38.96798 ], [ -77.18422, 38.96789 ], [ -77.1831, 38.96872 ], [ -77.18154, 38.96879 ], [ -77.1798, 38.96841 ], [ -77.17981, 38.96822 ], [ -77.1798, 38.96841 ], [ -77.17721, 38.96814 ], [ -77.17498, 38.96821 ], [ -77.17409, 38.9679 ], [ -77.17349, 38.96797 ], [ -77.17213, 38.96756 ], [ -77.17148, 38.96687 ], [ -77.17078, 38.96657 ] ] } },
{ "type": "Feature", "properties": { "year": 2025, "level": "ES", "name": "Clearview" }, "geometry": { "type": "LineString", "coordinates": [ [ -77.39258, 38.99067 ], [ -77.39068, 38.9904 ], [ -77.38608, 38.98901 ], [ -77.38438, 38.98843 ], [ -77.3843, 38.98793 ], [ -77.38469, 38.98791 ], [ -77.38523, 38.98748 ], [ -77.38483, 38.98687 ], [ -77.385, 38.98629 ], [ -77.38552, 38.98579 ], [ -77.38577, 38.98599 ], [ -77.38623, 38.98587 ], [ -77.38619, 38.98551 ], [ -77.38683, 38.98501 ], [ -77.38725, 38.98352 ], [ -77.38823, 38.9819 ], [ -77.38869, 38.98193 ], [ -77.38903, 38.9814 ], [ -77.3901, 38.98129 ], [ -77.39012, 38.98111 ], [ -77.3906, 38.981 ], [ -77.39055, 38.9805 ], [ -77.39093, 38.98042 ], [ -77.39096, 38.98067 ], [ -77.39192, 38.98082 ], [ -77.39267, 38.98061 ], [ -77.39353, 38.97999 ], [ -77.39338, 38.97887 ], [ -77.39375, 38.97797 ], [ -77.39534, 38.97717 ], [ -77.3878, 38.97167 ], [ -77.38782, 38.96955 ], [ -77.39448, 38.96904 ], [ -77.3974, 38.96517 ], [ -77.39894, 38.96582 ], [ -77.40067, 38.96751 ], [ -77.40055, 38.97058 ], [ -77.40473, 38.97387 ], [ -77.40555, 38.97552 ], [ -77.40857, 38.9766 ], [ -77.3943, 38.99106 ], [ -77.39258, 38.99067 ] ] } },
{ "type": "Feature", "properties": { "year": 2025, "level": "ES", "name": "Clermont" }, "geometry": { "type": "LineString", "coordinates": [ [ -77.10224, 38.80215 ], [ -77.10232, 38.80174 ], [ -77.10431, 38.80168 ], [ -77.10431, 38.80072 ], [ -77.0981, 38.79969 ], [ -77.09751, 38.7998 ], [ -77.09711, 38.80042 ], [ -77.09387, 38.79952 ], [ -77.09415, 38.79809 ], [ -77.09364, 38.79708 ], [ -77.09287, 38.79715 ], [ -77.09236, 38.7969 ], [ -77.0925, 38.79472 ], [ -77.0898, 38.7951 ], [ -77.0897, 38.79575 ], [ -77.08709, 38.79575 ], [ -77.08615, 38.79553 ], [ -77.08612, 38.79498 ], [ -77.08554, 38.79502 ], [ -77.08459, 38.79309 ], [ -77.08385, 38.79328 ], [ -77.08504, 38.79162 ], [ -77.08135, 38.79108 ], [ -77.08133, 38.78987 ], [ -77.08079, 38.78964 ], [ -77.08312, 38.78625 ], [ -77.08235, 38.78555 ], [ -77.08292, 38.78514 ], [ -77.08158, 38.7843 ], [ -77.08242, 38.78314 ], [ -77.08312, 38.78358 ], [ -77.08459, 38.78343 ], [ -77.08488, 38.78526 ], [ -77.0863, 38.78497 ], [ -77.08564, 38.78325 ], [ -77.08409, 38.78167 ], [ -77.08529, 38.78036 ], [ -77.08459, 38.78006 ], [ -77.08652, 38.77968 ], [ -77.08709, 38.7802 ], [ -77.09049, 38.77999 ], [ -77.09219, 38.77822 ], [ -77.09243, 38.77867 ], [ -77.09208, 38.77938 ], [ -77.0925, 38.77977 ], [ -77.09164, 38.78118 ], [ -77.092, 38.78189 ], [ -77.09279, 38.78215 ], [ -77.09099, 38.78519 ], [ -77.09116, 38.78648 ], [ -77.09174, 38.78651 ], [ -77.10276, 38.78244 ], [ -77.10498, 38.78082 ], [ -77.10808, 38.78406 ], [ -77.10774, 38.7845 ], [ -77.11044, 38.7854 ], [ -77.10911, 38.7867 ], [ -77.10843, 38.78844 ], [ -77.10773, 38.78831 ], [ -77.10733, 38.78853 ], [ -77.10841, 38.79016 ], [ -77.11149, 38.78896 ], [ -77.11283, 38.78877 ], [ -77.1172, 38.7898 ], [ -77.11724, 38.79246 ], [ -77.11622, 38.79306 ], [ -77.11677, 38.79373 ], [ -77.11734, 38.79346 ], [ -77.11731, 38.7937 ], [ -77.11811, 38.79437 ], [ -77.11859, 38.79597 ], [ -77.11842, 38.79623 ], [ -77.11797, 38.79632 ], [ -77.11818, 38.79702 ], [ -77.11953, 38.79687 ], [ -77.12, 38.79705 ], [ -77.1202, 38.8007 ], [ -77.11675, 38.80157 ], [ -77.11301, 38.803 ], [ -77.11229, 38.80207 ], [ -77.10715, 38.80318 ], [ -77.10164, 38.80352 ], [ -77.10167, 38.8027 ], [ -77.10224, 38.80215 ] ] } },
{ "type": "Feature", "properties": { "year": 2025, "level": "ES", "name": "Coates" }, "geometry": { "type": "LineString", "coordinates": [ [ -77.39225, 38.95668 ], [ -77.38189, 38.95259 ], [ -77.37402, 38.95306 ], [ -77.37698, 38.94821 ], [ -77.37794, 38.94855 ], [ -77.37993, 38.94991 ], [ -77.38309, 38.95038 ], [ -77.38451, 38.94999 ], [ -77.38591, 38.94868 ], [ -77.38679, 38.94818 ], [ -77.39013, 38.94781 ], [ -77.39302, 38.94861 ], [ -77.39498, 38.94855 ], [ -77.39594, 38.94873 ], [ -77.40068, 38.95139 ], [ -77.40214, 38.95149 ], [ -77.40396, 38.95083 ], [ -77.40553, 38.95062 ], [ -77.40716, 38.95102 ], [ -77.40934, 38.95236 ], [ -77.41194, 38.95019 ], [ -77.41287, 38.94894 ], [ -77.41406, 38.94208 ], [ -77.41742, 38.9419 ], [ -77.42059, 38.94329 ], [ -77.42386, 38.94221 ], [ -77.42482, 38.94145 ], [ -77.42423, 38.93951 ], [ -77.42991, 38.93838 ], [ -77.42965, 38.95461 ], [ -77.43015, 38.95477 ], [ -77.42266, 38.96234 ], [ -77.41804, 38.96153 ], [ -77.40445, 38.95677 ], [ -77.40116, 38.95998 ], [ -77.39902, 38.96291 ], [ -77.3978, 38.96176 ], [ -77.3994, 38.95953 ], [ -77.39225, 38.95668 ] ] } },
{ "type": "Feature", "properties": { "year": 2025, "level": "ES", "name": "Columbia" }, "geometry": { "type": "LineString", "coordinates": [ [ -77.15807, 38.83644 ], [ -77.15776, 38.83644 ], [ -77.15769, 38.83611 ], [ -77.15902, 38.83527 ], [ -77.15622, 38.83285 ], [ -77.15723, 38.83151 ], [ -77.15664, 38.83125 ], [ -77.15691, 38.83071 ], [ -77.15392, 38.82984 ], [ -77.15376, 38.83023 ], [ -77.15255, 38.8299 ], [ -77.15226, 38.832 ], [ -77.1511, 38.83122 ], [ -77.15187, 38.83057 ], [ -77.15172, 38.83028 ], [ -77.15151, 38.83046 ], [ -77.14987, 38.8293 ], [ -77.15037, 38.82871 ], [ -77.14883, 38.82689 ], [ -77.14976, 38.82456 ], [ -77.14956, 38.82429 ], [ -77.14857, 38.82405 ], [ -77.14916, 38.8194 ], [ -77.15581, 38.82078 ], [ -77.17415, 38.8253 ], [ -77.17693, 38.82219 ], [ -77.17564, 38.82065 ], [ -77.17698, 38.82057 ], [ -77.17689, 38.81974 ], [ -77.17599, 38.8198 ], [ -77.17515, 38.81188 ], [ -77.18297, 38.81184 ], [ -77.18377, 38.81924 ], [ -77.18505, 38.81883 ], [ -77.18518, 38.81937 ], [ -77.18477, 38.81946 ], [ -77.1857, 38.81938 ], [ -77.18469, 38.82079 ], [ -77.18397, 38.82105 ], [ -77.18397, 38.8216 ], [ -77.18628, 38.82224 ], [ -77.1867, 38.8217 ], [ -77.18746, 38.822 ], [ -77.18836, 38.82075 ], [ -77.18918, 38.8207 ], [ -77.18927, 38.82138 ], [ -77.18891, 38.82249 ], [ -77.18952, 38.82259 ], [ -77.18929, 38.82431 ], [ -77.188, 38.82402 ], [ -77.18764, 38.82508 ], [ -77.18918, 38.8252 ], [ -77.189, 38.82651 ], [ -77.18846, 38.82647 ], [ -77.18836, 38.82729 ], [ -77.1889, 38.82734 ], [ -77.18865, 38.82917 ], [ -77.19632, 38.83043 ], [ -77.18381, 38.83539 ], [ -77.17736, 38.83635 ], [ -77.17379, 38.8366 ], [ -77.17058, 38.83762 ], [ -77.16308, 38.83803 ], [ -77.15807, 38.83644 ] ] } },
{ "type": "Feature", "properties": { "year": 2025, "level": "ES", "name": "Colvin Run" }, "geometry": { "type": "LineString", "coordinates": [ [ -77.31439, 38.99417 ], [ -77.31384, 38.99411 ], [ -77.31396, 38.99323 ], [ -77.31351, 38.99275 ], [ -77.30556, 38.98952 ], [ -77.3055, 38.99274 ], [ -77.30252, 38.99328 ], [ -77.30032, 38.99417 ], [ -77.29958, 38.99255 ], [ -77.29873, 38.99271 ], [ -77.29771, 38.99237 ], [ -77.29714, 38.99106 ], [ -77.29579, 38.98927 ], [ -77.29591, 38.98911 ], [ -77.29433, 38.98896 ], [ -77.29167, 38.98626 ], [ -77.29108, 38.98609 ], [ -77.29051, 38.98636 ], [ -77.28898, 38.98546 ], [ -77.28886, 38.98506 ], [ -77.28838, 38.98475 ], [ -77.28849, 38.98459 ], [ -77.28763, 38.98424 ], [ -77.28788, 38.98328 ], [ -77.28714, 38.98336 ], [ -77.28463, 38.98234 ], [ -77.28444, 38.98257 ], [ -77.28158, 38.98242 ], [ -77.28138, 38.98591 ], [ -77.28099, 38.98681 ], [ -77.28464, 38.98694 ], [ -77.28508, 38.99156 ], [ -77.28167, 38.99144 ], [ -77.28171, 38.98914 ], [ -77.28054, 38.98906 ], [ -77.27991, 38.98905 ], [ -77.27845, 38.99033 ], [ -77.27803, 38.98995 ], [ -77.27785, 38.99015 ], [ -77.2772, 38.98984 ], [ -77.27604, 38.99122 ], [ -77.27535, 38.99088 ], [ -77.27516, 38.99112 ], [ -77.27442, 38.991 ], [ -77.27442, 38.99137 ], [ -77.26728, 38.98773 ], [ -77.25694, 38.98178 ], [ -77.25727, 38.97858 ], [ -77.25678, 38.97708 ], [ -77.24946, 38.96994 ], [ -77.25104, 38.97038 ], [ -77.25432, 38.9697 ], [ -77.25442, 38.96944 ], [ -77.25337, 38.96692 ], [ -77.25888, 38.96509 ], [ -77.26068, 38.9615 ], [ -77.26094, 38.95811 ], [ -77.26436, 38.95136 ], [ -77.2616, 38.94944 ], [ -77.25622, 38.94409 ], [ -77.25765, 38.9438 ], [ -77.25747, 38.94224 ], [ -77.25873, 38.94177 ], [ -77.26003, 38.93965 ], [ -77.26076, 38.93969 ], [ -77.26087, 38.93999 ], [ -77.26099, 38.94001 ], [ -77.26101, 38.93324 ], [ -77.26183, 38.93285 ], [ -77.26224, 38.93299 ], [ -77.26404, 38.93375 ], [ -77.2657, 38.93478 ], [ -77.27054, 38.93904 ], [ -77.27265, 38.94047 ], [ -77.27185, 38.94166 ], [ -77.27253, 38.9421 ], [ -77.27235, 38.94279 ], [ -77.27283, 38.94265 ], [ -77.27287, 38.94314 ], [ -77.27373, 38.94415 ], [ -77.27469, 38.9445 ], [ -77.27565, 38.94449 ], [ -77.27577, 38.94504 ], [ -77.27618, 38.94529 ], [ -77.27618, 38.94602 ], [ -77.27655, 38.94627 ], [ -77.27782, 38.94632 ], [ -77.27821, 38.94657 ], [ -77.27946, 38.94646 ], [ -77.27927, 38.94698 ], [ -77.27956, 38.9472 ], [ -77.2795, 38.94772 ], [ -77.2798, 38.94773 ], [ -77.28001, 38.94737 ], [ -77.28143, 38.94777 ], [ -77.28098, 38.94956 ], [ -77.28159, 38.95042 ], [ -77.28309, 38.9502 ], [ -77.28449, 38.95072 ], [ -77.2838, 38.95153 ], [ -77.28194, 38.95218 ], [ -77.27868, 38.95446 ], [ -77.27647, 38.95731 ], [ -77.27467, 38.95803 ], [ -77.27697, 38.95969 ], [ -77.27787, 38.95895 ], [ -77.27792, 38.95852 ], [ -77.27877, 38.95738 ], [ -77.28128, 38.95791 ], [ -77.28046, 38.95907 ], [ -77.28321, 38.95929 ], [ -77.28415, 38.95847 ], [ -77.28485, 38.95861 ], [ -77.28484, 38.95817 ], [ -77.28529, 38.95817 ], [ -77.28535, 38.95911 ], [ -77.28726, 38.95976 ], [ -77.29068, 38.95969 ], [ -77.29153, 38.95932 ], [ -77.29189, 38.95942 ], [ -77.29163, 38.96012 ], [ -77.29675, 38.96201 ], [ -77.29754, 38.96102 ], [ -77.29724, 38.96028 ], [ -77.29804, 38.96059 ], [ -77.29871, 38.96023 ], [ -77.29986, 38.96066 ], [ -77.2986, 38.9627 ], [ -77.30243, 38.96412 ], [ -77.30222, 38.96553 ], [ -77.30304, 38.96578 ], [ -77.30363, 38.96548 ], [ -77.30408, 38.96573 ], [ -77.3048, 38.96549 ], [ -77.30494, 38.96586 ], [ -77.30532, 38.96576 ], [ -77.30577, 38.96595 ], [ -77.30583, 38.96626 ], [ -77.30623, 38.96615 ], [ -77.30631, 38.96693 ], [ -77.3061, 38.96718 ], [ -77.3064, 38.96734 ], [ -77.30684, 38.96716 ], [ -77.30699, 38.96743 ], [ -77.30753, 38.96721 ], [ -77.30779, 38.9667 ], [ -77.30816, 38.96645 ], [ -77.30839, 38.96635 ], [ -77.30584, 38.97487 ], [ -77.31343, 38.97707 ], [ -77.31515, 38.97778 ], [ -77.3171, 38.97563 ], [ -77.31914, 38.97756 ], [ -77.31888, 38.97781 ], [ -77.32101, 38.97853 ], [ -77.32138, 38.97946 ], [ -77.32122, 38.97959 ], [ -77.32493, 38.98133 ], [ -77.32315, 38.9817 ], [ -77.32319, 38.98258 ], [ -77.32377, 38.98304 ], [ -77.32457, 38.9843 ], [ -77.32571, 38.98517 ], [ -77.32737, 38.98555 ], [ -77.32713, 38.98708 ], [ -77.32646, 38.98788 ], [ -77.32458, 38.98676 ], [ -77.32306, 38.98543 ], [ -77.32036, 38.98168 ], [ -77.31884, 38.98009 ], [ -77.31783, 38.98099 ], [ -77.31486, 38.98178 ], [ -77.31524, 38.98331 ], [ -77.31493, 38.98326 ], [ -77.31395, 38.98437 ], [ -77.31452, 38.98421 ], [ -77.31494, 38.9852 ], [ -77.31559, 38.98555 ], [ -77.3154, 38.98562 ], [ -77.31544, 38.98623 ], [ -77.3157, 38.98879 ], [ -77.31588, 38.98876 ], [ -77.31552, 38.98928 ], [ -77.3156, 38.99079 ], [ -77.31656, 38.99391 ], [ -77.31685, 38.99415 ], [ -77.31648, 38.99525 ], [ -77.31544, 38.99498 ], [ -77.31545, 38.99459 ], [ -77.31439, 38.99417 ] ] } },
{ "type": "Feature", "properties": { "year": 2025, "level": "ES", "name": "Crestwood" }, "geometry": { "type": "LineString", "coordinates": [ [ -77.19304, 38.79632 ], [ -77.19423, 38.79423 ], [ -77.19548, 38.79458 ], [ -77.1959, 38.7935 ], [ -77.19399, 38.79314 ], [ -77.19038, 38.79149 ], [ -77.18708, 38.79107 ], [ -77.18737, 38.78889 ], [ -77.1872, 38.78533 ], [ -77.18585, 38.7792 ], [ -77.1991, 38.77711 ], [ -77.20345, 38.77531 ], [ -77.20399, 38.77585 ], [ -77.20453, 38.77718 ], [ -77.20462, 38.77767 ], [ -77.20421, 38.77799 ], [ -77.20376, 38.77916 ], [ -77.20426, 38.77962 ], [ -77.20493, 38.77946 ], [ -77.20609, 38.77864 ], [ -77.20694, 38.77676 ], [ -77.20819, 38.77684 ], [ -77.2093, 38.77778 ], [ -77.21071, 38.77991 ], [ -77.21021, 38.78064 ], [ -77.20968, 38.78071 ], [ -77.20961, 38.78068 ], [ -77.20986, 38.78061 ], [ -77.20931, 38.78012 ], [ -77.20836, 38.78053 ], [ -77.20716, 38.78155 ], [ -77.20621, 38.78302 ], [ -77.20622, 38.78365 ], [ -77.20584, 38.78417 ], [ -77.20604, 38.7847 ], [ -77.20703, 38.78516 ], [ -77.20761, 38.7861 ], [ -77.20885, 38.78669 ], [ -77.21137, 38.78754 ], [ -77.21301, 38.78773 ], [ -77.21515, 38.78885 ], [ -77.21609, 38.78989 ], [ -77.21689, 38.79035 ], [ -77.21679, 38.79069 ], [ -77.21888, 38.79277 ], [ -77.20435, 38.79337 ], [ -77.20203, 38.79395 ], [ -77.19421, 38.79706 ], [ -77.19289, 38.79677 ], [ -77.19304, 38.79632 ] ] } },
{ "type": "Feature", "properties": { "year": 2025, "level": "ES", "name": "Crossfield" }, "geometry": { "type": "LineString", "coordinates": [ [ -77.3723, 38.92461 ], [ -77.36644, 38.91661 ], [ -77.35968, 38.92286 ], [ -77.35509, 38.92262 ], [ -77.34953, 38.92105 ], [ -77.35442, 38.91304 ], [ -77.35306, 38.91205 ], [ -77.35632, 38.90971 ], [ -77.3603, 38.90778 ], [ -77.35838, 38.90507 ], [ -77.35988, 38.90441 ], [ -77.36051, 38.90537 ], [ -77.37114, 38.90083 ], [ -77.37172, 38.90161 ], [ -77.37279, 38.90114 ], [ -77.37292, 38.90007 ], [ -77.37754, 38.8981 ], [ -77.37709, 38.89703 ], [ -77.37799, 38.89657 ], [ -77.37832, 38.89706 ], [ -77.37926, 38.89684 ], [ -77.37952, 38.89725 ], [ -77.38078, 38.8967 ], [ -77.38129, 38.89819 ], [ -77.38143, 38.90033 ], [ -77.39023, 38.90201 ], [ -77.38788, 38.89808 ], [ -77.39027, 38.89683 ], [ -77.39521, 38.90057 ], [ -77.39597, 38.89982 ], [ -77.39527, 38.89927 ], [ -77.39565, 38.89896 ], [ -77.39673, 38.9 ], [ -77.39846, 38.90001 ], [ -77.39842, 38.90038 ], [ -77.39749, 38.90142 ], [ -77.39809, 38.90152 ], [ -77.39835, 38.90123 ], [ -77.39999, 38.90114 ], [ -77.40111, 38.90051 ], [ -77.40056, 38.89909 ], [ -77.39959, 38.89875 ], [ -77.39908, 38.8982 ], [ -77.40308, 38.89838 ], [ -77.40272, 38.90216 ], [ -77.40577, 38.90261 ], [ -77.40578, 38.90294 ], [ -77.40517, 38.90408 ], [ -77.40286, 38.90557 ], [ -77.40281, 38.90662 ], [ -77.40135, 38.90695 ], [ -77.40002, 38.90687 ], [ -77.39903, 38.90644 ], [ -77.39761, 38.90527 ], [ -77.39486, 38.90473 ], [ -77.39494, 38.90625 ], [ -77.39416, 38.90812 ], [ -77.39401, 38.91042 ], [ -77.39505, 38.91086 ], [ -77.3946, 38.9115 ], [ -77.39808, 38.913 ], [ -77.40151, 38.90986 ], [ -77.4031, 38.91092 ], [ -77.40236, 38.91247 ], [ -77.39853, 38.91804 ], [ -77.39454, 38.92461 ], [ -77.38435, 38.92075 ], [ -77.38489, 38.9197 ], [ -77.37892, 38.9169 ], [ -77.37784, 38.9183 ], [ -77.37658, 38.91771 ], [ -77.37644, 38.91785 ], [ -77.37572, 38.91889 ], [ -77.37385, 38.92336 ], [ -77.37356, 38.92497 ], [ -77.3723, 38.92461 ] ] } },
{ "type": "Feature", "properties": { "year": 2025, "level": "ES", "name": "Cub Run" }, "geometry": { "type": "LineString", "coordinates": [ [ -77.43441, 38.87804 ], [ -77.43219, 38.87645 ], [ -77.4303, 38.87449 ], [ -77.42955, 38.87187 ], [ -77.42883, 38.86695 ], [ -77.42978, 38.86169 ], [ -77.42972, 38.85903 ], [ -77.43035, 38.85749 ], [ -77.42984, 38.8554 ], [ -77.43119, 38.85425 ], [ -77.43154, 38.85306 ], [ -77.43241, 38.85233 ], [ -77.43294, 38.85229 ], [ -77.433, 38.85153 ], [ -77.43388, 38.85138 ], [ -77.43462, 38.85078 ], [ -77.43504, 38.84729 ], [ -77.43536, 38.84684 ], [ -77.43588, 38.84664 ], [ -77.43669, 38.84677 ], [ -77.43961, 38.84893 ], [ -77.44363, 38.8512 ], [ -77.4463, 38.85238 ], [ -77.45154, 38.85718 ], [ -77.45928, 38.86354 ], [ -77.46221, 38.86106 ], [ -77.46245, 38.86108 ], [ -77.46357, 38.86275 ], [ -77.46379, 38.86445 ], [ -77.47225, 38.86147 ], [ -77.47651, 38.86414 ], [ -77.47744, 38.8637 ], [ -77.47775, 38.86281 ], [ -77.47839, 38.86263 ], [ -77.47879, 38.86191 ], [ -77.47962, 38.86143 ], [ -77.48072, 38.86154 ], [ -77.48134, 38.86116 ], [ -77.48182, 38.86114 ], [ -77.48206, 38.86164 ], [ -77.48151, 38.86294 ], [ -77.48076, 38.86343 ], [ -77.48116, 38.86433 ], [ -77.48101, 38.86461 ], [ -77.48236, 38.86507 ], [ -77.48421, 38.86505 ], [ -77.48511, 38.866 ], [ -77.48537, 38.86713 ], [ -77.4859, 38.86795 ], [ -77.48634, 38.86799 ], [ -77.4873, 38.86739 ], [ -77.48816, 38.86754 ], [ -77.48875, 38.86875 ], [ -77.48925, 38.86886 ], [ -77.48435, 38.87444 ], [ -77.4828, 38.87359 ], [ -77.47863, 38.87832 ], [ -77.47726, 38.8784 ], [ -77.47691, 38.87752 ], [ -77.47254, 38.87544 ], [ -77.47101, 38.878 ], [ -77.47023, 38.88227 ], [ -77.46322, 38.88401 ], [ -77.45847, 38.88543 ], [ -77.4538, 38.88187 ], [ -77.45265, 38.87952 ], [ -77.4513, 38.8793 ], [ -77.44893, 38.87816 ], [ -77.44949, 38.88083 ], [ -77.44883, 38.88354 ], [ -77.43953, 38.89744 ], [ -77.4313, 38.89412 ], [ -77.43461, 38.88682 ], [ -77.43526, 38.88615 ], [ -77.43653, 38.88566 ], [ -77.43712, 38.88518 ], [ -77.43791, 38.88391 ], [ -77.43833, 38.88256 ], [ -77.4381, 38.88129 ], [ -77.43855, 38.88019 ], [ -77.43441, 38.87804 ] ] } },
{ "type": "Feature", "properties": { "year": 2025, "level": "ES", "name": "Cunningham Park" }, "geometry": { "type": "LineString", "coordinates": [ [ -77.24563, 38.89985 ], [ -77.24106, 38.89691 ], [ -77.23484, 38.89512 ], [ -77.23585, 38.89295 ], [ -77.23518, 38.89283 ], [ -77.23527, 38.89211 ], [ -77.23606, 38.8921 ], [ -77.23586, 38.892 ], [ -77.23611, 38.88874 ], [ -77.23634, 38.88861 ], [ -77.23707, 38.88886 ], [ -77.23856, 38.88703 ], [ -77.23572, 38.88601 ], [ -77.23669, 38.88471 ], [ -77.23934, 38.88565 ], [ -77.23977, 38.88524 ], [ -77.23845, 38.883 ], [ -77.23814, 38.88321 ], [ -77.23721, 38.88321 ], [ -77.23867, 38.88012 ], [ -77.24203, 38.87972 ], [ -77.25286, 38.87911 ], [ -77.25312, 38.87918 ], [ -77.25217, 38.88125 ], [ -77.25217, 38.88177 ], [ -77.25327, 38.88314 ], [ -77.25352, 38.88408 ], [ -77.25313, 38.8845 ], [ -77.25311, 38.88523 ], [ -77.255, 38.88714 ], [ -77.25746, 38.88828 ], [ -77.25911, 38.88993 ], [ -77.2595, 38.8912 ], [ -77.25899, 38.89137 ], [ -77.2592, 38.89172 ], [ -77.25835, 38.89209 ], [ -77.25808, 38.89182 ], [ -77.25773, 38.89207 ], [ -77.25803, 38.89236 ], [ -77.25758, 38.89263 ], [ -77.25769, 38.89275 ], [ -77.25422, 38.89544 ], [ -77.25385, 38.89515 ], [ -77.25293, 38.89588 ], [ -77.25489, 38.89738 ], [ -77.25162, 38.89991 ], [ -77.25099, 38.90154 ], [ -77.24805, 38.90098 ], [ -77.24563, 38.89985 ] ] } },
{ "type": "Feature", "properties": { "year": 2025, "level": "ES", "name": "Daniels Run" }, "geometry": { "type": "LineString", "coordinates": [ [ -77.27337, 38.86617 ], [ -77.27305, 38.86585 ], [ -77.27152, 38.86656 ], [ -77.27111, 38.86633 ], [ -77.27054, 38.86568 ], [ -77.27034, 38.86487 ], [ -77.27013, 38.86487 ], [ -77.27003, 38.86412 ], [ -77.26954, 38.86413 ], [ -77.26878, 38.86287 ], [ -77.26863, 38.85999 ], [ -77.26979, 38.85566 ], [ -77.26879, 38.85448 ], [ -77.26917, 38.85379 ], [ -77.26891, 38.85239 ], [ -77.26926, 38.85182 ], [ -77.27096, 38.85138 ], [ -77.27175, 38.8485 ], [ -77.26998, 38.84335 ], [ -77.27052, 38.84092 ], [ -77.27856, 38.84198 ], [ -77.27854, 38.84099 ], [ -77.28094, 38.84127 ], [ -77.28206, 38.84118 ], [ -77.28638, 38.84172 ], [ -77.28647, 38.83862 ], [ -77.28735, 38.83864 ], [ -77.28726, 38.83613 ], [ -77.28828, 38.83615 ], [ -77.2884, 38.83653 ], [ -77.29063, 38.83652 ], [ -77.29674, 38.83733 ], [ -77.29673, 38.83598 ], [ -77.29715, 38.83497 ], [ -77.30024, 38.83505 ], [ -77.30022, 38.83521 ], [ -77.30229, 38.83535 ], [ -77.30224, 38.8349 ], [ -77.30179, 38.83475 ], [ -77.30133, 38.83311 ], [ -77.30307, 38.83282 ], [ -77.30406, 38.83608 ], [ -77.30786, 38.83575 ], [ -77.30805, 38.83689 ], [ -77.31036, 38.83666 ], [ -77.31043, 38.83694 ], [ -77.31198, 38.83678 ], [ -77.31207, 38.83806 ], [ -77.31061, 38.84015 ], [ -77.31875, 38.84166 ], [ -77.31875, 38.84506 ], [ -77.31646, 38.84437 ], [ -77.31649, 38.845 ], [ -77.30877, 38.84285 ], [ -77.30709, 38.84505 ], [ -77.30623, 38.8477 ], [ -77.30662, 38.84981 ], [ -77.30784, 38.85066 ], [ -77.30744, 38.85382 ], [ -77.30749, 38.8576 ], [ -77.30615, 38.85803 ], [ -77.30576, 38.85729 ], [ -77.29644, 38.86054 ], [ -77.296, 38.86105 ], [ -77.29528, 38.86098 ], [ -77.29487, 38.86142 ], [ -77.29322, 38.86074 ], [ -77.29328, 38.8604 ], [ -77.29197, 38.86043 ], [ -77.29216, 38.86082 ], [ -77.29133, 38.86184 ], [ -77.29099, 38.86158 ], [ -77.29062, 38.86166 ], [ -77.29083, 38.86189 ], [ -77.28735, 38.86229 ], [ -77.2876, 38.86316 ], [ -77.27486, 38.86462 ], [ -77.27492, 38.86518 ], [ -77.27386, 38.86664 ], [ -77.27337, 38.86617 ] ] } },
{ "type": "Feature", "properties": { "year": 2025, "level": "ES", "name": "Deer Park" }, "geometry": { "type": "LineString", "coordinates": [ [ -77.46332, 38.86238 ], [ -77.46245, 38.86108 ], [ -77.46221, 38.86106 ], [ -77.45928, 38.86354 ], [ -77.45154, 38.85718 ], [ -77.44649, 38.85256 ], [ -77.44748, 38.85076 ], [ -77.44586, 38.85027 ], [ -77.44634, 38.84984 ], [ -77.44681, 38.8499 ], [ -77.44676, 38.84958 ], [ -77.44789, 38.84889 ], [ -77.44869, 38.84735 ], [ -77.44901, 38.84735 ], [ -77.44858, 38.84637 ], [ -77.44779, 38.84631 ], [ -77.44686, 38.84522 ], [ -77.44766, 38.84448 ], [ -77.44939, 38.84197 ], [ -77.45073, 38.83617 ], [ -77.45298, 38.83563 ], [ -77.45127, 38.84186 ], [ -77.45143, 38.8423 ], [ -77.4519, 38.84259 ], [ -77.45451, 38.84306 ], [ -77.45351, 38.8468 ], [ -77.45553, 38.84698 ], [ -77.45742, 38.84754 ], [ -77.45995, 38.8464 ], [ -77.46157, 38.84694 ], [ -77.46257, 38.8491 ], [ -77.46303, 38.84933 ], [ -77.46308, 38.85024 ], [ -77.46351, 38.84989 ], [ -77.46391, 38.85005 ], [ -77.46512, 38.8494 ], [ -77.46527, 38.84955 ], [ -77.46541, 38.84873 ], [ -77.46513, 38.84811 ], [ -77.46561, 38.84811 ], [ -77.46534, 38.84778 ], [ -77.46575, 38.84781 ], [ -77.46596, 38.84704 ], [ -77.4662, 38.84693 ], [ -77.46556, 38.84627 ], [ -77.46598, 38.84614 ], [ -77.46581, 38.8458 ], [ -77.46837, 38.84733 ], [ -77.47029, 38.84811 ], [ -77.47226, 38.84831 ], [ -77.47262, 38.84798 ], [ -77.47331, 38.84628 ], [ -77.47421, 38.84591 ], [ -77.475, 38.84612 ], [ -77.47727, 38.8501 ], [ -77.47799, 38.85474 ], [ -77.47817, 38.8592 ], [ -77.47857, 38.86023 ], [ -77.47962, 38.86143 ], [ -77.47879, 38.86191 ], [ -77.47839, 38.86263 ], [ -77.47775, 38.86281 ], [ -77.47744, 38.8637 ], [ -77.47651, 38.86414 ], [ -77.47225, 38.86147 ], [ -77.46379, 38.86445 ], [ -77.46332, 38.86238 ] ] } },
{ "type": "Feature", "properties": { "year": 2025, "level": "ES", "name": "Dogwood" }, "geometry": { "type": "LineString", "coordinates": [ [ -77.35784, 38.94818 ], [ -77.35932, 38.94602 ], [ -77.35783, 38.94571 ], [ -77.35787, 38.94389 ], [ -77.35737, 38.9438 ], [ -77.35752, 38.9433 ], [ -77.35697, 38.9421 ], [ -77.35591, 38.94084 ], [ -77.35603, 38.94045 ], [ -77.35665, 38.94063 ], [ -77.35796, 38.93951 ], [ -77.35767, 38.93746 ], [ -77.3583, 38.93671 ], [ -77.36123, 38.93821 ], [ -77.36354, 38.93999 ], [ -77.36367, 38.93981 ], [ -77.36426, 38.94019 ], [ -77.36497, 38.94074 ], [ -77.36489, 38.94088 ], [ -77.36684, 38.94122 ], [ -77.3671, 38.94097 ], [ -77.36644, 38.94008 ], [ -77.36638, 38.93891 ], [ -77.36554, 38.93855 ], [ -77.36495, 38.93795 ], [ -77.37259, 38.92706 ], [ -77.37366, 38.92756 ], [ -77.37495, 38.92855 ], [ -77.37826, 38.93311 ], [ -77.37284, 38.93552 ], [ -77.37133, 38.93651 ], [ -77.37278, 38.93832 ], [ -77.37658, 38.93655 ], [ -77.37728, 38.93717 ], [ -77.37803, 38.93612 ], [ -77.37979, 38.93497 ], [ -77.38387, 38.93963 ], [ -77.39323, 38.9452 ], [ -77.39185, 38.94823 ], [ -77.39027, 38.94782 ], [ -77.38713, 38.94807 ], [ -77.38602, 38.94858 ], [ -77.3846, 38.94993 ], [ -77.38354, 38.95034 ], [ -77.38004, 38.94995 ], [ -77.37786, 38.9485 ], [ -77.37698, 38.94821 ], [ -77.37402, 38.95306 ], [ -77.36519, 38.95309 ], [ -77.35642, 38.95211 ], [ -77.35722, 38.94938 ], [ -77.35784, 38.94818 ] ] } },
{ "type": "Feature", "properties": { "year": 2025, "level": "ES", "name": "Dranesville" }, "geometry": { "type": "LineString", "coordinates": [ [ -77.36841, 39.01169 ], [ -77.36907, 39.01117 ], [ -77.36938, 39.01144 ], [ -77.37047, 39.01132 ], [ -77.37122, 39.01109 ], [ -77.37157, 39.01061 ], [ -77.37315, 39.01018 ], [ -77.37322, 39.0099 ], [ -77.37256, 39.00932 ], [ -77.37243, 39.00866 ], [ -77.37334, 39.00787 ], [ -77.37348, 39.00741 ], [ -77.37327, 39.00713 ], [ -77.37377, 39.00686 ], [ -77.37245, 39.00557 ], [ -77.37204, 39.0047 ], [ -77.37109, 39.00426 ], [ -77.37123, 39.00362 ], [ -77.3709, 39.00271 ], [ -77.37024, 39.00228 ], [ -77.37011, 39.00186 ], [ -77.37031, 39.00034 ], [ -77.37066, 38.99987 ], [ -77.37228, 38.99935 ], [ -77.37221, 38.99827 ], [ -77.37133, 38.99787 ], [ -77.36953, 38.99773 ], [ -77.36847, 38.99733 ], [ -77.36853, 38.99564 ], [ -77.3695, 38.99253 ], [ -77.36898, 38.99258 ], [ -77.3684, 38.99172 ], [ -77.36492, 38.99013 ], [ -77.36497, 38.98936 ], [ -77.36565, 38.98798 ], [ -77.36508, 38.98742 ], [ -77.36525, 38.98688 ], [ -77.36649, 38.98691 ], [ -77.36654, 38.98615 ], [ -77.36702, 38.98599 ], [ -77.36671, 38.98382 ], [ -77.36711, 38.98301 ], [ -77.36661, 38.98266 ], [ -77.36672, 38.98174 ], [ -77.37757, 38.98579 ], [ -77.37747, 38.98621 ], [ -77.37901, 38.9865 ], [ -77.38342, 38.9884 ], [ -77.384, 38.98606 ], [ -77.38534, 38.98292 ], [ -77.38679, 38.98261 ], [ -77.38773, 38.98144 ], [ -77.38752, 38.98127 ], [ -77.38741, 38.97988 ], [ -77.38758, 38.97631 ], [ -77.38693, 38.97582 ], [ -77.38653, 38.97456 ], [ -77.38676, 38.9742 ], [ -77.38813, 38.97443 ], [ -77.38845, 38.97416 ], [ -77.39147, 38.9764 ], [ -77.39132, 38.97664 ], [ -77.39355, 38.97829 ], [ -77.39331, 38.97962 ], [ -77.39353, 38.97999 ], [ -77.39267, 38.98061 ], [ -77.39192, 38.98082 ], [ -77.39096, 38.98067 ], [ -77.39093, 38.98042 ], [ -77.39055, 38.9805 ], [ -77.3906, 38.981 ], [ -77.39012, 38.98111 ], [ -77.3901, 38.98129 ], [ -77.38903, 38.9814 ], [ -77.38869, 38.98193 ], [ -77.38823, 38.9819 ], [ -77.38725, 38.98352 ], [ -77.38683, 38.98501 ], [ -77.38619, 38.98551 ], [ -77.38623, 38.98587 ], [ -77.38577, 38.98599 ], [ -77.38552, 38.98579 ], [ -77.385, 38.98629 ], [ -77.38483, 38.98687 ], [ -77.38523, 38.98748 ], [ -77.38469, 38.98791 ], [ -77.3843, 38.98793 ], [ -77.38438, 38.98843 ], [ -77.39068, 38.9904 ], [ -77.3943, 38.99106 ], [ -77.37111, 39.01448 ], [ -77.36865, 39.01323 ], [ -77.36866, 39.01231 ], [ -77.36817, 39.0118 ], [ -77.36841, 39.01169 ] ] } },
{ "type": "Feature", "properties": { "year": 2025, "level": "ES", "name": "Eagle View" }, "geometry": { "type": "LineString", "coordinates": [ [ -77.34727, 38.8592 ], [ -77.34777, 38.85859 ], [ -77.34794, 38.85706 ], [ -77.34739, 38.85658 ], [ -77.34704, 38.85656 ], [ -77.34705, 38.85605 ], [ -77.34685, 38.85618 ], [ -77.34667, 38.85579 ], [ -77.34938, 38.85594 ], [ -77.35001, 38.85523 ], [ -77.34964, 38.85242 ], [ -77.35089, 38.85198 ], [ -77.3529, 38.85071 ], [ -77.35249, 38.84913 ], [ -77.35926, 38.84815 ], [ -77.36881, 38.84635 ], [ -77.39599, 38.8406 ], [ -77.3965, 38.84154 ], [ -77.39343, 38.84381 ], [ -77.39141, 38.84488 ], [ -77.39196, 38.8456 ], [ -77.39032, 38.84636 ], [ -77.3888, 38.84611 ], [ -77.38668, 38.8471 ], [ -77.386, 38.84954 ], [ -77.38546, 38.84983 ], [ -77.38762, 38.85269 ], [ -77.38834, 38.85437 ], [ -77.36345, 38.85889 ], [ -77.36391, 38.85915 ], [ -77.36379, 38.86042 ], [ -77.36586, 38.86065 ], [ -77.36878, 38.86456 ], [ -77.36552, 38.86667 ], [ -77.36486, 38.86751 ], [ -77.36476, 38.86832 ], [ -77.34586, 38.86125 ], [ -77.34667, 38.86086 ], [ -77.34727, 38.8592 ] ] } },
{ "type": "Feature", "properties": { "year": 2025, "level": "ES", "name": "Fairfax Villa" }, "geometry": { "type": "LineString", "coordinates": [ [ -77.34029, 38.85914 ], [ -77.33333, 38.85643 ], [ -77.33481, 38.85372 ], [ -77.33503, 38.85266 ], [ -77.3348, 38.85136 ], [ -77.3318, 38.8517 ], [ -77.33137, 38.85122 ], [ -77.33054, 38.84886 ], [ -77.33033, 38.84884 ], [ -77.33032, 38.84779 ], [ -77.33095, 38.84732 ], [ -77.32588, 38.84698 ], [ -77.32269, 38.8432 ], [ -77.31876, 38.84202 ], [ -77.31869, 38.83466 ], [ -77.31623, 38.83642 ], [ -77.31411, 38.83583 ], [ -77.31398, 38.83604 ], [ -77.31274, 38.83631 ], [ -77.31261, 38.83571 ], [ -77.31175, 38.83572 ], [ -77.31218, 38.83467 ], [ -77.31462, 38.83224 ], [ -77.31572, 38.83066 ], [ -77.31906, 38.83213 ], [ -77.3194, 38.83165 ], [ -77.32131, 38.83274 ], [ -77.32514, 38.82989 ], [ -77.32672, 38.83015 ], [ -77.3293, 38.831 ], [ -77.33353, 38.83162 ], [ -77.33337, 38.83224 ], [ -77.33405, 38.83252 ], [ -77.33379, 38.83287 ], [ -77.33528, 38.83539 ], [ -77.33724, 38.83456 ], [ -77.33762, 38.83413 ], [ -77.33759, 38.83357 ], [ -77.33834, 38.83163 ], [ -77.34118, 38.83197 ], [ -77.34292, 38.82786 ], [ -77.34748, 38.82973 ], [ -77.34934, 38.82548 ], [ -77.35015, 38.82653 ], [ -77.35048, 38.82502 ], [ -77.36203, 38.82492 ], [ -77.36176, 38.82548 ], [ -77.36297, 38.82614 ], [ -77.36261, 38.82701 ], [ -77.36281, 38.82764 ], [ -77.36258, 38.82863 ], [ -77.36211, 38.829 ], [ -77.36215, 38.82998 ], [ -77.36365, 38.83319 ], [ -77.36293, 38.83414 ], [ -77.3639, 38.83629 ], [ -77.36372, 38.83704 ], [ -77.36302, 38.83718 ], [ -77.36733, 38.84662 ], [ -77.35893, 38.8482 ], [ -77.3396, 38.8508 ], [ -77.33991, 38.85262 ], [ -77.33942, 38.85268 ], [ -77.33931, 38.8532 ], [ -77.33823, 38.85309 ], [ -77.3381, 38.85393 ], [ -77.33919, 38.85402 ], [ -77.34085, 38.85452 ], [ -77.34097, 38.85423 ], [ -77.34227, 38.85443 ], [ -77.34191, 38.85533 ], [ -77.34286, 38.85559 ], [ -77.34458, 38.85375 ], [ -77.34527, 38.85371 ], [ -77.34742, 38.85288 ], [ -77.34964, 38.85242 ], [ -77.35001, 38.85523 ], [ -77.34938, 38.85594 ], [ -77.34667, 38.85579 ], [ -77.34685, 38.85618 ], [ -77.34705, 38.85605 ], [ -77.34704, 38.85656 ], [ -77.34739, 38.85658 ], [ -77.34794, 38.85706 ], [ -77.34792, 38.85778 ], [ -77.34667, 38.86086 ], [ -77.34586, 38.86125 ], [ -77.34029, 38.85914 ] ] } },
{ "type": "Feature", "properties": { "year": 2025, "level": "ES", "name": "Fairhill" }, "geometry": { "type": "LineString", "coordinates": [ [ -77.23543, 38.87512 ], [ -77.23546, 38.87491 ], [ -77.23603, 38.87511 ], [ -77.23593, 38.87366 ], [ -77.22854, 38.87417 ], [ -77.22684, 38.87453 ], [ -77.22743, 38.86792 ], [ -77.23164, 38.86647 ], [ -77.23106, 38.86554 ], [ -77.26717, 38.86494 ], [ -77.26766, 38.86769 ], [ -77.26666, 38.86757 ], [ -77.26693, 38.86961 ], [ -77.26559, 38.86979 ], [ -77.26552, 38.86948 ], [ -77.26412, 38.86954 ], [ -77.26446, 38.87075 ], [ -77.26438, 38.87194 ], [ -77.26211, 38.87234 ], [ -77.26231, 38.87299 ], [ -77.26454, 38.8751 ], [ -77.2672, 38.87819 ], [ -77.24134, 38.87978 ], [ -77.2378, 38.88028 ], [ -77.23452, 38.8812 ], [ -77.23543, 38.87512 ] ] } },
{ "type": "Feature", "properties": { "year": 2025, "level": "ES", "name": "Fairview" }, "geometry": { "type": "LineString", "coordinates": [ [ -77.31769, 38.8004 ], [ -77.31451, 38.80043 ], [ -77.31398, 38.79815 ], [ -77.31518, 38.79803 ], [ -77.31612, 38.79719 ], [ -77.31447, 38.79611 ], [ -77.31072, 38.79303 ], [ -77.30686, 38.791 ], [ -77.30472, 38.78891 ], [ -77.30259, 38.78753 ], [ -77.30323, 38.78606 ], [ -77.30374, 38.78174 ], [ -77.30346, 38.78193 ], [ -77.30246, 38.78185 ], [ -77.30272, 38.77947 ], [ -77.30019, 38.77842 ], [ -77.29694, 38.77645 ], [ -77.29847, 38.77599 ], [ -77.29786, 38.77489 ], [ -77.29885, 38.77494 ], [ -77.30038, 38.77409 ], [ -77.29905, 38.77284 ], [ -77.2984, 38.77319 ], [ -77.29763, 38.77312 ], [ -77.29638, 38.77111 ], [ -77.29601, 38.76996 ], [ -77.29608, 38.76877 ], [ -77.2971, 38.76603 ], [ -77.29883, 38.764 ], [ -77.29931, 38.76297 ], [ -77.29891, 38.76124 ], [ -77.29753, 38.75968 ], [ -77.2957, 38.75832 ], [ -77.29575, 38.75731 ], [ -77.29611, 38.75694 ], [ -77.29723, 38.75665 ], [ -77.30115, 38.75643 ], [ -77.30119, 38.75619 ], [ -77.30369, 38.75446 ], [ -77.30269, 38.75378 ], [ -77.30515, 38.75261 ], [ -77.30769, 38.75226 ], [ -77.30781, 38.75334 ], [ -77.30903, 38.75325 ], [ -77.3089, 38.75218 ], [ -77.31459, 38.75173 ], [ -77.31519, 38.75291 ], [ -77.31736, 38.75223 ], [ -77.31732, 38.75259 ], [ -77.31815, 38.75261 ], [ -77.31785, 38.75484 ], [ -77.32967, 38.75792 ], [ -77.32925, 38.75235 ], [ -77.32739, 38.7498 ], [ -77.32661, 38.75014 ], [ -77.32496, 38.74804 ], [ -77.32684, 38.74771 ], [ -77.33317, 38.74393 ], [ -77.33103, 38.74011 ], [ -77.32731, 38.73606 ], [ -77.32618, 38.73733 ], [ -77.32409, 38.73645 ], [ -77.32281, 38.73618 ], [ -77.32168, 38.73558 ], [ -77.32034, 38.73664 ], [ -77.32002, 38.73643 ], [ -77.31915, 38.73503 ], [ -77.32011, 38.73324 ], [ -77.32043, 38.73204 ], [ -77.32026, 38.73068 ], [ -77.32064, 38.7289 ], [ -77.32029, 38.72801 ], [ -77.32595, 38.72829 ], [ -77.32701, 38.72872 ], [ -77.32995, 38.73206 ], [ -77.3322, 38.72855 ], [ -77.33535, 38.72478 ], [ -77.33536, 38.72334 ], [ -77.33496, 38.72328 ], [ -77.33552, 38.72302 ], [ -77.3356, 38.72235 ], [ -77.33652, 38.72235 ], [ -77.33736, 38.71987 ], [ -77.34169, 38.72009 ], [ -77.3449, 38.72123 ], [ -77.3481, 38.72115 ], [ -77.35075, 38.72153 ], [ -77.35266, 38.72244 ], [ -77.35544, 38.72518 ], [ -77.35598, 38.72546 ], [ -77.35656, 38.72544 ], [ -77.35856, 38.72416 ], [ -77.36007, 38.7226 ], [ -77.36157, 38.71994 ], [ -77.36331, 38.7155 ], [ -77.36426, 38.71492 ], [ -77.36644, 38.71443 ], [ -77.36741, 38.71391 ], [ -77.36795, 38.71304 ], [ -77.36825, 38.71131 ], [ -77.36883, 38.71056 ], [ -77.36997, 38.71031 ], [ -77.37139, 38.71061 ], [ -77.37351, 38.71162 ], [ -77.37471, 38.71267 ], [ -77.37854, 38.71728 ], [ -77.38008, 38.72039 ], [ -77.38046, 38.72269 ], [ -77.3802, 38.72504 ], [ -77.37946, 38.72668 ], [ -77.37747, 38.72953 ], [ -77.37793, 38.73326 ], [ -77.37851, 38.73494 ], [ -77.38009, 38.73707 ], [ -77.38243, 38.73882 ], [ -77.38386, 38.74025 ], [ -77.38723, 38.74186 ], [ -77.38609, 38.74332 ], [ -77.38402, 38.74408 ], [ -77.38325, 38.74624 ], [ -77.38318, 38.74739 ], [ -77.37912, 38.74831 ], [ -77.37806, 38.74915 ], [ -77.38012, 38.75067 ], [ -77.377, 38.75019 ], [ -77.37335, 38.75559 ], [ -77.37526, 38.75966 ], [ -77.37649, 38.76148 ], [ -77.37653, 38.76206 ], [ -77.37597, 38.76344 ], [ -77.3761, 38.76331 ], [ -77.37865, 38.76382 ], [ -77.37881, 38.7636 ], [ -77.37922, 38.76384 ], [ -77.3783, 38.76702 ], [ -77.3793, 38.76719 ], [ -77.37842, 38.77013 ], [ -77.37682, 38.77065 ], [ -77.37861, 38.77371 ], [ -77.38154, 38.77536 ], [ -77.38279, 38.77727 ], [ -77.38294, 38.77771 ], [ -77.38074, 38.77872 ], [ -77.38111, 38.77904 ], [ -77.38059, 38.77942 ], [ -77.38131, 38.78039 ], [ -77.38205, 38.78038 ], [ -77.38222, 38.78301 ], [ -77.38078, 38.78329 ], [ -77.3795, 38.78327 ], [ -77.375, 38.78196 ], [ -77.37299, 38.78192 ], [ -77.37094, 38.78261 ], [ -77.36706, 38.7851 ], [ -77.36551, 38.7832 ], [ -77.3646, 38.78301 ], [ -77.3635, 38.78339 ], [ -77.36234, 38.78213 ], [ -77.3581, 38.78412 ], [ -77.35884, 38.78499 ], [ -77.35488, 38.78792 ], [ -77.34912, 38.7857 ], [ -77.34786, 38.78762 ], [ -77.34165, 38.78509 ], [ -77.34167, 38.78396 ], [ -77.34039, 38.7841 ], [ -77.33968, 38.78836 ], [ -77.32763, 38.78389 ], [ -77.32624, 38.79258 ], [ -77.32553, 38.80071 ], [ -77.31769, 38.8004 ] ] } },
{ "type": "Feature", "properties": { "year": 2025, "level": "ES", "name": "Flint Hill" }, "geometry": { "type": "MultiLineString", "coordinates": [ [ [ -77.31782, 38.92221 ], [ -77.3175, 38.92216 ], [ -77.31942, 38.91767 ], [ -77.31736, 38.91687 ], [ -77.31941, 38.91646 ], [ -77.3185, 38.91524 ], [ -77.31846, 38.9146 ], [ -77.31805, 38.91417 ], [ -77.31836, 38.91366 ], [ -77.31805, 38.91363 ], [ -77.31797, 38.91336 ], [ -77.31811, 38.91184 ], [ -77.31866, 38.91078 ], [ -77.31856, 38.90923 ], [ -77.31881, 38.90805 ], [ -77.32106, 38.9035 ], [ -77.31978, 38.9034 ], [ -77.31862, 38.90366 ], [ -77.31629, 38.9027 ], [ -77.3164, 38.89864 ], [ -77.31682, 38.89804 ], [ -77.31703, 38.89813 ], [ -77.31662, 38.89912 ], [ -77.31825, 38.8999 ], [ -77.31868, 38.89965 ], [ -77.31871, 38.8992 ], [ -77.31952, 38.89895 ], [ -77.32015, 38.89778 ], [ -77.31974, 38.89768 ], [ -77.31965, 38.89713 ], [ -77.31996, 38.89679 ], [ -77.32018, 38.89566 ], [ -77.32197, 38.89476 ], [ -77.3246, 38.89297 ], [ -77.32537, 38.89219 ], [ -77.3279, 38.89308 ], [ -77.32818, 38.89457 ], [ -77.32908, 38.8947 ], [ -77.32921, 38.8967 ], [ -77.33504, 38.89616 ], [ -77.33753, 38.8983 ], [ -77.34111, 38.89637 ], [ -77.34422, 38.89983 ], [ -77.34619, 38.89904 ], [ -77.34605, 38.90013 ], [ -77.34924, 38.90064 ], [ -77.35194, 38.89936 ], [ -77.35261, 38.90021 ], [ -77.35072, 38.90081 ], [ -77.35152, 38.90137 ], [ -77.35089, 38.90246 ], [ -77.35089, 38.90323 ], [ -77.35194, 38.90312 ], [ -77.35198, 38.90372 ], [ -77.35167, 38.90396 ], [ -77.35199, 38.90417 ], [ -77.35256, 38.90372 ], [ -77.35315, 38.90358 ], [ -77.35242, 38.90308 ], [ -77.35445, 38.90178 ], [ -77.35574, 38.90234 ], [ -77.35617, 38.90202 ], [ -77.3603, 38.90778 ], [ -77.35632, 38.90971 ], [ -77.35505, 38.91062 ], [ -77.35418, 38.90978 ], [ -77.3521, 38.91136 ], [ -77.35185, 38.91118 ], [ -77.34829, 38.9128 ], [ -77.34533, 38.91707 ], [ -77.33858, 38.91625 ], [ -77.33808, 38.91576 ], [ -77.33712, 38.91606 ], [ -77.33646, 38.9154 ], [ -77.33342, 38.91632 ], [ -77.33388, 38.91728 ], [ -77.33261, 38.91814 ], [ -77.3333, 38.91922 ], [ -77.33104, 38.9199 ], [ -77.33049, 38.91913 ], [ -77.32914, 38.92038 ], [ -77.3285, 38.92068 ], [ -77.32751, 38.9194 ], [ -77.32608, 38.92038 ], [ -77.32553, 38.91968 ], [ -77.32492, 38.91942 ], [ -77.32587, 38.91874 ], [ -77.32533, 38.9183 ], [ -77.32494, 38.91897 ], [ -77.32398, 38.91907 ], [ -77.32366, 38.91929 ], [ -77.3238, 38.91947 ], [ -77.32343, 38.91955 ], [ -77.32348, 38.91989 ], [ -77.32315, 38.91976 ], [ -77.32268, 38.92018 ], [ -77.323, 38.92051 ], [ -77.32282, 38.92065 ], [ -77.32303, 38.92121 ], [ -77.32256, 38.92144 ], [ -77.32279, 38.92187 ], [ -77.32244, 38.92211 ], [ -77.31865, 38.92188 ], [ -77.3183, 38.9222 ], [ -77.31782, 38.92221 ] ], [ [ -77.29742, 38.92377 ], [ -77.29637, 38.9235 ], [ -77.29526, 38.9245 ], [ -77.29255, 38.92386 ], [ -77.2868, 38.92367 ], [ -77.28515, 38.92017 ], [ -77.28361, 38.91824 ], [ -77.28421, 38.91651 ], [ -77.28398, 38.91574 ], [ -77.28491, 38.91475 ], [ -77.28642, 38.91511 ], [ -77.28718, 38.91473 ], [ -77.28786, 38.91184 ], [ -77.28613, 38.91063 ], [ -77.28765, 38.90768 ], [ -77.2878, 38.90687 ], [ -77.28588, 38.90403 ], [ -77.28597, 38.9034 ], [ -77.2857, 38.90302 ], [ -77.28601, 38.90217 ], [ -77.28455, 38.90161 ], [ -77.28428, 38.90238 ], [ -77.28408, 38.90232 ], [ -77.28387, 38.90268 ], [ -77.28254, 38.90234 ], [ -77.28002, 38.90417 ], [ -77.27776, 38.90203 ], [ -77.27748, 38.90219 ], [ -77.27744, 38.90166 ], [ -77.27836, 38.90135 ], [ -77.27822, 38.90106 ], [ -77.27876, 38.90104 ], [ -77.27939, 38.90067 ], [ -77.27963, 38.90092 ], [ -77.2828, 38.89913 ], [ -77.28191, 38.89816 ], [ -77.28221, 38.89799 ], [ -77.28166, 38.89741 ], [ -77.27958, 38.89842 ], [ -77.27914, 38.8979 ], [ -77.27717, 38.89798 ], [ -77.27707, 38.89726 ], [ -77.27759, 38.89684 ], [ -77.2769, 38.89631 ], [ -77.27952, 38.89455 ], [ -77.27716, 38.89216 ], [ -77.28482, 38.88609 ], [ -77.28913, 38.8843 ], [ -77.29171, 38.88786 ], [ -77.29289, 38.88722 ], [ -77.29286, 38.88696 ], [ -77.29232, 38.88678 ], [ -77.29264, 38.88649 ], [ -77.29251, 38.88614 ], [ -77.2933, 38.88545 ], [ -77.29425, 38.88938 ], [ -77.30102, 38.89515 ], [ -77.30009, 38.89561 ], [ -77.30093, 38.89632 ], [ -77.29922, 38.89809 ], [ -77.29816, 38.89864 ], [ -77.30007, 38.89964 ], [ -77.29973, 38.90015 ], [ -77.30352, 38.90192 ], [ -77.30338, 38.90339 ], [ -77.30266, 38.90336 ], [ -77.30208, 38.90367 ], [ -77.30202, 38.90442 ], [ -77.30166, 38.90476 ], [ -77.30111, 38.90472 ], [ -77.30051, 38.90502 ], [ -77.29936, 38.90673 ], [ -77.29795, 38.90783 ], [ -77.29896, 38.90876 ], [ -77.29726, 38.90947 ], [ -77.2975, 38.91077 ], [ -77.29454, 38.91105 ], [ -77.29471, 38.91273 ], [ -77.3005, 38.91301 ], [ -77.30036, 38.9153 ], [ -77.30137, 38.91657 ], [ -77.30139, 38.917 ], [ -77.30284, 38.91649 ], [ -77.30248, 38.91821 ], [ -77.30147, 38.91953 ], [ -77.30149, 38.91996 ], [ -77.30185, 38.92009 ], [ -77.30194, 38.92157 ], [ -77.30224, 38.92198 ], [ -77.30199, 38.9224 ], [ -77.30248, 38.9224 ], [ -77.30287, 38.9236 ], [ -77.30258, 38.92397 ], [ -77.30309, 38.92465 ], [ -77.303, 38.92513 ], [ -77.29742, 38.92377 ] ] ] } },
{ "type": "Feature", "properties": { "year": 2025, "level": "ES", "name": "Floris" }, "geometry": { "type": "LineString", "coordinates": [ [ -77.42972, 38.94855 ], [ -77.42991, 38.93838 ], [ -77.42423, 38.93951 ], [ -77.42482, 38.94145 ], [ -77.42386, 38.94221 ], [ -77.42059, 38.94329 ], [ -77.41742, 38.9419 ], [ -77.41382, 38.94208 ], [ -77.41019, 38.94147 ], [ -77.40884, 38.94158 ], [ -77.40411, 38.94295 ], [ -77.40121, 38.94092 ], [ -77.39992, 38.94185 ], [ -77.3989, 38.94367 ], [ -77.39983, 38.94435 ], [ -77.39713, 38.94558 ], [ -77.3955, 38.94585 ], [ -77.39354, 38.9454 ], [ -77.38421, 38.93983 ], [ -77.38814, 38.93414 ], [ -77.39184, 38.93607 ], [ -77.39268, 38.93515 ], [ -77.39387, 38.93579 ], [ -77.40161, 38.93172 ], [ -77.40072, 38.93067 ], [ -77.40258, 38.92967 ], [ -77.40101, 38.92671 ], [ -77.39975, 38.92694 ], [ -77.39964, 38.92653 ], [ -77.39832, 38.92675 ], [ -77.39884, 38.92516 ], [ -77.40381, 38.9253 ], [ -77.40709, 38.92408 ], [ -77.40723, 38.9247 ], [ -77.40776, 38.92477 ], [ -77.40821, 38.92525 ], [ -77.4087, 38.92522 ], [ -77.40938, 38.92468 ], [ -77.40927, 38.92446 ], [ -77.40959, 38.92408 ], [ -77.41051, 38.92379 ], [ -77.41104, 38.92388 ], [ -77.41126, 38.92426 ], [ -77.41184, 38.92412 ], [ -77.41246, 38.92439 ], [ -77.41235, 38.92509 ], [ -77.41267, 38.92522 ], [ -77.41237, 38.92578 ], [ -77.413, 38.92616 ], [ -77.41279, 38.92675 ], [ -77.41346, 38.92692 ], [ -77.41347, 38.92743 ], [ -77.4141, 38.928 ], [ -77.41445, 38.92799 ], [ -77.41438, 38.92855 ], [ -77.41529, 38.92885 ], [ -77.41708, 38.92305 ], [ -77.42015, 38.91537 ], [ -77.42312, 38.90603 ], [ -77.42578, 38.9065 ], [ -77.4257, 38.90636 ], [ -77.4287, 38.90619 ], [ -77.42969, 38.90568 ], [ -77.42976, 38.90037 ], [ -77.4347, 38.90042 ], [ -77.43501, 38.89807 ], [ -77.43648, 38.89812 ], [ -77.43657, 38.89625 ], [ -77.47327, 38.91105 ], [ -77.43015, 38.95477 ], [ -77.42965, 38.95461 ], [ -77.42972, 38.94855 ] ] } },
{ "type": "Feature", "properties": { "year": 2025, "level": "ES", "name": "Forest Edge" }, "geometry": { "type": "LineString", "coordinates": [ [ -77.32117, 38.97893 ], [ -77.32101, 38.97853 ], [ -77.31888, 38.97781 ], [ -77.31914, 38.97756 ], [ -77.3171, 38.97563 ], [ -77.31515, 38.97778 ], [ -77.31343, 38.97707 ], [ -77.30584, 38.97487 ], [ -77.30821, 38.96644 ], [ -77.30886, 38.96619 ], [ -77.30898, 38.96575 ], [ -77.30961, 38.96561 ], [ -77.31017, 38.96859 ], [ -77.31169, 38.97179 ], [ -77.31448, 38.97036 ], [ -77.31367, 38.96931 ], [ -77.31276, 38.96503 ], [ -77.31386, 38.96485 ], [ -77.31403, 38.96444 ], [ -77.31484, 38.964 ], [ -77.31596, 38.96479 ], [ -77.31676, 38.96462 ], [ -77.31748, 38.96473 ], [ -77.31797, 38.96372 ], [ -77.31932, 38.96439 ], [ -77.31993, 38.96528 ], [ -77.32097, 38.96524 ], [ -77.32168, 38.9655 ], [ -77.32279, 38.96521 ], [ -77.32339, 38.96453 ], [ -77.32329, 38.96201 ], [ -77.32394, 38.96205 ], [ -77.32374, 38.9601 ], [ -77.32439, 38.9597 ], [ -77.32422, 38.95959 ], [ -77.3247, 38.95919 ], [ -77.32475, 38.95855 ], [ -77.32621, 38.95778 ], [ -77.32663, 38.95788 ], [ -77.3265, 38.95803 ], [ -77.32706, 38.95844 ], [ -77.32741, 38.95834 ], [ -77.32747, 38.9585 ], [ -77.33117, 38.95592 ], [ -77.33174, 38.9564 ], [ -77.33342, 38.95626 ], [ -77.33464, 38.95564 ], [ -77.33459, 38.95754 ], [ -77.33402, 38.95964 ], [ -77.33319, 38.96138 ], [ -77.33377, 38.963 ], [ -77.33273, 38.96551 ], [ -77.33313, 38.96549 ], [ -77.33323, 38.9657 ], [ -77.33349, 38.96553 ], [ -77.33489, 38.96556 ], [ -77.33533, 38.96642 ], [ -77.33614, 38.96659 ], [ -77.33645, 38.96704 ], [ -77.33765, 38.96768 ], [ -77.33893, 38.96934 ], [ -77.33964, 38.96941 ], [ -77.34038, 38.97019 ], [ -77.34103, 38.97028 ], [ -77.34146, 38.97102 ], [ -77.33717, 38.9729 ], [ -77.33041, 38.97394 ], [ -77.33151, 38.97755 ], [ -77.33038, 38.97848 ], [ -77.32787, 38.97808 ], [ -77.32138, 38.97946 ], [ -77.32117, 38.97893 ] ] } },
{ "type": "Feature", "properties": { "year": 2025, "level": "ES", "name": "Forestdale" }, "geometry": { "type": "LineString", "coordinates": [ [ -77.15682, 38.77786 ], [ -77.15776, 38.77408 ], [ -77.1598, 38.77098 ], [ -77.16118, 38.76968 ], [ -77.16308, 38.76837 ], [ -77.16949, 38.7656 ], [ -77.17173, 38.76414 ], [ -77.17314, 38.76254 ], [ -77.17795, 38.75481 ], [ -77.18399, 38.75433 ], [ -77.1835, 38.75743 ], [ -77.18943, 38.75919 ], [ -77.19832, 38.75841 ], [ -77.20399, 38.75632 ], [ -77.20575, 38.75842 ], [ -77.20632, 38.75871 ], [ -77.20598, 38.75925 ], [ -77.20515, 38.75946 ], [ -77.20497, 38.76001 ], [ -77.20554, 38.76112 ], [ -77.20616, 38.76192 ], [ -77.20774, 38.76164 ], [ -77.20809, 38.76185 ], [ -77.20614, 38.76356 ], [ -77.20472, 38.76427 ], [ -77.20232, 38.76466 ], [ -77.18966, 38.76454 ], [ -77.18834, 38.76483 ], [ -77.18713, 38.76551 ], [ -77.18453, 38.76843 ], [ -77.18283, 38.76957 ], [ -77.18088, 38.77884 ], [ -77.17665, 38.77824 ], [ -77.16923, 38.77783 ], [ -77.15645, 38.7801 ], [ -77.15682, 38.77786 ] ] } },
{ "type": "Feature", "properties": { "year": 2025, "level": "ES", "name": "Forestville" }, "geometry": { "type": "LineString", "coordinates": [ [ -77.3249, 39.02505 ], [ -77.3239, 39.02652 ], [ -77.32445, 39.0273 ], [ -77.32349, 39.0271 ], [ -77.32114, 39.03024 ], [ -77.31915, 39.03039 ], [ -77.31729, 39.02993 ], [ -77.31612, 39.0301 ], [ -77.31552, 39.03062 ], [ -77.31489, 39.02955 ], [ -77.31503, 39.02814 ], [ -77.31202, 39.02752 ], [ -77.31309, 39.02353 ], [ -77.3133, 39.02352 ], [ -77.31381, 39.02237 ], [ -77.31327, 39.02232 ], [ -77.31464, 39.01745 ], [ -77.31972, 39.01788 ], [ -77.31861, 39.01128 ], [ -77.31881, 39.00538 ], [ -77.31947, 39.00345 ], [ -77.31779, 39.00325 ], [ -77.31812, 38.99929 ], [ -77.31029, 38.99896 ], [ -77.31037, 38.99782 ], [ -77.31122, 38.99621 ], [ -77.31076, 38.99496 ], [ -77.31439, 38.99478 ], [ -77.31439, 38.99417 ], [ -77.31545, 38.99459 ], [ -77.31544, 38.99498 ], [ -77.31648, 38.99525 ], [ -77.31685, 38.99415 ], [ -77.31656, 38.99391 ], [ -77.3156, 38.99079 ], [ -77.31552, 38.98928 ], [ -77.31588, 38.98876 ], [ -77.3157, 38.98879 ], [ -77.31544, 38.98623 ], [ -77.3154, 38.98562 ], [ -77.31559, 38.98555 ], [ -77.31494, 38.9852 ], [ -77.31452, 38.98421 ], [ -77.31395, 38.98437 ], [ -77.31493, 38.98326 ], [ -77.31524, 38.98331 ], [ -77.31486, 38.98178 ], [ -77.31783, 38.98099 ], [ -77.31884, 38.98009 ], [ -77.32036, 38.98168 ], [ -77.32306, 38.98543 ], [ -77.32458, 38.98676 ], [ -77.32646, 38.98788 ], [ -77.32713, 38.98708 ], [ -77.32737, 38.98555 ], [ -77.32571, 38.98517 ], [ -77.32457, 38.9843 ], [ -77.32377, 38.98304 ], [ -77.32319, 38.98258 ], [ -77.32315, 38.9817 ], [ -77.32493, 38.98133 ], [ -77.32119, 38.97949 ], [ -77.32787, 38.97808 ], [ -77.33038, 38.97848 ], [ -77.3305, 38.97995 ], [ -77.33209, 38.9799 ], [ -77.33111, 38.98757 ], [ -77.33184, 38.9876 ], [ -77.33178, 38.98877 ], [ -77.33577, 38.98897 ], [ -77.33686, 38.98741 ], [ -77.33924, 38.98906 ], [ -77.33765, 38.99132 ], [ -77.33808, 38.9915 ], [ -77.33714, 38.99369 ], [ -77.3363, 38.99468 ], [ -77.3403, 38.99751 ], [ -77.34374, 38.99255 ], [ -77.34506, 38.99309 ], [ -77.34675, 38.99325 ], [ -77.34455, 38.99667 ], [ -77.34599, 38.99695 ], [ -77.34525, 38.99806 ], [ -77.34395, 38.99751 ], [ -77.34369, 38.99799 ], [ -77.34438, 38.99825 ], [ -77.3438, 38.99907 ], [ -77.3463, 39.00042 ], [ -77.34586, 39.00096 ], [ -77.35702, 39.0069 ], [ -77.35888, 39.00344 ], [ -77.35325, 39.00165 ], [ -77.35186, 39.00096 ], [ -77.35149, 38.9968 ], [ -77.35355, 38.99737 ], [ -77.35409, 38.99599 ], [ -77.35195, 38.99528 ], [ -77.35147, 38.99551 ], [ -77.35142, 38.99597 ], [ -77.35072, 38.99593 ], [ -77.35089, 38.99372 ], [ -77.35131, 38.9939 ], [ -77.35128, 38.99339 ], [ -77.35353, 38.99426 ], [ -77.35459, 38.9947 ], [ -77.35438, 38.99525 ], [ -77.35504, 38.99535 ], [ -77.35561, 38.9951 ], [ -77.35647, 38.99408 ], [ -77.35797, 38.99114 ], [ -77.3648, 38.99246 ], [ -77.36524, 38.9934 ], [ -77.3653, 38.99447 ], [ -77.36401, 38.99706 ], [ -77.36333, 38.99941 ], [ -77.36578, 38.99985 ], [ -77.36687, 38.99922 ], [ -77.36924, 38.9987 ], [ -77.37025, 38.99911 ], [ -77.3708, 38.9998 ], [ -77.37031, 39.00034 ], [ -77.37011, 39.00186 ], [ -77.37024, 39.00228 ], [ -77.3709, 39.00271 ], [ -77.37123, 39.00362 ], [ -77.37109, 39.00426 ], [ -77.37204, 39.0047 ], [ -77.37245, 39.00557 ], [ -77.37377, 39.00686 ], [ -77.37327, 39.00713 ], [ -77.37348, 39.00741 ], [ -77.37334, 39.00787 ], [ -77.37243, 39.00866 ], [ -77.37256, 39.00932 ], [ -77.37322, 39.0099 ], [ -77.37315, 39.01018 ], [ -77.37157, 39.01061 ], [ -77.37122, 39.01109 ], [ -77.37047, 39.01132 ], [ -77.36938, 39.01144 ], [ -77.36907, 39.01117 ], [ -77.36817, 39.0118 ], [ -77.36866, 39.01231 ], [ -77.36865, 39.01323 ], [ -77.37111, 39.01448 ], [ -77.35178, 39.034 ], [ -77.34843, 39.03368 ], [ -77.34135, 39.03239 ], [ -77.34244, 39.02692 ], [ -77.3249, 39.02505 ] ] } },
{ "type": "Feature", "properties": { "year": 2025, "level": "ES", "name": "Fort Hunt" }, "geometry": { "type": "MultiLineString", "coordinates": [ [ [ -77.06457, 38.7226 ], [ -77.0608, 38.722 ], [ -77.06143, 38.7193 ], [ -77.0507, 38.71769 ], [ -77.04713, 38.71645 ], [ -77.04661, 38.71645 ], [ -77.045, 38.71759 ], [ -77.04462, 38.71832 ], [ -77.04452, 38.71939 ], [ -77.04353, 38.719 ], [ -77.04305, 38.71909 ], [ -77.04307, 38.71878 ], [ -77.04601, 38.71451 ], [ -77.04686, 38.71397 ], [ -77.04792, 38.71283 ], [ -77.0516, 38.71114 ], [ -77.05322, 38.70965 ], [ -77.05406, 38.70961 ], [ -77.05648, 38.71007 ], [ -77.0622, 38.70969 ], [ -77.07139, 38.71007 ], [ -77.07294, 38.71075 ], [ -77.07423, 38.71194 ], [ -77.07418, 38.71266 ], [ -77.07339, 38.71332 ], [ -77.07343, 38.71554 ], [ -77.07592, 38.71825 ], [ -77.07675, 38.71949 ], [ -77.07805, 38.71855 ], [ -77.07977, 38.72054 ], [ -77.0811, 38.72148 ], [ -77.08107, 38.72306 ], [ -77.08195, 38.72429 ], [ -77.07948, 38.72631 ], [ -77.06843, 38.72489 ], [ -77.06881, 38.72331 ], [ -77.06457, 38.7226 ] ], [ [ -77.0925, 38.74374 ], [ -77.09257, 38.7427 ], [ -77.09358, 38.74277 ], [ -77.09349, 38.74226 ], [ -77.09411, 38.74229 ], [ -77.09477, 38.74187 ], [ -77.09508, 38.74198 ], [ -77.09556, 38.74095 ], [ -77.09584, 38.74108 ], [ -77.09612, 38.74188 ], [ -77.09493, 38.74398 ], [ -77.09494, 38.74469 ], [ -77.09565, 38.74634 ], [ -77.09538, 38.74685 ], [ -77.0925, 38.74374 ] ] ] } },
{ "type": "Feature", "properties": { "year": 2025, "level": "ES", "name": "Fox Mill" }, "geometry": { "type": "LineString", "coordinates": [ [ -77.38001, 38.93517 ], [ -77.37979, 38.93497 ], [ -77.37803, 38.93612 ], [ -77.37728, 38.93717 ], [ -77.37658, 38.93655 ], [ -77.37278, 38.93832 ], [ -77.37133, 38.93651 ], [ -77.37284, 38.93552 ], [ -77.37826, 38.93311 ], [ -77.37495, 38.92855 ], [ -77.37366, 38.92756 ], [ -77.37259, 38.92706 ], [ -77.37344, 38.9257 ], [ -77.37385, 38.92336 ], [ -77.37572, 38.91889 ], [ -77.37658, 38.91771 ], [ -77.37784, 38.9183 ], [ -77.37892, 38.9169 ], [ -77.38489, 38.9197 ], [ -77.38435, 38.92075 ], [ -77.39671, 38.92544 ], [ -77.39742, 38.92478 ], [ -77.3985, 38.92426 ], [ -77.39913, 38.92425 ], [ -77.39832, 38.92675 ], [ -77.39964, 38.92653 ], [ -77.39975, 38.92694 ], [ -77.40101, 38.92671 ], [ -77.40258, 38.92967 ], [ -77.40072, 38.93067 ], [ -77.40161, 38.93172 ], [ -77.39387, 38.93579 ], [ -77.39268, 38.93515 ], [ -77.39184, 38.93607 ], [ -77.38814, 38.93414 ], [ -77.38421, 38.93983 ], [ -77.38338, 38.93918 ], [ -77.38001, 38.93517 ] ] } },
{ "type": "Feature", "properties": { "year": 2025, "level": "ES", "name": "Franconia" }, "geometry": { "type": "LineString", "coordinates": [ [ -77.14622, 38.7888 ], [ -77.1462, 38.78825 ], [ -77.14288, 38.78852 ], [ -77.14149, 38.7847 ], [ -77.14097, 38.78426 ], [ -77.14064, 38.78331 ], [ -77.1362, 38.78415 ], [ -77.13567, 38.78237 ], [ -77.13553, 38.77705 ], [ -77.13528, 38.77579 ], [ -77.13433, 38.77426 ], [ -77.1331, 38.77327 ], [ -77.13606, 38.77116 ], [ -77.14856, 38.76424 ], [ -77.14993, 38.7638 ], [ -77.15129, 38.76374 ], [ -77.15127, 38.76389 ], [ -77.15258, 38.7642 ], [ -77.15558, 38.76555 ], [ -77.16213, 38.76673 ], [ -77.16497, 38.76748 ], [ -77.16282, 38.76853 ], [ -77.16057, 38.77021 ], [ -77.159, 38.77194 ], [ -77.15783, 38.77391 ], [ -77.15712, 38.7761 ], [ -77.1547, 38.79042 ], [ -77.15408, 38.79202 ], [ -77.15308, 38.79342 ], [ -77.14527, 38.79466 ], [ -77.14433, 38.7912 ], [ -77.1463, 38.79079 ], [ -77.14622, 38.7888 ] ] } },
{ "type": "Feature", "properties": { "year": 2025, "level": "ES", "name": "Franklin Sherman" }, "geometry": { "type": "LineString", "coordinates": [ [ -77.13911, 38.93895 ], [ -77.1387, 38.93875 ], [ -77.14054, 38.93655 ], [ -77.14097, 38.93633 ], [ -77.14126, 38.93667 ], [ -77.14164, 38.93665 ], [ -77.14216, 38.93629 ], [ -77.14294, 38.93693 ], [ -77.14402, 38.93421 ], [ -77.14503, 38.93392 ], [ -77.1462, 38.93399 ], [ -77.14628, 38.93488 ], [ -77.14776, 38.93466 ], [ -77.14771, 38.93368 ], [ -77.14799, 38.93352 ], [ -77.14933, 38.9342 ], [ -77.14948, 38.93448 ], [ -77.15067, 38.93443 ], [ -77.15058, 38.93477 ], [ -77.15188, 38.93517 ], [ -77.15371, 38.93345 ], [ -77.15579, 38.93254 ], [ -77.1569, 38.93233 ], [ -77.15842, 38.93302 ], [ -77.15981, 38.93243 ], [ -77.16103, 38.93325 ], [ -77.16062, 38.93352 ], [ -77.16349, 38.93456 ], [ -77.16354, 38.93493 ], [ -77.16402, 38.93479 ], [ -77.16432, 38.93455 ], [ -77.16434, 38.93394 ], [ -77.16383, 38.93282 ], [ -77.16352, 38.93264 ], [ -77.16449, 38.93213 ], [ -77.16468, 38.93154 ], [ -77.16513, 38.93156 ], [ -77.16519, 38.93117 ], [ -77.16658, 38.93111 ], [ -77.16737, 38.93081 ], [ -77.16779, 38.9301 ], [ -77.16812, 38.92993 ], [ -77.16856, 38.93013 ], [ -77.16905, 38.9295 ], [ -77.16931, 38.9296 ], [ -77.16926, 38.92922 ], [ -77.17059, 38.92797 ], [ -77.17022, 38.92725 ], [ -77.17106, 38.92715 ], [ -77.1728, 38.92509 ], [ -77.17445, 38.92531 ], [ -77.17383, 38.92814 ], [ -77.17693, 38.92816 ], [ -77.17689, 38.92858 ], [ -77.17719, 38.92858 ], [ -77.17711, 38.92815 ], [ -77.17851, 38.92818 ], [ -77.17931, 38.92851 ], [ -77.17942, 38.92837 ], [ -77.18081, 38.93134 ], [ -77.18465, 38.92979 ], [ -77.18296, 38.92692 ], [ -77.18366, 38.92675 ], [ -77.18382, 38.92552 ], [ -77.18702, 38.92525 ], [ -77.18701, 38.92555 ], [ -77.18986, 38.9252 ], [ -77.18991, 38.92493 ], [ -77.19164, 38.92529 ], [ -77.19134, 38.92506 ], [ -77.19169, 38.92408 ], [ -77.19216, 38.92404 ], [ -77.19213, 38.9244 ], [ -77.19255, 38.92441 ], [ -77.19311, 38.92428 ], [ -77.19297, 38.92396 ], [ -77.19475, 38.92381 ], [ -77.19498, 38.92423 ], [ -77.19654, 38.92332 ], [ -77.19773, 38.92507 ], [ -77.1991, 38.92649 ], [ -77.20099, 38.92775 ], [ -77.20356, 38.92878 ], [ -77.20095, 38.93072 ], [ -77.1993, 38.93157 ], [ -77.19371, 38.93366 ], [ -77.19272, 38.93483 ], [ -77.19499, 38.93599 ], [ -77.194, 38.9371 ], [ -77.19363, 38.937 ], [ -77.18931, 38.9381 ], [ -77.18695, 38.93769 ], [ -77.18541, 38.93708 ], [ -77.1784, 38.94014 ], [ -77.17386, 38.9409 ], [ -77.16711, 38.94271 ], [ -77.16009, 38.94219 ], [ -77.1494, 38.94392 ], [ -77.14618, 38.9439 ], [ -77.14429, 38.94345 ], [ -77.13806, 38.94122 ], [ -77.13958, 38.93919 ], [ -77.13911, 38.93895 ] ] } },
{ "type": "Feature", "properties": { "year": 2025, "level": "ES", "name": "Freedom Hill" }, "geometry": { "type": "LineString", "coordinates": [ [ -77.21762, 38.91049 ], [ -77.21353, 38.90825 ], [ -77.21004, 38.90733 ], [ -77.21105, 38.90429 ], [ -77.21063, 38.90399 ], [ -77.20962, 38.90189 ], [ -77.20874, 38.90156 ], [ -77.20854, 38.90175 ], [ -77.2073, 38.90088 ], [ -77.20665, 38.90153 ], [ -77.2062, 38.9014 ], [ -77.20575, 38.90194 ], [ -77.20494, 38.9014 ], [ -77.2059, 38.89941 ], [ -77.21129, 38.90019 ], [ -77.21269, 38.89865 ], [ -77.21372, 38.89895 ], [ -77.21417, 38.89799 ], [ -77.21495, 38.89822 ], [ -77.21525, 38.90029 ], [ -77.21728, 38.90664 ], [ -77.21782, 38.90459 ], [ -77.2183, 38.90467 ], [ -77.21865, 38.90336 ], [ -77.22278, 38.90402 ], [ -77.2222, 38.90616 ], [ -77.2253, 38.90675 ], [ -77.22689, 38.90341 ], [ -77.22853, 38.90402 ], [ -77.22908, 38.90313 ], [ -77.23006, 38.90348 ], [ -77.23024, 38.90312 ], [ -77.23161, 38.90361 ], [ -77.23233, 38.90154 ], [ -77.23284, 38.90136 ], [ -77.23316, 38.90152 ], [ -77.23294, 38.90213 ], [ -77.23353, 38.90242 ], [ -77.23324, 38.90279 ], [ -77.23494, 38.9035 ], [ -77.23446, 38.90454 ], [ -77.23583, 38.90522 ], [ -77.23703, 38.90308 ], [ -77.2374, 38.90356 ], [ -77.23901, 38.90435 ], [ -77.2399, 38.90399 ], [ -77.24054, 38.90419 ], [ -77.24068, 38.904 ], [ -77.24166, 38.90448 ], [ -77.2424, 38.90446 ], [ -77.24328, 38.90544 ], [ -77.24423, 38.90603 ], [ -77.24477, 38.90586 ], [ -77.2434, 38.90921 ], [ -77.24442, 38.90946 ], [ -77.24535, 38.9102 ], [ -77.24924, 38.91076 ], [ -77.25002, 38.91066 ], [ -77.25012, 38.91097 ], [ -77.24046, 38.91537 ], [ -77.23459, 38.91746 ], [ -77.23136, 38.919 ], [ -77.22525, 38.91483 ], [ -77.21762, 38.91049 ] ] } },
{ "type": "Feature", "properties": { "year": 2025, "level": "ES", "name": "Garfield" }, "geometry": { "type": "LineString", "coordinates": [ [ -77.18428, 38.77928 ], [ -77.18089, 38.77876 ], [ -77.18283, 38.76957 ], [ -77.18453, 38.76843 ], [ -77.18713, 38.76551 ], [ -77.18834, 38.76483 ], [ -77.18966, 38.76454 ], [ -77.20351, 38.76456 ], [ -77.20573, 38.76382 ], [ -77.20809, 38.76185 ], [ -77.2087, 38.7622 ], [ -77.20828, 38.76387 ], [ -77.20701, 38.76539 ], [ -77.20695, 38.76607 ], [ -77.20736, 38.76751 ], [ -77.20666, 38.76906 ], [ -77.2056, 38.77028 ], [ -77.2043, 38.77108 ], [ -77.20378, 38.77116 ], [ -77.20295, 38.77284 ], [ -77.20299, 38.77348 ], [ -77.20381, 38.77404 ], [ -77.2038, 38.77452 ], [ -77.20336, 38.77474 ], [ -77.20345, 38.77531 ], [ -77.1991, 38.77711 ], [ -77.18909, 38.77874 ], [ -77.18428, 38.77928 ] ] } },
{ "type": "Feature", "properties": { "year": 2025, "level": "ES", "name": "Glen Forest" }, "geometry": { "type": "LineString", "coordinates": [ [ -77.12905, 38.85026 ], [ -77.1461, 38.85965 ], [ -77.14937, 38.86379 ], [ -77.14658, 38.86608 ], [ -77.14677, 38.8663 ], [ -77.146, 38.86694 ], [ -77.14575, 38.86675 ], [ -77.1446, 38.86769 ], [ -77.14099, 38.8663 ], [ -77.1375, 38.8661 ], [ -77.1102, 38.84482 ], [ -77.1106, 38.84351 ], [ -77.11837, 38.84114 ], [ -77.11876, 38.84195 ], [ -77.11836, 38.84206 ], [ -77.11876, 38.84361 ], [ -77.11962, 38.84537 ], [ -77.11929, 38.84546 ], [ -77.11883, 38.84626 ], [ -77.12651, 38.84898 ], [ -77.12905, 38.85026 ] ] } },
{ "type": "Feature", "properties": { "year": 2025, "level": "ES", "name": "Graham Road" }, "geometry": { "type": "LineString", "coordinates": [ [ -77.18358, 38.8732 ], [ -77.18332, 38.87092 ], [ -77.18372, 38.86953 ], [ -77.18426, 38.86944 ], [ -77.18411, 38.86886 ], [ -77.18357, 38.86896 ], [ -77.18352, 38.86877 ], [ -77.18406, 38.86868 ], [ -77.18387, 38.86807 ], [ -77.19484, 38.86624 ], [ -77.20086, 38.86604 ], [ -77.1996, 38.87021 ], [ -77.19824, 38.87035 ], [ -77.19826, 38.87055 ], [ -77.19724, 38.87046 ], [ -77.19725, 38.8706 ], [ -77.19577, 38.87076 ], [ -77.19568, 38.87189 ], [ -77.19157, 38.87226 ], [ -77.19106, 38.87187 ], [ -77.1915, 38.87102 ], [ -77.19079, 38.87109 ], [ -77.19028, 38.87078 ], [ -77.19008, 38.87116 ], [ -77.18801, 38.87137 ], [ -77.18757, 38.8733 ], [ -77.18361, 38.87354 ], [ -77.18358, 38.8732 ] ] } },
{ "type": "Feature", "properties": { "year": 2025, "level": "ES", "name": "Great Falls" }, "geometry": { "type": "LineString", "coordinates": [ [ -77.32833, 39.05769 ], [ -77.32646, 39.05749 ], [ -77.32368, 39.05598 ], [ -77.3213, 39.05579 ], [ -77.31926, 39.05511 ], [ -77.31454, 39.05224 ], [ -77.31074, 39.05202 ], [ -77.309, 39.05228 ], [ -77.30774, 39.05223 ], [ -77.30605, 39.05195 ], [ -77.30427, 39.0513 ], [ -77.30023, 39.04928 ], [ -77.29488, 39.0474 ], [ -77.29201, 39.046 ], [ -77.28904, 39.04405 ], [ -77.28606, 39.0414 ], [ -77.28307, 39.03956 ], [ -77.28206, 39.0392 ], [ -77.27689, 39.03544 ], [ -77.2752, 39.03446 ], [ -77.27379, 39.03396 ], [ -77.27296, 39.03393 ], [ -77.26808, 39.03232 ], [ -77.26052, 39.03137 ], [ -77.25491, 39.02988 ], [ -77.25155, 39.02814 ], [ -77.25022, 39.02714 ], [ -77.24832, 39.02659 ], [ -77.24703, 39.02562 ], [ -77.24599, 39.0244 ], [ -77.24463, 39.0211 ], [ -77.24538, 39.01754 ], [ -77.24629, 39.01646 ], [ -77.24709, 39.01463 ], [ -77.25118, 39.0119 ], [ -77.25326, 39.00917 ], [ -77.25425, 39.00718 ], [ -77.25442, 39.00631 ], [ -77.25531, 39.00493 ], [ -77.25576, 39.00178 ], [ -77.25498, 39.00078 ], [ -77.25462, 38.99977 ], [ -77.25473, 38.99936 ], [ -77.25423, 38.9983 ], [ -77.25363, 38.99782 ], [ -77.25352, 38.99681 ], [ -77.25293, 38.9959 ], [ -77.25296, 38.99547 ], [ -77.24996, 38.99464 ], [ -77.24995, 38.99404 ], [ -77.24939, 38.99373 ], [ -77.24865, 38.9927 ], [ -77.24805, 38.99038 ], [ -77.24541, 38.98424 ], [ -77.24503, 38.98269 ], [ -77.24407, 38.98212 ], [ -77.24392, 38.98236 ], [ -77.24173, 38.98171 ], [ -77.23995, 38.98076 ], [ -77.23969, 38.98023 ], [ -77.23845, 38.97933 ], [ -77.2362, 38.97692 ], [ -77.23565, 38.97679 ], [ -77.23498, 38.97604 ], [ -77.23517, 38.97493 ], [ -77.23628, 38.97447 ], [ -77.2373, 38.97452 ], [ -77.23818, 38.97573 ], [ -77.23907, 38.97644 ], [ -77.23925, 38.97635 ], [ -77.23982, 38.9768 ], [ -77.24079, 38.97695 ], [ -77.24102, 38.97729 ], [ -77.24173, 38.97749 ], [ -77.24268, 38.97748 ], [ -77.244, 38.97711 ], [ -77.24466, 38.97658 ], [ -77.24495, 38.97587 ], [ -77.24525, 38.97579 ], [ -77.24606, 38.97595 ], [ -77.24693, 38.97691 ], [ -77.24853, 38.97773 ], [ -77.24885, 38.97851 ], [ -77.25063, 38.97842 ], [ -77.25311, 38.97785 ], [ -77.25403, 38.97859 ], [ -77.25576, 38.98117 ], [ -77.26728, 38.98773 ], [ -77.27442, 38.99137 ], [ -77.27442, 38.991 ], [ -77.27516, 38.99112 ], [ -77.27535, 38.99088 ], [ -77.27604, 38.99122 ], [ -77.2772, 38.98984 ], [ -77.27785, 38.99015 ], [ -77.27803, 38.98995 ], [ -77.27845, 38.99033 ], [ -77.27991, 38.98905 ], [ -77.28054, 38.98906 ], [ -77.28171, 38.98914 ], [ -77.28167, 38.99144 ], [ -77.28508, 38.99156 ], [ -77.28464, 38.98694 ], [ -77.28099, 38.98681 ], [ -77.28138, 38.98591 ], [ -77.28158, 38.98242 ], [ -77.28444, 38.98257 ], [ -77.28463, 38.98234 ], [ -77.28714, 38.98336 ], [ -77.28788, 38.98328 ], [ -77.28763, 38.98424 ], [ -77.28849, 38.98459 ], [ -77.28838, 38.98475 ], [ -77.28886, 38.98506 ], [ -77.28898, 38.98546 ], [ -77.29051, 38.98636 ], [ -77.29108, 38.98609 ], [ -77.29167, 38.98626 ], [ -77.29433, 38.98896 ], [ -77.29591, 38.98911 ], [ -77.29579, 38.98927 ], [ -77.29714, 38.99106 ], [ -77.29771, 38.99237 ], [ -77.29873, 38.99271 ], [ -77.29958, 38.99255 ], [ -77.30032, 38.99417 ], [ -77.30252, 38.99328 ], [ -77.3055, 38.99274 ], [ -77.30556, 38.98952 ], [ -77.31351, 38.99275 ], [ -77.31396, 38.99323 ], [ -77.31384, 38.99411 ], [ -77.31439, 38.99415 ], [ -77.31439, 38.99478 ], [ -77.31076, 38.99496 ], [ -77.31122, 38.99621 ], [ -77.31037, 38.99782 ], [ -77.31029, 38.99896 ], [ -77.31812, 38.99929 ], [ -77.31779, 39.00325 ], [ -77.31947, 39.00345 ], [ -77.31881, 39.00538 ], [ -77.31861, 39.01128 ], [ -77.31972, 39.01788 ], [ -77.31464, 39.01745 ], [ -77.31327, 39.02232 ], [ -77.31381, 39.02237 ], [ -77.3133, 39.02352 ], [ -77.31309, 39.02353 ], [ -77.31202, 39.02752 ], [ -77.31503, 39.02814 ], [ -77.31489, 39.02955 ], [ -77.31552, 39.03062 ], [ -77.31612, 39.0301 ], [ -77.31729, 39.02993 ], [ -77.31915, 39.03039 ], [ -77.32114, 39.03024 ], [ -77.32349, 39.0271 ], [ -77.32445, 39.0273 ], [ -77.3239, 39.02652 ], [ -77.32478, 39.02504 ], [ -77.34244, 39.02692 ], [ -77.34135, 39.03239 ], [ -77.34843, 39.03368 ], [ -77.35178, 39.034 ], [ -77.32833, 39.05769 ] ] } },
{ "type": "Feature", "properties": { "year": 2025, "level": "ES", "name": "Greenbriar East" }, "geometry": { "type": "LineString", "coordinates": [ [ -77.3902, 38.87811 ], [ -77.36476, 38.86832 ], [ -77.36486, 38.86751 ], [ -77.36552, 38.86667 ], [ -77.36878, 38.86456 ], [ -77.36586, 38.86065 ], [ -77.36379, 38.86042 ], [ -77.36391, 38.85915 ], [ -77.36345, 38.85889 ], [ -77.39283, 38.85358 ], [ -77.39307, 38.85418 ], [ -77.39389, 38.8548 ], [ -77.39398, 38.85517 ], [ -77.39378, 38.85524 ], [ -77.39426, 38.85567 ], [ -77.3945, 38.85646 ], [ -77.39618, 38.85622 ], [ -77.39641, 38.85658 ], [ -77.39729, 38.85698 ], [ -77.39787, 38.85633 ], [ -77.39863, 38.85593 ], [ -77.39964, 38.85572 ], [ -77.40058, 38.85581 ], [ -77.40099, 38.86199 ], [ -77.39385, 38.86373 ], [ -77.39436, 38.86379 ], [ -77.39445, 38.8641 ], [ -77.3954, 38.86386 ], [ -77.39608, 38.86437 ], [ -77.39606, 38.86459 ], [ -77.39644, 38.86462 ], [ -77.39643, 38.86501 ], [ -77.39696, 38.86551 ], [ -77.39829, 38.86587 ], [ -77.39852, 38.86668 ], [ -77.40041, 38.86723 ], [ -77.40041, 38.87178 ], [ -77.40087, 38.87193 ], [ -77.40061, 38.87259 ], [ -77.40014, 38.87252 ], [ -77.40002, 38.87302 ], [ -77.3995, 38.87304 ], [ -77.39945, 38.8734 ], [ -77.39601, 38.87346 ], [ -77.39607, 38.87427 ], [ -77.39658, 38.87424 ], [ -77.39685, 38.8778 ], [ -77.39627, 38.87758 ], [ -77.39486, 38.87992 ], [ -77.3902, 38.87811 ] ] } },
{ "type": "Feature", "properties": { "year": 2025, "level": "ES", "name": "Greenbriar West" }, "geometry": { "type": "LineString", "coordinates": [ [ -77.39617, 38.87783 ], [ -77.39627, 38.87758 ], [ -77.39685, 38.8778 ], [ -77.39658, 38.87424 ], [ -77.39607, 38.87427 ], [ -77.39601, 38.87346 ], [ -77.39945, 38.8734 ], [ -77.3995, 38.87304 ], [ -77.40002, 38.87302 ], [ -77.40014, 38.87252 ], [ -77.40061, 38.87259 ], [ -77.40087, 38.87193 ], [ -77.40041, 38.87178 ], [ -77.40041, 38.86723 ], [ -77.39852, 38.86668 ], [ -77.39829, 38.86587 ], [ -77.39696, 38.86551 ], [ -77.39643, 38.86501 ], [ -77.39644, 38.86462 ], [ -77.39606, 38.86459 ], [ -77.39608, 38.86437 ], [ -77.3954, 38.86386 ], [ -77.39445, 38.8641 ], [ -77.39436, 38.86379 ], [ -77.39385, 38.86373 ], [ -77.40099, 38.86199 ], [ -77.40058, 38.85581 ], [ -77.39964, 38.85572 ], [ -77.39863, 38.85593 ], [ -77.39787, 38.85633 ], [ -77.39729, 38.85698 ], [ -77.39641, 38.85658 ], [ -77.39618, 38.85622 ], [ -77.3945, 38.85646 ], [ -77.39426, 38.85567 ], [ -77.39378, 38.85524 ], [ -77.39398, 38.85517 ], [ -77.39389, 38.8548 ], [ -77.39307, 38.85418 ], [ -77.39283, 38.85357 ], [ -77.41369, 38.84976 ], [ -77.40994, 38.85359 ], [ -77.41137, 38.85622 ], [ -77.4089, 38.85828 ], [ -77.40528, 38.86029 ], [ -77.40755, 38.86816 ], [ -77.40896, 38.87875 ], [ -77.4082, 38.88059 ], [ -77.4059, 38.88423 ], [ -77.39486, 38.87992 ], [ -77.39617, 38.87783 ] ] } },
{ "type": "Feature", "properties": { "year": 2025, "level": "ES", "name": "Groveton" }, "geometry": { "type": "MultiLineString", "coordinates": [ [ [ -77.08417, 38.76451 ], [ -77.08417, 38.76373 ], [ -77.08507, 38.76383 ], [ -77.08506, 38.76368 ], [ -77.09173, 38.76437 ], [ -77.09212, 38.76234 ], [ -77.09067, 38.76218 ], [ -77.09106, 38.75987 ], [ -77.11126, 38.7618 ], [ -77.11412, 38.76914 ], [ -77.09002, 38.77426 ], [ -77.07898, 38.78151 ], [ -77.07853, 38.78128 ], [ -77.07911, 38.78041 ], [ -77.07992, 38.77816 ], [ -77.08159, 38.7702 ], [ -77.08388, 38.76587 ], [ -77.08417, 38.76451 ] ], [ [ -77.08411, 38.74419 ], [ -77.08745, 38.74516 ], [ -77.08557, 38.74791 ], [ -77.08302, 38.74772 ], [ -77.08345, 38.74574 ], [ -77.08411, 38.74419 ] ] ] } },
{ "type": "Feature", "properties": { "year": 2025, "level": "ES", "name": "Gunston" }, "geometry": { "type": "LineString", "coordinates": [ [ -77.19089, 38.71943 ], [ -77.18833, 38.71791 ], [ -77.18776, 38.71654 ], [ -77.18903, 38.71604 ], [ -77.18834, 38.71367 ], [ -77.18328, 38.71081 ], [ -77.17982, 38.70746 ], [ -77.18576, 38.70739 ], [ -77.19298, 38.70911 ], [ -77.19397, 38.70686 ], [ -77.19651, 38.70328 ], [ -77.19684, 38.70151 ], [ -77.19611, 38.70188 ], [ -77.19522, 38.70196 ], [ -77.19519, 38.70016 ], [ -77.19702, 38.69946 ], [ -77.19819, 38.70084 ], [ -77.20071, 38.69958 ], [ -77.20113, 38.6991 ], [ -77.20132, 38.69822 ], [ -77.20046, 38.69759 ], [ -77.20023, 38.69702 ], [ -77.20038, 38.69676 ], [ -77.19986, 38.69647 ], [ -77.19914, 38.69651 ], [ -77.1991, 38.6961 ], [ -77.2001, 38.69414 ], [ -77.20105, 38.69364 ], [ -77.20055, 38.69188 ], [ -77.20194, 38.69137 ], [ -77.20151, 38.69075 ], [ -77.20058, 38.69042 ], [ -77.20044, 38.68943 ], [ -77.19939, 38.68888 ], [ -77.19871, 38.6893 ], [ -77.19812, 38.68934 ], [ -77.19472, 38.6879 ], [ -77.19331, 38.68877 ], [ -77.19308, 38.68872 ], [ -77.19259, 38.68776 ], [ -77.19128, 38.68702 ], [ -77.18988, 38.68571 ], [ -77.18726, 38.68509 ], [ -77.18575, 38.68325 ], [ -77.1841, 38.68232 ], [ -77.18371, 38.68135 ], [ -77.18257, 38.68068 ], [ -77.18135, 38.68047 ], [ -77.1791, 38.68066 ], [ -77.179, 38.67972 ], [ -77.17802, 38.67882 ], [ -77.1762, 38.67853 ], [ -77.17565, 38.67875 ], [ -77.1749, 38.67969 ], [ -77.17403, 38.67979 ], [ -77.17295, 38.67852 ], [ -77.17167, 38.67809 ], [ -77.17135, 38.67823 ], [ -77.17056, 38.67808 ], [ -77.1702, 38.67751 ], [ -77.16973, 38.67744 ], [ -77.16925, 38.67697 ], [ -77.16808, 38.67713 ], [ -77.16799, 38.67639 ], [ -77.16728, 38.6758 ], [ -77.16555, 38.67533 ], [ -77.16484, 38.67292 ], [ -77.16328, 38.67227 ], [ -77.16291, 38.6716 ], [ -77.16053, 38.67095 ], [ -77.15855, 38.67093 ], [ -77.15791, 38.67036 ], [ -77.15785, 38.66955 ], [ -77.15741, 38.66897 ], [ -77.15497, 38.6679 ], [ -77.15458, 38.66723 ], [ -77.15391, 38.66679 ], [ -77.15137, 38.66629 ], [ -77.15049, 38.66572 ], [ -77.15006, 38.6652 ], [ -77.14965, 38.66394 ], [ -77.14969, 38.66309 ], [ -77.15007, 38.66293 ], [ -77.15036, 38.66134 ], [ -77.15008, 38.65947 ], [ -77.15024, 38.6589 ], [ -77.14992, 38.6583 ], [ -77.14848, 38.65708 ], [ -77.14737, 38.65717 ], [ -77.14519, 38.65646 ], [ -77.14343, 38.65513 ], [ -77.14174, 38.65316 ], [ -77.13971, 38.65184 ], [ -77.13801, 38.65115 ], [ -77.13735, 38.65054 ], [ -77.13629, 38.65021 ], [ -77.1363, 38.64724 ], [ -77.13549, 38.64638 ], [ -77.13369, 38.64539 ], [ -77.13291, 38.64461 ], [ -77.13298, 38.64335 ], [ -77.13347, 38.6427 ], [ -77.13311, 38.64224 ], [ -77.13295, 38.64113 ], [ -77.13191, 38.6399 ], [ -77.13204, 38.63961 ], [ -77.13141, 38.63848 ], [ -77.13091, 38.63644 ], [ -77.12998, 38.63523 ], [ -77.12987, 38.6347 ], [ -77.1347, 38.63523 ], [ -77.13899, 38.63522 ], [ -77.14254, 38.63585 ], [ -77.14341, 38.6355 ], [ -77.14513, 38.63559 ], [ -77.14704, 38.63515 ], [ -77.14882, 38.63502 ], [ -77.15459, 38.6359 ], [ -77.15721, 38.63726 ], [ -77.16061, 38.6331 ], [ -77.16006, 38.6319 ], [ -77.16151, 38.63201 ], [ -77.16636, 38.62754 ], [ -77.16773, 38.62658 ], [ -77.16871, 38.62542 ], [ -77.17049, 38.62513 ], [ -77.17248, 38.6244 ], [ -77.17611, 38.62416 ], [ -77.17966, 38.62338 ], [ -77.18259, 38.62159 ], [ -77.18503, 38.62157 ], [ -77.18952, 38.62053 ], [ -77.19044, 38.61956 ], [ -77.1915, 38.61915 ], [ -77.19651, 38.61953 ], [ -77.19956, 38.61912 ], [ -77.20144, 38.61805 ], [ -77.20171, 38.61744 ], [ -77.20218, 38.61731 ], [ -77.20395, 38.61808 ], [ -77.20519, 38.61972 ], [ -77.20535, 38.62073 ], [ -77.20483, 38.62341 ], [ -77.20548, 38.62569 ], [ -77.20675, 38.62701 ], [ -77.21102, 38.62999 ], [ -77.21112, 38.6304 ], [ -77.21328, 38.63284 ], [ -77.21372, 38.63371 ], [ -77.21367, 38.63495 ], [ -77.21406, 38.63601 ], [ -77.21627, 38.63755 ], [ -77.21259, 38.63771 ], [ -77.20895, 38.63739 ], [ -77.2073, 38.63784 ], [ -77.20562, 38.63878 ], [ -77.20487, 38.63882 ], [ -77.20285, 38.64037 ], [ -77.2009, 38.64233 ], [ -77.19736, 38.64715 ], [ -77.19622, 38.64822 ], [ -77.19548, 38.64835 ], [ -77.19355, 38.65016 ], [ -77.19366, 38.65133 ], [ -77.19424, 38.65251 ], [ -77.19401, 38.65316 ], [ -77.19527, 38.65432 ], [ -77.19626, 38.65478 ], [ -77.19747, 38.65596 ], [ -77.19969, 38.6575 ], [ -77.20094, 38.65808 ], [ -77.20185, 38.65798 ], [ -77.20311, 38.6584 ], [ -77.20495, 38.65808 ], [ -77.20696, 38.6572 ], [ -77.20801, 38.65719 ], [ -77.2094, 38.65671 ], [ -77.21118, 38.65642 ], [ -77.21208, 38.65643 ], [ -77.21421, 38.65706 ], [ -77.21534, 38.657 ], [ -77.21957, 38.65767 ], [ -77.22303, 38.65766 ], [ -77.22409, 38.65736 ], [ -77.22461, 38.65762 ], [ -77.22472, 38.65801 ], [ -77.22364, 38.65955 ], [ -77.22493, 38.66086 ], [ -77.22573, 38.66052 ], [ -77.22818, 38.66055 ], [ -77.2285, 38.6615 ], [ -77.22942, 38.66233 ], [ -77.23245, 38.66251 ], [ -77.23395, 38.6634 ], [ -77.2343, 38.66396 ], [ -77.23502, 38.66332 ], [ -77.23637, 38.66427 ], [ -77.23561, 38.66506 ], [ -77.23572, 38.66495 ], [ -77.23763, 38.66608 ], [ -77.23936, 38.66765 ], [ -77.24008, 38.66717 ], [ -77.24033, 38.66744 ], [ -77.23201, 38.67305 ], [ -77.23035, 38.67454 ], [ -77.22922, 38.67633 ], [ -77.22871, 38.67811 ], [ -77.22745, 38.67875 ], [ -77.2263, 38.67983 ], [ -77.21825, 38.69317 ], [ -77.21745, 38.6941 ], [ -77.20386, 38.70699 ], [ -77.20234, 38.70797 ], [ -77.19709, 38.70985 ], [ -77.19718, 38.71029 ], [ -77.19784, 38.71101 ], [ -77.19953, 38.7125 ], [ -77.20463, 38.71512 ], [ -77.2073, 38.71765 ], [ -77.20791, 38.71922 ], [ -77.20905, 38.71985 ], [ -77.2067, 38.72151 ], [ -77.20423, 38.72278 ], [ -77.19182, 38.72764 ], [ -77.19029, 38.72855 ], [ -77.18901, 38.72967 ], [ -77.18329, 38.72447 ], [ -77.1853, 38.72328 ], [ -77.18888, 38.72203 ], [ -77.19142, 38.71974 ], [ -77.19089, 38.71943 ] ] } },
{ "type": "Feature", "properties": { "year": 2025, "level": "ES", "name": "Halley" }, "geometry": { "type": "MultiLineString", "coordinates": [ [ [ -77.29473, 38.72695 ], [ -77.29357, 38.72544 ], [ -77.29441, 38.72642 ], [ -77.29518, 38.72683 ], [ -77.29736, 38.72616 ], [ -77.29824, 38.7251 ], [ -77.29825, 38.72471 ], [ -77.29574, 38.72263 ], [ -77.29265, 38.72445 ], [ -77.28987, 38.72104 ], [ -77.28729, 38.72173 ], [ -77.28674, 38.72225 ], [ -77.27946, 38.71846 ], [ -77.2763, 38.71951 ], [ -77.27198, 38.71898 ], [ -77.27187, 38.71921 ], [ -77.27471, 38.72118 ], [ -77.27386, 38.72188 ], [ -77.27322, 38.72152 ], [ -77.27253, 38.72151 ], [ -77.27174, 38.7219 ], [ -77.27091, 38.72197 ], [ -77.27044, 38.72234 ], [ -77.2692, 38.72211 ], [ -77.26837, 38.72251 ], [ -77.26763, 38.72346 ], [ -77.26681, 38.72398 ], [ -77.26515, 38.72326 ], [ -77.26347, 38.7213 ], [ -77.25979, 38.71958 ], [ -77.25571, 38.72453 ], [ -77.25254, 38.72281 ], [ -77.25223, 38.72307 ], [ -77.25313, 38.72358 ], [ -77.24658, 38.72551 ], [ -77.24669, 38.72722 ], [ -77.24301, 38.72536 ], [ -77.23993, 38.72195 ], [ -77.23892, 38.72045 ], [ -77.23575, 38.7177 ], [ -77.23775, 38.71619 ], [ -77.23921, 38.71572 ], [ -77.23909, 38.7154 ], [ -77.23796, 38.71469 ], [ -77.23955, 38.71261 ], [ -77.24013, 38.71022 ], [ -77.23966, 38.70924 ], [ -77.23856, 38.70896 ], [ -77.23415, 38.70916 ], [ -77.23381, 38.70867 ], [ -77.23247, 38.70927 ], [ -77.22958, 38.70471 ], [ -77.22764, 38.70456 ], [ -77.22385, 38.70517 ], [ -77.22541, 38.69874 ], [ -77.22517, 38.69743 ], [ -77.22415, 38.69581 ], [ -77.22681, 38.68758 ], [ -77.22865, 38.67813 ], [ -77.22922, 38.67633 ], [ -77.23018, 38.67475 ], [ -77.23151, 38.67342 ], [ -77.24033, 38.66744 ], [ -77.24442, 38.67161 ], [ -77.25037, 38.67416 ], [ -77.25212, 38.67787 ], [ -77.25478, 38.68118 ], [ -77.25416, 38.68151 ], [ -77.25678, 38.6841 ], [ -77.26194, 38.68631 ], [ -77.26334, 38.68655 ], [ -77.26355, 38.68616 ], [ -77.26463, 38.68663 ], [ -77.26562, 38.68725 ], [ -77.26748, 38.68901 ], [ -77.26989, 38.68976 ], [ -77.27237, 38.6914 ], [ -77.27446, 38.69344 ], [ -77.27657, 38.69485 ], [ -77.27813, 38.69528 ], [ -77.28004, 38.69514 ], [ -77.28084, 38.6953 ], [ -77.28455, 38.69716 ], [ -77.28644, 38.69884 ], [ -77.28847, 38.70003 ], [ -77.29487, 38.70264 ], [ -77.29879, 38.70394 ], [ -77.29996, 38.7049 ], [ -77.30099, 38.70715 ], [ -77.30193, 38.70801 ], [ -77.30306, 38.7082 ], [ -77.30608, 38.70756 ], [ -77.3066, 38.70931 ], [ -77.30631, 38.71035 ], [ -77.30552, 38.71126 ], [ -77.30548, 38.71178 ], [ -77.30666, 38.71359 ], [ -77.30661, 38.71454 ], [ -77.30526, 38.71901 ], [ -77.30479, 38.71951 ], [ -77.30366, 38.71996 ], [ -77.30347, 38.7205 ], [ -77.30365, 38.72153 ], [ -77.30295, 38.72153 ], [ -77.30194, 38.72278 ], [ -77.30218, 38.72373 ], [ -77.30258, 38.72408 ], [ -77.30253, 38.72454 ], [ -77.30292, 38.72459 ], [ -77.30285, 38.72505 ], [ -77.30229, 38.72477 ], [ -77.30203, 38.72535 ], [ -77.30218, 38.72567 ], [ -77.30553, 38.72543 ], [ -77.30528, 38.73268 ], [ -77.30453, 38.73273 ], [ -77.30348, 38.73332 ], [ -77.30221, 38.73342 ], [ -77.30159, 38.7339 ], [ -77.30141, 38.73354 ], [ -77.29887, 38.7317 ], [ -77.29473, 38.72695 ] ], [ [ -77.21563, 38.69603 ], [ -77.21643, 38.69611 ], [ -77.21914, 38.70053 ], [ -77.21694, 38.70156 ], [ -77.21425, 38.69715 ], [ -77.21563, 38.69603 ] ] ] } },
{ "type": "Feature", "properties": { "year": 2025, "level": "ES", "name": "Haycock" }, "geometry": { "type": "LineString", "coordinates": [ [ -77.18357, 38.90905 ], [ -77.1777, 38.91142 ], [ -77.1702, 38.91213 ], [ -77.16769, 38.91186 ], [ -77.1668, 38.9122 ], [ -77.16606, 38.91295 ], [ -77.16308, 38.91197 ], [ -77.1638, 38.91008 ], [ -77.16345, 38.90859 ], [ -77.16121, 38.90845 ], [ -77.16139, 38.90803 ], [ -77.16121, 38.90619 ], [ -77.15939, 38.90618 ], [ -77.15956, 38.90451 ], [ -77.15933, 38.90451 ], [ -77.15896, 38.90372 ], [ -77.17228, 38.89325 ], [ -77.1887, 38.89625 ], [ -77.18893, 38.89613 ], [ -77.19146, 38.89777 ], [ -77.19062, 38.89869 ], [ -77.19159, 38.89977 ], [ -77.19344, 38.89958 ], [ -77.19436, 38.89927 ], [ -77.19486, 38.8988 ], [ -77.19465, 38.89784 ], [ -77.19356, 38.8972 ], [ -77.19365, 38.89691 ], [ -77.19664, 38.89876 ], [ -77.19464, 38.8996 ], [ -77.19252, 38.90017 ], [ -77.19011, 38.90048 ], [ -77.18754, 38.90046 ], [ -77.18821, 38.90141 ], [ -77.18853, 38.90347 ], [ -77.1871, 38.90944 ], [ -77.18618, 38.90949 ], [ -77.18454, 38.90903 ], [ -77.18357, 38.90905 ] ] } },
{ "type": "Feature", "properties": { "year": 2025, "level": "ES", "name": "Hayfield" }, "geometry": { "type": "LineString", "coordinates": [ [ -77.12047, 38.77968 ], [ -77.12039, 38.77838 ], [ -77.11845, 38.77567 ], [ -77.11797, 38.77312 ], [ -77.11648, 38.77179 ], [ -77.11705, 38.7714 ], [ -77.11671, 38.77105 ], [ -77.12152, 38.76713 ], [ -77.12087, 38.7667 ], [ -77.12049, 38.76607 ], [ -77.12053, 38.76556 ], [ -77.12015, 38.7649 ], [ -77.12062, 38.76459 ], [ -77.12012, 38.76364 ], [ -77.12027, 38.76319 ], [ -77.12001, 38.76274 ], [ -77.12014, 38.76224 ], [ -77.12038, 38.76232 ], [ -77.12043, 38.76203 ], [ -77.12139, 38.76137 ], [ -77.1214, 38.76111 ], [ -77.12185, 38.76105 ], [ -77.12187, 38.76072 ], [ -77.12234, 38.7605 ], [ -77.12231, 38.75958 ], [ -77.12292, 38.75807 ], [ -77.12354, 38.75769 ], [ -77.12366, 38.75729 ], [ -77.12347, 38.75719 ], [ -77.12378, 38.75704 ], [ -77.1236, 38.75676 ], [ -77.12393, 38.75673 ], [ -77.12393, 38.75634 ], [ -77.12309, 38.75608 ], [ -77.12307, 38.75544 ], [ -77.12203, 38.75439 ], [ -77.12192, 38.75322 ], [ -77.12262, 38.75019 ], [ -77.12246, 38.74939 ], [ -77.12595, 38.74581 ], [ -77.12831, 38.74603 ], [ -77.13217, 38.74257 ], [ -77.13288, 38.74125 ], [ -77.14301, 38.74862 ], [ -77.14988, 38.74436 ], [ -77.15366, 38.74342 ], [ -77.1537, 38.74553 ], [ -77.15414, 38.74576 ], [ -77.15389, 38.74698 ], [ -77.15307, 38.74687 ], [ -77.15273, 38.74826 ], [ -77.15337, 38.74835 ], [ -77.15325, 38.74892 ], [ -77.15258, 38.74883 ], [ -77.15239, 38.74964 ], [ -77.14938, 38.74924 ], [ -77.14852, 38.74883 ], [ -77.14756, 38.74976 ], [ -77.14771, 38.7504 ], [ -77.14713, 38.75145 ], [ -77.14609, 38.75109 ], [ -77.14366, 38.75484 ], [ -77.14577, 38.75661 ], [ -77.14409, 38.75845 ], [ -77.14326, 38.76209 ], [ -77.14139, 38.76344 ], [ -77.14015, 38.76483 ], [ -77.14207, 38.76701 ], [ -77.14079, 38.76774 ], [ -77.14004, 38.76691 ], [ -77.13816, 38.76792 ], [ -77.13542, 38.76555 ], [ -77.13367, 38.76686 ], [ -77.13124, 38.77103 ], [ -77.12952, 38.77131 ], [ -77.12809, 38.77119 ], [ -77.12599, 38.77058 ], [ -77.12245, 38.77987 ], [ -77.12159, 38.77956 ], [ -77.12049, 38.77996 ], [ -77.12047, 38.77968 ] ] } },
{ "type": "Feature", "properties": { "year": 2025, "level": "ES", "name": "Herndon" }, "geometry": { "type": "LineString", "coordinates": [ [ -77.37228, 38.98376 ], [ -77.3722, 38.98392 ], [ -77.36672, 38.98174 ], [ -77.36735, 38.97052 ], [ -77.36973, 38.97122 ], [ -77.36995, 38.97041 ], [ -77.3706, 38.97055 ], [ -77.37032, 38.97126 ], [ -77.37356, 38.97148 ], [ -77.3737, 38.97045 ], [ -77.37772, 38.97082 ], [ -77.378, 38.96838 ], [ -77.36999, 38.96655 ], [ -77.36497, 38.96614 ], [ -77.36964, 38.95904 ], [ -77.37402, 38.95306 ], [ -77.38189, 38.95259 ], [ -77.3994, 38.95953 ], [ -77.3978, 38.96176 ], [ -77.39902, 38.96291 ], [ -77.39479, 38.96883 ], [ -77.39359, 38.96924 ], [ -77.38782, 38.96955 ], [ -77.3878, 38.97167 ], [ -77.39534, 38.97717 ], [ -77.39375, 38.97797 ], [ -77.39355, 38.97829 ], [ -77.39132, 38.97664 ], [ -77.39147, 38.9764 ], [ -77.38845, 38.97416 ], [ -77.38813, 38.97443 ], [ -77.38735, 38.97417 ], [ -77.38658, 38.97424 ], [ -77.38668, 38.97533 ], [ -77.38758, 38.97631 ], [ -77.38741, 38.97988 ], [ -77.38752, 38.98127 ], [ -77.38773, 38.98144 ], [ -77.38679, 38.98261 ], [ -77.38534, 38.98292 ], [ -77.384, 38.98606 ], [ -77.38342, 38.9884 ], [ -77.37901, 38.9865 ], [ -77.37747, 38.98621 ], [ -77.37757, 38.98579 ], [ -77.37228, 38.98376 ] ] } },
{ "type": "Feature", "properties": { "year": 2025, "level": "ES", "name": "Hollin Meadows" }, "geometry": { "type": "LineString", "coordinates": [ [ -77.06997, 38.76382 ], [ -77.06929, 38.76421 ], [ -77.06879, 38.76401 ], [ -77.06827, 38.76341 ], [ -77.06789, 38.76339 ], [ -77.0671, 38.76238 ], [ -77.06639, 38.76243 ], [ -77.06565, 38.76084 ], [ -77.06498, 38.76093 ], [ -77.06293, 38.76038 ], [ -77.0595, 38.761 ], [ -77.05938, 38.76031 ], [ -77.05753, 38.75686 ], [ -77.05727, 38.75258 ], [ -77.06387, 38.74801 ], [ -77.06361, 38.74699 ], [ -77.06485, 38.74696 ], [ -77.06463, 38.74642 ], [ -77.06362, 38.74641 ], [ -77.0636, 38.74595 ], [ -77.0646, 38.74593 ], [ -77.06455, 38.74569 ], [ -77.0636, 38.7457 ], [ -77.06312, 38.74486 ], [ -77.06482, 38.74402 ], [ -77.06448, 38.74374 ], [ -77.06466, 38.7435 ], [ -77.06515, 38.74322 ], [ -77.06645, 38.7435 ], [ -77.06752, 38.74307 ], [ -77.06904, 38.7431 ], [ -77.06945, 38.74391 ], [ -77.0692, 38.73814 ], [ -77.06896, 38.73695 ], [ -77.06857, 38.73705 ], [ -77.06843, 38.73653 ], [ -77.07284, 38.7377 ], [ -77.07598, 38.73649 ], [ -77.07679, 38.73776 ], [ -77.0771, 38.73761 ], [ -77.07931, 38.73811 ], [ -77.07911, 38.73878 ], [ -77.08059, 38.73906 ], [ -77.08076, 38.73858 ], [ -77.08127, 38.73867 ], [ -77.08091, 38.73964 ], [ -77.08268, 38.74014 ], [ -77.08112, 38.74343 ], [ -77.08532, 38.74202 ], [ -77.08617, 38.74142 ], [ -77.08411, 38.74419 ], [ -77.08345, 38.74574 ], [ -77.08302, 38.74767 ], [ -77.08378, 38.75911 ], [ -77.0798, 38.75819 ], [ -77.07835, 38.76214 ], [ -77.07766, 38.76188 ], [ -77.07787, 38.76108 ], [ -77.0769, 38.76029 ], [ -77.07747, 38.76003 ], [ -77.0773, 38.75953 ], [ -77.0754, 38.75925 ], [ -77.07509, 38.76008 ], [ -77.07437, 38.75994 ], [ -77.07435, 38.76063 ], [ -77.07389, 38.76125 ], [ -77.07298, 38.76069 ], [ -77.07258, 38.76098 ], [ -77.07302, 38.76133 ], [ -77.07194, 38.76242 ], [ -77.07207, 38.76436 ], [ -77.06997, 38.76382 ] ] } },
{ "type": "Feature", "properties": { "year": 2025, "level": "ES", "name": "Hunt Valley" }, "geometry": { "type": "LineString", "coordinates": [ [ -77.239, 38.76921 ], [ -77.23941, 38.76901 ], [ -77.23954, 38.76917 ], [ -77.24005, 38.76883 ], [ -77.24062, 38.76737 ], [ -77.23857, 38.76602 ], [ -77.23675, 38.76602 ], [ -77.23558, 38.76562 ], [ -77.2346, 38.76583 ], [ -77.23422, 38.76501 ], [ -77.23486, 38.76371 ], [ -77.23446, 38.76291 ], [ -77.23404, 38.7627 ], [ -77.23258, 38.76304 ], [ -77.23138, 38.76299 ], [ -77.23135, 38.76217 ], [ -77.23162, 38.76191 ], [ -77.23141, 38.76132 ], [ -77.23151, 38.7602 ], [ -77.23026, 38.76009 ], [ -77.22924, 38.761 ], [ -77.22778, 38.76139 ], [ -77.22727, 38.76098 ], [ -77.22692, 38.75921 ], [ -77.22735, 38.75792 ], [ -77.22557, 38.75657 ], [ -77.22508, 38.75589 ], [ -77.22533, 38.75518 ], [ -77.22666, 38.75393 ], [ -77.22672, 38.75348 ], [ -77.22605, 38.7528 ], [ -77.22539, 38.75252 ], [ -77.2233, 38.75241 ], [ -77.2231, 38.75221 ], [ -77.22379, 38.75088 ], [ -77.22133, 38.74988 ], [ -77.22113, 38.74936 ], [ -77.22283, 38.74878 ], [ -77.22261, 38.74806 ], [ -77.22274, 38.74586 ], [ -77.22331, 38.74544 ], [ -77.22393, 38.74405 ], [ -77.2247, 38.74372 ], [ -77.22926, 38.74424 ], [ -77.22931, 38.74397 ], [ -77.23166, 38.74426 ], [ -77.23197, 38.745 ], [ -77.2342, 38.745 ], [ -77.23417, 38.74334 ], [ -77.23857, 38.74394 ], [ -77.24034, 38.74362 ], [ -77.24309, 38.75024 ], [ -77.24445, 38.75003 ], [ -77.24511, 38.75096 ], [ -77.24507, 38.75188 ], [ -77.24437, 38.75292 ], [ -77.24458, 38.75304 ], [ -77.24681, 38.7527 ], [ -77.24698, 38.75564 ], [ -77.24667, 38.75601 ], [ -77.25168, 38.75692 ], [ -77.25007, 38.76214 ], [ -77.24896, 38.76192 ], [ -77.24941, 38.76759 ], [ -77.24772, 38.76658 ], [ -77.24695, 38.76806 ], [ -77.24538, 38.7698 ], [ -77.24309, 38.77085 ], [ -77.24098, 38.77094 ], [ -77.24086, 38.77016 ], [ -77.23927, 38.77006 ], [ -77.23893, 38.76964 ], [ -77.239, 38.76921 ] ] } },
{ "type": "Feature", "properties": { "year": 2025, "level": "ES", "name": "Hunters Woods" }, "geometry": { "type": "LineString", "coordinates": [ [ -77.36378, 38.93988 ], [ -77.36354, 38.93999 ], [ -77.36123, 38.93821 ], [ -77.35774, 38.93642 ], [ -77.35776, 38.93615 ], [ -77.35688, 38.9354 ], [ -77.3569, 38.93473 ], [ -77.35513, 38.93445 ], [ -77.35551, 38.9301 ], [ -77.35259, 38.92932 ], [ -77.35183, 38.92774 ], [ -77.35084, 38.92695 ], [ -77.34996, 38.92672 ], [ -77.34699, 38.92663 ], [ -77.34441, 38.9261 ], [ -77.34461, 38.92531 ], [ -77.3443, 38.92386 ], [ -77.34544, 38.92259 ], [ -77.3447, 38.92221 ], [ -77.34063, 38.92296 ], [ -77.33596, 38.92282 ], [ -77.33539, 38.92147 ], [ -77.33231, 38.92174 ], [ -77.33104, 38.9199 ], [ -77.3333, 38.91922 ], [ -77.33261, 38.91814 ], [ -77.33388, 38.91728 ], [ -77.33342, 38.91632 ], [ -77.33646, 38.9154 ], [ -77.33712, 38.91606 ], [ -77.33808, 38.91576 ], [ -77.33858, 38.91625 ], [ -77.34533, 38.91707 ], [ -77.34829, 38.9128 ], [ -77.35185, 38.91118 ], [ -77.3521, 38.91136 ], [ -77.35418, 38.90978 ], [ -77.35505, 38.91061 ], [ -77.35306, 38.91205 ], [ -77.35442, 38.91304 ], [ -77.34953, 38.92105 ], [ -77.35509, 38.92262 ], [ -77.35968, 38.92286 ], [ -77.36644, 38.91661 ], [ -77.37208, 38.92458 ], [ -77.37356, 38.92497 ], [ -77.37355, 38.92525 ], [ -77.37315, 38.92625 ], [ -77.36495, 38.93795 ], [ -77.36554, 38.93855 ], [ -77.36638, 38.93891 ], [ -77.36644, 38.94008 ], [ -77.3671, 38.94097 ], [ -77.36684, 38.94122 ], [ -77.36525, 38.94108 ], [ -77.36378, 38.93988 ] ] } },
{ "type": "Feature", "properties": { "year": 2025, "level": "ES", "name": "Hutchison" }, "geometry": { "type": "LineString", "coordinates": [ [ -77.40426, 38.95697 ], [ -77.40445, 38.95677 ], [ -77.41804, 38.96153 ], [ -77.42266, 38.96234 ], [ -77.40857, 38.9766 ], [ -77.40555, 38.97552 ], [ -77.40473, 38.97387 ], [ -77.40055, 38.97058 ], [ -77.40067, 38.96751 ], [ -77.39894, 38.96582 ], [ -77.3974, 38.96517 ], [ -77.40116, 38.95998 ], [ -77.40426, 38.95697 ] ] } },
{ "type": "Feature", "properties": { "year": 2025, "level": "ES", "name": "Hybla Valley" }, "geometry": { "type": "LineString", "coordinates": [ [ -77.08515, 38.76369 ], [ -77.08507, 38.76383 ], [ -77.08417, 38.76373 ], [ -77.08302, 38.74772 ], [ -77.08557, 38.74791 ], [ -77.09096, 38.7402 ], [ -77.09397, 38.74043 ], [ -77.0949, 38.74094 ], [ -77.09556, 38.74095 ], [ -77.09535, 38.74153 ], [ -77.09508, 38.74198 ], [ -77.09477, 38.74187 ], [ -77.09411, 38.74229 ], [ -77.09349, 38.74226 ], [ -77.09358, 38.74277 ], [ -77.09257, 38.7427 ], [ -77.0925, 38.74374 ], [ -77.09566, 38.74716 ], [ -77.0941, 38.74746 ], [ -77.09139, 38.75784 ], [ -77.09067, 38.76218 ], [ -77.09212, 38.76234 ], [ -77.09173, 38.76437 ], [ -77.08515, 38.76369 ] ] } },
{ "type": "Feature", "properties": { "year": 2025, "level": "ES", "name": "Island Creek" }, "geometry": { "type": "LineString", "coordinates": [ [ -77.16508, 38.7485 ], [ -77.16513, 38.74783 ], [ -77.16132, 38.74796 ], [ -77.15389, 38.74698 ], [ -77.15414, 38.74576 ], [ -77.1537, 38.74553 ], [ -77.15366, 38.74342 ], [ -77.15848, 38.74246 ], [ -77.16212, 38.74095 ], [ -77.16458, 38.7392 ], [ -77.16729, 38.73832 ], [ -77.16798, 38.73769 ], [ -77.16886, 38.7359 ], [ -77.17081, 38.73357 ], [ -77.16726, 38.73187 ], [ -77.1707, 38.72959 ], [ -77.17169, 38.72919 ], [ -77.17196, 38.72754 ], [ -77.17229, 38.72731 ], [ -77.17247, 38.7264 ], [ -77.17395, 38.72418 ], [ -77.1735, 38.72361 ], [ -77.17403, 38.72126 ], [ -77.18101, 38.72289 ], [ -77.18234, 38.72366 ], [ -77.18901, 38.72967 ], [ -77.18748, 38.73211 ], [ -77.18454, 38.74212 ], [ -77.18248, 38.7471 ], [ -77.17382, 38.76147 ], [ -77.17208, 38.76382 ], [ -77.17193, 38.76317 ], [ -77.16278, 38.75765 ], [ -77.16712, 38.75018 ], [ -77.16458, 38.74942 ], [ -77.16508, 38.7485 ] ] } },
{ "type": "Feature", "properties": { "year": 2025, "level": "ES", "name": "Keene Mill" }, "geometry": { "type": "MultiLineString", "coordinates": [ [ [ -77.22628, 38.78614 ], [ -77.22431, 38.78627 ], [ -77.22364, 38.78561 ], [ -77.22186, 38.78607 ], [ -77.22127, 38.78655 ], [ -77.22045, 38.78629 ], [ -77.22007, 38.78644 ], [ -77.21939, 38.78593 ], [ -77.21789, 38.78568 ], [ -77.21731, 38.78488 ], [ -77.21628, 38.78463 ], [ -77.21496, 38.78389 ], [ -77.21431, 38.78283 ], [ -77.21435, 38.78196 ], [ -77.2134, 38.78211 ], [ -77.21277, 38.78188 ], [ -77.21242, 38.78085 ], [ -77.21135, 38.7804 ], [ -77.21006, 38.77914 ], [ -77.20925, 38.77773 ], [ -77.20819, 38.77684 ], [ -77.20694, 38.77676 ], [ -77.20609, 38.77864 ], [ -77.20493, 38.77946 ], [ -77.20426, 38.77962 ], [ -77.20376, 38.77916 ], [ -77.20421, 38.77799 ], [ -77.20462, 38.77767 ], [ -77.20453, 38.77718 ], [ -77.20399, 38.77585 ], [ -77.20345, 38.77531 ], [ -77.20487, 38.77479 ], [ -77.20735, 38.77433 ], [ -77.2103, 38.77431 ], [ -77.21328, 38.77493 ], [ -77.218, 38.77676 ], [ -77.22249, 38.77985 ], [ -77.22428, 38.78045 ], [ -77.22614, 38.78064 ], [ -77.22617, 38.78309 ], [ -77.22934, 38.78307 ], [ -77.22926, 38.78366 ], [ -77.22957, 38.78366 ], [ -77.22991, 38.78401 ], [ -77.22975, 38.78515 ], [ -77.23035, 38.78515 ], [ -77.23036, 38.786 ], [ -77.22894, 38.786 ], [ -77.22879, 38.78701 ], [ -77.22628, 38.78614 ] ], [ [ -77.25244, 38.77976 ], [ -77.24669, 38.77484 ], [ -77.25158, 38.77373 ], [ -77.25586, 38.77315 ], [ -77.25894, 38.77353 ], [ -77.26223, 38.77484 ], [ -77.25958, 38.77802 ], [ -77.25976, 38.77815 ], [ -77.25894, 38.77912 ], [ -77.25846, 38.77871 ], [ -77.25492, 38.78281 ], [ -77.25431, 38.78143 ], [ -77.25244, 38.77976 ] ] ] } },
{ "type": "Feature", "properties": { "year": 2025, "level": "ES", "name": "Kent Gardens" }, "geometry": { "type": "LineString", "coordinates": [ [ -77.17085, 38.92284 ], [ -77.1639, 38.91973 ], [ -77.16405, 38.91939 ], [ -77.16459, 38.91956 ], [ -77.16555, 38.91824 ], [ -77.16534, 38.91805 ], [ -77.16549, 38.91778 ], [ -77.16517, 38.91753 ], [ -77.16561, 38.9175 ], [ -77.1656, 38.91721 ], [ -77.16617, 38.91732 ], [ -77.16701, 38.91705 ], [ -77.16728, 38.91656 ], [ -77.16692, 38.91644 ], [ -77.16709, 38.91561 ], [ -77.16728, 38.91567 ], [ -77.16808, 38.91398 ], [ -77.16859, 38.91415 ], [ -77.16876, 38.91383 ], [ -77.1676, 38.91345 ], [ -77.16858, 38.91191 ], [ -77.1702, 38.91213 ], [ -77.17756, 38.91145 ], [ -77.17957, 38.91079 ], [ -77.18302, 38.90923 ], [ -77.18413, 38.909 ], [ -77.186, 38.90947 ], [ -77.1871, 38.90944 ], [ -77.18729, 38.91083 ], [ -77.18789, 38.91206 ], [ -77.19205, 38.91651 ], [ -77.19655, 38.92332 ], [ -77.19498, 38.92423 ], [ -77.19475, 38.92381 ], [ -77.19297, 38.92396 ], [ -77.19311, 38.92428 ], [ -77.19255, 38.92441 ], [ -77.19213, 38.9244 ], [ -77.19216, 38.92404 ], [ -77.19169, 38.92408 ], [ -77.19134, 38.92506 ], [ -77.19164, 38.92529 ], [ -77.18991, 38.92493 ], [ -77.18986, 38.9252 ], [ -77.18701, 38.92555 ], [ -77.18702, 38.92525 ], [ -77.18382, 38.92552 ], [ -77.18366, 38.92675 ], [ -77.18296, 38.92692 ], [ -77.18465, 38.92979 ], [ -77.18081, 38.93134 ], [ -77.17942, 38.92837 ], [ -77.17931, 38.92851 ], [ -77.17851, 38.92818 ], [ -77.17711, 38.92815 ], [ -77.17719, 38.92858 ], [ -77.17689, 38.92858 ], [ -77.17693, 38.92816 ], [ -77.17383, 38.92814 ], [ -77.17445, 38.92531 ], [ -77.17267, 38.92512 ], [ -77.17161, 38.92345 ], [ -77.17196, 38.92333 ], [ -77.17085, 38.92284 ] ] } },
{ "type": "Feature", "properties": { "year": 2025, "level": "ES", "name": "Kings Park" }, "geometry": { "type": "LineString", "coordinates": [ [ -77.24793, 38.79594 ], [ -77.24591, 38.79365 ], [ -77.25394, 38.78395 ], [ -77.25599, 38.78455 ], [ -77.25781, 38.78453 ], [ -77.25881, 38.78514 ], [ -77.262, 38.78482 ], [ -77.26267, 38.78545 ], [ -77.26506, 38.78642 ], [ -77.26569, 38.78688 ], [ -77.26867, 38.78821 ], [ -77.26979, 38.78848 ], [ -77.26972, 38.78909 ], [ -77.27138, 38.79132 ], [ -77.27347, 38.79264 ], [ -77.27341, 38.79545 ], [ -77.27279, 38.79666 ], [ -77.27668, 38.79832 ], [ -77.2787, 38.79855 ], [ -77.29968, 38.79744 ], [ -77.30127, 38.79753 ], [ -77.29899, 38.79826 ], [ -77.29872, 38.79854 ], [ -77.29783, 38.79852 ], [ -77.29317, 38.79931 ], [ -77.28808, 38.8018 ], [ -77.28674, 38.80279 ], [ -77.2844, 38.80342 ], [ -77.28241, 38.80462 ], [ -77.28173, 38.80545 ], [ -77.28012, 38.80668 ], [ -77.27751, 38.81056 ], [ -77.2754, 38.81286 ], [ -77.27493, 38.81527 ], [ -77.27405, 38.8173 ], [ -77.27025, 38.8152 ], [ -77.27102, 38.81442 ], [ -77.27126, 38.81448 ], [ -77.27089, 38.81351 ], [ -77.27123, 38.81041 ], [ -77.26748, 38.81066 ], [ -77.26621, 38.81152 ], [ -77.26438, 38.81096 ], [ -77.26239, 38.81071 ], [ -77.24971, 38.81054 ], [ -77.23028, 38.81106 ], [ -77.23015, 38.81036 ], [ -77.23038, 38.8099 ], [ -77.23142, 38.80905 ], [ -77.23173, 38.80825 ], [ -77.23274, 38.8075 ], [ -77.23319, 38.80686 ], [ -77.23333, 38.80596 ], [ -77.23237, 38.80486 ], [ -77.23191, 38.80385 ], [ -77.23068, 38.80271 ], [ -77.22913, 38.80187 ], [ -77.22935, 38.80066 ], [ -77.22917, 38.79955 ], [ -77.22955, 38.79844 ], [ -77.23016, 38.79789 ], [ -77.22917, 38.79518 ], [ -77.22863, 38.79489 ], [ -77.22721, 38.79551 ], [ -77.22251, 38.79677 ], [ -77.21959, 38.79561 ], [ -77.21788, 38.7928 ], [ -77.22846, 38.7925 ], [ -77.23007, 38.79291 ], [ -77.23601, 38.79567 ], [ -77.23746, 38.79611 ], [ -77.24787, 38.79594 ], [ -77.24894, 38.79906 ], [ -77.25494, 38.80791 ], [ -77.26223, 38.80299 ], [ -77.26837, 38.79647 ], [ -77.26345, 38.79409 ], [ -77.26352, 38.79378 ], [ -77.26101, 38.79405 ], [ -77.25454, 38.79569 ], [ -77.24793, 38.79594 ] ] } },
{ "type": "Feature", "properties": { "year": 2025, "level": "ES", "name": "Lake Anne" }, "geometry": { "type": "LineString", "coordinates": [ [ -77.34105, 38.97039 ], [ -77.34038, 38.97019 ], [ -77.33972, 38.96945 ], [ -77.33893, 38.96934 ], [ -77.33772, 38.96773 ], [ -77.33645, 38.96704 ], [ -77.33614, 38.96659 ], [ -77.33533, 38.96642 ], [ -77.33489, 38.96556 ], [ -77.33349, 38.96553 ], [ -77.33323, 38.9657 ], [ -77.33313, 38.96549 ], [ -77.33273, 38.96551 ], [ -77.33377, 38.963 ], [ -77.33322, 38.96181 ], [ -77.33324, 38.96111 ], [ -77.33402, 38.95964 ], [ -77.33468, 38.95719 ], [ -77.33719, 38.95708 ], [ -77.33775, 38.95747 ], [ -77.33792, 38.95795 ], [ -77.33936, 38.95666 ], [ -77.34135, 38.95566 ], [ -77.34478, 38.95221 ], [ -77.34753, 38.95003 ], [ -77.35317, 38.95148 ], [ -77.35956, 38.9526 ], [ -77.3672, 38.95317 ], [ -77.37402, 38.95306 ], [ -77.36964, 38.95904 ], [ -77.36497, 38.96614 ], [ -77.35774, 38.96619 ], [ -77.34693, 38.96859 ], [ -77.34146, 38.97102 ], [ -77.34105, 38.97039 ] ] } },
{ "type": "Feature", "properties": { "year": 2025, "level": "ES", "name": "Lane" }, "geometry": { "type": "LineString", "coordinates": [ [ -77.12245, 38.77987 ], [ -77.12599, 38.77058 ], [ -77.12809, 38.77119 ], [ -77.12952, 38.77131 ], [ -77.13124, 38.77103 ], [ -77.13367, 38.76686 ], [ -77.13542, 38.76555 ], [ -77.13816, 38.76792 ], [ -77.14004, 38.76691 ], [ -77.14079, 38.76774 ], [ -77.14207, 38.76701 ], [ -77.14015, 38.76483 ], [ -77.14139, 38.76344 ], [ -77.14275, 38.76264 ], [ -77.14333, 38.76197 ], [ -77.14409, 38.75845 ], [ -77.14577, 38.75661 ], [ -77.14366, 38.75484 ], [ -77.14609, 38.75109 ], [ -77.14713, 38.75145 ], [ -77.14771, 38.7504 ], [ -77.14756, 38.74976 ], [ -77.14797, 38.74917 ], [ -77.14818, 38.74927 ], [ -77.14852, 38.74883 ], [ -77.14938, 38.74924 ], [ -77.15239, 38.74964 ], [ -77.15258, 38.74883 ], [ -77.15325, 38.74892 ], [ -77.15337, 38.74835 ], [ -77.15273, 38.74826 ], [ -77.15307, 38.74687 ], [ -77.16132, 38.74796 ], [ -77.16513, 38.74783 ], [ -77.16521, 38.74829 ], [ -77.16458, 38.74942 ], [ -77.16712, 38.75018 ], [ -77.16278, 38.75765 ], [ -77.17193, 38.76317 ], [ -77.17208, 38.76382 ], [ -77.1713, 38.7645 ], [ -77.16949, 38.7656 ], [ -77.16497, 38.76748 ], [ -77.16213, 38.76673 ], [ -77.15558, 38.76555 ], [ -77.15258, 38.7642 ], [ -77.15127, 38.76389 ], [ -77.15129, 38.76374 ], [ -77.14927, 38.76396 ], [ -77.13606, 38.77116 ], [ -77.1331, 38.77327 ], [ -77.13433, 38.77426 ], [ -77.13519, 38.77557 ], [ -77.1355, 38.77677 ], [ -77.13558, 38.77923 ], [ -77.13435, 38.77936 ], [ -77.13068, 38.77899 ], [ -77.13087, 38.7809 ], [ -77.12987, 38.78091 ], [ -77.12971, 38.77956 ], [ -77.12779, 38.7802 ], [ -77.12788, 38.78103 ], [ -77.12195, 38.78113 ], [ -77.12245, 38.77987 ] ] } },
{ "type": "Feature", "properties": { "year": 2025, "level": "ES", "name": "Laurel Hill" }, "geometry": { "type": "LineString", "coordinates": [ [ -77.22149, 38.72971 ], [ -77.22107, 38.72951 ], [ -77.22068, 38.72814 ], [ -77.21987, 38.72796 ], [ -77.22017, 38.72744 ], [ -77.22134, 38.72678 ], [ -77.22131, 38.72623 ], [ -77.22033, 38.72538 ], [ -77.22044, 38.72474 ], [ -77.22009, 38.72369 ], [ -77.21952, 38.72365 ], [ -77.21911, 38.7229 ], [ -77.21929, 38.72232 ], [ -77.21904, 38.72069 ], [ -77.21962, 38.72056 ], [ -77.22066, 38.71931 ], [ -77.22093, 38.71862 ], [ -77.22077, 38.71769 ], [ -77.22035, 38.71825 ], [ -77.21914, 38.71854 ], [ -77.21714, 38.71769 ], [ -77.21667, 38.71846 ], [ -77.21716, 38.71951 ], [ -77.21681, 38.71995 ], [ -77.21713, 38.72102 ], [ -77.21499, 38.72065 ], [ -77.21426, 38.71987 ], [ -77.21405, 38.71918 ], [ -77.21218, 38.7197 ], [ -77.21023, 38.72068 ], [ -77.20905, 38.71985 ], [ -77.21763, 38.71247 ], [ -77.21945, 38.7101 ], [ -77.22109, 38.70527 ], [ -77.2184, 38.70416 ], [ -77.21842, 38.70218 ], [ -77.22025, 38.70114 ], [ -77.22011, 38.70094 ], [ -77.21956, 38.70115 ], [ -77.21643, 38.69611 ], [ -77.21541, 38.69604 ], [ -77.21825, 38.69317 ], [ -77.2263, 38.67983 ], [ -77.22745, 38.67875 ], [ -77.22871, 38.67811 ], [ -77.22681, 38.68758 ], [ -77.22415, 38.69581 ], [ -77.22517, 38.69743 ], [ -77.22541, 38.69874 ], [ -77.22385, 38.70517 ], [ -77.22764, 38.70456 ], [ -77.22958, 38.70471 ], [ -77.23247, 38.70927 ], [ -77.23381, 38.70867 ], [ -77.23415, 38.70916 ], [ -77.23856, 38.70896 ], [ -77.23966, 38.70924 ], [ -77.24013, 38.71022 ], [ -77.23955, 38.71261 ], [ -77.23796, 38.71469 ], [ -77.23909, 38.7154 ], [ -77.23921, 38.71572 ], [ -77.23775, 38.71619 ], [ -77.23575, 38.7177 ], [ -77.23892, 38.72045 ], [ -77.24097, 38.72314 ], [ -77.24037, 38.72353 ], [ -77.2391, 38.72617 ], [ -77.23557, 38.72562 ], [ -77.23575, 38.72467 ], [ -77.23531, 38.72462 ], [ -77.23563, 38.72321 ], [ -77.23484, 38.72293 ], [ -77.23504, 38.72246 ], [ -77.23306, 38.72253 ], [ -77.23261, 38.72241 ], [ -77.23204, 38.72179 ], [ -77.23108, 38.72189 ], [ -77.22207, 38.73129 ], [ -77.22227, 38.7303 ], [ -77.22149, 38.72971 ] ] } },
{ "type": "Feature", "properties": { "year": 2025, "level": "ES", "name": "Laurel Ridge" }, "geometry": { "type": "LineString", "coordinates": [ [ -77.28037, 38.82253 ], [ -77.27405, 38.8173 ], [ -77.27493, 38.81527 ], [ -77.2754, 38.81286 ], [ -77.27751, 38.81056 ], [ -77.28023, 38.80655 ], [ -77.28321, 38.80409 ], [ -77.28457, 38.80335 ], [ -77.28671, 38.8028 ], [ -77.28837, 38.80166 ], [ -77.28892, 38.80265 ], [ -77.29074, 38.80379 ], [ -77.29102, 38.80417 ], [ -77.29083, 38.80449 ], [ -77.29101, 38.80477 ], [ -77.29202, 38.80457 ], [ -77.29254, 38.80528 ], [ -77.29356, 38.80579 ], [ -77.29476, 38.80603 ], [ -77.29552, 38.80762 ], [ -77.29607, 38.8081 ], [ -77.29636, 38.80805 ], [ -77.29696, 38.80885 ], [ -77.29793, 38.80943 ], [ -77.29796, 38.8097 ], [ -77.29922, 38.80974 ], [ -77.29955, 38.80935 ], [ -77.30205, 38.80974 ], [ -77.30314, 38.80876 ], [ -77.30373, 38.80889 ], [ -77.30459, 38.80823 ], [ -77.30323, 38.81006 ], [ -77.30239, 38.81328 ], [ -77.30082, 38.81618 ], [ -77.30094, 38.81788 ], [ -77.30294, 38.821 ], [ -77.30287, 38.82226 ], [ -77.30221, 38.82322 ], [ -77.30112, 38.82332 ], [ -77.30057, 38.82278 ], [ -77.2977, 38.82232 ], [ -77.29838, 38.82401 ], [ -77.29685, 38.82438 ], [ -77.29696, 38.82465 ], [ -77.2962, 38.82484 ], [ -77.29696, 38.82632 ], [ -77.29488, 38.82654 ], [ -77.2875, 38.82637 ], [ -77.28501, 38.82596 ], [ -77.28309, 38.82499 ], [ -77.28037, 38.82253 ] ] } },
{ "type": "Feature", "properties": { "year": 2025, "level": "ES", "name": "Lees Corner" }, "geometry": { "type": "LineString", "coordinates": [ [ -77.41833, 38.90619 ], [ -77.41727, 38.90413 ], [ -77.40994, 38.90554 ], [ -77.4076, 38.90286 ], [ -77.40272, 38.90216 ], [ -77.40308, 38.89838 ], [ -77.39919, 38.89809 ], [ -77.40179, 38.89028 ], [ -77.39901, 38.88902 ], [ -77.40375, 38.88872 ], [ -77.40474, 38.88377 ], [ -77.43657, 38.89625 ], [ -77.43648, 38.89812 ], [ -77.43501, 38.89807 ], [ -77.4347, 38.90042 ], [ -77.42976, 38.90037 ], [ -77.42969, 38.90568 ], [ -77.4287, 38.90619 ], [ -77.4257, 38.90636 ], [ -77.42578, 38.9065 ], [ -77.42312, 38.90603 ], [ -77.42154, 38.91094 ], [ -77.4206, 38.91048 ], [ -77.41833, 38.90619 ] ] } },
{ "type": "Feature", "properties": { "year": 2025, "level": "ES", "name": "Lemon Road" }, "geometry": { "type": "LineString", "coordinates": [ [ -77.19657, 38.91301 ], [ -77.19295, 38.91389 ], [ -77.19286, 38.91424 ], [ -77.19204, 38.91457 ], [ -77.19123, 38.9143 ], [ -77.19015, 38.91446 ], [ -77.18799, 38.91219 ], [ -77.18729, 38.91083 ], [ -77.18711, 38.90933 ], [ -77.18842, 38.90436 ], [ -77.18853, 38.90299 ], [ -77.18818, 38.90131 ], [ -77.18754, 38.90046 ], [ -77.19011, 38.90048 ], [ -77.19252, 38.90017 ], [ -77.19464, 38.8996 ], [ -77.19664, 38.89876 ], [ -77.20277, 38.90266 ], [ -77.20494, 38.9014 ], [ -77.20575, 38.90194 ], [ -77.2062, 38.9014 ], [ -77.20665, 38.90153 ], [ -77.2073, 38.90088 ], [ -77.20854, 38.90175 ], [ -77.20874, 38.90156 ], [ -77.2097, 38.90195 ], [ -77.21063, 38.90399 ], [ -77.21105, 38.90429 ], [ -77.21004, 38.90733 ], [ -77.20748, 38.90666 ], [ -77.20598, 38.90555 ], [ -77.2039, 38.90733 ], [ -77.20458, 38.90785 ], [ -77.20334, 38.90884 ], [ -77.20309, 38.90953 ], [ -77.2035, 38.90966 ], [ -77.20328, 38.91006 ], [ -77.20211, 38.90972 ], [ -77.20187, 38.91017 ], [ -77.20159, 38.91007 ], [ -77.20081, 38.91148 ], [ -77.19963, 38.91199 ], [ -77.20077, 38.91427 ], [ -77.19752, 38.91493 ], [ -77.19657, 38.91301 ] ] } },
{ "type": "Feature", "properties": { "year": 2025, "level": "ES", "name": "Little Run" }, "geometry": { "type": "LineString", "coordinates": [ [ -77.25721, 38.82855 ], [ -77.25883, 38.82572 ], [ -77.25975, 38.82323 ], [ -77.26472, 38.81786 ], [ -77.26561, 38.81509 ], [ -77.26567, 38.8137 ], [ -77.26197, 38.81393 ], [ -77.26204, 38.81071 ], [ -77.26438, 38.81096 ], [ -77.26621, 38.81152 ], [ -77.26748, 38.81066 ], [ -77.27123, 38.81041 ], [ -77.27089, 38.81351 ], [ -77.27126, 38.81448 ], [ -77.27102, 38.81442 ], [ -77.27025, 38.8152 ], [ -77.27082, 38.81555 ], [ -77.27042, 38.82005 ], [ -77.27006, 38.82003 ], [ -77.27002, 38.82054 ], [ -77.27037, 38.82056 ], [ -77.26967, 38.82781 ], [ -77.27004, 38.82852 ], [ -77.26751, 38.8285 ], [ -77.26762, 38.83479 ], [ -77.26641, 38.84039 ], [ -77.25855, 38.83943 ], [ -77.25947, 38.83658 ], [ -77.26104, 38.83317 ], [ -77.25438, 38.83223 ], [ -77.25592, 38.83073 ], [ -77.25721, 38.82855 ] ] } },
{ "type": "Feature", "properties": { "year": 2025, "level": "ES", "name": "London Towne" }, "geometry": { "type": "MultiLineString", "coordinates": [ [ [ -77.46308, 38.85024 ], [ -77.46303, 38.84933 ], [ -77.46257, 38.8491 ], [ -77.46157, 38.84694 ], [ -77.45995, 38.8464 ], [ -77.45742, 38.84754 ], [ -77.45553, 38.84698 ], [ -77.45351, 38.8468 ], [ -77.45451, 38.84306 ], [ -77.4519, 38.84259 ], [ -77.45143, 38.8423 ], [ -77.45127, 38.84186 ], [ -77.45298, 38.83563 ], [ -77.46343, 38.83317 ], [ -77.46596, 38.83412 ], [ -77.4653, 38.83502 ], [ -77.46411, 38.83587 ], [ -77.46364, 38.83692 ], [ -77.46441, 38.83807 ], [ -77.46421, 38.83894 ], [ -77.4632, 38.83919 ], [ -77.46279, 38.83981 ], [ -77.46309, 38.84023 ], [ -77.46483, 38.841 ], [ -77.46481, 38.84141 ], [ -77.46415, 38.84133 ], [ -77.46375, 38.84156 ], [ -77.46339, 38.84248 ], [ -77.46597, 38.84604 ], [ -77.46556, 38.84627 ], [ -77.4662, 38.84693 ], [ -77.46596, 38.84704 ], [ -77.46575, 38.84781 ], [ -77.46534, 38.84778 ], [ -77.46561, 38.84811 ], [ -77.46513, 38.84811 ], [ -77.46541, 38.84873 ], [ -77.46527, 38.84955 ], [ -77.46512, 38.8494 ], [ -77.46391, 38.85005 ], [ -77.46351, 38.84989 ], [ -77.46308, 38.85024 ] ], [ [ -77.44139, 38.84983 ], [ -77.43929, 38.84874 ], [ -77.43669, 38.84677 ], [ -77.43588, 38.84664 ], [ -77.43536, 38.84684 ], [ -77.43504, 38.84729 ], [ -77.43469, 38.85067 ], [ -77.434, 38.85132 ], [ -77.433, 38.85153 ], [ -77.43309, 38.84913 ], [ -77.43235, 38.84637 ], [ -77.43613, 38.84537 ], [ -77.43936, 38.8439 ], [ -77.44121, 38.84274 ], [ -77.44312, 38.84116 ], [ -77.44689, 38.83709 ], [ -77.45073, 38.83617 ], [ -77.44939, 38.84197 ], [ -77.44766, 38.84448 ], [ -77.44686, 38.84522 ], [ -77.44779, 38.84631 ], [ -77.44858, 38.84637 ], [ -77.44901, 38.84735 ], [ -77.44869, 38.84735 ], [ -77.44789, 38.84889 ], [ -77.44676, 38.84958 ], [ -77.44681, 38.8499 ], [ -77.44634, 38.84984 ], [ -77.44586, 38.85027 ], [ -77.44748, 38.85076 ], [ -77.44649, 38.85256 ], [ -77.44363, 38.8512 ], [ -77.44139, 38.84983 ] ] ] } },
{ "type": "Feature", "properties": { "year": 2025, "level": "ES", "name": "Lorton Station" }, "geometry": { "type": "LineString", "coordinates": [ [ -77.20811, 38.71924 ], [ -77.20791, 38.71922 ], [ -77.20717, 38.71749 ], [ -77.20463, 38.71512 ], [ -77.19953, 38.7125 ], [ -77.19784, 38.71101 ], [ -77.19718, 38.71029 ], [ -77.19709, 38.70985 ], [ -77.20194, 38.70813 ], [ -77.20341, 38.70733 ], [ -77.21425, 38.69715 ], [ -77.21694, 38.70156 ], [ -77.21914, 38.70053 ], [ -77.21956, 38.70115 ], [ -77.22011, 38.70094 ], [ -77.22025, 38.70114 ], [ -77.21842, 38.70218 ], [ -77.2184, 38.70416 ], [ -77.22109, 38.70527 ], [ -77.21956, 38.70986 ], [ -77.21831, 38.71178 ], [ -77.20905, 38.71985 ], [ -77.20811, 38.71924 ] ] } },
{ "type": "Feature", "properties": { "year": 2025, "level": "ES", "name": "Louise Archer" }, "geometry": { "type": "LineString", "coordinates": [ [ -77.27861, 38.91471 ], [ -77.26921, 38.90634 ], [ -77.27042, 38.9048 ], [ -77.26946, 38.90404 ], [ -77.26933, 38.90377 ], [ -77.2699, 38.90331 ], [ -77.26748, 38.89977 ], [ -77.27716, 38.89216 ], [ -77.27952, 38.89455 ], [ -77.2769, 38.89631 ], [ -77.27759, 38.89684 ], [ -77.27707, 38.89726 ], [ -77.27717, 38.89798 ], [ -77.27914, 38.8979 ], [ -77.27958, 38.89842 ], [ -77.28166, 38.89741 ], [ -77.28221, 38.89799 ], [ -77.28191, 38.89816 ], [ -77.2828, 38.89913 ], [ -77.27963, 38.90092 ], [ -77.27939, 38.90067 ], [ -77.27876, 38.90104 ], [ -77.27822, 38.90106 ], [ -77.27836, 38.90135 ], [ -77.27744, 38.90166 ], [ -77.27748, 38.90219 ], [ -77.27776, 38.90203 ], [ -77.28002, 38.90417 ], [ -77.28254, 38.90234 ], [ -77.28387, 38.90268 ], [ -77.28408, 38.90232 ], [ -77.28428, 38.90238 ], [ -77.28455, 38.90161 ], [ -77.2859, 38.90202 ], [ -77.28603, 38.9023 ], [ -77.2857, 38.90302 ], [ -77.28597, 38.9034 ], [ -77.28588, 38.90403 ], [ -77.2878, 38.90687 ], [ -77.28765, 38.90768 ], [ -77.28613, 38.91063 ], [ -77.28786, 38.91184 ], [ -77.28736, 38.91442 ], [ -77.28642, 38.91511 ], [ -77.28491, 38.91475 ], [ -77.28398, 38.91574 ], [ -77.28421, 38.91651 ], [ -77.28361, 38.91824 ], [ -77.27861, 38.91471 ] ] } },
{ "type": "Feature", "properties": { "year": 2025, "level": "ES", "name": "Lynbrook" }, "geometry": { "type": "LineString", "coordinates": [ [ -77.18606, 38.79627 ], [ -77.18624, 38.79494 ], [ -77.18223, 38.79339 ], [ -77.17853, 38.79166 ], [ -77.17536, 38.79064 ], [ -77.1785, 38.78541 ], [ -77.18088, 38.77884 ], [ -77.1839, 38.77926 ], [ -77.18585, 38.7792 ], [ -77.1872, 38.78533 ], [ -77.18737, 38.78889 ], [ -77.18708, 38.79107 ], [ -77.19038, 38.79149 ], [ -77.19399, 38.79314 ], [ -77.1959, 38.7935 ], [ -77.19548, 38.79458 ], [ -77.19423, 38.79423 ], [ -77.19306, 38.79625 ], [ -77.19289, 38.79677 ], [ -77.19421, 38.79706 ], [ -77.19243, 38.79771 ], [ -77.1897, 38.7981 ], [ -77.18656, 38.79777 ], [ -77.18579, 38.79757 ], [ -77.18606, 38.79627 ] ] } },
{ "type": "Feature", "properties": { "year": 2025, "level": "ES", "name": "Mantua" }, "geometry": { "type": "LineString", "coordinates": [ [ -77.23408, 38.86523 ], [ -77.23537, 38.8627 ], [ -77.23354, 38.86232 ], [ -77.23898, 38.85818 ], [ -77.24473, 38.85339 ], [ -77.2431, 38.85305 ], [ -77.24254, 38.8523 ], [ -77.24186, 38.85235 ], [ -77.24208, 38.85182 ], [ -77.24146, 38.85151 ], [ -77.24136, 38.85098 ], [ -77.24049, 38.85045 ], [ -77.24054, 38.84946 ], [ -77.23977, 38.84923 ], [ -77.23882, 38.84783 ], [ -77.23876, 38.84722 ], [ -77.23909, 38.84684 ], [ -77.23814, 38.84619 ], [ -77.2377, 38.84612 ], [ -77.23788, 38.84585 ], [ -77.23651, 38.84555 ], [ -77.23495, 38.84637 ], [ -77.23454, 38.84623 ], [ -77.23464, 38.84593 ], [ -77.23406, 38.84527 ], [ -77.2345, 38.84482 ], [ -77.23433, 38.84468 ], [ -77.23453, 38.8441 ], [ -77.23427, 38.84374 ], [ -77.23304, 38.84319 ], [ -77.2324, 38.84333 ], [ -77.23127, 38.8431 ], [ -77.23303, 38.84159 ], [ -77.2328, 38.84148 ], [ -77.23261, 38.84006 ], [ -77.23284, 38.83896 ], [ -77.23273, 38.836 ], [ -77.27052, 38.84092 ], [ -77.26998, 38.84335 ], [ -77.27175, 38.8485 ], [ -77.27096, 38.85138 ], [ -77.26926, 38.85182 ], [ -77.26891, 38.85239 ], [ -77.26917, 38.85379 ], [ -77.26879, 38.85448 ], [ -77.26979, 38.85566 ], [ -77.26863, 38.85999 ], [ -77.26878, 38.86287 ], [ -77.26954, 38.86413 ], [ -77.27003, 38.86412 ], [ -77.27013, 38.86487 ], [ -77.23395, 38.86549 ], [ -77.23408, 38.86523 ] ] } },
{ "type": "Feature", "properties": { "year": 2025, "level": "ES", "name": "Marshall Road" }, "geometry": { "type": "LineString", "coordinates": [ [ -77.26798, 38.89237 ], [ -77.2657, 38.89397 ], [ -77.26484, 38.89321 ], [ -77.26551, 38.8928 ], [ -77.26527, 38.89255 ], [ -77.26491, 38.89277 ], [ -77.26319, 38.89062 ], [ -77.26292, 38.89078 ], [ -77.26253, 38.8904 ], [ -77.26205, 38.89069 ], [ -77.26157, 38.8902 ], [ -77.26084, 38.89064 ], [ -77.26127, 38.89106 ], [ -77.26087, 38.89142 ], [ -77.26028, 38.89168 ], [ -77.25998, 38.89109 ], [ -77.2595, 38.8912 ], [ -77.25911, 38.88993 ], [ -77.25746, 38.88828 ], [ -77.255, 38.88714 ], [ -77.25311, 38.88523 ], [ -77.25313, 38.8845 ], [ -77.25352, 38.88408 ], [ -77.25325, 38.88311 ], [ -77.25219, 38.88187 ], [ -77.25216, 38.88127 ], [ -77.25312, 38.87918 ], [ -77.25286, 38.87911 ], [ -77.2672, 38.87819 ], [ -77.26454, 38.8751 ], [ -77.26231, 38.87299 ], [ -77.26211, 38.87234 ], [ -77.26438, 38.87194 ], [ -77.26446, 38.87075 ], [ -77.26412, 38.86954 ], [ -77.26552, 38.86948 ], [ -77.26559, 38.86979 ], [ -77.26693, 38.86961 ], [ -77.26666, 38.86757 ], [ -77.26766, 38.86769 ], [ -77.26717, 38.86494 ], [ -77.27034, 38.86487 ], [ -77.27063, 38.86584 ], [ -77.27152, 38.86656 ], [ -77.27305, 38.86585 ], [ -77.27386, 38.86664 ], [ -77.27082, 38.86892 ], [ -77.26954, 38.87018 ], [ -77.27163, 38.87343 ], [ -77.27221, 38.87363 ], [ -77.27375, 38.8733 ], [ -77.27422, 38.87343 ], [ -77.27531, 38.87499 ], [ -77.27518, 38.87565 ], [ -77.27358, 38.87557 ], [ -77.2726, 38.87669 ], [ -77.27059, 38.87692 ], [ -77.26971, 38.8766 ], [ -77.26985, 38.87779 ], [ -77.27491, 38.87694 ], [ -77.27448, 38.87916 ], [ -77.27491, 38.88055 ], [ -77.27448, 38.88131 ], [ -77.27367, 38.88168 ], [ -77.27464, 38.88258 ], [ -77.27825, 38.88256 ], [ -77.2785, 38.88495 ], [ -77.27972, 38.88485 ], [ -77.27977, 38.88528 ], [ -77.28053, 38.8851 ], [ -77.28067, 38.88556 ], [ -77.28357, 38.88422 ], [ -77.2844, 38.88529 ], [ -77.28406, 38.88551 ], [ -77.2846, 38.88624 ], [ -77.26748, 38.89977 ], [ -77.26647, 38.89757 ], [ -77.26798, 38.89237 ] ] } },
{ "type": "Feature", "properties": { "year": 2025, "level": "ES", "name": "Mason Crest" }, "geometry": { "type": "LineString", "coordinates": [ [ -77.19288, 38.85008 ], [ -77.19269, 38.84969 ], [ -77.19204, 38.84983 ], [ -77.19104, 38.84921 ], [ -77.19061, 38.84927 ], [ -77.19015, 38.8485 ], [ -77.18961, 38.84843 ], [ -77.18916, 38.84752 ], [ -77.18801, 38.84761 ], [ -77.18555, 38.84718 ], [ -77.18553, 38.84758 ], [ -77.18435, 38.84774 ], [ -77.18312, 38.84756 ], [ -77.18309, 38.84729 ], [ -77.18207, 38.84699 ], [ -77.17471, 38.84649 ], [ -77.17472, 38.84552 ], [ -77.17432, 38.8443 ], [ -77.17634, 38.84371 ], [ -77.17377, 38.83794 ], [ -77.17696, 38.83762 ], [ -77.17643, 38.83643 ], [ -77.18381, 38.83539 ], [ -77.19632, 38.83043 ], [ -77.20422, 38.83175 ], [ -77.20211, 38.83629 ], [ -77.20394, 38.83696 ], [ -77.20337, 38.83846 ], [ -77.20639, 38.83916 ], [ -77.20659, 38.83861 ], [ -77.20831, 38.83904 ], [ -77.20727, 38.84125 ], [ -77.20212, 38.84748 ], [ -77.20127, 38.85084 ], [ -77.19902, 38.85266 ], [ -77.19645, 38.85356 ], [ -77.19287, 38.85401 ], [ -77.19288, 38.85008 ] ] } },
{ "type": "Feature", "properties": { "year": 2025, "level": "ES", "name": "Mosaic" }, "geometry": { "type": "LineString", "coordinates": [ [ -77.28363, 38.88429 ], [ -77.28067, 38.88556 ], [ -77.28053, 38.8851 ], [ -77.27977, 38.88528 ], [ -77.27972, 38.88485 ], [ -77.2785, 38.88495 ], [ -77.27825, 38.88256 ], [ -77.27464, 38.88258 ], [ -77.27367, 38.88168 ], [ -77.27448, 38.88131 ], [ -77.27491, 38.88055 ], [ -77.27448, 38.87916 ], [ -77.27491, 38.87694 ], [ -77.26985, 38.87779 ], [ -77.26971, 38.8766 ], [ -77.27059, 38.87692 ], [ -77.2725, 38.87671 ], [ -77.27358, 38.87557 ], [ -77.27518, 38.87565 ], [ -77.27531, 38.87488 ], [ -77.2746, 38.87369 ], [ -77.27375, 38.8733 ], [ -77.2723, 38.87363 ], [ -77.27169, 38.87348 ], [ -77.26954, 38.87018 ], [ -77.27082, 38.86892 ], [ -77.27384, 38.86666 ], [ -77.27429, 38.86606 ], [ -77.27886, 38.86629 ], [ -77.27867, 38.86657 ], [ -77.29162, 38.86745 ], [ -77.29064, 38.871 ], [ -77.29187, 38.8711 ], [ -77.29268, 38.87193 ], [ -77.28841, 38.87318 ], [ -77.28766, 38.87615 ], [ -77.28823, 38.87618 ], [ -77.28851, 38.87711 ], [ -77.29033, 38.87677 ], [ -77.29262, 38.88033 ], [ -77.29251, 38.88138 ], [ -77.29288, 38.88189 ], [ -77.29316, 38.88186 ], [ -77.29311, 38.88281 ], [ -77.28574, 38.88563 ], [ -77.2846, 38.88624 ], [ -77.28406, 38.88551 ], [ -77.2844, 38.88529 ], [ -77.28363, 38.88429 ] ] } },
{ "type": "Feature", "properties": { "year": 2025, "level": "ES", "name": "Mount Eagle" }, "geometry": { "type": "LineString", "coordinates": [ [ -77.07456, 38.78808 ], [ -77.07143, 38.78682 ], [ -77.07284, 38.78427 ], [ -77.07662, 38.78276 ], [ -77.07853, 38.78128 ], [ -77.07898, 38.78151 ], [ -77.08987, 38.77433 ], [ -77.09254, 38.77641 ], [ -77.09192, 38.77691 ], [ -77.09219, 38.77822 ], [ -77.09067, 38.77991 ], [ -77.08709, 38.7802 ], [ -77.08652, 38.77968 ], [ -77.08459, 38.78006 ], [ -77.08529, 38.78036 ], [ -77.08409, 38.78167 ], [ -77.08564, 38.78325 ], [ -77.0863, 38.78497 ], [ -77.08488, 38.78526 ], [ -77.08459, 38.78343 ], [ -77.08312, 38.78358 ], [ -77.08242, 38.78314 ], [ -77.08158, 38.7843 ], [ -77.08292, 38.78514 ], [ -77.08235, 38.78555 ], [ -77.08312, 38.78625 ], [ -77.08079, 38.78964 ], [ -77.08133, 38.78987 ], [ -77.08135, 38.79108 ], [ -77.08504, 38.79162 ], [ -77.08248, 38.7952 ], [ -77.08228, 38.79488 ], [ -77.07714, 38.79263 ], [ -77.07639, 38.79082 ], [ -77.07662, 38.78902 ], [ -77.07456, 38.78808 ] ] } },
{ "type": "Feature", "properties": { "year": 2025, "level": "ES", "name": "Mount Vernon Woods" }, "geometry": { "type": "LineString", "coordinates": [ [ -77.09571, 38.74252 ], [ -77.09619, 38.74164 ], [ -77.09584, 38.74108 ], [ -77.0954, 38.74087 ], [ -77.0949, 38.74094 ], [ -77.09397, 38.74043 ], [ -77.08984, 38.74006 ], [ -77.08858, 38.73938 ], [ -77.08901, 38.7391 ], [ -77.09007, 38.73957 ], [ -77.09299, 38.73931 ], [ -77.0961, 38.73861 ], [ -77.10398, 38.73499 ], [ -77.10742, 38.7402 ], [ -77.10809, 38.74265 ], [ -77.1088, 38.74252 ], [ -77.10942, 38.74451 ], [ -77.09566, 38.74716 ], [ -77.09538, 38.74685 ], [ -77.09565, 38.74634 ], [ -77.09494, 38.74469 ], [ -77.09493, 38.74398 ], [ -77.09571, 38.74252 ] ] } },
{ "type": "Feature", "properties": { "year": 2025, "level": "ES", "name": "Navy" }, "geometry": { "type": "MultiLineString", "coordinates": [ [ [ -77.3599, 38.90444 ], [ -77.35838, 38.90507 ], [ -77.35488, 38.90023 ], [ -77.36437, 38.89614 ], [ -77.36374, 38.89518 ], [ -77.36388, 38.89503 ], [ -77.3644, 38.89489 ], [ -77.36499, 38.89414 ], [ -77.36679, 38.89428 ], [ -77.36734, 38.89404 ], [ -77.36783, 38.89361 ], [ -77.36771, 38.89324 ], [ -77.36817, 38.89266 ], [ -77.36884, 38.8926 ], [ -77.3691, 38.89282 ], [ -77.36939, 38.89276 ], [ -77.36935, 38.89255 ], [ -77.37048, 38.89244 ], [ -77.37105, 38.89209 ], [ -77.37178, 38.89232 ], [ -77.37188, 38.89211 ], [ -77.3733, 38.89216 ], [ -77.37396, 38.89187 ], [ -77.37402, 38.89157 ], [ -77.37127, 38.89136 ], [ -77.37119, 38.89107 ], [ -77.37274, 38.88947 ], [ -77.37257, 38.88897 ], [ -77.36069, 38.89182 ], [ -77.3616, 38.89107 ], [ -77.36183, 38.89052 ], [ -77.36172, 38.88926 ], [ -77.3622, 38.8887 ], [ -77.36319, 38.88875 ], [ -77.36371, 38.88843 ], [ -77.36451, 38.88856 ], [ -77.36638, 38.88819 ], [ -77.36725, 38.88778 ], [ -77.37039, 38.88499 ], [ -77.3684, 38.88356 ], [ -77.37035, 38.88188 ], [ -77.37103, 38.88233 ], [ -77.37169, 38.88172 ], [ -77.37088, 38.8812 ], [ -77.37158, 38.88053 ], [ -77.37128, 38.88005 ], [ -77.37029, 38.88033 ], [ -77.3701, 38.87994 ], [ -77.37112, 38.87965 ], [ -77.37081, 38.87886 ], [ -77.36974, 38.87917 ], [ -77.36944, 38.87838 ], [ -77.36856, 38.87864 ], [ -77.36758, 38.8757 ], [ -77.36718, 38.87299 ], [ -77.36616, 38.87147 ], [ -77.36476, 38.86832 ], [ -77.40474, 38.88377 ], [ -77.40375, 38.88872 ], [ -77.39901, 38.88902 ], [ -77.40179, 38.89028 ], [ -77.39927, 38.89821 ], [ -77.39908, 38.8982 ], [ -77.39959, 38.89875 ], [ -77.40047, 38.899 ], [ -77.40081, 38.89947 ], [ -77.40111, 38.90051 ], [ -77.39999, 38.90114 ], [ -77.39835, 38.90123 ], [ -77.39809, 38.90152 ], [ -77.39749, 38.90142 ], [ -77.39842, 38.90038 ], [ -77.39846, 38.90001 ], [ -77.39673, 38.9 ], [ -77.39565, 38.89896 ], [ -77.39527, 38.89927 ], [ -77.39597, 38.89982 ], [ -77.39521, 38.90057 ], [ -77.39027, 38.89683 ], [ -77.38788, 38.89808 ], [ -77.39023, 38.90201 ], [ -77.38143, 38.90033 ], [ -77.38129, 38.89819 ], [ -77.38078, 38.8967 ], [ -77.37952, 38.89725 ], [ -77.37926, 38.89684 ], [ -77.37832, 38.89706 ], [ -77.37799, 38.89657 ], [ -77.37709, 38.89703 ], [ -77.37754, 38.8981 ], [ -77.37292, 38.90007 ], [ -77.37279, 38.90114 ], [ -77.37172, 38.90161 ], [ -77.37114, 38.90083 ], [ -77.36051, 38.90537 ], [ -77.3599, 38.90444 ] ], [ [ -77.39402, 38.91021 ], [ -77.39416, 38.90812 ], [ -77.39484, 38.90693 ], [ -77.39491, 38.9047 ], [ -77.39604, 38.90509 ], [ -77.39761, 38.90527 ], [ -77.39977, 38.9068 ], [ -77.40171, 38.9069 ], [ -77.40281, 38.90662 ], [ -77.40286, 38.90557 ], [ -77.40517, 38.90408 ], [ -77.40571, 38.90338 ], [ -77.40577, 38.90261 ], [ -77.40622, 38.90268 ], [ -77.40672, 38.90394 ], [ -77.40659, 38.90539 ], [ -77.4031, 38.91092 ], [ -77.40151, 38.90986 ], [ -77.39808, 38.913 ], [ -77.3946, 38.9115 ], [ -77.39505, 38.91086 ], [ -77.39401, 38.91042 ], [ -77.39402, 38.91021 ] ] ] } },
{ "type": "Feature", "properties": { "year": 2025, "level": "ES", "name": "Newington Forest" }, "geometry": { "type": "LineString", "coordinates": [ [ -77.24332, 38.74278 ], [ -77.24218, 38.74289 ], [ -77.23912, 38.74392 ], [ -77.23673, 38.74383 ], [ -77.23417, 38.74334 ], [ -77.2342, 38.745 ], [ -77.23197, 38.745 ], [ -77.23166, 38.74426 ], [ -77.22931, 38.74397 ], [ -77.22926, 38.74424 ], [ -77.2247, 38.74372 ], [ -77.22572, 38.74316 ], [ -77.22584, 38.74264 ], [ -77.22541, 38.74092 ], [ -77.22585, 38.73993 ], [ -77.22555, 38.73903 ], [ -77.22609, 38.73886 ], [ -77.225, 38.73801 ], [ -77.22428, 38.73707 ], [ -77.22433, 38.73628 ], [ -77.22281, 38.73528 ], [ -77.2218, 38.73399 ], [ -77.22114, 38.73404 ], [ -77.22088, 38.73259 ], [ -77.22016, 38.73185 ], [ -77.21938, 38.73146 ], [ -77.21883, 38.73037 ], [ -77.21824, 38.72998 ], [ -77.21801, 38.72944 ], [ -77.217, 38.72843 ], [ -77.21581, 38.72599 ], [ -77.21557, 38.7241 ], [ -77.21525, 38.72349 ], [ -77.2139, 38.72225 ], [ -77.21395, 38.72138 ], [ -77.21168, 38.7199 ], [ -77.21405, 38.71918 ], [ -77.21426, 38.71987 ], [ -77.21499, 38.72065 ], [ -77.21713, 38.72102 ], [ -77.21681, 38.71995 ], [ -77.21716, 38.71951 ], [ -77.21667, 38.71846 ], [ -77.21714, 38.71769 ], [ -77.21914, 38.71854 ], [ -77.22035, 38.71825 ], [ -77.22081, 38.71772 ], [ -77.22093, 38.71862 ], [ -77.22066, 38.71931 ], [ -77.21962, 38.72056 ], [ -77.21904, 38.72069 ], [ -77.21929, 38.72232 ], [ -77.21911, 38.72294 ], [ -77.21952, 38.72365 ], [ -77.22009, 38.72369 ], [ -77.22044, 38.72474 ], [ -77.22033, 38.72538 ], [ -77.22131, 38.72623 ], [ -77.22134, 38.72678 ], [ -77.22017, 38.72744 ], [ -77.21987, 38.72798 ], [ -77.22068, 38.72814 ], [ -77.22115, 38.72967 ], [ -77.22226, 38.73029 ], [ -77.22207, 38.73129 ], [ -77.23108, 38.72189 ], [ -77.23166, 38.72193 ], [ -77.2318, 38.72172 ], [ -77.23235, 38.72197 ], [ -77.23268, 38.72245 ], [ -77.23504, 38.72246 ], [ -77.23484, 38.72293 ], [ -77.23563, 38.72321 ], [ -77.23531, 38.72462 ], [ -77.23575, 38.72467 ], [ -77.23557, 38.72562 ], [ -77.24015, 38.72633 ], [ -77.23926, 38.72819 ], [ -77.2373, 38.72741 ], [ -77.23654, 38.72873 ], [ -77.23685, 38.72909 ], [ -77.23832, 38.72946 ], [ -77.23874, 38.7305 ], [ -77.23954, 38.73033 ], [ -77.24043, 38.73259 ], [ -77.24097, 38.73241 ], [ -77.24104, 38.7326 ], [ -77.24161, 38.73262 ], [ -77.24286, 38.73211 ], [ -77.24448, 38.73255 ], [ -77.24454, 38.73303 ], [ -77.24489, 38.73323 ], [ -77.24463, 38.73369 ], [ -77.24496, 38.73503 ], [ -77.24582, 38.73521 ], [ -77.24628, 38.73501 ], [ -77.24702, 38.73525 ], [ -77.24734, 38.73493 ], [ -77.24732, 38.73446 ], [ -77.24825, 38.73415 ], [ -77.24807, 38.73363 ], [ -77.24829, 38.73289 ], [ -77.25015, 38.73326 ], [ -77.25212, 38.73596 ], [ -77.25248, 38.73847 ], [ -77.25143, 38.74047 ], [ -77.25071, 38.74306 ], [ -77.25059, 38.74469 ], [ -77.25086, 38.74555 ], [ -77.2489, 38.74615 ], [ -77.24803, 38.74517 ], [ -77.24403, 38.74297 ], [ -77.24332, 38.74278 ] ] } },
{ "type": "Feature", "properties": { "year": 2025, "level": "ES", "name": "North Springfield" }, "geometry": { "type": "LineString", "coordinates": [ [ -77.18642, 38.81149 ], [ -77.18446, 38.80638 ], [ -77.18392, 38.80344 ], [ -77.18579, 38.79757 ], [ -77.18894, 38.79808 ], [ -77.19186, 38.79785 ], [ -77.20203, 38.79395 ], [ -77.20435, 38.79337 ], [ -77.21788, 38.7928 ], [ -77.21853, 38.79388 ], [ -77.21627, 38.79434 ], [ -77.21513, 38.79504 ], [ -77.21508, 38.79532 ], [ -77.21463, 38.79546 ], [ -77.21421, 38.79608 ], [ -77.21429, 38.79636 ], [ -77.21329, 38.79762 ], [ -77.2143, 38.79913 ], [ -77.21344, 38.80113 ], [ -77.21216, 38.80219 ], [ -77.21191, 38.80317 ], [ -77.21792, 38.81123 ], [ -77.18647, 38.81183 ], [ -77.18642, 38.81149 ] ] } },
{ "type": "Feature", "properties": { "year": 2025, "level": "ES", "name": "Oak Hill" }, "geometry": { "type": "LineString", "coordinates": [ [ -77.41445, 38.92799 ], [ -77.4141, 38.928 ], [ -77.41347, 38.92743 ], [ -77.41346, 38.92692 ], [ -77.41279, 38.92675 ], [ -77.413, 38.92616 ], [ -77.41237, 38.92578 ], [ -77.41267, 38.92522 ], [ -77.41235, 38.92509 ], [ -77.41246, 38.92439 ], [ -77.41184, 38.92412 ], [ -77.41126, 38.92426 ], [ -77.41104, 38.92388 ], [ -77.41061, 38.92379 ], [ -77.40959, 38.92408 ], [ -77.40927, 38.92446 ], [ -77.40938, 38.92468 ], [ -77.40885, 38.92517 ], [ -77.40821, 38.92525 ], [ -77.40776, 38.92477 ], [ -77.40723, 38.9247 ], [ -77.40709, 38.92408 ], [ -77.40425, 38.92522 ], [ -77.40321, 38.92537 ], [ -77.39883, 38.92516 ], [ -77.39913, 38.92425 ], [ -77.3985, 38.92426 ], [ -77.39742, 38.92478 ], [ -77.39671, 38.92544 ], [ -77.39454, 38.92461 ], [ -77.40631, 38.90596 ], [ -77.40676, 38.9043 ], [ -77.40622, 38.90268 ], [ -77.4076, 38.90286 ], [ -77.40994, 38.90554 ], [ -77.41727, 38.90413 ], [ -77.42055, 38.91039 ], [ -77.42154, 38.91094 ], [ -77.42003, 38.91571 ], [ -77.41708, 38.92305 ], [ -77.41529, 38.92885 ], [ -77.41438, 38.92855 ], [ -77.41445, 38.92799 ] ] } },
{ "type": "Feature", "properties": { "year": 2025, "level": "ES", "name": "Oak View" }, "geometry": { "type": "MultiLineString", "coordinates": [ [ [ -77.29137, 38.83663 ], [ -77.2884, 38.83653 ], [ -77.28828, 38.83615 ], [ -77.28834, 38.83442 ], [ -77.28883, 38.83348 ], [ -77.28828, 38.82639 ], [ -77.29488, 38.82654 ], [ -77.29928, 38.82626 ], [ -77.3007, 38.82594 ], [ -77.3036, 38.82477 ], [ -77.30646, 38.82407 ], [ -77.30785, 38.82396 ], [ -77.30795, 38.82359 ], [ -77.3041, 38.82036 ], [ -77.30284, 38.82074 ], [ -77.30086, 38.81762 ], [ -77.30095, 38.81566 ], [ -77.30239, 38.81328 ], [ -77.30323, 38.81006 ], [ -77.30459, 38.80823 ], [ -77.30777, 38.80883 ], [ -77.30919, 38.80936 ], [ -77.32152, 38.81589 ], [ -77.32289, 38.81404 ], [ -77.32512, 38.81175 ], [ -77.32621, 38.8094 ], [ -77.32678, 38.80946 ], [ -77.32673, 38.80986 ], [ -77.3331, 38.81073 ], [ -77.33316, 38.80768 ], [ -77.33811, 38.80853 ], [ -77.34006, 38.8091 ], [ -77.33985, 38.80872 ], [ -77.34018, 38.80784 ], [ -77.34076, 38.80777 ], [ -77.34171, 38.80588 ], [ -77.34199, 38.80592 ], [ -77.34147, 38.80458 ], [ -77.34166, 38.80381 ], [ -77.34211, 38.80399 ], [ -77.34189, 38.80422 ], [ -77.34208, 38.80432 ], [ -77.34247, 38.80384 ], [ -77.34307, 38.80365 ], [ -77.34473, 38.80641 ], [ -77.3495, 38.80879 ], [ -77.35769, 38.80565 ], [ -77.35739, 38.80407 ], [ -77.35794, 38.80321 ], [ -77.35744, 38.80291 ], [ -77.35734, 38.8018 ], [ -77.35682, 38.80164 ], [ -77.35644, 38.80082 ], [ -77.35721, 38.79982 ], [ -77.35621, 38.79946 ], [ -77.35559, 38.79885 ], [ -77.35513, 38.79752 ], [ -77.35673, 38.79667 ], [ -77.35697, 38.79623 ], [ -77.35724, 38.79639 ], [ -77.35818, 38.79475 ], [ -77.35798, 38.79417 ], [ -77.35856, 38.7941 ], [ -77.35946, 38.79337 ], [ -77.35949, 38.793 ], [ -77.35917, 38.79275 ], [ -77.35933, 38.79229 ], [ -77.35906, 38.79212 ], [ -77.35182, 38.79684 ], [ -77.3501, 38.7975 ], [ -77.34752, 38.79786 ], [ -77.34306, 38.79784 ], [ -77.33808, 38.79923 ], [ -77.33367, 38.799 ], [ -77.33195, 38.7991 ], [ -77.32553, 38.80071 ], [ -77.32624, 38.79258 ], [ -77.32763, 38.78389 ], [ -77.33968, 38.78836 ], [ -77.34039, 38.7841 ], [ -77.34167, 38.78396 ], [ -77.34165, 38.78509 ], [ -77.34786, 38.78762 ], [ -77.34912, 38.7857 ], [ -77.35488, 38.78792 ], [ -77.35884, 38.78499 ], [ -77.3581, 38.78412 ], [ -77.36234, 38.78213 ], [ -77.3635, 38.78339 ], [ -77.3646, 38.78301 ], [ -77.36551, 38.7832 ], [ -77.36706, 38.7851 ], [ -77.37094, 38.78261 ], [ -77.37299, 38.78192 ], [ -77.375, 38.78196 ], [ -77.37981, 38.7833 ], [ -77.38143, 38.7832 ], [ -77.38303, 38.7827 ], [ -77.38384, 38.78377 ], [ -77.3805, 38.7861 ], [ -77.38042, 38.78755 ], [ -77.37891, 38.79031 ], [ -77.38018, 38.79085 ], [ -77.38055, 38.79054 ], [ -77.38173, 38.79154 ], [ -77.38237, 38.79243 ], [ -77.38316, 38.79271 ], [ -77.38296, 38.7939 ], [ -77.3826, 38.7942 ], [ -77.3824, 38.79494 ], [ -77.38111, 38.79497 ], [ -77.3812, 38.79619 ], [ -77.37701, 38.79555 ], [ -77.37646, 38.79557 ], [ -77.37592, 38.79619 ], [ -77.37512, 38.79825 ], [ -77.37539, 38.79969 ], [ -77.37501, 38.80122 ], [ -77.37472, 38.80532 ], [ -77.3718, 38.80626 ], [ -77.37104, 38.80474 ], [ -77.36139, 38.80801 ], [ -77.36301, 38.80866 ], [ -77.36298, 38.80971 ], [ -77.36357, 38.81096 ], [ -77.36414, 38.81103 ], [ -77.36483, 38.81175 ], [ -77.36487, 38.8125 ], [ -77.3659, 38.8131 ], [ -77.36604, 38.81416 ], [ -77.36548, 38.81558 ], [ -77.36481, 38.81613 ], [ -77.36481, 38.8164 ], [ -77.36595, 38.81754 ], [ -77.36607, 38.81797 ], [ -77.36663, 38.81806 ], [ -77.36342, 38.81877 ], [ -77.36385, 38.81984 ], [ -77.36253, 38.82102 ], [ -77.3633, 38.82493 ], [ -77.35048, 38.82502 ], [ -77.35015, 38.82653 ], [ -77.34934, 38.82548 ], [ -77.34748, 38.82973 ], [ -77.34292, 38.82786 ], [ -77.34118, 38.83197 ], [ -77.33834, 38.83163 ], [ -77.33759, 38.83357 ], [ -77.33762, 38.83413 ], [ -77.33724, 38.83456 ], [ -77.33528, 38.83539 ], [ -77.33379, 38.83287 ], [ -77.33405, 38.83252 ], [ -77.33337, 38.83224 ], [ -77.33353, 38.83162 ], [ -77.3293, 38.831 ], [ -77.32672, 38.83015 ], [ -77.32514, 38.82989 ], [ -77.32131, 38.83274 ], [ -77.3194, 38.83165 ], [ -77.31906, 38.83213 ], [ -77.31572, 38.83066 ], [ -77.31462, 38.83224 ], [ -77.31205, 38.83488 ], [ -77.31174, 38.83589 ], [ -77.31198, 38.83678 ], [ -77.31043, 38.83694 ], [ -77.31036, 38.83666 ], [ -77.30805, 38.83689 ], [ -77.30786, 38.83575 ], [ -77.30406, 38.83608 ], [ -77.30307, 38.83282 ], [ -77.30133, 38.83311 ], [ -77.30179, 38.83475 ], [ -77.30224, 38.8349 ], [ -77.30229, 38.83535 ], [ -77.30022, 38.83521 ], [ -77.30024, 38.83505 ], [ -77.29715, 38.83497 ], [ -77.29673, 38.83598 ], [ -77.29674, 38.83733 ], [ -77.29137, 38.83663 ] ], [ [ -77.29878, 38.80972 ], [ -77.29791, 38.80968 ], [ -77.29793, 38.80943 ], [ -77.29696, 38.80885 ], [ -77.29636, 38.80805 ], [ -77.29607, 38.8081 ], [ -77.29552, 38.80762 ], [ -77.29473, 38.80601 ], [ -77.29356, 38.80579 ], [ -77.29254, 38.80528 ], [ -77.29202, 38.80457 ], [ -77.29101, 38.80477 ], [ -77.29083, 38.80449 ], [ -77.29102, 38.80417 ], [ -77.29074, 38.80379 ], [ -77.28892, 38.80265 ], [ -77.28837, 38.80166 ], [ -77.29317, 38.79931 ], [ -77.29548, 38.79899 ], [ -77.2972, 38.80416 ], [ -77.29714, 38.8065 ], [ -77.30448, 38.8082 ], [ -77.30373, 38.80889 ], [ -77.30314, 38.80876 ], [ -77.30205, 38.80974 ], [ -77.29955, 38.80935 ], [ -77.29922, 38.80974 ], [ -77.29878, 38.80972 ] ] ] } },
{ "type": "Feature", "properties": { "year": 2025, "level": "ES", "name": "Oakton" }, "geometry": { "type": "LineString", "coordinates": [ [ -77.297, 38.94074 ], [ -77.29742, 38.94017 ], [ -77.2983, 38.94012 ], [ -77.29823, 38.93936 ], [ -77.29731, 38.93854 ], [ -77.29715, 38.93795 ], [ -77.29562, 38.93724 ], [ -77.29544, 38.93687 ], [ -77.29469, 38.93651 ], [ -77.29434, 38.93571 ], [ -77.29398, 38.93576 ], [ -77.29334, 38.93517 ], [ -77.29365, 38.935 ], [ -77.29397, 38.9342 ], [ -77.29376, 38.93348 ], [ -77.29541, 38.93322 ], [ -77.29531, 38.93282 ], [ -77.29616, 38.93174 ], [ -77.29726, 38.93172 ], [ -77.29803, 38.93129 ], [ -77.29838, 38.93142 ], [ -77.29865, 38.93127 ], [ -77.28992, 38.92714 ], [ -77.28804, 38.92557 ], [ -77.2868, 38.92367 ], [ -77.29255, 38.92386 ], [ -77.29526, 38.9245 ], [ -77.29637, 38.9235 ], [ -77.303, 38.92513 ], [ -77.30309, 38.92465 ], [ -77.30258, 38.92397 ], [ -77.30287, 38.9236 ], [ -77.30248, 38.9224 ], [ -77.30199, 38.9224 ], [ -77.30224, 38.92198 ], [ -77.30194, 38.92157 ], [ -77.30185, 38.92009 ], [ -77.30149, 38.91996 ], [ -77.30147, 38.91953 ], [ -77.30248, 38.91821 ], [ -77.30284, 38.91649 ], [ -77.30139, 38.917 ], [ -77.30137, 38.91657 ], [ -77.30036, 38.9153 ], [ -77.3005, 38.91301 ], [ -77.29471, 38.91273 ], [ -77.29454, 38.91105 ], [ -77.2975, 38.91077 ], [ -77.29726, 38.90947 ], [ -77.29896, 38.90876 ], [ -77.29795, 38.90783 ], [ -77.29936, 38.90673 ], [ -77.30051, 38.90502 ], [ -77.30111, 38.90472 ], [ -77.30166, 38.90476 ], [ -77.30202, 38.90442 ], [ -77.30208, 38.90367 ], [ -77.30266, 38.90336 ], [ -77.30338, 38.90339 ], [ -77.30352, 38.90192 ], [ -77.29973, 38.90015 ], [ -77.30007, 38.89964 ], [ -77.29816, 38.89864 ], [ -77.29922, 38.89809 ], [ -77.30093, 38.89632 ], [ -77.30009, 38.89561 ], [ -77.30102, 38.89515 ], [ -77.29425, 38.88938 ], [ -77.2933, 38.88545 ], [ -77.29251, 38.88614 ], [ -77.29264, 38.88649 ], [ -77.29232, 38.88678 ], [ -77.29286, 38.88696 ], [ -77.29289, 38.88722 ], [ -77.29171, 38.88786 ], [ -77.28913, 38.8843 ], [ -77.29311, 38.88281 ], [ -77.29316, 38.88186 ], [ -77.29288, 38.88189 ], [ -77.29251, 38.88138 ], [ -77.29262, 38.88033 ], [ -77.29033, 38.87677 ], [ -77.28851, 38.87711 ], [ -77.28823, 38.87618 ], [ -77.28766, 38.87615 ], [ -77.28767, 38.87597 ], [ -77.28841, 38.87318 ], [ -77.29587, 38.87108 ], [ -77.30906, 38.86866 ], [ -77.30906, 38.87122 ], [ -77.30841, 38.87358 ], [ -77.30764, 38.87512 ], [ -77.30586, 38.87711 ], [ -77.3065, 38.87732 ], [ -77.30685, 38.87819 ], [ -77.30774, 38.87827 ], [ -77.30794, 38.87931 ], [ -77.30898, 38.8793 ], [ -77.30973, 38.87901 ], [ -77.31002, 38.87917 ], [ -77.31255, 38.87902 ], [ -77.31279, 38.87961 ], [ -77.3124, 38.87969 ], [ -77.31473, 38.88072 ], [ -77.3179, 38.88307 ], [ -77.31683, 38.88408 ], [ -77.31788, 38.88486 ], [ -77.31699, 38.88604 ], [ -77.31805, 38.88685 ], [ -77.31615, 38.88886 ], [ -77.31806, 38.88953 ], [ -77.31806, 38.89035 ], [ -77.31887, 38.89093 ], [ -77.31872, 38.89244 ], [ -77.3204, 38.89294 ], [ -77.32328, 38.89137 ], [ -77.32537, 38.89228 ], [ -77.32197, 38.89476 ], [ -77.32018, 38.89566 ], [ -77.31996, 38.89679 ], [ -77.31965, 38.89713 ], [ -77.31974, 38.89768 ], [ -77.32015, 38.89778 ], [ -77.31952, 38.89895 ], [ -77.31871, 38.8992 ], [ -77.31868, 38.89965 ], [ -77.31825, 38.8999 ], [ -77.31662, 38.89912 ], [ -77.31703, 38.89813 ], [ -77.31682, 38.89804 ], [ -77.3164, 38.89864 ], [ -77.31629, 38.9027 ], [ -77.31862, 38.90366 ], [ -77.31978, 38.9034 ], [ -77.32106, 38.9035 ], [ -77.31881, 38.90805 ], [ -77.31856, 38.90923 ], [ -77.31866, 38.91078 ], [ -77.31811, 38.91184 ], [ -77.31797, 38.91336 ], [ -77.31805, 38.91363 ], [ -77.31836, 38.91366 ], [ -77.31805, 38.91417 ], [ -77.31939, 38.9165 ], [ -77.31745, 38.91691 ], [ -77.31702, 38.91683 ], [ -77.31678, 38.91704 ], [ -77.31627, 38.91694 ], [ -77.31637, 38.91837 ], [ -77.31671, 38.91916 ], [ -77.3172, 38.91952 ], [ -77.31696, 38.91976 ], [ -77.3167, 38.91962 ], [ -77.31691, 38.92006 ], [ -77.31634, 38.92046 ], [ -77.31633, 38.92074 ], [ -77.31577, 38.92096 ], [ -77.31538, 38.92072 ], [ -77.31442, 38.92105 ], [ -77.31398, 38.92097 ], [ -77.31369, 38.92219 ], [ -77.31286, 38.92321 ], [ -77.31247, 38.92361 ], [ -77.31204, 38.92342 ], [ -77.31171, 38.92408 ], [ -77.31078, 38.92468 ], [ -77.31085, 38.9252 ], [ -77.31011, 38.9252 ], [ -77.31032, 38.9255 ], [ -77.30988, 38.92569 ], [ -77.30988, 38.92611 ], [ -77.30959, 38.92633 ], [ -77.30967, 38.92655 ], [ -77.31015, 38.92657 ], [ -77.30967, 38.92696 ], [ -77.31004, 38.92741 ], [ -77.30939, 38.92829 ], [ -77.31034, 38.92921 ], [ -77.31058, 38.92982 ], [ -77.30926, 38.93023 ], [ -77.30792, 38.93036 ], [ -77.30512, 38.92994 ], [ -77.30484, 38.93154 ], [ -77.30501, 38.9325 ], [ -77.30749, 38.93341 ], [ -77.3108, 38.93548 ], [ -77.30994, 38.93731 ], [ -77.31271, 38.94258 ], [ -77.30928, 38.94247 ], [ -77.30678, 38.93975 ], [ -77.30627, 38.93979 ], [ -77.30606, 38.94203 ], [ -77.30443, 38.94251 ], [ -77.30403, 38.94374 ], [ -77.29882, 38.94507 ], [ -77.29629, 38.94181 ], [ -77.297, 38.94074 ] ] } },
{ "type": "Feature", "properties": { "year": 2025, "level": "ES", "name": "Olde Creek" }, "geometry": { "type": "MultiLineString", "coordinates": [ [ [ -77.27052, 38.84092 ], [ -77.26641, 38.84039 ], [ -77.26762, 38.83479 ], [ -77.26751, 38.8285 ], [ -77.27004, 38.82852 ], [ -77.26967, 38.82781 ], [ -77.27037, 38.82056 ], [ -77.27002, 38.82054 ], [ -77.27006, 38.82003 ], [ -77.27042, 38.82005 ], [ -77.27082, 38.81555 ], [ -77.27473, 38.81775 ], [ -77.28363, 38.82536 ], [ -77.28501, 38.82596 ], [ -77.28828, 38.82639 ], [ -77.28883, 38.83348 ], [ -77.28834, 38.83442 ], [ -77.28829, 38.83615 ], [ -77.28726, 38.83613 ], [ -77.28735, 38.83864 ], [ -77.28647, 38.83862 ], [ -77.28638, 38.84172 ], [ -77.28206, 38.84118 ], [ -77.28094, 38.84127 ], [ -77.27854, 38.84099 ], [ -77.27856, 38.84198 ], [ -77.27052, 38.84092 ] ], [ [ -77.29838, 38.82401 ], [ -77.2977, 38.82232 ], [ -77.30057, 38.82278 ], [ -77.30112, 38.82332 ], [ -77.30221, 38.82322 ], [ -77.30299, 38.82192 ], [ -77.30284, 38.82074 ], [ -77.3041, 38.82036 ], [ -77.30795, 38.82359 ], [ -77.30785, 38.82396 ], [ -77.30646, 38.82407 ], [ -77.30327, 38.82486 ], [ -77.30007, 38.82612 ], [ -77.29696, 38.82632 ], [ -77.2962, 38.82484 ], [ -77.29696, 38.82465 ], [ -77.29685, 38.82438 ], [ -77.29838, 38.82401 ] ] ] } },
{ "type": "Feature", "properties": { "year": 2025, "level": "ES", "name": "Orange Hunt" }, "geometry": { "type": "LineString", "coordinates": [ [ -77.24554, 38.77508 ], [ -77.24441, 38.77518 ], [ -77.24411, 38.77423 ], [ -77.24274, 38.7734 ], [ -77.24098, 38.77094 ], [ -77.24309, 38.77085 ], [ -77.24538, 38.7698 ], [ -77.24695, 38.76806 ], [ -77.24772, 38.76658 ], [ -77.24941, 38.76759 ], [ -77.24896, 38.76192 ], [ -77.25007, 38.76214 ], [ -77.25168, 38.75692 ], [ -77.24667, 38.75601 ], [ -77.24698, 38.75564 ], [ -77.24681, 38.7527 ], [ -77.24458, 38.75304 ], [ -77.24437, 38.75292 ], [ -77.24502, 38.75198 ], [ -77.24517, 38.75125 ], [ -77.2442, 38.74981 ], [ -77.24733, 38.74712 ], [ -77.24901, 38.7461 ], [ -77.25143, 38.74546 ], [ -77.2541, 38.74555 ], [ -77.25663, 38.74645 ], [ -77.26041, 38.74915 ], [ -77.26688, 38.75164 ], [ -77.26587, 38.75374 ], [ -77.26368, 38.75578 ], [ -77.26314, 38.75764 ], [ -77.26439, 38.75925 ], [ -77.26422, 38.75981 ], [ -77.26459, 38.76023 ], [ -77.26417, 38.76071 ], [ -77.2648, 38.76049 ], [ -77.26533, 38.76095 ], [ -77.26633, 38.76262 ], [ -77.26681, 38.76444 ], [ -77.26714, 38.76493 ], [ -77.26775, 38.76521 ], [ -77.26223, 38.77484 ], [ -77.25894, 38.77353 ], [ -77.25586, 38.77315 ], [ -77.25397, 38.7733 ], [ -77.24797, 38.77444 ], [ -77.24585, 38.77524 ], [ -77.24554, 38.77508 ] ] } },
{ "type": "Feature", "properties": { "year": 2025, "level": "ES", "name": "Parklawn" }, "geometry": { "type": "LineString", "coordinates": [ [ -77.1394, 38.84032 ], [ -77.13884, 38.8396 ], [ -77.13805, 38.83933 ], [ -77.13452, 38.84129 ], [ -77.13478, 38.84159 ], [ -77.13432, 38.84183 ], [ -77.13476, 38.84232 ], [ -77.13366, 38.84305 ], [ -77.13383, 38.84325 ], [ -77.13291, 38.84375 ], [ -77.13423, 38.8453 ], [ -77.13289, 38.84605 ], [ -77.13205, 38.84669 ], [ -77.1321, 38.84686 ], [ -77.13053, 38.84695 ], [ -77.12762, 38.84804 ], [ -77.12875, 38.84923 ], [ -77.12868, 38.84958 ], [ -77.12815, 38.84979 ], [ -77.12558, 38.84862 ], [ -77.11883, 38.84626 ], [ -77.11929, 38.84546 ], [ -77.11962, 38.84537 ], [ -77.11876, 38.84361 ], [ -77.11836, 38.84206 ], [ -77.11876, 38.84195 ], [ -77.11837, 38.84114 ], [ -77.1213, 38.84024 ], [ -77.12165, 38.84136 ], [ -77.12448, 38.8408 ], [ -77.12462, 38.8413 ], [ -77.12535, 38.84086 ], [ -77.12572, 38.84062 ], [ -77.12512, 38.83956 ], [ -77.12598, 38.83933 ], [ -77.12481, 38.83759 ], [ -77.12791, 38.83695 ], [ -77.13139, 38.83334 ], [ -77.13528, 38.83217 ], [ -77.13491, 38.83082 ], [ -77.14092, 38.82709 ], [ -77.14192, 38.82567 ], [ -77.14176, 38.82476 ], [ -77.14216, 38.82382 ], [ -77.13852, 38.82389 ], [ -77.13719, 38.82151 ], [ -77.13958, 38.81957 ], [ -77.13845, 38.81872 ], [ -77.13975, 38.81711 ], [ -77.14105, 38.81755 ], [ -77.14116, 38.81741 ], [ -77.14437, 38.81867 ], [ -77.14916, 38.8194 ], [ -77.14857, 38.82405 ], [ -77.14956, 38.82429 ], [ -77.14976, 38.82456 ], [ -77.14883, 38.82689 ], [ -77.15037, 38.82871 ], [ -77.14987, 38.8293 ], [ -77.15151, 38.83046 ], [ -77.15172, 38.83028 ], [ -77.15187, 38.83057 ], [ -77.1511, 38.83122 ], [ -77.15226, 38.832 ], [ -77.15255, 38.8299 ], [ -77.15376, 38.83023 ], [ -77.15392, 38.82984 ], [ -77.15691, 38.83071 ], [ -77.15664, 38.83125 ], [ -77.15723, 38.83151 ], [ -77.15622, 38.83285 ], [ -77.15902, 38.83527 ], [ -77.15769, 38.83611 ], [ -77.15776, 38.83644 ], [ -77.15708, 38.83658 ], [ -77.14804, 38.84192 ], [ -77.1468, 38.8424 ], [ -77.14502, 38.8426 ], [ -77.14572, 38.84127 ], [ -77.14482, 38.84087 ], [ -77.1422, 38.84123 ], [ -77.14169, 38.84094 ], [ -77.13964, 38.8406 ], [ -77.1394, 38.84032 ] ] } },
{ "type": "Feature", "properties": { "year": 2025, "level": "ES", "name": "Pine Spring" }, "geometry": { "type": "MultiLineString", "coordinates": [ [ [ -77.19527, 38.87488 ], [ -77.19515, 38.87451 ], [ -77.19098, 38.87539 ], [ -77.19043, 38.87328 ], [ -77.19106, 38.87187 ], [ -77.19157, 38.87226 ], [ -77.19568, 38.87189 ], [ -77.19577, 38.87076 ], [ -77.19725, 38.8706 ], [ -77.19724, 38.87046 ], [ -77.19826, 38.87055 ], [ -77.19824, 38.87035 ], [ -77.1996, 38.87021 ], [ -77.20086, 38.86604 ], [ -77.23106, 38.86554 ], [ -77.23164, 38.86647 ], [ -77.22743, 38.86792 ], [ -77.22684, 38.87453 ], [ -77.22044, 38.87579 ], [ -77.21759, 38.87572 ], [ -77.21131, 38.87497 ], [ -77.20019, 38.87575 ], [ -77.19587, 38.87666 ], [ -77.19527, 38.87488 ] ], [ [ -77.17787, 38.87309 ], [ -77.17824, 38.87067 ], [ -77.17762, 38.86912 ], [ -77.18387, 38.86807 ], [ -77.18406, 38.86868 ], [ -77.18352, 38.86877 ], [ -77.18357, 38.86896 ], [ -77.18411, 38.86886 ], [ -77.18426, 38.86944 ], [ -77.18372, 38.86953 ], [ -77.18332, 38.87092 ], [ -77.18361, 38.87354 ], [ -77.17788, 38.87387 ], [ -77.17787, 38.87309 ] ] ] } },
{ "type": "Feature", "properties": { "year": 2025, "level": "ES", "name": "Poplar Tree" }, "geometry": { "type": "LineString", "coordinates": [ [ -77.40896, 38.87875 ], [ -77.40755, 38.86816 ], [ -77.40528, 38.86029 ], [ -77.4089, 38.85828 ], [ -77.41137, 38.85622 ], [ -77.40994, 38.85359 ], [ -77.41369, 38.84976 ], [ -77.43235, 38.84637 ], [ -77.43309, 38.84913 ], [ -77.43294, 38.85229 ], [ -77.43241, 38.85233 ], [ -77.43154, 38.85306 ], [ -77.43119, 38.85425 ], [ -77.42984, 38.8554 ], [ -77.43035, 38.85749 ], [ -77.42972, 38.85903 ], [ -77.42978, 38.86169 ], [ -77.42885, 38.8668 ], [ -77.42925, 38.87023 ], [ -77.42051, 38.87543 ], [ -77.41669, 38.87523 ], [ -77.41679, 38.8777 ], [ -77.41213, 38.87853 ], [ -77.41133, 38.88157 ], [ -77.41132, 38.88038 ], [ -77.41079, 38.87875 ], [ -77.41039, 38.87882 ], [ -77.40827, 38.88512 ], [ -77.4059, 38.88423 ], [ -77.4082, 38.88059 ], [ -77.40896, 38.87875 ] ] } },
{ "type": "Feature", "properties": { "year": 2025, "level": "ES", "name": "Powell" }, "geometry": { "type": "LineString", "coordinates": [ [ -77.38819, 38.84639 ], [ -77.3888, 38.84611 ], [ -77.39032, 38.84636 ], [ -77.39196, 38.8456 ], [ -77.39141, 38.84488 ], [ -77.39343, 38.84381 ], [ -77.3965, 38.84154 ], [ -77.39599, 38.8406 ], [ -77.39717, 38.84035 ], [ -77.40751, 38.83994 ], [ -77.41568, 38.83905 ], [ -77.43162, 38.83872 ], [ -77.43125, 38.84244 ], [ -77.43235, 38.84637 ], [ -77.38834, 38.85437 ], [ -77.38762, 38.85269 ], [ -77.38546, 38.84983 ], [ -77.386, 38.84954 ], [ -77.38668, 38.8471 ], [ -77.38819, 38.84639 ] ] } },
{ "type": "Feature", "properties": { "year": 2025, "level": "ES", "name": "Providence" }, "geometry": { "type": "MultiLineString", "coordinates": [ [ [ -77.31279, 38.87961 ], [ -77.31255, 38.87902 ], [ -77.31177, 38.87913 ], [ -77.31168, 38.87896 ], [ -77.30794, 38.87931 ], [ -77.30774, 38.87827 ], [ -77.30685, 38.87819 ], [ -77.3065, 38.87732 ], [ -77.30586, 38.87711 ], [ -77.30764, 38.87512 ], [ -77.30841, 38.87358 ], [ -77.30906, 38.87122 ], [ -77.30906, 38.86866 ], [ -77.29732, 38.87079 ], [ -77.29268, 38.87193 ], [ -77.29187, 38.8711 ], [ -77.29064, 38.871 ], [ -77.29162, 38.86745 ], [ -77.27867, 38.86657 ], [ -77.27886, 38.86629 ], [ -77.27429, 38.86606 ], [ -77.27492, 38.86518 ], [ -77.27486, 38.86462 ], [ -77.2876, 38.86316 ], [ -77.28735, 38.86229 ], [ -77.29083, 38.86189 ], [ -77.29062, 38.86166 ], [ -77.29099, 38.86158 ], [ -77.29133, 38.86184 ], [ -77.29216, 38.86082 ], [ -77.29197, 38.86043 ], [ -77.29328, 38.8604 ], [ -77.29322, 38.86074 ], [ -77.29487, 38.86142 ], [ -77.29528, 38.86098 ], [ -77.296, 38.86105 ], [ -77.29644, 38.86054 ], [ -77.30576, 38.85729 ], [ -77.30615, 38.85803 ], [ -77.30749, 38.8576 ], [ -77.30744, 38.85382 ], [ -77.30784, 38.85066 ], [ -77.30662, 38.84981 ], [ -77.30623, 38.8477 ], [ -77.30709, 38.84505 ], [ -77.30877, 38.84285 ], [ -77.31649, 38.845 ], [ -77.31646, 38.84437 ], [ -77.31875, 38.84506 ], [ -77.31876, 38.84202 ], [ -77.32269, 38.8432 ], [ -77.32588, 38.84698 ], [ -77.33095, 38.84732 ], [ -77.33035, 38.84772 ], [ -77.33029, 38.84858 ], [ -77.33137, 38.85122 ], [ -77.3318, 38.8517 ], [ -77.3348, 38.85136 ], [ -77.33503, 38.85266 ], [ -77.3347, 38.85396 ], [ -77.33333, 38.85643 ], [ -77.33374, 38.8566 ], [ -77.33333, 38.85643 ], [ -77.32882, 38.8639 ], [ -77.32935, 38.86411 ], [ -77.32877, 38.86488 ], [ -77.3226, 38.86596 ], [ -77.31951, 38.86929 ], [ -77.32082, 38.86944 ], [ -77.32025, 38.87054 ], [ -77.32117, 38.87094 ], [ -77.323, 38.87116 ], [ -77.32206, 38.87298 ], [ -77.32465, 38.87342 ], [ -77.32084, 38.87645 ], [ -77.31931, 38.87868 ], [ -77.31838, 38.87772 ], [ -77.31618, 38.87916 ], [ -77.31279, 38.87961 ] ], [ [ -77.31759, 38.84141 ], [ -77.31576, 38.84123 ], [ -77.31061, 38.84015 ], [ -77.31212, 38.83793 ], [ -77.31175, 38.83572 ], [ -77.31261, 38.83571 ], [ -77.31274, 38.83631 ], [ -77.31398, 38.83604 ], [ -77.31411, 38.83583 ], [ -77.31623, 38.83642 ], [ -77.31869, 38.83466 ], [ -77.31875, 38.84166 ], [ -77.31759, 38.84141 ] ] ] } },
{ "type": "Feature", "properties": { "year": 2025, "level": "ES", "name": "Ravensworth" }, "geometry": { "type": "MultiLineString", "coordinates": [ [ [ -77.21792, 38.81123 ], [ -77.21191, 38.80317 ], [ -77.21216, 38.80219 ], [ -77.21344, 38.80113 ], [ -77.2143, 38.79915 ], [ -77.21329, 38.79762 ], [ -77.21429, 38.79636 ], [ -77.21421, 38.79608 ], [ -77.21463, 38.79546 ], [ -77.21625, 38.79435 ], [ -77.21853, 38.79388 ], [ -77.21959, 38.79561 ], [ -77.22251, 38.79677 ], [ -77.2289, 38.79494 ], [ -77.23016, 38.79789 ], [ -77.22955, 38.79844 ], [ -77.22917, 38.79955 ], [ -77.22935, 38.80066 ], [ -77.22913, 38.80187 ], [ -77.23068, 38.80271 ], [ -77.23193, 38.80387 ], [ -77.23242, 38.80493 ], [ -77.23332, 38.80589 ], [ -77.23319, 38.80686 ], [ -77.23246, 38.8078 ], [ -77.23173, 38.80825 ], [ -77.23142, 38.80905 ], [ -77.23038, 38.8099 ], [ -77.23015, 38.81036 ], [ -77.23028, 38.81106 ], [ -77.21792, 38.81123 ] ], [ [ -77.26343, 38.79378 ], [ -77.26345, 38.79409 ], [ -77.26837, 38.79647 ], [ -77.26223, 38.80299 ], [ -77.25494, 38.80791 ], [ -77.24894, 38.79906 ], [ -77.24787, 38.79594 ], [ -77.25454, 38.79569 ], [ -77.26101, 38.79405 ], [ -77.26343, 38.79378 ] ] ] } },
{ "type": "Feature", "properties": { "year": 2025, "level": "ES", "name": "Riverside" }, "geometry": { "type": "LineString", "coordinates": [ [ -77.08612, 38.7391 ], [ -77.08543, 38.73872 ], [ -77.08499, 38.73946 ], [ -77.08348, 38.7387 ], [ -77.08498, 38.73543 ], [ -77.08452, 38.73484 ], [ -77.08381, 38.73487 ], [ -77.08354, 38.73467 ], [ -77.08367, 38.7343 ], [ -77.0833, 38.73354 ], [ -77.08225, 38.73289 ], [ -77.08151, 38.7315 ], [ -77.08135, 38.73197 ], [ -77.07858, 38.73165 ], [ -77.081, 38.72997 ], [ -77.08076, 38.72797 ], [ -77.07948, 38.72631 ], [ -77.08195, 38.72429 ], [ -77.09026, 38.72269 ], [ -77.09093, 38.72706 ], [ -77.0915, 38.72713 ], [ -77.09107, 38.72401 ], [ -77.09494, 38.72396 ], [ -77.09456, 38.72571 ], [ -77.09586, 38.72594 ], [ -77.09609, 38.72522 ], [ -77.0966, 38.72532 ], [ -77.09682, 38.72462 ], [ -77.10129, 38.72547 ], [ -77.10094, 38.7266 ], [ -77.10158, 38.72672 ], [ -77.1014, 38.72732 ], [ -77.09988, 38.72704 ], [ -77.09986, 38.72771 ], [ -77.09862, 38.72802 ], [ -77.09856, 38.72835 ], [ -77.09807, 38.72859 ], [ -77.09849, 38.72928 ], [ -77.09777, 38.72913 ], [ -77.09763, 38.72956 ], [ -77.09794, 38.72962 ], [ -77.09774, 38.7303 ], [ -77.09696, 38.73016 ], [ -77.09688, 38.73046 ], [ -77.09766, 38.73061 ], [ -77.09704, 38.73231 ], [ -77.09625, 38.73217 ], [ -77.09616, 38.7325 ], [ -77.0964, 38.73261 ], [ -77.09616, 38.73338 ], [ -77.09468, 38.73311 ], [ -77.09465, 38.73374 ], [ -77.09548, 38.73387 ], [ -77.09562, 38.73358 ], [ -77.09606, 38.73371 ], [ -77.09591, 38.73401 ], [ -77.0965, 38.73421 ], [ -77.09652, 38.73516 ], [ -77.10942, 38.72832 ], [ -77.11073, 38.73268 ], [ -77.10901, 38.73311 ], [ -77.10993, 38.73602 ], [ -77.10936, 38.73619 ], [ -77.10714, 38.73463 ], [ -77.10678, 38.73495 ], [ -77.10548, 38.73403 ], [ -77.10507, 38.73442 ], [ -77.10464, 38.73413 ], [ -77.1037, 38.73517 ], [ -77.09637, 38.73853 ], [ -77.09375, 38.73919 ], [ -77.09027, 38.73956 ], [ -77.08957, 38.73948 ], [ -77.08901, 38.7391 ], [ -77.08858, 38.73938 ], [ -77.08881, 38.7396 ], [ -77.08984, 38.74006 ], [ -77.09096, 38.7402 ], [ -77.08745, 38.74516 ], [ -77.08415, 38.74413 ], [ -77.08531, 38.74233 ], [ -77.08772, 38.74 ], [ -77.08612, 38.7391 ] ] } },
{ "type": "Feature", "properties": { "year": 2025, "level": "ES", "name": "Rolling Valley" }, "geometry": { "type": "LineString", "coordinates": [ [ -77.23254, 38.77766 ], [ -77.23144, 38.77548 ], [ -77.23196, 38.77232 ], [ -77.23199, 38.77124 ], [ -77.23174, 38.7708 ], [ -77.2293, 38.76932 ], [ -77.22628, 38.76839 ], [ -77.22237, 38.76577 ], [ -77.22166, 38.76471 ], [ -77.22133, 38.76319 ], [ -77.22063, 38.76173 ], [ -77.21728, 38.75906 ], [ -77.21479, 38.7599 ], [ -77.21075, 38.76063 ], [ -77.20809, 38.76185 ], [ -77.20774, 38.76164 ], [ -77.20616, 38.76192 ], [ -77.20497, 38.76001 ], [ -77.20515, 38.75946 ], [ -77.20598, 38.75925 ], [ -77.20632, 38.75871 ], [ -77.20575, 38.75842 ], [ -77.20399, 38.75632 ], [ -77.20727, 38.75617 ], [ -77.20798, 38.75794 ], [ -77.21308, 38.75591 ], [ -77.21595, 38.75549 ], [ -77.21603, 38.75425 ], [ -77.21531, 38.7528 ], [ -77.21768, 38.75263 ], [ -77.22132, 38.75188 ], [ -77.22234, 38.75416 ], [ -77.22665, 38.75336 ], [ -77.22666, 38.75393 ], [ -77.22533, 38.75518 ], [ -77.22508, 38.75589 ], [ -77.22557, 38.75657 ], [ -77.22735, 38.75792 ], [ -77.22692, 38.75921 ], [ -77.22743, 38.76126 ], [ -77.22778, 38.76139 ], [ -77.22924, 38.761 ], [ -77.23026, 38.76009 ], [ -77.23151, 38.7602 ], [ -77.23141, 38.76132 ], [ -77.23162, 38.76191 ], [ -77.23135, 38.76217 ], [ -77.23138, 38.76299 ], [ -77.23258, 38.76304 ], [ -77.23404, 38.7627 ], [ -77.23446, 38.76291 ], [ -77.23486, 38.76371 ], [ -77.23422, 38.76501 ], [ -77.2346, 38.76583 ], [ -77.23558, 38.76562 ], [ -77.23675, 38.76602 ], [ -77.23857, 38.76602 ], [ -77.24026, 38.76699 ], [ -77.24062, 38.76737 ], [ -77.24047, 38.76799 ], [ -77.24005, 38.76883 ], [ -77.23954, 38.76917 ], [ -77.23941, 38.76901 ], [ -77.239, 38.76921 ], [ -77.23904, 38.76982 ], [ -77.23927, 38.77006 ], [ -77.24086, 38.77016 ], [ -77.24098, 38.77094 ], [ -77.24171, 38.77219 ], [ -77.24274, 38.7734 ], [ -77.24411, 38.77423 ], [ -77.24441, 38.77518 ], [ -77.24537, 38.77499 ], [ -77.24585, 38.77524 ], [ -77.24669, 38.77484 ], [ -77.25039, 38.77794 ], [ -77.24835, 38.77982 ], [ -77.24601, 38.77782 ], [ -77.23816, 38.78515 ], [ -77.23458, 38.78129 ], [ -77.23254, 38.77766 ] ] } },
{ "type": "Feature", "properties": { "year": 2025, "level": "ES", "name": "Rose Hill" }, "geometry": { "type": "LineString", "coordinates": [ [ -77.10757, 38.7889 ], [ -77.10733, 38.78853 ], [ -77.10773, 38.78831 ], [ -77.10843, 38.78844 ], [ -77.10911, 38.7867 ], [ -77.11044, 38.7854 ], [ -77.10774, 38.7845 ], [ -77.10808, 38.78406 ], [ -77.10498, 38.78082 ], [ -77.10383, 38.78184 ], [ -77.10238, 38.7826 ], [ -77.09465, 38.78555 ], [ -77.09174, 38.78651 ], [ -77.09116, 38.78648 ], [ -77.09099, 38.78519 ], [ -77.09279, 38.78215 ], [ -77.092, 38.78189 ], [ -77.09164, 38.78118 ], [ -77.0925, 38.77977 ], [ -77.09208, 38.77938 ], [ -77.09243, 38.77867 ], [ -77.09192, 38.77691 ], [ -77.09254, 38.77641 ], [ -77.08987, 38.77433 ], [ -77.11412, 38.76914 ], [ -77.11126, 38.7618 ], [ -77.12013, 38.7626 ], [ -77.12012, 38.76364 ], [ -77.12062, 38.76459 ], [ -77.12015, 38.7649 ], [ -77.12053, 38.76556 ], [ -77.12049, 38.76607 ], [ -77.12087, 38.7667 ], [ -77.12152, 38.76713 ], [ -77.11671, 38.77105 ], [ -77.11705, 38.7714 ], [ -77.11648, 38.77179 ], [ -77.11797, 38.77312 ], [ -77.11845, 38.77567 ], [ -77.1188, 38.776 ], [ -77.11864, 38.77609 ], [ -77.12039, 38.77838 ], [ -77.12049, 38.77996 ], [ -77.12159, 38.77956 ], [ -77.12245, 38.77987 ], [ -77.12195, 38.78113 ], [ -77.1233, 38.78109 ], [ -77.12421, 38.7854 ], [ -77.12303, 38.78611 ], [ -77.12069, 38.78669 ], [ -77.11724, 38.78909 ], [ -77.11649, 38.78939 ], [ -77.11551, 38.78942 ], [ -77.11338, 38.7888 ], [ -77.11247, 38.78879 ], [ -77.11129, 38.78903 ], [ -77.10841, 38.79016 ], [ -77.10757, 38.7889 ] ] } },
{ "type": "Feature", "properties": { "year": 2025, "level": "ES", "name": "Sangster" }, "geometry": { "type": "MultiLineString", "coordinates": [ [ [ -77.26804, 38.76631 ], [ -77.2676, 38.7659 ], [ -77.26759, 38.7656 ], [ -77.26792, 38.76537 ], [ -77.26714, 38.76493 ], [ -77.26681, 38.76444 ], [ -77.26642, 38.76284 ], [ -77.26565, 38.76138 ], [ -77.26503, 38.76059 ], [ -77.26417, 38.76071 ], [ -77.26459, 38.76023 ], [ -77.26422, 38.75981 ], [ -77.26439, 38.75925 ], [ -77.26314, 38.75764 ], [ -77.26368, 38.75578 ], [ -77.26587, 38.75374 ], [ -77.26688, 38.75164 ], [ -77.26017, 38.74903 ], [ -77.25698, 38.74667 ], [ -77.25557, 38.74596 ], [ -77.25335, 38.74544 ], [ -77.25086, 38.74555 ], [ -77.25059, 38.74469 ], [ -77.25075, 38.74288 ], [ -77.25143, 38.74047 ], [ -77.25246, 38.73877 ], [ -77.25223, 38.73627 ], [ -77.25367, 38.73672 ], [ -77.25462, 38.73777 ], [ -77.25504, 38.73868 ], [ -77.2549, 38.73898 ], [ -77.25642, 38.73889 ], [ -77.25767, 38.73935 ], [ -77.25893, 38.73938 ], [ -77.26028, 38.73905 ], [ -77.26111, 38.73947 ], [ -77.26144, 38.74017 ], [ -77.26127, 38.74066 ], [ -77.26185, 38.7413 ], [ -77.26328, 38.74228 ], [ -77.26422, 38.74255 ], [ -77.26401, 38.74215 ], [ -77.26475, 38.74233 ], [ -77.26539, 38.74331 ], [ -77.26603, 38.74353 ], [ -77.26811, 38.74316 ], [ -77.26929, 38.74321 ], [ -77.27002, 38.74285 ], [ -77.27208, 38.74341 ], [ -77.27231, 38.74289 ], [ -77.27384, 38.74283 ], [ -77.27436, 38.74261 ], [ -77.27588, 38.74281 ], [ -77.27677, 38.74333 ], [ -77.27703, 38.74421 ], [ -77.27663, 38.74514 ], [ -77.27678, 38.74558 ], [ -77.27797, 38.74604 ], [ -77.27838, 38.74588 ], [ -77.2787, 38.74624 ], [ -77.27968, 38.74655 ], [ -77.285, 38.73933 ], [ -77.28536, 38.73915 ], [ -77.28423, 38.73823 ], [ -77.28106, 38.73642 ], [ -77.27989, 38.7351 ], [ -77.27957, 38.73327 ], [ -77.28111, 38.72886 ], [ -77.2814, 38.72732 ], [ -77.28132, 38.72539 ], [ -77.28081, 38.72376 ], [ -77.27951, 38.72118 ], [ -77.27802, 38.72003 ], [ -77.2763, 38.71951 ], [ -77.27946, 38.71846 ], [ -77.28674, 38.72225 ], [ -77.28729, 38.72173 ], [ -77.28987, 38.72104 ], [ -77.29265, 38.72445 ], [ -77.29574, 38.72263 ], [ -77.29825, 38.72471 ], [ -77.29824, 38.7251 ], [ -77.29736, 38.72616 ], [ -77.29518, 38.72683 ], [ -77.29441, 38.72642 ], [ -77.29347, 38.7255 ], [ -77.29887, 38.7317 ], [ -77.30141, 38.73354 ], [ -77.30159, 38.7339 ], [ -77.30221, 38.73342 ], [ -77.30348, 38.73332 ], [ -77.30453, 38.73273 ], [ -77.30528, 38.73268 ], [ -77.30553, 38.72543 ], [ -77.30218, 38.72567 ], [ -77.30203, 38.72535 ], [ -77.30229, 38.72477 ], [ -77.30285, 38.72505 ], [ -77.30292, 38.72459 ], [ -77.30253, 38.72454 ], [ -77.30258, 38.72408 ], [ -77.30218, 38.72373 ], [ -77.30195, 38.72273 ], [ -77.30295, 38.72153 ], [ -77.30365, 38.72153 ], [ -77.30347, 38.7205 ], [ -77.30366, 38.71996 ], [ -77.30479, 38.71951 ], [ -77.30526, 38.71901 ], [ -77.30661, 38.71454 ], [ -77.30666, 38.71359 ], [ -77.30548, 38.71178 ], [ -77.30552, 38.71126 ], [ -77.30631, 38.71035 ], [ -77.3066, 38.70931 ], [ -77.30608, 38.70756 ], [ -77.30838, 38.70701 ], [ -77.30998, 38.70614 ], [ -77.3111, 38.70492 ], [ -77.31194, 38.70285 ], [ -77.3133, 38.7021 ], [ -77.3157, 38.70153 ], [ -77.31853, 38.70152 ], [ -77.32147, 38.70081 ], [ -77.32364, 38.7011 ], [ -77.32641, 38.70193 ], [ -77.32706, 38.70241 ], [ -77.32741, 38.70311 ], [ -77.32698, 38.70465 ], [ -77.32591, 38.70586 ], [ -77.32446, 38.70691 ], [ -77.32168, 38.7084 ], [ -77.31995, 38.70907 ], [ -77.31968, 38.70996 ], [ -77.32002, 38.71143 ], [ -77.32115, 38.71244 ], [ -77.32254, 38.71274 ], [ -77.326, 38.71153 ], [ -77.33105, 38.71066 ], [ -77.33247, 38.71086 ], [ -77.33304, 38.71138 ], [ -77.33318, 38.71222 ], [ -77.33283, 38.71341 ], [ -77.33151, 38.71584 ], [ -77.33161, 38.71754 ], [ -77.33246, 38.71835 ], [ -77.33403, 38.71906 ], [ -77.33736, 38.71987 ], [ -77.33652, 38.72235 ], [ -77.3356, 38.72235 ], [ -77.33552, 38.72302 ], [ -77.33496, 38.72328 ], [ -77.33536, 38.72334 ], [ -77.33535, 38.72478 ], [ -77.3322, 38.72855 ], [ -77.32995, 38.73206 ], [ -77.32701, 38.72872 ], [ -77.32595, 38.72829 ], [ -77.32029, 38.72801 ], [ -77.32064, 38.7289 ], [ -77.32026, 38.73068 ], [ -77.32043, 38.73204 ], [ -77.32011, 38.73324 ], [ -77.31915, 38.73503 ], [ -77.32002, 38.73643 ], [ -77.32034, 38.73664 ], [ -77.32168, 38.73558 ], [ -77.32281, 38.73618 ], [ -77.32409, 38.73645 ], [ -77.32618, 38.73733 ], [ -77.32731, 38.73606 ], [ -77.33103, 38.74011 ], [ -77.33317, 38.74393 ], [ -77.32684, 38.74771 ], [ -77.32496, 38.74804 ], [ -77.32661, 38.75014 ], [ -77.32739, 38.7498 ], [ -77.32925, 38.75235 ], [ -77.32967, 38.75792 ], [ -77.31785, 38.75484 ], [ -77.31815, 38.75261 ], [ -77.31732, 38.75259 ], [ -77.31736, 38.75223 ], [ -77.31519, 38.75291 ], [ -77.31459, 38.75173 ], [ -77.3089, 38.75218 ], [ -77.30903, 38.75325 ], [ -77.30781, 38.75334 ], [ -77.30769, 38.75226 ], [ -77.3068, 38.75231 ], [ -77.30515, 38.75261 ], [ -77.30269, 38.75378 ], [ -77.29838, 38.75102 ], [ -77.29542, 38.75396 ], [ -77.2929, 38.75331 ], [ -77.29086, 38.75852 ], [ -77.28777, 38.76164 ], [ -77.28787, 38.76262 ], [ -77.28717, 38.7627 ], [ -77.28582, 38.76143 ], [ -77.28284, 38.76298 ], [ -77.28167, 38.76071 ], [ -77.27906, 38.75834 ], [ -77.2769, 38.75558 ], [ -77.27496, 38.75766 ], [ -77.27358, 38.75864 ], [ -77.27296, 38.75959 ], [ -77.27328, 38.76264 ], [ -77.27202, 38.76549 ], [ -77.27194, 38.77007 ], [ -77.27005, 38.77053 ], [ -77.26937, 38.76858 ], [ -77.26969, 38.76831 ], [ -77.26804, 38.76631 ] ], [ [ -77.24297, 38.74276 ], [ -77.24389, 38.7429 ], [ -77.24803, 38.74517 ], [ -77.2489, 38.74615 ], [ -77.24733, 38.74712 ], [ -77.2442, 38.74981 ], [ -77.24445, 38.75003 ], [ -77.24309, 38.75024 ], [ -77.24034, 38.74362 ], [ -77.24297, 38.74276 ] ] ] } },
{ "type": "Feature", "properties": { "year": 2025, "level": "ES", "name": "Saratoga" }, "geometry": { "type": "LineString", "coordinates": [ [ -77.18363, 38.75633 ], [ -77.18399, 38.75433 ], [ -77.17795, 38.75481 ], [ -77.18113, 38.74962 ], [ -77.18318, 38.74562 ], [ -77.18478, 38.74138 ], [ -77.18737, 38.73243 ], [ -77.18855, 38.73022 ], [ -77.18985, 38.72889 ], [ -77.19154, 38.72778 ], [ -77.20423, 38.72278 ], [ -77.2067, 38.72151 ], [ -77.20905, 38.71985 ], [ -77.21023, 38.72068 ], [ -77.21168, 38.7199 ], [ -77.21188, 38.71999 ], [ -77.21395, 38.72138 ], [ -77.2139, 38.72225 ], [ -77.21525, 38.72349 ], [ -77.21557, 38.7241 ], [ -77.21581, 38.72599 ], [ -77.217, 38.72843 ], [ -77.21801, 38.72944 ], [ -77.21824, 38.72998 ], [ -77.21883, 38.73037 ], [ -77.21938, 38.73146 ], [ -77.22016, 38.73185 ], [ -77.22088, 38.73259 ], [ -77.22114, 38.73404 ], [ -77.2218, 38.73399 ], [ -77.22281, 38.73528 ], [ -77.22433, 38.73628 ], [ -77.22428, 38.73707 ], [ -77.225, 38.73801 ], [ -77.22609, 38.73886 ], [ -77.22555, 38.73903 ], [ -77.22585, 38.73993 ], [ -77.22541, 38.74092 ], [ -77.22584, 38.74264 ], [ -77.22572, 38.74316 ], [ -77.22393, 38.74405 ], [ -77.22331, 38.74544 ], [ -77.22274, 38.74586 ], [ -77.22261, 38.74806 ], [ -77.22283, 38.74878 ], [ -77.22113, 38.74936 ], [ -77.22133, 38.74988 ], [ -77.22379, 38.75088 ], [ -77.2231, 38.75221 ], [ -77.2233, 38.75241 ], [ -77.22539, 38.75252 ], [ -77.22665, 38.75336 ], [ -77.22234, 38.75416 ], [ -77.22132, 38.75188 ], [ -77.21768, 38.75263 ], [ -77.21531, 38.7528 ], [ -77.21603, 38.75425 ], [ -77.21595, 38.75549 ], [ -77.21308, 38.75591 ], [ -77.20798, 38.75794 ], [ -77.20727, 38.75617 ], [ -77.20399, 38.75632 ], [ -77.19832, 38.75841 ], [ -77.18943, 38.75919 ], [ -77.1835, 38.75743 ], [ -77.18363, 38.75633 ] ] } },
{ "type": "Feature", "properties": { "year": 2025, "level": "ES", "name": "Shrevewood" }, "geometry": { "type": "LineString", "coordinates": [ [ -77.19796, 38.89961 ], [ -77.18982, 38.89447 ], [ -77.19069, 38.89283 ], [ -77.19098, 38.89289 ], [ -77.19073, 38.89317 ], [ -77.19144, 38.89357 ], [ -77.19353, 38.89142 ], [ -77.19661, 38.89123 ], [ -77.19886, 38.88881 ], [ -77.19915, 38.88793 ], [ -77.19963, 38.88792 ], [ -77.2002, 38.88731 ], [ -77.20088, 38.88708 ], [ -77.20067, 38.88696 ], [ -77.2009, 38.88672 ], [ -77.20123, 38.88704 ], [ -77.20189, 38.88631 ], [ -77.20315, 38.88628 ], [ -77.20409, 38.88577 ], [ -77.20445, 38.88534 ], [ -77.20073, 38.88275 ], [ -77.20149, 38.88182 ], [ -77.20352, 38.88205 ], [ -77.20531, 38.87912 ], [ -77.2099, 38.87968 ], [ -77.21089, 38.878 ], [ -77.20858, 38.8777 ], [ -77.20883, 38.87728 ], [ -77.20853, 38.87724 ], [ -77.20939, 38.87582 ], [ -77.20963, 38.8758 ], [ -77.20984, 38.87507 ], [ -77.21196, 38.87498 ], [ -77.21759, 38.87572 ], [ -77.22012, 38.87582 ], [ -77.22814, 38.87423 ], [ -77.23593, 38.87366 ], [ -77.23603, 38.87511 ], [ -77.23546, 38.87491 ], [ -77.23452, 38.8812 ], [ -77.22803, 38.88318 ], [ -77.22754, 38.88156 ], [ -77.22761, 38.88 ], [ -77.22541, 38.88025 ], [ -77.22538, 38.88162 ], [ -77.22482, 38.88167 ], [ -77.22472, 38.8842 ], [ -77.22238, 38.88497 ], [ -77.22124, 38.88755 ], [ -77.21736, 38.89147 ], [ -77.21555, 38.89486 ], [ -77.21495, 38.89822 ], [ -77.21417, 38.89799 ], [ -77.21372, 38.89895 ], [ -77.21269, 38.89865 ], [ -77.21129, 38.90019 ], [ -77.2059, 38.89941 ], [ -77.20494, 38.9014 ], [ -77.20277, 38.90266 ], [ -77.19796, 38.89961 ] ] } },
{ "type": "Feature", "properties": { "year": 2025, "level": "ES", "name": "Silverbrook" }, "geometry": { "type": "LineString", "coordinates": [ [ -77.27914, 38.74627 ], [ -77.2787, 38.74624 ], [ -77.27835, 38.74587 ], [ -77.27797, 38.74604 ], [ -77.27673, 38.74554 ], [ -77.27664, 38.74512 ], [ -77.27703, 38.74421 ], [ -77.27677, 38.74333 ], [ -77.27588, 38.74281 ], [ -77.27436, 38.74261 ], [ -77.27384, 38.74283 ], [ -77.27231, 38.74289 ], [ -77.27208, 38.74341 ], [ -77.27002, 38.74285 ], [ -77.26929, 38.74321 ], [ -77.26811, 38.74316 ], [ -77.26614, 38.74356 ], [ -77.26539, 38.74331 ], [ -77.26475, 38.74233 ], [ -77.26401, 38.74215 ], [ -77.26422, 38.74255 ], [ -77.26328, 38.74228 ], [ -77.26185, 38.7413 ], [ -77.26127, 38.74066 ], [ -77.26144, 38.74017 ], [ -77.26111, 38.73947 ], [ -77.26028, 38.73905 ], [ -77.25893, 38.73938 ], [ -77.25767, 38.73935 ], [ -77.25642, 38.73889 ], [ -77.2549, 38.73898 ], [ -77.25504, 38.73868 ], [ -77.25453, 38.73766 ], [ -77.25367, 38.73672 ], [ -77.25223, 38.73627 ], [ -77.25015, 38.73326 ], [ -77.24829, 38.73289 ], [ -77.24807, 38.73363 ], [ -77.24825, 38.73415 ], [ -77.24732, 38.73446 ], [ -77.24734, 38.73493 ], [ -77.24702, 38.73525 ], [ -77.24628, 38.73501 ], [ -77.24582, 38.73521 ], [ -77.24496, 38.73503 ], [ -77.24463, 38.73369 ], [ -77.24489, 38.73323 ], [ -77.24454, 38.73303 ], [ -77.24448, 38.73255 ], [ -77.24286, 38.73211 ], [ -77.24161, 38.73262 ], [ -77.24104, 38.7326 ], [ -77.24097, 38.73241 ], [ -77.24043, 38.73259 ], [ -77.23954, 38.73033 ], [ -77.23874, 38.7305 ], [ -77.23832, 38.72946 ], [ -77.23685, 38.72909 ], [ -77.23654, 38.72873 ], [ -77.2373, 38.72741 ], [ -77.23926, 38.72819 ], [ -77.24015, 38.72633 ], [ -77.2391, 38.72617 ], [ -77.24042, 38.72347 ], [ -77.24097, 38.72314 ], [ -77.24322, 38.72551 ], [ -77.24669, 38.72722 ], [ -77.24658, 38.72551 ], [ -77.25313, 38.72358 ], [ -77.25223, 38.72307 ], [ -77.25254, 38.72281 ], [ -77.25571, 38.72453 ], [ -77.25979, 38.71958 ], [ -77.26347, 38.7213 ], [ -77.26515, 38.72326 ], [ -77.26681, 38.72398 ], [ -77.26763, 38.72346 ], [ -77.26837, 38.72251 ], [ -77.2692, 38.72211 ], [ -77.27044, 38.72234 ], [ -77.27091, 38.72197 ], [ -77.27174, 38.7219 ], [ -77.27253, 38.72151 ], [ -77.27322, 38.72152 ], [ -77.27386, 38.72188 ], [ -77.27471, 38.72118 ], [ -77.27187, 38.71921 ], [ -77.27198, 38.71898 ], [ -77.27658, 38.71956 ], [ -77.27857, 38.72033 ], [ -77.27951, 38.72118 ], [ -77.28004, 38.72204 ], [ -77.28108, 38.72449 ], [ -77.2814, 38.72615 ], [ -77.28111, 38.72886 ], [ -77.27957, 38.73327 ], [ -77.27971, 38.73465 ], [ -77.28057, 38.73603 ], [ -77.28423, 38.73823 ], [ -77.28536, 38.73915 ], [ -77.285, 38.73933 ], [ -77.27968, 38.74655 ], [ -77.27917, 38.74646 ], [ -77.27914, 38.74627 ] ] } },
{ "type": "Feature", "properties": { "year": 2025, "level": "ES", "name": "Sleepy Hollow" }, "geometry": { "type": "LineString", "coordinates": [ [ -77.1446, 38.86769 ], [ -77.14575, 38.86675 ], [ -77.146, 38.86694 ], [ -77.14677, 38.8663 ], [ -77.14658, 38.86608 ], [ -77.14937, 38.86379 ], [ -77.15088, 38.86571 ], [ -77.15174, 38.86533 ], [ -77.15287, 38.86442 ], [ -77.15268, 38.86433 ], [ -77.15838, 38.85687 ], [ -77.15787, 38.85642 ], [ -77.15807, 38.85604 ], [ -77.15876, 38.85637 ], [ -77.15927, 38.85569 ], [ -77.15779, 38.85441 ], [ -77.15684, 38.8543 ], [ -77.15345, 38.8528 ], [ -77.15243, 38.85138 ], [ -77.1535, 38.84914 ], [ -77.14959, 38.84678 ], [ -77.1484, 38.8463 ], [ -77.15316, 38.84323 ], [ -77.15452, 38.84323 ], [ -77.15449, 38.84491 ], [ -77.15768, 38.84563 ], [ -77.1608, 38.84477 ], [ -77.16215, 38.84611 ], [ -77.1639, 38.8463 ], [ -77.16603, 38.84592 ], [ -77.16785, 38.84644 ], [ -77.16902, 38.84599 ], [ -77.169, 38.84661 ], [ -77.17079, 38.84582 ], [ -77.17606, 38.84669 ], [ -77.178, 38.8467 ], [ -77.1781, 38.84745 ], [ -77.17546, 38.84778 ], [ -77.1754, 38.84845 ], [ -77.17502, 38.84849 ], [ -77.175, 38.84912 ], [ -77.17444, 38.8491 ], [ -77.17356, 38.85014 ], [ -77.17368, 38.85026 ], [ -77.1724, 38.85064 ], [ -77.17242, 38.85101 ], [ -77.17192, 38.85094 ], [ -77.17152, 38.85155 ], [ -77.17667, 38.85114 ], [ -77.17695, 38.8541 ], [ -77.17315, 38.85433 ], [ -77.1732, 38.855 ], [ -77.17292, 38.85501 ], [ -77.17283, 38.85549 ], [ -77.17281, 38.85826 ], [ -77.17362, 38.85821 ], [ -77.17456, 38.85925 ], [ -77.17581, 38.85842 ], [ -77.17635, 38.85874 ], [ -77.17678, 38.85871 ], [ -77.17687, 38.85972 ], [ -77.17699, 38.86132 ], [ -77.17636, 38.86155 ], [ -77.17616, 38.86286 ], [ -77.17646, 38.86293 ], [ -77.17603, 38.86381 ], [ -77.17577, 38.86372 ], [ -77.17495, 38.86468 ], [ -77.17459, 38.86537 ], [ -77.17489, 38.8655 ], [ -77.17469, 38.86603 ], [ -77.174, 38.86653 ], [ -77.17432, 38.86671 ], [ -77.17384, 38.86734 ], [ -77.17024, 38.86312 ], [ -77.17056, 38.86235 ], [ -77.17009, 38.86184 ], [ -77.16787, 38.86118 ], [ -77.166, 38.86027 ], [ -77.15581, 38.87197 ], [ -77.15495, 38.87195 ], [ -77.15017, 38.87 ], [ -77.14962, 38.87094 ], [ -77.14917, 38.87126 ], [ -77.14869, 38.8711 ], [ -77.14839, 38.87146 ], [ -77.14999, 38.87186 ], [ -77.14979, 38.87332 ], [ -77.14672, 38.8733 ], [ -77.1375, 38.8661 ], [ -77.14099, 38.8663 ], [ -77.1446, 38.86769 ] ] } },
{ "type": "Feature", "properties": { "year": 2025, "level": "ES", "name": "Spring Hill" }, "geometry": { "type": "LineString", "coordinates": [ [ -77.25292, 38.97781 ], [ -77.25063, 38.97842 ], [ -77.24885, 38.97851 ], [ -77.24853, 38.97773 ], [ -77.24693, 38.97691 ], [ -77.24606, 38.97595 ], [ -77.24525, 38.97579 ], [ -77.24495, 38.97587 ], [ -77.24466, 38.97658 ], [ -77.244, 38.97711 ], [ -77.24268, 38.97748 ], [ -77.24153, 38.97746 ], [ -77.24079, 38.97695 ], [ -77.23982, 38.9768 ], [ -77.23862, 38.97614 ], [ -77.2373, 38.97452 ], [ -77.23628, 38.97447 ], [ -77.23517, 38.97493 ], [ -77.23498, 38.97604 ], [ -77.23455, 38.97623 ], [ -77.2336, 38.97735 ], [ -77.23236, 38.97927 ], [ -77.23094, 38.97929 ], [ -77.23048, 38.97973 ], [ -77.22995, 38.97972 ], [ -77.22859, 38.97851 ], [ -77.22641, 38.97414 ], [ -77.22378, 38.97214 ], [ -77.2211, 38.97134 ], [ -77.21883, 38.97156 ], [ -77.21571, 38.97062 ], [ -77.21476, 38.97054 ], [ -77.21378, 38.96984 ], [ -77.21274, 38.96978 ], [ -77.21152, 38.96935 ], [ -77.21025, 38.97012 ], [ -77.20803, 38.97033 ], [ -77.20626, 38.96976 ], [ -77.20475, 38.96864 ], [ -77.20239, 38.96788 ], [ -77.20437, 38.96749 ], [ -77.20445, 38.96732 ], [ -77.203, 38.96574 ], [ -77.204, 38.96492 ], [ -77.20428, 38.9633 ], [ -77.20515, 38.96259 ], [ -77.2052, 38.96194 ], [ -77.20487, 38.96157 ], [ -77.20517, 38.96106 ], [ -77.20578, 38.96103 ], [ -77.20614, 38.96057 ], [ -77.20516, 38.95946 ], [ -77.20529, 38.95896 ], [ -77.20613, 38.95944 ], [ -77.20839, 38.95922 ], [ -77.21196, 38.9597 ], [ -77.21256, 38.95577 ], [ -77.21647, 38.9562 ], [ -77.21353, 38.95993 ], [ -77.21535, 38.96026 ], [ -77.21689, 38.95983 ], [ -77.21757, 38.95993 ], [ -77.22123, 38.95575 ], [ -77.22067, 38.95543 ], [ -77.22055, 38.95402 ], [ -77.22072, 38.9529 ], [ -77.22108, 38.95263 ], [ -77.22139, 38.95155 ], [ -77.22113, 38.95059 ], [ -77.22171, 38.95026 ], [ -77.219, 38.94887 ], [ -77.21591, 38.94823 ], [ -77.21297, 38.94715 ], [ -77.21202, 38.95575 ], [ -77.20485, 38.95535 ], [ -77.20513, 38.95629 ], [ -77.20581, 38.95719 ], [ -77.20258, 38.95616 ], [ -77.20386, 38.95426 ], [ -77.20373, 38.95377 ], [ -77.20449, 38.95336 ], [ -77.2039, 38.95245 ], [ -77.20503, 38.95092 ], [ -77.20471, 38.9507 ], [ -77.20386, 38.95074 ], [ -77.20307, 38.95043 ], [ -77.20282, 38.95012 ], [ -77.20294, 38.94951 ], [ -77.20261, 38.9491 ], [ -77.20286, 38.9489 ], [ -77.20263, 38.94812 ], [ -77.20182, 38.94789 ], [ -77.20155, 38.94731 ], [ -77.20838, 38.93616 ], [ -77.20534, 38.93467 ], [ -77.2033, 38.9341 ], [ -77.20181, 38.93342 ], [ -77.20011, 38.93244 ], [ -77.19921, 38.93161 ], [ -77.20095, 38.93072 ], [ -77.20356, 38.92878 ], [ -77.21309, 38.93224 ], [ -77.21385, 38.93114 ], [ -77.21425, 38.92994 ], [ -77.21423, 38.92601 ], [ -77.21611, 38.92182 ], [ -77.2187, 38.92079 ], [ -77.22003, 38.92044 ], [ -77.22171, 38.92032 ], [ -77.22179, 38.92207 ], [ -77.21906, 38.92283 ], [ -77.21782, 38.92371 ], [ -77.21779, 38.92429 ], [ -77.22292, 38.92792 ], [ -77.22451, 38.9286 ], [ -77.2262, 38.92881 ], [ -77.22813, 38.92854 ], [ -77.23233, 38.92588 ], [ -77.23649, 38.92387 ], [ -77.24647, 38.93414 ], [ -77.2529, 38.93251 ], [ -77.2557, 38.93214 ], [ -77.25899, 38.93225 ], [ -77.26183, 38.93285 ], [ -77.26098, 38.93331 ], [ -77.26099, 38.94001 ], [ -77.26076, 38.93969 ], [ -77.26003, 38.93965 ], [ -77.25873, 38.94177 ], [ -77.25747, 38.94224 ], [ -77.25765, 38.9438 ], [ -77.25622, 38.94409 ], [ -77.2616, 38.94944 ], [ -77.26436, 38.95136 ], [ -77.26094, 38.95811 ], [ -77.26068, 38.9615 ], [ -77.25888, 38.96509 ], [ -77.25337, 38.96692 ], [ -77.25442, 38.96944 ], [ -77.25432, 38.9697 ], [ -77.25104, 38.97038 ], [ -77.24946, 38.96994 ], [ -77.25678, 38.97708 ], [ -77.25727, 38.97858 ], [ -77.25694, 38.98178 ], [ -77.25541, 38.98089 ], [ -77.25403, 38.97859 ], [ -77.25292, 38.97781 ] ] } },
{ "type": "Feature", "properties": { "year": 2025, "level": "ES", "name": "Springfield Estates" }, "geometry": { "type": "LineString", "coordinates": [ [ -77.15481, 38.7899 ], [ -77.15645, 38.7801 ], [ -77.16923, 38.77783 ], [ -77.17665, 38.77824 ], [ -77.18088, 38.77884 ], [ -77.1785, 38.78541 ], [ -77.17536, 38.79065 ], [ -77.17169, 38.78997 ], [ -77.16843, 38.79005 ], [ -77.16135, 38.79134 ], [ -77.15567, 38.79286 ], [ -77.15316, 38.79333 ], [ -77.15428, 38.79163 ], [ -77.15481, 38.7899 ] ] } },
{ "type": "Feature", "properties": { "year": 2025, "level": "ES", "name": "Stenwood" }, "geometry": { "type": "LineString", "coordinates": [ [ -77.21952, 38.9035 ], [ -77.21865, 38.90336 ], [ -77.2183, 38.90467 ], [ -77.21782, 38.90459 ], [ -77.21728, 38.90664 ], [ -77.21509, 38.89965 ], [ -77.21497, 38.8976 ], [ -77.21522, 38.89591 ], [ -77.21583, 38.89418 ], [ -77.21736, 38.89147 ], [ -77.22124, 38.88755 ], [ -77.22238, 38.88497 ], [ -77.22472, 38.8842 ], [ -77.22482, 38.88167 ], [ -77.22538, 38.88162 ], [ -77.22541, 38.88025 ], [ -77.22761, 38.88 ], [ -77.22754, 38.88156 ], [ -77.22803, 38.88318 ], [ -77.23867, 38.88012 ], [ -77.23721, 38.88321 ], [ -77.23814, 38.88321 ], [ -77.23845, 38.883 ], [ -77.23977, 38.88524 ], [ -77.23934, 38.88565 ], [ -77.23669, 38.88471 ], [ -77.23572, 38.88601 ], [ -77.23856, 38.88703 ], [ -77.23707, 38.88886 ], [ -77.23634, 38.88861 ], [ -77.23611, 38.88874 ], [ -77.23586, 38.892 ], [ -77.23606, 38.8921 ], [ -77.23527, 38.89211 ], [ -77.23518, 38.89283 ], [ -77.23585, 38.89295 ], [ -77.23484, 38.89512 ], [ -77.23959, 38.89637 ], [ -77.23876, 38.89809 ], [ -77.23958, 38.89824 ], [ -77.23892, 38.89946 ], [ -77.23749, 38.89935 ], [ -77.23747, 38.90029 ], [ -77.23779, 38.90099 ], [ -77.23673, 38.90138 ], [ -77.23934, 38.9018 ], [ -77.23943, 38.90423 ], [ -77.23901, 38.90435 ], [ -77.2374, 38.90356 ], [ -77.23703, 38.90308 ], [ -77.23582, 38.90522 ], [ -77.23446, 38.90454 ], [ -77.23494, 38.9035 ], [ -77.23324, 38.90279 ], [ -77.23353, 38.90242 ], [ -77.23294, 38.90213 ], [ -77.23316, 38.90152 ], [ -77.23284, 38.90136 ], [ -77.23233, 38.90154 ], [ -77.23161, 38.90361 ], [ -77.23024, 38.90312 ], [ -77.23006, 38.90348 ], [ -77.22908, 38.90313 ], [ -77.22853, 38.90402 ], [ -77.22689, 38.90341 ], [ -77.2253, 38.90675 ], [ -77.2222, 38.90616 ], [ -77.22278, 38.90402 ], [ -77.21952, 38.9035 ] ] } },
{ "type": "Feature", "properties": { "year": 2025, "level": "ES", "name": "Stratford Landing" }, "geometry": { "type": "LineString", "coordinates": [ [ -77.08098, 38.73947 ], [ -77.08127, 38.73867 ], [ -77.08076, 38.73858 ], [ -77.08059, 38.73906 ], [ -77.07911, 38.73878 ], [ -77.07931, 38.73811 ], [ -77.0771, 38.73761 ], [ -77.07679, 38.73776 ], [ -77.07598, 38.73649 ], [ -77.07284, 38.7377 ], [ -77.05568, 38.73335 ], [ -77.05851, 38.72624 ], [ -77.06019, 38.72418 ], [ -77.0608, 38.722 ], [ -77.06881, 38.72331 ], [ -77.06843, 38.72489 ], [ -77.07948, 38.72631 ], [ -77.08076, 38.72797 ], [ -77.081, 38.72997 ], [ -77.07858, 38.73165 ], [ -77.08135, 38.73197 ], [ -77.08151, 38.7315 ], [ -77.08225, 38.73289 ], [ -77.0833, 38.73354 ], [ -77.08367, 38.7343 ], [ -77.08354, 38.73467 ], [ -77.08381, 38.73487 ], [ -77.08452, 38.73484 ], [ -77.08498, 38.73543 ], [ -77.08348, 38.7387 ], [ -77.08499, 38.73946 ], [ -77.08543, 38.73872 ], [ -77.08772, 38.74 ], [ -77.08532, 38.74202 ], [ -77.08112, 38.74343 ], [ -77.08268, 38.74014 ], [ -77.08091, 38.73964 ], [ -77.08098, 38.73947 ] ] } },
{ "type": "Feature", "properties": { "year": 2025, "level": "ES", "name": "Sunrise Valley" }, "geometry": { "type": "LineString", "coordinates": [ [ -77.30965, 38.96574 ], [ -77.30941, 38.96554 ], [ -77.30898, 38.96575 ], [ -77.30886, 38.96619 ], [ -77.30779, 38.9667 ], [ -77.30753, 38.96721 ], [ -77.30699, 38.96743 ], [ -77.30684, 38.96716 ], [ -77.30633, 38.96733 ], [ -77.30608, 38.96714 ], [ -77.30631, 38.96693 ], [ -77.30623, 38.96615 ], [ -77.30583, 38.96626 ], [ -77.30577, 38.96595 ], [ -77.30532, 38.96576 ], [ -77.30494, 38.96586 ], [ -77.3048, 38.96549 ], [ -77.30408, 38.96573 ], [ -77.30363, 38.96548 ], [ -77.30304, 38.96578 ], [ -77.30222, 38.96553 ], [ -77.30243, 38.96412 ], [ -77.2986, 38.9627 ], [ -77.29986, 38.96066 ], [ -77.29871, 38.96023 ], [ -77.29804, 38.96059 ], [ -77.29724, 38.96028 ], [ -77.29754, 38.96102 ], [ -77.29675, 38.96201 ], [ -77.29163, 38.96012 ], [ -77.29198, 38.95952 ], [ -77.29156, 38.95938 ], [ -77.29124, 38.95877 ], [ -77.29157, 38.95784 ], [ -77.291, 38.95764 ], [ -77.29031, 38.95398 ], [ -77.29053, 38.95369 ], [ -77.29136, 38.95326 ], [ -77.29204, 38.95398 ], [ -77.29326, 38.95454 ], [ -77.29501, 38.95498 ], [ -77.29834, 38.95532 ], [ -77.29804, 38.94708 ], [ -77.29294, 38.94546 ], [ -77.29291, 38.94423 ], [ -77.2934, 38.94378 ], [ -77.29344, 38.94293 ], [ -77.29398, 38.94275 ], [ -77.29404, 38.94231 ], [ -77.29492, 38.94244 ], [ -77.29537, 38.94167 ], [ -77.29624, 38.94196 ], [ -77.29629, 38.94181 ], [ -77.29882, 38.94507 ], [ -77.30403, 38.94374 ], [ -77.30443, 38.94251 ], [ -77.30606, 38.94203 ], [ -77.30627, 38.93979 ], [ -77.30678, 38.93975 ], [ -77.30928, 38.94247 ], [ -77.31271, 38.94258 ], [ -77.30994, 38.93731 ], [ -77.3108, 38.93548 ], [ -77.30749, 38.93341 ], [ -77.30501, 38.9325 ], [ -77.30488, 38.93125 ], [ -77.30512, 38.92994 ], [ -77.30792, 38.93036 ], [ -77.30926, 38.93023 ], [ -77.31058, 38.92982 ], [ -77.31034, 38.92921 ], [ -77.30939, 38.92829 ], [ -77.31004, 38.92741 ], [ -77.30967, 38.92696 ], [ -77.31019, 38.92672 ], [ -77.30959, 38.92633 ], [ -77.30988, 38.92611 ], [ -77.30988, 38.92569 ], [ -77.31032, 38.9255 ], [ -77.31011, 38.9252 ], [ -77.31085, 38.9252 ], [ -77.31078, 38.92468 ], [ -77.31171, 38.92408 ], [ -77.31204, 38.92342 ], [ -77.31247, 38.92361 ], [ -77.31342, 38.92253 ], [ -77.31398, 38.92097 ], [ -77.31442, 38.92105 ], [ -77.31538, 38.92072 ], [ -77.31577, 38.92096 ], [ -77.31633, 38.92074 ], [ -77.31634, 38.92046 ], [ -77.31691, 38.92006 ], [ -77.3167, 38.91962 ], [ -77.31696, 38.91976 ], [ -77.3172, 38.91952 ], [ -77.31671, 38.91916 ], [ -77.31637, 38.91837 ], [ -77.31627, 38.91694 ], [ -77.31745, 38.91691 ], [ -77.31942, 38.91767 ], [ -77.31756, 38.92223 ], [ -77.3183, 38.9222 ], [ -77.31865, 38.92188 ], [ -77.32244, 38.92211 ], [ -77.32279, 38.92187 ], [ -77.32256, 38.92144 ], [ -77.32303, 38.92121 ], [ -77.32282, 38.92065 ], [ -77.323, 38.92051 ], [ -77.32268, 38.92018 ], [ -77.32315, 38.91976 ], [ -77.32348, 38.91989 ], [ -77.32343, 38.91955 ], [ -77.3238, 38.91947 ], [ -77.32366, 38.91929 ], [ -77.32398, 38.91907 ], [ -77.32494, 38.91897 ], [ -77.32533, 38.9183 ], [ -77.32587, 38.91874 ], [ -77.32492, 38.91942 ], [ -77.32553, 38.91968 ], [ -77.32608, 38.92038 ], [ -77.32751, 38.9194 ], [ -77.3285, 38.92068 ], [ -77.32914, 38.92038 ], [ -77.33049, 38.91913 ], [ -77.33231, 38.92174 ], [ -77.33539, 38.92147 ], [ -77.33596, 38.92282 ], [ -77.34063, 38.92296 ], [ -77.3447, 38.92221 ], [ -77.34544, 38.92259 ], [ -77.3443, 38.92386 ], [ -77.34461, 38.92531 ], [ -77.34441, 38.9261 ], [ -77.34294, 38.92578 ], [ -77.34271, 38.92638 ], [ -77.34301, 38.92801 ], [ -77.34198, 38.92867 ], [ -77.34304, 38.93009 ], [ -77.34273, 38.93043 ], [ -77.33927, 38.92871 ], [ -77.33429, 38.92882 ], [ -77.33184, 38.93 ], [ -77.3319, 38.92983 ], [ -77.32835, 38.93064 ], [ -77.32861, 38.93239 ], [ -77.32842, 38.93304 ], [ -77.33022, 38.93546 ], [ -77.33066, 38.9357 ], [ -77.33189, 38.93547 ], [ -77.33101, 38.93648 ], [ -77.33828, 38.93918 ], [ -77.33875, 38.94016 ], [ -77.3395, 38.94084 ], [ -77.33906, 38.94115 ], [ -77.33947, 38.94166 ], [ -77.34051, 38.94196 ], [ -77.34316, 38.94366 ], [ -77.34387, 38.94357 ], [ -77.34533, 38.94416 ], [ -77.34696, 38.9453 ], [ -77.34697, 38.94555 ], [ -77.34952, 38.94766 ], [ -77.35242, 38.9487 ], [ -77.35115, 38.95101 ], [ -77.34753, 38.95003 ], [ -77.34478, 38.95221 ], [ -77.34135, 38.95566 ], [ -77.33936, 38.95666 ], [ -77.33792, 38.95795 ], [ -77.33775, 38.95747 ], [ -77.33719, 38.95708 ], [ -77.33468, 38.95719 ], [ -77.33464, 38.95564 ], [ -77.33342, 38.95626 ], [ -77.33174, 38.9564 ], [ -77.33117, 38.95592 ], [ -77.32747, 38.9585 ], [ -77.32741, 38.95834 ], [ -77.32706, 38.95844 ], [ -77.3265, 38.95803 ], [ -77.32663, 38.95788 ], [ -77.32621, 38.95778 ], [ -77.32593, 38.95808 ], [ -77.32533, 38.95818 ], [ -77.32475, 38.95855 ], [ -77.3243, 38.95984 ], [ -77.32374, 38.9601 ], [ -77.32394, 38.96205 ], [ -77.32329, 38.96201 ], [ -77.32339, 38.96453 ], [ -77.32279, 38.96521 ], [ -77.32168, 38.9655 ], [ -77.32097, 38.96524 ], [ -77.31993, 38.96528 ], [ -77.31932, 38.96439 ], [ -77.31797, 38.96372 ], [ -77.31748, 38.96473 ], [ -77.31676, 38.96462 ], [ -77.31596, 38.96479 ], [ -77.31484, 38.964 ], [ -77.31403, 38.96444 ], [ -77.31386, 38.96485 ], [ -77.31276, 38.96503 ], [ -77.31367, 38.96931 ], [ -77.31448, 38.97036 ], [ -77.31169, 38.97179 ], [ -77.31017, 38.96859 ], [ -77.30965, 38.96574 ] ] } },
{ "type": "Feature", "properties": { "year": 2025, "level": "ES", "name": "Terra Centre" }, "geometry": { "type": "LineString", "coordinates": [ [ -77.2852, 38.79512 ], [ -77.28432, 38.78996 ], [ -77.27597, 38.78956 ], [ -77.27652, 38.78864 ], [ -77.27828, 38.78884 ], [ -77.27838, 38.78783 ], [ -77.28162, 38.78798 ], [ -77.28153, 38.78744 ], [ -77.2839, 38.78753 ], [ -77.28374, 38.78649 ], [ -77.28157, 38.78525 ], [ -77.27985, 38.78384 ], [ -77.28125, 38.78311 ], [ -77.28348, 38.78509 ], [ -77.28335, 38.78427 ], [ -77.2847, 38.78343 ], [ -77.28418, 38.78296 ], [ -77.28468, 38.78182 ], [ -77.28412, 38.78131 ], [ -77.28836, 38.77878 ], [ -77.29304, 38.77889 ], [ -77.29451, 38.77768 ], [ -77.29733, 38.77864 ], [ -77.29863, 38.77749 ], [ -77.30019, 38.77842 ], [ -77.30272, 38.77947 ], [ -77.30246, 38.78185 ], [ -77.30346, 38.78193 ], [ -77.30374, 38.78174 ], [ -77.30323, 38.78606 ], [ -77.30259, 38.78753 ], [ -77.29791, 38.78617 ], [ -77.2956, 38.78594 ], [ -77.29577, 38.78708 ], [ -77.29514, 38.78919 ], [ -77.29593, 38.78973 ], [ -77.29626, 38.79348 ], [ -77.29615, 38.79461 ], [ -77.29575, 38.7946 ], [ -77.29599, 38.79503 ], [ -77.29554, 38.79667 ], [ -77.29609, 38.79763 ], [ -77.28569, 38.79818 ], [ -77.2852, 38.79512 ] ] } },
{ "type": "Feature", "properties": { "year": 2025, "level": "ES", "name": "Terraset" }, "geometry": { "type": "LineString", "coordinates": [ [ -77.34711, 38.94561 ], [ -77.34533, 38.94416 ], [ -77.34387, 38.94357 ], [ -77.34316, 38.94366 ], [ -77.34051, 38.94196 ], [ -77.33911, 38.94142 ], [ -77.33906, 38.94115 ], [ -77.3395, 38.94084 ], [ -77.33875, 38.94016 ], [ -77.33828, 38.93918 ], [ -77.33101, 38.93648 ], [ -77.33189, 38.93547 ], [ -77.33066, 38.9357 ], [ -77.32984, 38.93517 ], [ -77.32842, 38.93304 ], [ -77.32861, 38.93239 ], [ -77.32835, 38.93064 ], [ -77.3319, 38.92983 ], [ -77.33184, 38.93 ], [ -77.33429, 38.92882 ], [ -77.33852, 38.92864 ], [ -77.3393, 38.92873 ], [ -77.34273, 38.93043 ], [ -77.34304, 38.93009 ], [ -77.34198, 38.92867 ], [ -77.34301, 38.92801 ], [ -77.34271, 38.92638 ], [ -77.34294, 38.92578 ], [ -77.34681, 38.9266 ], [ -77.35045, 38.92681 ], [ -77.35169, 38.92757 ], [ -77.35226, 38.92897 ], [ -77.35274, 38.92941 ], [ -77.35551, 38.9301 ], [ -77.35513, 38.93445 ], [ -77.3569, 38.93473 ], [ -77.35688, 38.9354 ], [ -77.35776, 38.93615 ], [ -77.35774, 38.93642 ], [ -77.3583, 38.93671 ], [ -77.35767, 38.93746 ], [ -77.35796, 38.93951 ], [ -77.35665, 38.94063 ], [ -77.35603, 38.94045 ], [ -77.35591, 38.94084 ], [ -77.35697, 38.9421 ], [ -77.35752, 38.9433 ], [ -77.35737, 38.9438 ], [ -77.35787, 38.94389 ], [ -77.35783, 38.94571 ], [ -77.35932, 38.94602 ], [ -77.35736, 38.94903 ], [ -77.35642, 38.95211 ], [ -77.35115, 38.95101 ], [ -77.35242, 38.9487 ], [ -77.34958, 38.94769 ], [ -77.34711, 38.94561 ] ] } },
{ "type": "Feature", "properties": { "year": 2025, "level": "ES", "name": "Timber Lane" }, "geometry": { "type": "LineString", "coordinates": [ [ -77.19363, 38.8873 ], [ -77.19426, 38.8861 ], [ -77.18974, 38.87811 ], [ -77.18825, 38.87869 ], [ -77.17952, 38.87919 ], [ -77.17906, 38.87943 ], [ -77.17369, 38.87877 ], [ -77.17325, 38.87861 ], [ -77.17331, 38.87785 ], [ -77.17437, 38.87615 ], [ -77.17448, 38.87406 ], [ -77.18757, 38.8733 ], [ -77.18801, 38.87137 ], [ -77.19008, 38.87116 ], [ -77.19028, 38.87078 ], [ -77.19079, 38.87109 ], [ -77.1915, 38.87102 ], [ -77.19045, 38.87313 ], [ -77.19098, 38.87539 ], [ -77.19515, 38.87451 ], [ -77.19587, 38.87666 ], [ -77.20019, 38.87575 ], [ -77.20984, 38.87507 ], [ -77.20963, 38.8758 ], [ -77.20939, 38.87582 ], [ -77.20853, 38.87724 ], [ -77.20883, 38.87728 ], [ -77.20858, 38.8777 ], [ -77.21089, 38.878 ], [ -77.2099, 38.87968 ], [ -77.20531, 38.87912 ], [ -77.20352, 38.88205 ], [ -77.20149, 38.88182 ], [ -77.20073, 38.88275 ], [ -77.20445, 38.88534 ], [ -77.20409, 38.88577 ], [ -77.20315, 38.88628 ], [ -77.20189, 38.88631 ], [ -77.20123, 38.88704 ], [ -77.2009, 38.88672 ], [ -77.20067, 38.88696 ], [ -77.20088, 38.88708 ], [ -77.2002, 38.88731 ], [ -77.19963, 38.88792 ], [ -77.19915, 38.88793 ], [ -77.19886, 38.88881 ], [ -77.19661, 38.89123 ], [ -77.19353, 38.89142 ], [ -77.19214, 38.8928 ], [ -77.19093, 38.89238 ], [ -77.19363, 38.8873 ] ] } },
{ "type": "Feature", "properties": { "year": 2025, "level": "ES", "name": "Union Mill" }, "geometry": { "type": "LineString", "coordinates": [ [ -77.40525, 38.83764 ], [ -77.40595, 38.83434 ], [ -77.40562, 38.83257 ], [ -77.39891, 38.82481 ], [ -77.39764, 38.82229 ], [ -77.39744, 38.82044 ], [ -77.39808, 38.80714 ], [ -77.39426, 38.80698 ], [ -77.39391, 38.80797 ], [ -77.39094, 38.80895 ], [ -77.38893, 38.80922 ], [ -77.38808, 38.80985 ], [ -77.38391, 38.81164 ], [ -77.3842, 38.81105 ], [ -77.38366, 38.81003 ], [ -77.38409, 38.80914 ], [ -77.38374, 38.80796 ], [ -77.38308, 38.8073 ], [ -77.38276, 38.80596 ], [ -77.38196, 38.80503 ], [ -77.38125, 38.80477 ], [ -77.38, 38.80357 ], [ -77.38001, 38.80277 ], [ -77.37908, 38.79986 ], [ -77.3785, 38.79922 ], [ -77.37875, 38.79896 ], [ -77.37677, 38.79717 ], [ -77.37563, 38.79684 ], [ -77.37646, 38.79557 ], [ -77.3812, 38.79619 ], [ -77.38111, 38.79497 ], [ -77.3824, 38.79494 ], [ -77.38251, 38.79478 ], [ -77.38316, 38.79271 ], [ -77.38237, 38.79243 ], [ -77.38173, 38.79154 ], [ -77.38055, 38.79054 ], [ -77.38018, 38.79085 ], [ -77.37891, 38.79031 ], [ -77.38042, 38.78755 ], [ -77.3805, 38.7861 ], [ -77.38384, 38.78377 ], [ -77.38303, 38.7827 ], [ -77.38222, 38.78301 ], [ -77.38205, 38.78038 ], [ -77.38131, 38.78039 ], [ -77.38059, 38.77942 ], [ -77.38111, 38.77904 ], [ -77.38074, 38.77872 ], [ -77.38294, 38.77771 ], [ -77.3827, 38.7771 ], [ -77.38154, 38.77536 ], [ -77.37861, 38.77371 ], [ -77.37682, 38.77065 ], [ -77.37842, 38.77013 ], [ -77.3793, 38.76719 ], [ -77.3783, 38.76702 ], [ -77.37922, 38.76384 ], [ -77.37881, 38.7636 ], [ -77.37865, 38.76382 ], [ -77.3761, 38.76331 ], [ -77.37597, 38.76344 ], [ -77.37653, 38.76206 ], [ -77.37649, 38.76148 ], [ -77.37526, 38.75966 ], [ -77.37335, 38.75559 ], [ -77.377, 38.75019 ], [ -77.38012, 38.75067 ], [ -77.37806, 38.74915 ], [ -77.37912, 38.74831 ], [ -77.38318, 38.74739 ], [ -77.38325, 38.74624 ], [ -77.38402, 38.74408 ], [ -77.38609, 38.74332 ], [ -77.38723, 38.74186 ], [ -77.38954, 38.74279 ], [ -77.38993, 38.74343 ], [ -77.3897, 38.74461 ], [ -77.38806, 38.74729 ], [ -77.38794, 38.74835 ], [ -77.38833, 38.74896 ], [ -77.38904, 38.74916 ], [ -77.39174, 38.74918 ], [ -77.39399, 38.74977 ], [ -77.39586, 38.74972 ], [ -77.39795, 38.74919 ], [ -77.39908, 38.75053 ], [ -77.40166, 38.75238 ], [ -77.40242, 38.75236 ], [ -77.40385, 38.75179 ], [ -77.40507, 38.74989 ], [ -77.4046, 38.74803 ], [ -77.40374, 38.74673 ], [ -77.40396, 38.74606 ], [ -77.4074, 38.74602 ], [ -77.40811, 38.74533 ], [ -77.40885, 38.74499 ], [ -77.41106, 38.7447 ], [ -77.41181, 38.74499 ], [ -77.41205, 38.74544 ], [ -77.41192, 38.74695 ], [ -77.41071, 38.74929 ], [ -77.40691, 38.7524 ], [ -77.40638, 38.75331 ], [ -77.40692, 38.75414 ], [ -77.4143, 38.75767 ], [ -77.41564, 38.75792 ], [ -77.41731, 38.76091 ], [ -77.41703, 38.76137 ], [ -77.41528, 38.76217 ], [ -77.41463, 38.7622 ], [ -77.41387, 38.76188 ], [ -77.41339, 38.76199 ], [ -77.41281, 38.7627 ], [ -77.41293, 38.76542 ], [ -77.41388, 38.76633 ], [ -77.41554, 38.76671 ], [ -77.41583, 38.76744 ], [ -77.41513, 38.76979 ], [ -77.4127, 38.77125 ], [ -77.41259, 38.7717 ], [ -77.41724, 38.7745 ], [ -77.41987, 38.7753 ], [ -77.42052, 38.7758 ], [ -77.42146, 38.77604 ], [ -77.42213, 38.77715 ], [ -77.42659, 38.7789 ], [ -77.42985, 38.7811 ], [ -77.43103, 38.78092 ], [ -77.43175, 38.78016 ], [ -77.43246, 38.77983 ], [ -77.43299, 38.77973 ], [ -77.43336, 38.77995 ], [ -77.43358, 38.78084 ], [ -77.43306, 38.787 ], [ -77.43414, 38.78834 ], [ -77.43591, 38.78978 ], [ -77.43673, 38.79102 ], [ -77.43644, 38.79254 ], [ -77.43603, 38.79319 ], [ -77.43547, 38.79323 ], [ -77.43518, 38.79384 ], [ -77.43424, 38.79446 ], [ -77.43412, 38.79486 ], [ -77.43451, 38.79489 ], [ -77.43448, 38.79525 ], [ -77.4356, 38.79621 ], [ -77.43552, 38.79648 ], [ -77.43634, 38.79759 ], [ -77.43622, 38.79913 ], [ -77.43649, 38.79918 ], [ -77.43652, 38.7995 ], [ -77.43621, 38.79988 ], [ -77.43619, 38.80045 ], [ -77.43586, 38.80079 ], [ -77.43434, 38.8011 ], [ -77.43461, 38.80046 ], [ -77.43385, 38.8002 ], [ -77.43241, 38.80131 ], [ -77.43066, 38.80204 ], [ -77.43002, 38.80376 ], [ -77.42966, 38.80397 ], [ -77.42947, 38.80377 ], [ -77.4283, 38.80444 ], [ -77.42938, 38.80543 ], [ -77.42975, 38.80657 ], [ -77.43336, 38.80996 ], [ -77.43299, 38.81032 ], [ -77.43414, 38.81155 ], [ -77.43403, 38.81234 ], [ -77.43371, 38.81278 ], [ -77.43232, 38.81291 ], [ -77.43096, 38.81361 ], [ -77.43035, 38.81565 ], [ -77.43064, 38.81618 ], [ -77.43005, 38.81688 ], [ -77.43005, 38.81773 ], [ -77.42969, 38.81851 ], [ -77.4299, 38.81917 ], [ -77.42841, 38.81947 ], [ -77.42765, 38.81992 ], [ -77.42669, 38.82114 ], [ -77.42675, 38.82201 ], [ -77.42639, 38.82201 ], [ -77.42654, 38.82361 ], [ -77.42593, 38.82478 ], [ -77.42386, 38.82526 ], [ -77.42226, 38.826 ], [ -77.42145, 38.82666 ], [ -77.42791, 38.82948 ], [ -77.42626, 38.83217 ], [ -77.42918, 38.83327 ], [ -77.42862, 38.83419 ], [ -77.4302, 38.83479 ], [ -77.42988, 38.83521 ], [ -77.43065, 38.83555 ], [ -77.43027, 38.83605 ], [ -77.42695, 38.83475 ], [ -77.42711, 38.83452 ], [ -77.42443, 38.83353 ], [ -77.42347, 38.8359 ], [ -77.41916, 38.83497 ], [ -77.41785, 38.83449 ], [ -77.41758, 38.83671 ], [ -77.41545, 38.83907 ], [ -77.40798, 38.8399 ], [ -77.40463, 38.84 ], [ -77.40525, 38.83764 ] ] } },
{ "type": "Feature", "properties": { "year": 2025, "level": "ES", "name": "Vienna" }, "geometry": { "type": "LineString", "coordinates": [ [ -77.25885, 38.9155 ], [ -77.25798, 38.91495 ], [ -77.25776, 38.91443 ], [ -77.25693, 38.91369 ], [ -77.25678, 38.91158 ], [ -77.25604, 38.91102 ], [ -77.25694, 38.91031 ], [ -77.25721, 38.909 ], [ -77.25797, 38.90815 ], [ -77.25779, 38.9075 ], [ -77.25416, 38.91025 ], [ -77.25012, 38.91097 ], [ -77.25002, 38.91066 ], [ -77.24924, 38.91076 ], [ -77.24535, 38.9102 ], [ -77.24442, 38.90946 ], [ -77.2434, 38.90921 ], [ -77.24477, 38.90586 ], [ -77.24423, 38.90603 ], [ -77.24328, 38.90544 ], [ -77.2424, 38.90446 ], [ -77.24166, 38.90448 ], [ -77.24068, 38.904 ], [ -77.24054, 38.90419 ], [ -77.2399, 38.90399 ], [ -77.23943, 38.90423 ], [ -77.23934, 38.9018 ], [ -77.23673, 38.90138 ], [ -77.23779, 38.90099 ], [ -77.23747, 38.90029 ], [ -77.23749, 38.89935 ], [ -77.23892, 38.89946 ], [ -77.23958, 38.89824 ], [ -77.23876, 38.89809 ], [ -77.23959, 38.89637 ], [ -77.24204, 38.8974 ], [ -77.24689, 38.90054 ], [ -77.2488, 38.90119 ], [ -77.25099, 38.90154 ], [ -77.25162, 38.89991 ], [ -77.25489, 38.89738 ], [ -77.25293, 38.89588 ], [ -77.25385, 38.89515 ], [ -77.25422, 38.89544 ], [ -77.25512, 38.89479 ], [ -77.25769, 38.89275 ], [ -77.25758, 38.89263 ], [ -77.25803, 38.89236 ], [ -77.25773, 38.89207 ], [ -77.25808, 38.89182 ], [ -77.25835, 38.89209 ], [ -77.2592, 38.89172 ], [ -77.25899, 38.89137 ], [ -77.25998, 38.89109 ], [ -77.26028, 38.89168 ], [ -77.26087, 38.89142 ], [ -77.26127, 38.89106 ], [ -77.26084, 38.89064 ], [ -77.26157, 38.8902 ], [ -77.26205, 38.89069 ], [ -77.26253, 38.8904 ], [ -77.26292, 38.89078 ], [ -77.26319, 38.89062 ], [ -77.26338, 38.89079 ], [ -77.26425, 38.89172 ], [ -77.264, 38.89186 ], [ -77.26491, 38.89277 ], [ -77.26527, 38.89255 ], [ -77.26551, 38.8928 ], [ -77.26484, 38.89321 ], [ -77.2657, 38.89397 ], [ -77.26805, 38.89231 ], [ -77.26752, 38.8935 ], [ -77.26649, 38.89787 ], [ -77.26748, 38.89977 ], [ -77.2699, 38.90331 ], [ -77.26933, 38.90377 ], [ -77.26946, 38.90404 ], [ -77.27042, 38.9048 ], [ -77.26921, 38.90634 ], [ -77.27129, 38.90817 ], [ -77.27058, 38.90872 ], [ -77.27105, 38.90926 ], [ -77.26913, 38.91074 ], [ -77.26665, 38.90858 ], [ -77.2656, 38.90941 ], [ -77.26527, 38.90915 ], [ -77.25984, 38.91395 ], [ -77.26045, 38.91434 ], [ -77.26012, 38.91441 ], [ -77.26026, 38.91465 ], [ -77.25913, 38.91573 ], [ -77.25885, 38.9155 ] ] } },
{ "type": "Feature", "properties": { "year": 2025, "level": "ES", "name": "Virginia Run" }, "geometry": { "type": "LineString", "coordinates": [ [ -77.44738, 38.88576 ], [ -77.44877, 38.88367 ], [ -77.44936, 38.88199 ], [ -77.44946, 38.8801 ], [ -77.44893, 38.87816 ], [ -77.4513, 38.8793 ], [ -77.45265, 38.87952 ], [ -77.4538, 38.88187 ], [ -77.45847, 38.88543 ], [ -77.46322, 38.88401 ], [ -77.47023, 38.88227 ], [ -77.47101, 38.878 ], [ -77.47254, 38.87544 ], [ -77.47691, 38.87752 ], [ -77.47726, 38.8784 ], [ -77.47863, 38.87832 ], [ -77.4828, 38.87359 ], [ -77.48435, 38.87444 ], [ -77.48925, 38.86886 ], [ -77.48875, 38.86875 ], [ -77.48816, 38.86754 ], [ -77.4873, 38.86739 ], [ -77.48634, 38.86799 ], [ -77.4859, 38.86795 ], [ -77.48537, 38.86713 ], [ -77.48511, 38.866 ], [ -77.48421, 38.86505 ], [ -77.48236, 38.86507 ], [ -77.48101, 38.86461 ], [ -77.48116, 38.86433 ], [ -77.48076, 38.86343 ], [ -77.48151, 38.86294 ], [ -77.48206, 38.86164 ], [ -77.48182, 38.86114 ], [ -77.48134, 38.86116 ], [ -77.48072, 38.86154 ], [ -77.47962, 38.86143 ], [ -77.47857, 38.86023 ], [ -77.47817, 38.8592 ], [ -77.47799, 38.85474 ], [ -77.47727, 38.8501 ], [ -77.475, 38.84612 ], [ -77.47421, 38.84591 ], [ -77.47331, 38.84628 ], [ -77.47262, 38.84798 ], [ -77.47226, 38.84831 ], [ -77.47029, 38.84811 ], [ -77.46837, 38.84733 ], [ -77.46541, 38.84547 ], [ -77.46424, 38.84339 ], [ -77.46339, 38.84246 ], [ -77.46375, 38.84156 ], [ -77.46415, 38.84133 ], [ -77.46481, 38.84141 ], [ -77.46483, 38.841 ], [ -77.46309, 38.84023 ], [ -77.46279, 38.83981 ], [ -77.4632, 38.83919 ], [ -77.46421, 38.83894 ], [ -77.46441, 38.83807 ], [ -77.46364, 38.83692 ], [ -77.46411, 38.83587 ], [ -77.4653, 38.83502 ], [ -77.46596, 38.83412 ], [ -77.46343, 38.83317 ], [ -77.48677, 38.82779 ], [ -77.48865, 38.83113 ], [ -77.48981, 38.83209 ], [ -77.48918, 38.83288 ], [ -77.49195, 38.83806 ], [ -77.48999, 38.84025 ], [ -77.49256, 38.84774 ], [ -77.49469, 38.84402 ], [ -77.49942, 38.84548 ], [ -77.49433, 38.85066 ], [ -77.4985, 38.85212 ], [ -77.49855, 38.85273 ], [ -77.50023, 38.85347 ], [ -77.50229, 38.85513 ], [ -77.50486, 38.85538 ], [ -77.50427, 38.85671 ], [ -77.50454, 38.8617 ], [ -77.50492, 38.86178 ], [ -77.50355, 38.86551 ], [ -77.51487, 38.86775 ], [ -77.51481, 38.8689 ], [ -77.47327, 38.91105 ], [ -77.43953, 38.89744 ], [ -77.44738, 38.88576 ] ] } },
{ "type": "Feature", "properties": { "year": 2025, "level": "ES", "name": "Wakefield Forest" }, "geometry": { "type": "LineString", "coordinates": [ [ -77.22177, 38.82425 ], [ -77.22245, 38.82119 ], [ -77.22208, 38.81802 ], [ -77.2207, 38.81504 ], [ -77.21792, 38.81123 ], [ -77.23489, 38.81094 ], [ -77.23504, 38.81432 ], [ -77.23638, 38.81857 ], [ -77.24357, 38.81884 ], [ -77.24333, 38.82274 ], [ -77.24425, 38.82278 ], [ -77.24558, 38.82409 ], [ -77.24623, 38.82369 ], [ -77.24642, 38.82424 ], [ -77.24794, 38.82361 ], [ -77.2485, 38.82359 ], [ -77.24851, 38.82437 ], [ -77.25008, 38.82435 ], [ -77.25005, 38.82402 ], [ -77.25043, 38.82368 ], [ -77.25126, 38.82386 ], [ -77.25125, 38.82324 ], [ -77.25314, 38.82297 ], [ -77.25313, 38.82256 ], [ -77.25363, 38.82255 ], [ -77.25364, 38.82297 ], [ -77.25434, 38.82311 ], [ -77.25429, 38.82445 ], [ -77.25927, 38.82451 ], [ -77.2587, 38.82599 ], [ -77.25619, 38.83034 ], [ -77.25438, 38.83223 ], [ -77.26104, 38.83317 ], [ -77.25947, 38.83658 ], [ -77.25855, 38.83943 ], [ -77.23462, 38.83618 ], [ -77.22801, 38.83579 ], [ -77.22088, 38.83496 ], [ -77.21822, 38.83432 ], [ -77.21837, 38.83212 ], [ -77.21891, 38.83005 ], [ -77.22177, 38.82425 ] ] } },
{ "type": "Feature", "properties": { "year": 2025, "level": "ES", "name": "Waples Mill" }, "geometry": { "type": "LineString", "coordinates": [ [ -77.35198, 38.90372 ], [ -77.35194, 38.90312 ], [ -77.35089, 38.90323 ], [ -77.35089, 38.90246 ], [ -77.35152, 38.90137 ], [ -77.35072, 38.90081 ], [ -77.35261, 38.90021 ], [ -77.35194, 38.89936 ], [ -77.34924, 38.90064 ], [ -77.34605, 38.90013 ], [ -77.34619, 38.89904 ], [ -77.34422, 38.89983 ], [ -77.34111, 38.89637 ], [ -77.33753, 38.8983 ], [ -77.33504, 38.89616 ], [ -77.32921, 38.8967 ], [ -77.32908, 38.8947 ], [ -77.32818, 38.89457 ], [ -77.3279, 38.89308 ], [ -77.32328, 38.89137 ], [ -77.3204, 38.89294 ], [ -77.31872, 38.89244 ], [ -77.31887, 38.89093 ], [ -77.31806, 38.89035 ], [ -77.31806, 38.88953 ], [ -77.31615, 38.88886 ], [ -77.31805, 38.88685 ], [ -77.31699, 38.88604 ], [ -77.31788, 38.88486 ], [ -77.31683, 38.88408 ], [ -77.3179, 38.88307 ], [ -77.31473, 38.88072 ], [ -77.3124, 38.87969 ], [ -77.31618, 38.87916 ], [ -77.31838, 38.87772 ], [ -77.31931, 38.87868 ], [ -77.32084, 38.87645 ], [ -77.32465, 38.87342 ], [ -77.32206, 38.87298 ], [ -77.323, 38.87116 ], [ -77.32117, 38.87094 ], [ -77.32025, 38.87054 ], [ -77.32082, 38.86944 ], [ -77.31951, 38.86929 ], [ -77.3226, 38.86596 ], [ -77.32877, 38.86488 ], [ -77.32935, 38.86411 ], [ -77.32882, 38.8639 ], [ -77.33333, 38.85643 ], [ -77.34972, 38.86279 ], [ -77.36476, 38.86832 ], [ -77.36616, 38.87147 ], [ -77.36718, 38.87299 ], [ -77.36758, 38.8757 ], [ -77.36856, 38.87864 ], [ -77.36944, 38.87838 ], [ -77.36974, 38.87917 ], [ -77.37081, 38.87886 ], [ -77.37112, 38.87965 ], [ -77.3701, 38.87994 ], [ -77.37029, 38.88033 ], [ -77.37128, 38.88005 ], [ -77.37158, 38.88053 ], [ -77.37088, 38.8812 ], [ -77.37169, 38.88172 ], [ -77.37103, 38.88233 ], [ -77.37035, 38.88188 ], [ -77.3684, 38.88356 ], [ -77.37039, 38.88499 ], [ -77.36725, 38.88778 ], [ -77.36638, 38.88819 ], [ -77.36451, 38.88856 ], [ -77.36371, 38.88843 ], [ -77.36319, 38.88875 ], [ -77.3622, 38.8887 ], [ -77.36172, 38.88926 ], [ -77.36183, 38.89052 ], [ -77.3616, 38.89107 ], [ -77.36069, 38.89182 ], [ -77.37257, 38.88897 ], [ -77.37274, 38.88947 ], [ -77.37119, 38.89107 ], [ -77.37127, 38.89136 ], [ -77.37402, 38.89157 ], [ -77.37396, 38.89187 ], [ -77.3733, 38.89216 ], [ -77.37188, 38.89211 ], [ -77.37182, 38.89232 ], [ -77.37103, 38.89209 ], [ -77.37048, 38.89244 ], [ -77.36935, 38.89255 ], [ -77.36939, 38.89276 ], [ -77.3691, 38.89282 ], [ -77.36842, 38.89255 ], [ -77.36771, 38.89324 ], [ -77.36783, 38.89361 ], [ -77.36683, 38.89427 ], [ -77.36499, 38.89414 ], [ -77.3644, 38.89489 ], [ -77.36374, 38.89518 ], [ -77.36437, 38.89614 ], [ -77.35488, 38.90023 ], [ -77.35617, 38.90202 ], [ -77.35574, 38.90234 ], [ -77.35445, 38.90178 ], [ -77.35242, 38.90308 ], [ -77.35315, 38.90358 ], [ -77.35256, 38.90372 ], [ -77.35199, 38.90417 ], [ -77.35167, 38.90396 ], [ -77.35198, 38.90372 ] ] } },
{ "type": "Feature", "properties": { "year": 2025, "level": "ES", "name": "Washington Mill" }, "geometry": { "type": "LineString", "coordinates": [ [ -77.12366, 38.72148 ], [ -77.1236, 38.72133 ], [ -77.12195, 38.72215 ], [ -77.12091, 38.72089 ], [ -77.12017, 38.71871 ], [ -77.12013, 38.71785 ], [ -77.11822, 38.71838 ], [ -77.10081, 38.7141 ], [ -77.09814, 38.71575 ], [ -77.09615, 38.71615 ], [ -77.09601, 38.71699 ], [ -77.08522, 38.71683 ], [ -77.08387, 38.71777 ], [ -77.08073, 38.71871 ], [ -77.08009, 38.7194 ], [ -77.08009, 38.72058 ], [ -77.07977, 38.72054 ], [ -77.07805, 38.71855 ], [ -77.07675, 38.71949 ], [ -77.07592, 38.71825 ], [ -77.07343, 38.71554 ], [ -77.07339, 38.71332 ], [ -77.07424, 38.71255 ], [ -77.074, 38.71164 ], [ -77.07989, 38.70914 ], [ -77.07993, 38.7089 ], [ -77.08172, 38.70777 ], [ -77.08332, 38.707 ], [ -77.0857, 38.70644 ], [ -77.08835, 38.70509 ], [ -77.08898, 38.70499 ], [ -77.09105, 38.70342 ], [ -77.09256, 38.70299 ], [ -77.09331, 38.70252 ], [ -77.09816, 38.69897 ], [ -77.09964, 38.69838 ], [ -77.10129, 38.69793 ], [ -77.10298, 38.69801 ], [ -77.10445, 38.69715 ], [ -77.10498, 38.69709 ], [ -77.11194, 38.69823 ], [ -77.11893, 38.70002 ], [ -77.11985, 38.6985 ], [ -77.12177, 38.69923 ], [ -77.12032, 38.70155 ], [ -77.12047, 38.70285 ], [ -77.12085, 38.70329 ], [ -77.12238, 38.70406 ], [ -77.12391, 38.70554 ], [ -77.12669, 38.70501 ], [ -77.12721, 38.70537 ], [ -77.12793, 38.70549 ], [ -77.12579, 38.70823 ], [ -77.12539, 38.70907 ], [ -77.1271, 38.70963 ], [ -77.12842, 38.71043 ], [ -77.12934, 38.71128 ], [ -77.13003, 38.71238 ], [ -77.13123, 38.71193 ], [ -77.13322, 38.71209 ], [ -77.13432, 38.7117 ], [ -77.13571, 38.71205 ], [ -77.13704, 38.71151 ], [ -77.13746, 38.71336 ], [ -77.13979, 38.71335 ], [ -77.1398, 38.7139 ], [ -77.1404, 38.7139 ], [ -77.14102, 38.71519 ], [ -77.1396, 38.71608 ], [ -77.13653, 38.72315 ], [ -77.13095, 38.72753 ], [ -77.12618, 38.72881 ], [ -77.12471, 38.72376 ], [ -77.12366, 38.72148 ] ] } },
{ "type": "Feature", "properties": { "year": 2025, "level": "ES", "name": "Waynewood" }, "geometry": { "type": "LineString", "coordinates": [ [ -77.04971, 38.75389 ], [ -77.04987, 38.75198 ], [ -77.04918, 38.75022 ], [ -77.04639, 38.751 ], [ -77.04641, 38.75065 ], [ -77.04699, 38.7505 ], [ -77.04737, 38.74965 ], [ -77.04796, 38.75013 ], [ -77.0478, 38.74949 ], [ -77.04736, 38.7492 ], [ -77.04628, 38.74735 ], [ -77.04485, 38.74564 ], [ -77.04466, 38.74504 ], [ -77.04377, 38.74456 ], [ -77.04408, 38.74419 ], [ -77.04343, 38.74378 ], [ -77.04256, 38.74276 ], [ -77.04225, 38.74088 ], [ -77.04334, 38.7391 ], [ -77.04154, 38.73683 ], [ -77.04146, 38.72613 ], [ -77.04305, 38.71909 ], [ -77.04353, 38.719 ], [ -77.04452, 38.71939 ], [ -77.04462, 38.71832 ], [ -77.045, 38.71759 ], [ -77.04661, 38.71645 ], [ -77.04806, 38.71663 ], [ -77.0507, 38.71769 ], [ -77.06143, 38.7193 ], [ -77.06019, 38.72418 ], [ -77.05851, 38.72624 ], [ -77.05568, 38.73335 ], [ -77.06843, 38.73653 ], [ -77.06857, 38.73705 ], [ -77.06896, 38.73695 ], [ -77.06926, 38.73865 ], [ -77.06945, 38.74391 ], [ -77.06904, 38.7431 ], [ -77.06752, 38.74307 ], [ -77.06645, 38.7435 ], [ -77.06515, 38.74322 ], [ -77.06466, 38.7435 ], [ -77.06448, 38.74374 ], [ -77.06482, 38.74402 ], [ -77.06312, 38.74486 ], [ -77.0636, 38.7457 ], [ -77.06455, 38.74569 ], [ -77.0646, 38.74593 ], [ -77.0636, 38.74595 ], [ -77.06362, 38.74641 ], [ -77.06463, 38.74642 ], [ -77.06485, 38.74696 ], [ -77.06361, 38.74699 ], [ -77.06387, 38.74801 ], [ -77.05727, 38.75258 ], [ -77.05727, 38.75298 ], [ -77.05261, 38.7531 ], [ -77.05254, 38.75349 ], [ -77.05194, 38.75285 ], [ -77.05151, 38.75303 ], [ -77.05144, 38.75387 ], [ -77.05045, 38.75373 ], [ -77.05039, 38.75402 ], [ -77.04971, 38.75389 ] ] } },
{ "type": "Feature", "properties": { "year": 2025, "level": "ES", "name": "West Springfield" }, "geometry": { "type": "LineString", "coordinates": [ [ -77.2094, 38.77427 ], [ -77.20646, 38.77446 ], [ -77.20345, 38.77531 ], [ -77.20336, 38.77474 ], [ -77.2038, 38.77452 ], [ -77.20381, 38.77404 ], [ -77.20299, 38.77348 ], [ -77.20295, 38.77284 ], [ -77.20378, 38.77116 ], [ -77.2043, 38.77108 ], [ -77.2056, 38.77028 ], [ -77.20705, 38.76828 ], [ -77.20736, 38.76751 ], [ -77.20695, 38.76607 ], [ -77.20701, 38.76539 ], [ -77.20828, 38.76387 ], [ -77.20882, 38.76236 ], [ -77.20809, 38.76185 ], [ -77.21075, 38.76063 ], [ -77.21479, 38.7599 ], [ -77.21728, 38.75906 ], [ -77.22063, 38.76173 ], [ -77.22133, 38.76319 ], [ -77.22166, 38.76471 ], [ -77.22237, 38.76577 ], [ -77.22628, 38.76839 ], [ -77.2293, 38.76932 ], [ -77.23174, 38.7708 ], [ -77.23199, 38.77124 ], [ -77.23196, 38.77232 ], [ -77.23144, 38.77548 ], [ -77.23339, 38.77928 ], [ -77.22692, 38.7806 ], [ -77.22428, 38.78045 ], [ -77.22186, 38.77949 ], [ -77.21899, 38.77732 ], [ -77.21757, 38.77657 ], [ -77.21292, 38.77482 ], [ -77.2094, 38.77427 ] ] } },
{ "type": "Feature", "properties": { "year": 2025, "level": "ES", "name": "Westbriar" }, "geometry": { "type": "MultiLineString", "coordinates": [ [ [ -77.24157, 38.9291 ], [ -77.23649, 38.92387 ], [ -77.23233, 38.92588 ], [ -77.2283, 38.92847 ], [ -77.22646, 38.9288 ], [ -77.22477, 38.92867 ], [ -77.2233, 38.92813 ], [ -77.2179, 38.92442 ], [ -77.21776, 38.9238 ], [ -77.21881, 38.92298 ], [ -77.22179, 38.92207 ], [ -77.22171, 38.92032 ], [ -77.21924, 38.92061 ], [ -77.21611, 38.92182 ], [ -77.21764, 38.91648 ], [ -77.21788, 38.91063 ], [ -77.22525, 38.91483 ], [ -77.23136, 38.919 ], [ -77.23459, 38.91746 ], [ -77.24046, 38.91537 ], [ -77.25012, 38.91097 ], [ -77.25439, 38.91015 ], [ -77.25789, 38.90757 ], [ -77.25797, 38.90815 ], [ -77.25721, 38.909 ], [ -77.25694, 38.91031 ], [ -77.25604, 38.91102 ], [ -77.25678, 38.91158 ], [ -77.25693, 38.91369 ], [ -77.25776, 38.91443 ], [ -77.25798, 38.91495 ], [ -77.25944, 38.91587 ], [ -77.25991, 38.91603 ], [ -77.26041, 38.91587 ], [ -77.26093, 38.9163 ], [ -77.26083, 38.91647 ], [ -77.26149, 38.91667 ], [ -77.26158, 38.91736 ], [ -77.26198, 38.91743 ], [ -77.26186, 38.91787 ], [ -77.26217, 38.91775 ], [ -77.26242, 38.91811 ], [ -77.26272, 38.91811 ], [ -77.26438, 38.92011 ], [ -77.26508, 38.92146 ], [ -77.26525, 38.92252 ], [ -77.2639, 38.92515 ], [ -77.26538, 38.92587 ], [ -77.26437, 38.92737 ], [ -77.26432, 38.92831 ], [ -77.25979, 38.9305 ], [ -77.25897, 38.92948 ], [ -77.25838, 38.93001 ], [ -77.25805, 38.929 ], [ -77.25327, 38.93071 ], [ -77.25257, 38.9294 ], [ -77.25184, 38.92963 ], [ -77.25157, 38.92914 ], [ -77.25104, 38.92931 ], [ -77.25106, 38.93059 ], [ -77.25171, 38.93098 ], [ -77.25259, 38.93257 ], [ -77.24647, 38.93414 ], [ -77.24157, 38.9291 ] ], [ [ -77.27638, 38.95736 ], [ -77.27868, 38.95446 ], [ -77.28194, 38.95218 ], [ -77.2838, 38.95153 ], [ -77.28449, 38.95072 ], [ -77.28309, 38.9502 ], [ -77.28159, 38.95042 ], [ -77.28098, 38.94956 ], [ -77.28143, 38.94777 ], [ -77.28001, 38.94737 ], [ -77.2798, 38.94773 ], [ -77.2795, 38.94772 ], [ -77.27956, 38.9472 ], [ -77.27927, 38.94698 ], [ -77.27946, 38.94646 ], [ -77.27821, 38.94657 ], [ -77.27782, 38.94632 ], [ -77.27655, 38.94627 ], [ -77.27618, 38.94602 ], [ -77.27618, 38.94529 ], [ -77.27577, 38.94504 ], [ -77.27565, 38.94449 ], [ -77.27469, 38.9445 ], [ -77.27373, 38.94415 ], [ -77.27287, 38.94314 ], [ -77.27283, 38.94265 ], [ -77.27235, 38.94279 ], [ -77.27253, 38.9421 ], [ -77.27185, 38.94166 ], [ -77.27265, 38.94047 ], [ -77.27604, 38.94156 ], [ -77.28244, 38.94207 ], [ -77.28626, 38.94276 ], [ -77.28833, 38.94344 ], [ -77.29397, 38.94586 ], [ -77.29804, 38.94708 ], [ -77.29834, 38.95532 ], [ -77.29501, 38.95498 ], [ -77.29326, 38.95454 ], [ -77.29204, 38.95398 ], [ -77.29136, 38.95326 ], [ -77.29053, 38.95369 ], [ -77.29031, 38.95398 ], [ -77.291, 38.95764 ], [ -77.29157, 38.95784 ], [ -77.29124, 38.95877 ], [ -77.29153, 38.95932 ], [ -77.29068, 38.95969 ], [ -77.28726, 38.95976 ], [ -77.28535, 38.95911 ], [ -77.28529, 38.95817 ], [ -77.28484, 38.95817 ], [ -77.28485, 38.95861 ], [ -77.28415, 38.95847 ], [ -77.28321, 38.95929 ], [ -77.28046, 38.95907 ], [ -77.28128, 38.95791 ], [ -77.27877, 38.95738 ], [ -77.27792, 38.95852 ], [ -77.27787, 38.95895 ], [ -77.27697, 38.95969 ], [ -77.27467, 38.95803 ], [ -77.27638, 38.95736 ] ] ] } },
{ "type": "Feature", "properties": { "year": 2025, "level": "ES", "name": "Westgate" }, "geometry": { "type": "LineString", "coordinates": [ [ -77.19079, 38.91511 ], [ -77.19015, 38.91446 ], [ -77.19123, 38.9143 ], [ -77.19204, 38.91457 ], [ -77.19286, 38.91424 ], [ -77.19295, 38.91389 ], [ -77.19655, 38.91296 ], [ -77.19752, 38.91493 ], [ -77.20077, 38.91427 ], [ -77.19963, 38.91199 ], [ -77.20081, 38.91148 ], [ -77.20159, 38.91007 ], [ -77.20187, 38.91017 ], [ -77.20211, 38.90972 ], [ -77.20328, 38.91006 ], [ -77.2035, 38.90966 ], [ -77.20309, 38.90953 ], [ -77.20334, 38.90884 ], [ -77.20458, 38.90785 ], [ -77.2039, 38.90733 ], [ -77.20598, 38.90555 ], [ -77.20761, 38.90672 ], [ -77.21353, 38.90825 ], [ -77.21788, 38.91063 ], [ -77.21789, 38.91411 ], [ -77.21746, 38.91738 ], [ -77.21602, 38.92204 ], [ -77.21423, 38.92601 ], [ -77.21425, 38.92994 ], [ -77.21385, 38.93114 ], [ -77.21309, 38.93224 ], [ -77.2017, 38.92809 ], [ -77.1991, 38.92649 ], [ -77.19773, 38.92507 ], [ -77.19219, 38.9167 ], [ -77.19079, 38.91511 ] ] } },
{ "type": "Feature", "properties": { "year": 2025, "level": "ES", "name": "Westlawn" }, "geometry": { "type": "LineString", "coordinates": [ [ -77.17542, 38.86566 ], [ -77.17727, 38.86227 ], [ -77.17879, 38.86097 ], [ -77.17877, 38.85876 ], [ -77.17924, 38.85806 ], [ -77.1801, 38.85772 ], [ -77.1865, 38.85683 ], [ -77.18954, 38.85586 ], [ -77.19309, 38.85395 ], [ -77.19718, 38.85336 ], [ -77.19665, 38.85454 ], [ -77.19822, 38.85489 ], [ -77.199, 38.85555 ], [ -77.19984, 38.8542 ], [ -77.20034, 38.85382 ], [ -77.20161, 38.8534 ], [ -77.20373, 38.85367 ], [ -77.2054, 38.85406 ], [ -77.20557, 38.85445 ], [ -77.20684, 38.8548 ], [ -77.20701, 38.85499 ], [ -77.20677, 38.85588 ], [ -77.20722, 38.85585 ], [ -77.20805, 38.8563 ], [ -77.21013, 38.8566 ], [ -77.21174, 38.85739 ], [ -77.21196, 38.85769 ], [ -77.21444, 38.85808 ], [ -77.21568, 38.8578 ], [ -77.21573, 38.85735 ], [ -77.21595, 38.85765 ], [ -77.22018, 38.85766 ], [ -77.22032, 38.86571 ], [ -77.19484, 38.86624 ], [ -77.17464, 38.86962 ], [ -77.17472, 38.86687 ], [ -77.17542, 38.86566 ] ] } },
{ "type": "Feature", "properties": { "year": 2025, "level": "ES", "name": "Weyanoke" }, "geometry": { "type": "LineString", "coordinates": [ [ -77.14991, 38.81952 ], [ -77.14437, 38.81867 ], [ -77.14116, 38.81741 ], [ -77.14355, 38.81429 ], [ -77.14368, 38.81339 ], [ -77.15194, 38.80976 ], [ -77.15809, 38.80616 ], [ -77.15864, 38.80661 ], [ -77.15934, 38.80642 ], [ -77.15919, 38.80832 ], [ -77.16001, 38.80885 ], [ -77.16024, 38.80833 ], [ -77.16137, 38.80862 ], [ -77.16173, 38.80935 ], [ -77.16277, 38.80829 ], [ -77.16272, 38.80887 ], [ -77.16317, 38.80882 ], [ -77.16319, 38.80919 ], [ -77.16385, 38.80963 ], [ -77.16445, 38.81106 ], [ -77.1653, 38.81187 ], [ -77.16599, 38.81211 ], [ -77.1667, 38.81314 ], [ -77.16713, 38.81309 ], [ -77.16714, 38.81371 ], [ -77.16843, 38.81426 ], [ -77.16819, 38.81465 ], [ -77.16945, 38.81535 ], [ -77.17005, 38.81474 ], [ -77.17085, 38.81319 ], [ -77.17181, 38.81226 ], [ -77.17298, 38.81199 ], [ -77.17515, 38.81188 ], [ -77.17599, 38.8198 ], [ -77.17689, 38.81974 ], [ -77.17698, 38.82057 ], [ -77.17564, 38.82065 ], [ -77.17693, 38.82219 ], [ -77.17415, 38.8253 ], [ -77.15581, 38.82078 ], [ -77.14991, 38.81952 ] ] } },
{ "type": "Feature", "properties": { "year": 2025, "level": "ES", "name": "White Oaks" }, "geometry": { "type": "LineString", "coordinates": [ [ -77.27054, 38.79019 ], [ -77.26972, 38.78909 ], [ -77.26979, 38.78848 ], [ -77.26867, 38.78821 ], [ -77.26569, 38.78688 ], [ -77.26506, 38.78642 ], [ -77.26267, 38.78545 ], [ -77.262, 38.78482 ], [ -77.25881, 38.78514 ], [ -77.25781, 38.78453 ], [ -77.25599, 38.78455 ], [ -77.25394, 38.78395 ], [ -77.25846, 38.77871 ], [ -77.25894, 38.77912 ], [ -77.25976, 38.77815 ], [ -77.25958, 38.77802 ], [ -77.26274, 38.77424 ], [ -77.26374, 38.77202 ], [ -77.26767, 38.76535 ], [ -77.26782, 38.7653 ], [ -77.26765, 38.76603 ], [ -77.26969, 38.76831 ], [ -77.26937, 38.76858 ], [ -77.27005, 38.77053 ], [ -77.27194, 38.77007 ], [ -77.27173, 38.77103 ], [ -77.27615, 38.77752 ], [ -77.27678, 38.77968 ], [ -77.27795, 38.78225 ], [ -77.28157, 38.78525 ], [ -77.28374, 38.78649 ], [ -77.2839, 38.78753 ], [ -77.28153, 38.78744 ], [ -77.28162, 38.78798 ], [ -77.27838, 38.78783 ], [ -77.27828, 38.78884 ], [ -77.27652, 38.78864 ], [ -77.27597, 38.78956 ], [ -77.28432, 38.78996 ], [ -77.28569, 38.79818 ], [ -77.27762, 38.79851 ], [ -77.27622, 38.79816 ], [ -77.27279, 38.79666 ], [ -77.27341, 38.79545 ], [ -77.27347, 38.79264 ], [ -77.27138, 38.79132 ], [ -77.27054, 38.79019 ] ] } },
{ "type": "Feature", "properties": { "year": 2025, "level": "ES", "name": "Willow Springs" }, "geometry": { "type": "MultiLineString", "coordinates": [ [ [ -77.36676, 38.84537 ], [ -77.36302, 38.83718 ], [ -77.36372, 38.83704 ], [ -77.3639, 38.83629 ], [ -77.36293, 38.83414 ], [ -77.36365, 38.83319 ], [ -77.36215, 38.82998 ], [ -77.36211, 38.829 ], [ -77.36258, 38.82863 ], [ -77.36281, 38.82764 ], [ -77.36261, 38.82701 ], [ -77.36297, 38.82614 ], [ -77.36226, 38.82588 ], [ -77.36175, 38.82524 ], [ -77.36203, 38.82492 ], [ -77.3633, 38.82493 ], [ -77.36253, 38.82102 ], [ -77.36385, 38.81984 ], [ -77.36342, 38.81877 ], [ -77.36663, 38.81806 ], [ -77.36607, 38.81797 ], [ -77.36595, 38.81754 ], [ -77.36481, 38.8164 ], [ -77.36481, 38.81613 ], [ -77.3655, 38.81552 ], [ -77.36604, 38.81416 ], [ -77.36603, 38.81339 ], [ -77.36487, 38.8125 ], [ -77.36483, 38.81175 ], [ -77.36414, 38.81103 ], [ -77.36357, 38.81096 ], [ -77.36298, 38.80971 ], [ -77.36301, 38.80866 ], [ -77.36139, 38.80801 ], [ -77.37104, 38.80474 ], [ -77.3718, 38.80626 ], [ -77.37468, 38.80536 ], [ -77.37495, 38.80432 ], [ -77.37501, 38.80122 ], [ -77.37539, 38.79969 ], [ -77.37512, 38.79825 ], [ -77.37563, 38.79684 ], [ -77.37677, 38.79717 ], [ -77.37875, 38.79896 ], [ -77.3785, 38.79922 ], [ -77.37908, 38.79986 ], [ -77.38001, 38.80277 ], [ -77.38, 38.80357 ], [ -77.38125, 38.80477 ], [ -77.38196, 38.80503 ], [ -77.38276, 38.80596 ], [ -77.38308, 38.8073 ], [ -77.38374, 38.80796 ], [ -77.38409, 38.80914 ], [ -77.38366, 38.81003 ], [ -77.3842, 38.81105 ], [ -77.38391, 38.81164 ], [ -77.38808, 38.80985 ], [ -77.38893, 38.80922 ], [ -77.39094, 38.80895 ], [ -77.39391, 38.80797 ], [ -77.39426, 38.80698 ], [ -77.39808, 38.80714 ], [ -77.39744, 38.82044 ], [ -77.39764, 38.82229 ], [ -77.39891, 38.82481 ], [ -77.40555, 38.83246 ], [ -77.40598, 38.83389 ], [ -77.40584, 38.83504 ], [ -77.40463, 38.84 ], [ -77.39717, 38.84035 ], [ -77.36733, 38.84662 ], [ -77.36676, 38.84537 ] ], [ [ -77.34106, 38.85424 ], [ -77.34085, 38.85452 ], [ -77.33919, 38.85402 ], [ -77.3381, 38.85393 ], [ -77.33823, 38.85309 ], [ -77.33931, 38.8532 ], [ -77.33942, 38.85268 ], [ -77.33991, 38.85262 ], [ -77.3396, 38.8508 ], [ -77.35249, 38.84913 ], [ -77.3529, 38.85071 ], [ -77.35021, 38.85228 ], [ -77.34742, 38.85288 ], [ -77.34527, 38.85371 ], [ -77.34458, 38.85375 ], [ -77.34286, 38.85559 ], [ -77.34191, 38.85533 ], [ -77.34227, 38.85443 ], [ -77.34106, 38.85424 ] ] ] } },
{ "type": "Feature", "properties": { "year": 2025, "level": "ES", "name": "Wolftrap" }, "geometry": { "type": "LineString", "coordinates": [ [ -77.28344, 38.94221 ], [ -77.27671, 38.94166 ], [ -77.27408, 38.94107 ], [ -77.27125, 38.93961 ], [ -77.26596, 38.93498 ], [ -77.26352, 38.9335 ], [ -77.26101, 38.93262 ], [ -77.25836, 38.93218 ], [ -77.2557, 38.93214 ], [ -77.25259, 38.93257 ], [ -77.25171, 38.93098 ], [ -77.25106, 38.93059 ], [ -77.25098, 38.92933 ], [ -77.25157, 38.92914 ], [ -77.25184, 38.92963 ], [ -77.25257, 38.9294 ], [ -77.25327, 38.93071 ], [ -77.25805, 38.929 ], [ -77.25838, 38.93001 ], [ -77.25897, 38.92948 ], [ -77.25979, 38.9305 ], [ -77.26432, 38.92831 ], [ -77.26437, 38.92737 ], [ -77.26538, 38.92587 ], [ -77.2639, 38.92515 ], [ -77.26525, 38.92252 ], [ -77.26508, 38.92146 ], [ -77.26438, 38.92011 ], [ -77.26272, 38.91811 ], [ -77.26242, 38.91811 ], [ -77.26217, 38.91775 ], [ -77.26186, 38.91787 ], [ -77.26198, 38.91743 ], [ -77.26158, 38.91736 ], [ -77.26149, 38.91667 ], [ -77.26083, 38.91647 ], [ -77.26093, 38.9163 ], [ -77.26041, 38.91587 ], [ -77.25991, 38.91603 ], [ -77.25913, 38.91573 ], [ -77.26026, 38.91465 ], [ -77.26012, 38.91441 ], [ -77.26045, 38.91434 ], [ -77.25984, 38.91395 ], [ -77.26241, 38.91148 ], [ -77.26264, 38.91127 ], [ -77.26287, 38.91142 ], [ -77.26357, 38.91074 ], [ -77.26341, 38.91063 ], [ -77.26527, 38.90915 ], [ -77.2656, 38.90941 ], [ -77.26665, 38.90858 ], [ -77.26913, 38.91074 ], [ -77.27105, 38.90926 ], [ -77.27058, 38.90872 ], [ -77.27129, 38.90817 ], [ -77.27883, 38.91489 ], [ -77.28297, 38.91763 ], [ -77.284, 38.91862 ], [ -77.28526, 38.92036 ], [ -77.28726, 38.92453 ], [ -77.28886, 38.92636 ], [ -77.29093, 38.92771 ], [ -77.29865, 38.93127 ], [ -77.29838, 38.93142 ], [ -77.29803, 38.93129 ], [ -77.29726, 38.93172 ], [ -77.29616, 38.93174 ], [ -77.29531, 38.93282 ], [ -77.29541, 38.93322 ], [ -77.29376, 38.93348 ], [ -77.29397, 38.9342 ], [ -77.29335, 38.93531 ], [ -77.29398, 38.93576 ], [ -77.29434, 38.93571 ], [ -77.29469, 38.93651 ], [ -77.29544, 38.93687 ], [ -77.29562, 38.93724 ], [ -77.29715, 38.93795 ], [ -77.29731, 38.93854 ], [ -77.29823, 38.93936 ], [ -77.2983, 38.94012 ], [ -77.29742, 38.94017 ], [ -77.29624, 38.94196 ], [ -77.29537, 38.94167 ], [ -77.29492, 38.94244 ], [ -77.29404, 38.94231 ], [ -77.29398, 38.94275 ], [ -77.29344, 38.94293 ], [ -77.2934, 38.94378 ], [ -77.29291, 38.94423 ], [ -77.29294, 38.94546 ], [ -77.28758, 38.94316 ], [ -77.28344, 38.94221 ] ] } },
{ "type": "Feature", "properties": { "year": 2025, "level": "ES", "name": "Woodburn" }, "geometry": { "type": "LineString", "coordinates": [ [ -77.21408, 38.85803 ], [ -77.21196, 38.85769 ], [ -77.21174, 38.85739 ], [ -77.21013, 38.8566 ], [ -77.20805, 38.8563 ], [ -77.20722, 38.85585 ], [ -77.20677, 38.85588 ], [ -77.20701, 38.85499 ], [ -77.20684, 38.8548 ], [ -77.20557, 38.85445 ], [ -77.2054, 38.85406 ], [ -77.2038, 38.85368 ], [ -77.20161, 38.8534 ], [ -77.20034, 38.85382 ], [ -77.19984, 38.8542 ], [ -77.199, 38.85555 ], [ -77.19822, 38.85489 ], [ -77.19665, 38.85454 ], [ -77.19718, 38.85336 ], [ -77.19902, 38.85266 ], [ -77.20127, 38.85084 ], [ -77.20212, 38.84748 ], [ -77.20369, 38.84536 ], [ -77.20644, 38.84243 ], [ -77.20831, 38.83904 ], [ -77.20659, 38.83861 ], [ -77.20639, 38.83916 ], [ -77.20337, 38.83846 ], [ -77.20394, 38.83696 ], [ -77.20211, 38.83629 ], [ -77.20422, 38.83175 ], [ -77.21234, 38.83286 ], [ -77.21822, 38.83432 ], [ -77.2184, 38.83611 ], [ -77.21948, 38.84003 ], [ -77.2201, 38.84368 ], [ -77.22018, 38.85766 ], [ -77.21595, 38.85765 ], [ -77.21573, 38.85735 ], [ -77.21568, 38.8578 ], [ -77.21408, 38.85803 ] ] } },
{ "type": "Feature", "properties": { "year": 2025, "level": "ES", "name": "Woodlawn" }, "geometry": { "type": "LineString", "coordinates": [ [ -77.12013, 38.7626 ], [ -77.09108, 38.75987 ], [ -77.09139, 38.75784 ], [ -77.0941, 38.74746 ], [ -77.10942, 38.74451 ], [ -77.1088, 38.74252 ], [ -77.10809, 38.74265 ], [ -77.10742, 38.7402 ], [ -77.10398, 38.73499 ], [ -77.10464, 38.73413 ], [ -77.10507, 38.73442 ], [ -77.10548, 38.73403 ], [ -77.10678, 38.73495 ], [ -77.10714, 38.73463 ], [ -77.10936, 38.73619 ], [ -77.10993, 38.73602 ], [ -77.10901, 38.73311 ], [ -77.11073, 38.73268 ], [ -77.10989, 38.72987 ], [ -77.1124, 38.72868 ], [ -77.11191, 38.72708 ], [ -77.1236, 38.72133 ], [ -77.12471, 38.72376 ], [ -77.12618, 38.72881 ], [ -77.12237, 38.72974 ], [ -77.12496, 38.7379 ], [ -77.12653, 38.73752 ], [ -77.12758, 38.74078 ], [ -77.13224, 38.73984 ], [ -77.13288, 38.74125 ], [ -77.13217, 38.74257 ], [ -77.12831, 38.74603 ], [ -77.12595, 38.74581 ], [ -77.12246, 38.74939 ], [ -77.12262, 38.75019 ], [ -77.12192, 38.75322 ], [ -77.12203, 38.75439 ], [ -77.12307, 38.75544 ], [ -77.12309, 38.75608 ], [ -77.12393, 38.75634 ], [ -77.12393, 38.75673 ], [ -77.1236, 38.75676 ], [ -77.12378, 38.75704 ], [ -77.12347, 38.75719 ], [ -77.12366, 38.75729 ], [ -77.12354, 38.75769 ], [ -77.12292, 38.75807 ], [ -77.12231, 38.75958 ], [ -77.12234, 38.7605 ], [ -77.12187, 38.76072 ], [ -77.12185, 38.76105 ], [ -77.1214, 38.76111 ], [ -77.12139, 38.76137 ], [ -77.12043, 38.76203 ], [ -77.12038, 38.76232 ], [ -77.12014, 38.76224 ], [ -77.12013, 38.7626 ] ] } },
{ "type": "Feature", "properties": { "year": 2025, "level": "ES", "name": "Woodley Hills" }, "geometry": { "type": "LineString", "coordinates": [ [ -77.09606, 38.73371 ], [ -77.09562, 38.73358 ], [ -77.09548, 38.73387 ], [ -77.09465, 38.73374 ], [ -77.09468, 38.73311 ], [ -77.09616, 38.73338 ], [ -77.0964, 38.73261 ], [ -77.09616, 38.7325 ], [ -77.09625, 38.73217 ], [ -77.09704, 38.73231 ], [ -77.09766, 38.73061 ], [ -77.09688, 38.73046 ], [ -77.09696, 38.73016 ], [ -77.09774, 38.7303 ], [ -77.09794, 38.72962 ], [ -77.09763, 38.72956 ], [ -77.09777, 38.72913 ], [ -77.09849, 38.72928 ], [ -77.09807, 38.72859 ], [ -77.09856, 38.72835 ], [ -77.09862, 38.72802 ], [ -77.09986, 38.72771 ], [ -77.09988, 38.72704 ], [ -77.1014, 38.72732 ], [ -77.10158, 38.72672 ], [ -77.10094, 38.7266 ], [ -77.10129, 38.72547 ], [ -77.09682, 38.72462 ], [ -77.0966, 38.72532 ], [ -77.09609, 38.72522 ], [ -77.09586, 38.72594 ], [ -77.09456, 38.72571 ], [ -77.09494, 38.72396 ], [ -77.09107, 38.72401 ], [ -77.0915, 38.72713 ], [ -77.09093, 38.72706 ], [ -77.09026, 38.72269 ], [ -77.08195, 38.72429 ], [ -77.08107, 38.72306 ], [ -77.0811, 38.72148 ], [ -77.08009, 38.72058 ], [ -77.08009, 38.7194 ], [ -77.08073, 38.71871 ], [ -77.08387, 38.71777 ], [ -77.08522, 38.71683 ], [ -77.09601, 38.71699 ], [ -77.09615, 38.71615 ], [ -77.09814, 38.71575 ], [ -77.10081, 38.7141 ], [ -77.11822, 38.71838 ], [ -77.12013, 38.71785 ], [ -77.12017, 38.71871 ], [ -77.12091, 38.72089 ], [ -77.12195, 38.72215 ], [ -77.11191, 38.72708 ], [ -77.1124, 38.72868 ], [ -77.10989, 38.72987 ], [ -77.10942, 38.72832 ], [ -77.09652, 38.73516 ], [ -77.0965, 38.73421 ], [ -77.09591, 38.73401 ], [ -77.09606, 38.73371 ] ] } },
{ "type": "Feature", "properties": { "year": 2025, "level": "ES", "name": "Beech Tree" }, "geometry": { "type": "LineString", "coordinates": [ [ -77.17396, 38.86718 ], [ -77.17432, 38.86671 ], [ -77.174, 38.86653 ], [ -77.17469, 38.86603 ], [ -77.17489, 38.8655 ], [ -77.17459, 38.86537 ], [ -77.17495, 38.86468 ], [ -77.17577, 38.86372 ], [ -77.17603, 38.86381 ], [ -77.17646, 38.86293 ], [ -77.17616, 38.86286 ], [ -77.17636, 38.86155 ], [ -77.17699, 38.86132 ], [ -77.17678, 38.85871 ], [ -77.17635, 38.85874 ], [ -77.17581, 38.85842 ], [ -77.17456, 38.85925 ], [ -77.17362, 38.85821 ], [ -77.17281, 38.85826 ], [ -77.17283, 38.85549 ], [ -77.17292, 38.85501 ], [ -77.1732, 38.855 ], [ -77.17315, 38.85433 ], [ -77.17695, 38.8541 ], [ -77.17667, 38.85114 ], [ -77.17152, 38.85155 ], [ -77.17192, 38.85094 ], [ -77.17242, 38.85101 ], [ -77.1724, 38.85064 ], [ -77.17368, 38.85026 ], [ -77.17356, 38.85014 ], [ -77.17444, 38.8491 ], [ -77.175, 38.84912 ], [ -77.17502, 38.84849 ], [ -77.1754, 38.84845 ], [ -77.17546, 38.84778 ], [ -77.1781, 38.84745 ], [ -77.178, 38.8467 ], [ -77.18207, 38.84699 ], [ -77.18309, 38.84729 ], [ -77.18312, 38.84756 ], [ -77.18435, 38.84774 ], [ -77.18553, 38.84758 ], [ -77.18555, 38.84718 ], [ -77.18801, 38.84761 ], [ -77.18922, 38.84754 ], [ -77.18937, 38.84814 ], [ -77.18966, 38.84846 ], [ -77.19015, 38.8485 ], [ -77.19065, 38.84929 ], [ -77.19104, 38.84921 ], [ -77.19204, 38.84983 ], [ -77.19273, 38.84971 ], [ -77.19287, 38.85401 ], [ -77.18954, 38.85586 ], [ -77.18679, 38.85675 ], [ -77.17991, 38.85776 ], [ -77.17894, 38.85838 ], [ -77.17879, 38.86097 ], [ -77.17721, 38.86235 ], [ -77.17467, 38.86715 ], [ -77.17464, 38.86962 ], [ -77.17762, 38.86912 ], [ -77.17784, 38.86953 ], [ -77.17824, 38.8707 ], [ -77.17788, 38.87387 ], [ -77.17448, 38.87406 ], [ -77.17437, 38.87615 ], [ -77.17335, 38.87771 ], [ -77.17325, 38.87861 ], [ -77.15826, 38.87313 ], [ -77.15805, 38.87342 ], [ -77.15747, 38.87345 ], [ -77.15841, 38.87424 ], [ -77.15827, 38.87439 ], [ -77.15555, 38.87248 ], [ -77.15525, 38.87271 ], [ -77.15396, 38.87272 ], [ -77.15132, 38.87349 ], [ -77.14982, 38.8734 ], [ -77.1497, 38.87561 ], [ -77.14672, 38.8733 ], [ -77.14979, 38.87332 ], [ -77.14999, 38.87186 ], [ -77.14839, 38.87146 ], [ -77.14869, 38.8711 ], [ -77.14917, 38.87126 ], [ -77.14962, 38.87094 ], [ -77.15017, 38.87 ], [ -77.15495, 38.87195 ], [ -77.15581, 38.87197 ], [ -77.166, 38.86027 ], [ -77.16787, 38.86118 ], [ -77.17, 38.86177 ], [ -77.17056, 38.86235 ], [ -77.17024, 38.86312 ], [ -77.17384, 38.86734 ], [ -77.17396, 38.86718 ] ] } },
{ "type": "Feature", "properties": { "year": 2025, "level": "ES", "name": "Fort Belvoir Primary" }, "geometry": { "type": "LineString", "coordinates": [ [ -77.13478, 38.74263 ], [ -77.13288, 38.74125 ], [ -77.13224, 38.73984 ], [ -77.12758, 38.74078 ], [ -77.12653, 38.73752 ], [ -77.12496, 38.7379 ], [ -77.12237, 38.72974 ], [ -77.13095, 38.72753 ], [ -77.13236, 38.72662 ], [ -77.13653, 38.72315 ], [ -77.1396, 38.71608 ], [ -77.14102, 38.71519 ], [ -77.1404, 38.7139 ], [ -77.1398, 38.7139 ], [ -77.13979, 38.71335 ], [ -77.13746, 38.71336 ], [ -77.13704, 38.71151 ], [ -77.13571, 38.71205 ], [ -77.13432, 38.7117 ], [ -77.13322, 38.71209 ], [ -77.13123, 38.71193 ], [ -77.13003, 38.71238 ], [ -77.12934, 38.71128 ], [ -77.12842, 38.71043 ], [ -77.1271, 38.70963 ], [ -77.12539, 38.70907 ], [ -77.12579, 38.70823 ], [ -77.12807, 38.70529 ], [ -77.12941, 38.70511 ], [ -77.12966, 38.70532 ], [ -77.12947, 38.70582 ], [ -77.13003, 38.70626 ], [ -77.13108, 38.70792 ], [ -77.13124, 38.70878 ], [ -77.13219, 38.70946 ], [ -77.13252, 38.70928 ], [ -77.13176, 38.70864 ], [ -77.13173, 38.7079 ], [ -77.13124, 38.70737 ], [ -77.13088, 38.70598 ], [ -77.13007, 38.70488 ], [ -77.13072, 38.70387 ], [ -77.13042, 38.70318 ], [ -77.12911, 38.70212 ], [ -77.12833, 38.70202 ], [ -77.12711, 38.70248 ], [ -77.1275, 38.70118 ], [ -77.12698, 38.70017 ], [ -77.12714, 38.69959 ], [ -77.12693, 38.69872 ], [ -77.12666, 38.69851 ], [ -77.12578, 38.69854 ], [ -77.12524, 38.698 ], [ -77.12362, 38.69451 ], [ -77.12336, 38.69343 ], [ -77.12289, 38.69312 ], [ -77.12293, 38.6914 ], [ -77.12186, 38.68836 ], [ -77.12215, 38.68604 ], [ -77.12348, 38.68375 ], [ -77.12435, 38.68274 ], [ -77.1248, 38.68146 ], [ -77.12597, 38.68054 ], [ -77.12725, 38.67858 ], [ -77.12964, 38.6766 ], [ -77.13021, 38.67583 ], [ -77.13264, 38.67397 ], [ -77.13581, 38.67325 ], [ -77.13607, 38.67338 ], [ -77.13571, 38.67372 ], [ -77.13561, 38.6745 ], [ -77.13596, 38.67395 ], [ -77.1365, 38.67377 ], [ -77.13697, 38.67376 ], [ -77.13781, 38.67438 ], [ -77.13897, 38.67436 ], [ -77.13898, 38.674 ], [ -77.13859, 38.67363 ], [ -77.13654, 38.67331 ], [ -77.13656, 38.67299 ], [ -77.13722, 38.67295 ], [ -77.13987, 38.67367 ], [ -77.14132, 38.67445 ], [ -77.14261, 38.67432 ], [ -77.14322, 38.67404 ], [ -77.14379, 38.67502 ], [ -77.14631, 38.67685 ], [ -77.14644, 38.67717 ], [ -77.14733, 38.67706 ], [ -77.14839, 38.67792 ], [ -77.14982, 38.67786 ], [ -77.15128, 38.67843 ], [ -77.15221, 38.67915 ], [ -77.15422, 38.679 ], [ -77.15371, 38.68045 ], [ -77.1538, 38.68151 ], [ -77.15412, 38.68184 ], [ -77.1551, 38.68198 ], [ -77.15668, 38.68266 ], [ -77.15745, 38.68409 ], [ -77.15679, 38.68451 ], [ -77.15644, 38.68435 ], [ -77.15632, 38.68492 ], [ -77.15578, 38.68515 ], [ -77.15516, 38.68616 ], [ -77.15472, 38.6863 ], [ -77.15393, 38.68795 ], [ -77.15414, 38.68856 ], [ -77.15391, 38.68944 ], [ -77.15469, 38.69007 ], [ -77.15527, 38.69021 ], [ -77.15493, 38.6909 ], [ -77.15511, 38.6915 ], [ -77.15735, 38.69193 ], [ -77.15765, 38.69252 ], [ -77.15756, 38.69333 ], [ -77.15799, 38.6932 ], [ -77.15792, 38.69348 ], [ -77.15842, 38.69338 ], [ -77.15822, 38.69317 ], [ -77.15831, 38.6919 ], [ -77.1578, 38.68897 ], [ -77.15906, 38.68708 ], [ -77.159, 38.68672 ], [ -77.15851, 38.6865 ], [ -77.15865, 38.686 ], [ -77.15903, 38.68603 ], [ -77.15951, 38.6857 ], [ -77.16062, 38.6863 ], [ -77.16049, 38.6866 ], [ -77.16073, 38.68705 ], [ -77.16043, 38.68726 ], [ -77.16012, 38.68714 ], [ -77.16005, 38.68736 ], [ -77.16045, 38.68841 ], [ -77.15979, 38.68951 ], [ -77.15995, 38.69006 ], [ -77.16057, 38.68956 ], [ -77.1616, 38.68977 ], [ -77.16247, 38.68955 ], [ -77.16295, 38.68866 ], [ -77.16354, 38.68859 ], [ -77.1632, 38.68824 ], [ -77.16394, 38.68742 ], [ -77.16361, 38.68716 ], [ -77.16321, 38.68577 ], [ -77.16411, 38.68551 ], [ -77.16396, 38.68489 ], [ -77.16548, 38.68333 ], [ -77.16586, 38.68336 ], [ -77.16614, 38.68531 ], [ -77.16712, 38.68585 ], [ -77.16804, 38.68569 ], [ -77.17015, 38.6846 ], [ -77.17141, 38.68466 ], [ -77.17192, 38.68488 ], [ -77.17242, 38.68465 ], [ -77.17224, 38.68282 ], [ -77.1726, 38.68341 ], [ -77.17332, 38.68375 ], [ -77.17295, 38.68421 ], [ -77.17307, 38.68457 ], [ -77.17378, 38.68485 ], [ -77.1739, 38.68459 ], [ -77.1755, 38.68443 ], [ -77.17632, 38.68399 ], [ -77.17681, 38.6849 ], [ -77.17798, 38.68494 ], [ -77.17853, 38.68434 ], [ -77.17823, 38.68393 ], [ -77.17871, 38.68378 ], [ -77.17957, 38.68423 ], [ -77.18049, 38.68423 ], [ -77.18063, 38.68461 ], [ -77.18121, 38.68454 ], [ -77.18131, 38.68432 ], [ -77.18201, 38.68439 ], [ -77.18228, 38.68496 ], [ -77.18247, 38.68427 ], [ -77.18284, 38.68407 ], [ -77.18426, 38.68469 ], [ -77.18389, 38.68415 ], [ -77.18395, 38.68334 ], [ -77.18321, 38.68288 ], [ -77.18254, 38.68132 ], [ -77.18086, 38.68079 ], [ -77.17934, 38.68101 ], [ -77.18079, 38.6805 ], [ -77.18257, 38.68068 ], [ -77.18371, 38.68135 ], [ -77.1841, 38.68232 ], [ -77.18575, 38.68325 ], [ -77.18726, 38.68509 ], [ -77.18988, 38.68571 ], [ -77.19128, 38.68702 ], [ -77.19259, 38.68776 ], [ -77.19308, 38.68872 ], [ -77.19331, 38.68877 ], [ -77.19472, 38.6879 ], [ -77.19812, 38.68934 ], [ -77.19871, 38.6893 ], [ -77.19939, 38.68888 ], [ -77.20044, 38.68943 ], [ -77.20058, 38.69042 ], [ -77.20151, 38.69075 ], [ -77.20194, 38.69137 ], [ -77.20055, 38.69188 ], [ -77.20105, 38.69364 ], [ -77.2001, 38.69414 ], [ -77.1991, 38.6961 ], [ -77.19914, 38.69651 ], [ -77.19986, 38.69647 ], [ -77.20038, 38.69676 ], [ -77.20023, 38.69702 ], [ -77.20046, 38.69759 ], [ -77.20132, 38.69822 ], [ -77.20116, 38.69902 ], [ -77.20071, 38.69958 ], [ -77.19819, 38.70084 ], [ -77.19702, 38.69946 ], [ -77.19519, 38.70016 ], [ -77.19522, 38.70196 ], [ -77.19611, 38.70188 ], [ -77.19684, 38.70151 ], [ -77.19651, 38.70328 ], [ -77.19397, 38.70686 ], [ -77.19298, 38.70911 ], [ -77.18576, 38.70739 ], [ -77.17982, 38.70746 ], [ -77.18328, 38.71081 ], [ -77.18834, 38.71367 ], [ -77.18903, 38.71604 ], [ -77.18776, 38.71654 ], [ -77.18833, 38.71791 ], [ -77.19142, 38.71974 ], [ -77.1893, 38.72174 ], [ -77.18858, 38.72219 ], [ -77.18486, 38.72348 ], [ -77.18329, 38.72447 ], [ -77.18101, 38.72289 ], [ -77.17403, 38.72126 ], [ -77.1735, 38.72361 ], [ -77.17395, 38.72418 ], [ -77.17247, 38.7264 ], [ -77.17229, 38.72731 ], [ -77.17196, 38.72754 ], [ -77.17169, 38.72919 ], [ -77.1707, 38.72959 ], [ -77.16726, 38.73187 ], [ -77.17081, 38.73357 ], [ -77.16886, 38.7359 ], [ -77.16823, 38.73736 ], [ -77.16757, 38.7381 ], [ -77.16458, 38.7392 ], [ -77.16212, 38.74095 ], [ -77.15848, 38.74246 ], [ -77.15014, 38.74424 ], [ -77.14301, 38.74862 ], [ -77.13478, 38.74263 ] ] } },
{ "type": "Feature", "properties": { "year": 2025, "level": "ES", "name": "McNair" }, "geometry": { "type": "LineString", "coordinates": [ [ -77.40568, 38.95064 ], [ -77.40478, 38.95064 ], [ -77.40242, 38.95144 ], [ -77.40121, 38.9515 ], [ -77.40012, 38.95119 ], [ -77.39594, 38.94873 ], [ -77.39498, 38.94855 ], [ -77.39302, 38.94861 ], [ -77.39185, 38.94823 ], [ -77.39323, 38.9452 ], [ -77.39462, 38.94575 ], [ -77.39612, 38.94581 ], [ -77.39747, 38.94545 ], [ -77.39983, 38.94435 ], [ -77.3989, 38.94367 ], [ -77.39992, 38.94185 ], [ -77.40121, 38.94092 ], [ -77.40411, 38.94295 ], [ -77.40951, 38.94148 ], [ -77.41119, 38.94153 ], [ -77.41406, 38.94208 ], [ -77.41314, 38.94821 ], [ -77.41206, 38.95007 ], [ -77.40934, 38.95236 ], [ -77.40716, 38.95102 ], [ -77.40568, 38.95064 ] ] } },
{ "type": "Feature", "properties": { "year": 2025, "level": "MS", "name": "Carson" }, "geometry": { "type": "LineString", "coordinates": [ [ -77.38339, 38.9526 ], [ -77.37402, 38.95306 ], [ -77.37698, 38.94821 ], [ -77.37786, 38.9485 ], [ -77.38004, 38.94995 ], [ -77.38354, 38.95034 ], [ -77.3846, 38.94993 ], [ -77.38602, 38.94858 ], [ -77.38713, 38.94807 ], [ -77.39027, 38.94782 ], [ -77.39185, 38.94823 ], [ -77.39323, 38.9452 ], [ -77.38387, 38.93963 ], [ -77.37979, 38.93497 ], [ -77.37803, 38.93612 ], [ -77.37728, 38.93717 ], [ -77.37658, 38.93655 ], [ -77.37278, 38.93832 ], [ -77.37133, 38.93651 ], [ -77.37284, 38.93552 ], [ -77.37826, 38.93311 ], [ -77.37495, 38.92855 ], [ -77.37366, 38.92756 ], [ -77.37259, 38.92706 ], [ -77.37332, 38.92596 ], [ -77.37356, 38.92497 ], [ -77.37208, 38.92458 ], [ -77.35853, 38.90531 ], [ -77.35852, 38.90499 ], [ -77.35988, 38.90441 ], [ -77.36051, 38.90537 ], [ -77.37114, 38.90083 ], [ -77.37172, 38.90161 ], [ -77.37279, 38.90114 ], [ -77.37292, 38.90007 ], [ -77.37754, 38.8981 ], [ -77.37709, 38.89703 ], [ -77.37799, 38.89657 ], [ -77.37832, 38.89706 ], [ -77.37926, 38.89684 ], [ -77.37952, 38.89725 ], [ -77.38078, 38.8967 ], [ -77.38129, 38.89819 ], [ -77.38143, 38.90033 ], [ -77.39023, 38.90201 ], [ -77.38788, 38.89808 ], [ -77.39027, 38.89683 ], [ -77.39521, 38.90057 ], [ -77.39597, 38.89982 ], [ -77.39527, 38.89927 ], [ -77.39565, 38.89896 ], [ -77.39673, 38.9 ], [ -77.39846, 38.90001 ], [ -77.39842, 38.90038 ], [ -77.39749, 38.90142 ], [ -77.39809, 38.90152 ], [ -77.39835, 38.90123 ], [ -77.39999, 38.90114 ], [ -77.40111, 38.90051 ], [ -77.40214, 38.902 ], [ -77.40577, 38.90261 ], [ -77.40571, 38.90338 ], [ -77.40473, 38.90445 ], [ -77.40286, 38.90557 ], [ -77.40281, 38.90662 ], [ -77.40152, 38.90693 ], [ -77.39977, 38.9068 ], [ -77.39761, 38.90527 ], [ -77.39604, 38.90509 ], [ -77.39491, 38.9047 ], [ -77.39484, 38.90693 ], [ -77.39416, 38.90812 ], [ -77.39401, 38.91042 ], [ -77.39505, 38.91086 ], [ -77.3946, 38.9115 ], [ -77.39808, 38.913 ], [ -77.40151, 38.90986 ], [ -77.4031, 38.91092 ], [ -77.40236, 38.91247 ], [ -77.39987, 38.91601 ], [ -77.40217, 38.91805 ], [ -77.40445, 38.91894 ], [ -77.40445, 38.92008 ], [ -77.40519, 38.92169 ], [ -77.40677, 38.92352 ], [ -77.40731, 38.92441 ], [ -77.40723, 38.9247 ], [ -77.40776, 38.92477 ], [ -77.40821, 38.92525 ], [ -77.4087, 38.92522 ], [ -77.40938, 38.92468 ], [ -77.40944, 38.9242 ], [ -77.41051, 38.92379 ], [ -77.41104, 38.92388 ], [ -77.41126, 38.92426 ], [ -77.41184, 38.92412 ], [ -77.41232, 38.9243 ], [ -77.41235, 38.92509 ], [ -77.41267, 38.92522 ], [ -77.41237, 38.92578 ], [ -77.413, 38.92616 ], [ -77.41279, 38.92675 ], [ -77.41346, 38.92692 ], [ -77.41347, 38.92743 ], [ -77.4141, 38.928 ], [ -77.41445, 38.92799 ], [ -77.41438, 38.92855 ], [ -77.41529, 38.92885 ], [ -77.41708, 38.92305 ], [ -77.42015, 38.91537 ], [ -77.42312, 38.90603 ], [ -77.42578, 38.9065 ], [ -77.4257, 38.90636 ], [ -77.4287, 38.90619 ], [ -77.42969, 38.90568 ], [ -77.42976, 38.90037 ], [ -77.4347, 38.90042 ], [ -77.43501, 38.89807 ], [ -77.43648, 38.89812 ], [ -77.43657, 38.89625 ], [ -77.47327, 38.91105 ], [ -77.42266, 38.96234 ], [ -77.42009, 38.96199 ], [ -77.41703, 38.96122 ], [ -77.3986, 38.95485 ], [ -77.38725, 38.95292 ], [ -77.38339, 38.9526 ] ] } },
{ "type": "Feature", "properties": { "year": 2025, "level": "MS", "name": "Cooper" }, "geometry": { "type": "LineString", "coordinates": [ [ -77.12809, 38.9409 ], [ -77.12875, 38.94038 ], [ -77.13001, 38.94019 ], [ -77.13139, 38.93804 ], [ -77.13884, 38.94154 ], [ -77.14429, 38.94345 ], [ -77.14649, 38.94394 ], [ -77.1494, 38.94392 ], [ -77.16009, 38.94219 ], [ -77.16711, 38.94271 ], [ -77.17386, 38.9409 ], [ -77.1784, 38.94014 ], [ -77.18541, 38.93708 ], [ -77.18695, 38.93769 ], [ -77.18931, 38.9381 ], [ -77.19363, 38.937 ], [ -77.194, 38.9371 ], [ -77.19499, 38.93599 ], [ -77.19272, 38.93483 ], [ -77.19371, 38.93366 ], [ -77.1993, 38.93157 ], [ -77.20095, 38.93072 ], [ -77.20356, 38.92878 ], [ -77.21595, 38.93324 ], [ -77.21897, 38.93391 ], [ -77.22143, 38.93418 ], [ -77.23276, 38.93371 ], [ -77.24245, 38.93472 ], [ -77.24534, 38.93441 ], [ -77.2529, 38.93251 ], [ -77.2557, 38.93214 ], [ -77.25899, 38.93225 ], [ -77.26178, 38.93284 ], [ -77.26373, 38.9336 ], [ -77.26545, 38.9346 ], [ -77.27054, 38.93904 ], [ -77.27265, 38.94047 ], [ -77.27185, 38.94166 ], [ -77.27253, 38.9421 ], [ -77.27235, 38.94279 ], [ -77.27283, 38.94265 ], [ -77.27287, 38.94314 ], [ -77.27376, 38.94416 ], [ -77.27469, 38.9445 ], [ -77.27565, 38.94449 ], [ -77.27577, 38.94504 ], [ -77.27616, 38.94523 ], [ -77.2763, 38.94615 ], [ -77.27782, 38.94632 ], [ -77.27821, 38.94657 ], [ -77.27942, 38.94644 ], [ -77.27927, 38.94698 ], [ -77.27956, 38.9472 ], [ -77.2795, 38.94772 ], [ -77.2798, 38.94773 ], [ -77.28001, 38.94737 ], [ -77.28143, 38.94777 ], [ -77.28098, 38.94956 ], [ -77.28135, 38.95026 ], [ -77.28159, 38.95042 ], [ -77.28309, 38.9502 ], [ -77.28449, 38.95072 ], [ -77.2838, 38.95153 ], [ -77.28194, 38.95218 ], [ -77.27868, 38.95446 ], [ -77.27672, 38.957 ], [ -77.28128, 38.95791 ], [ -77.28046, 38.95907 ], [ -77.28321, 38.95929 ], [ -77.28415, 38.95847 ], [ -77.28485, 38.95861 ], [ -77.28484, 38.95817 ], [ -77.28529, 38.95817 ], [ -77.28535, 38.95911 ], [ -77.28726, 38.95976 ], [ -77.29068, 38.95969 ], [ -77.29153, 38.95932 ], [ -77.29198, 38.95952 ], [ -77.29163, 38.96012 ], [ -77.29675, 38.96201 ], [ -77.29754, 38.96102 ], [ -77.29724, 38.96028 ], [ -77.29804, 38.96059 ], [ -77.29871, 38.96023 ], [ -77.29986, 38.96066 ], [ -77.2986, 38.9627 ], [ -77.30243, 38.96412 ], [ -77.30222, 38.96553 ], [ -77.30304, 38.96578 ], [ -77.30363, 38.96548 ], [ -77.30408, 38.96573 ], [ -77.3048, 38.96549 ], [ -77.30494, 38.96586 ], [ -77.30532, 38.96576 ], [ -77.30577, 38.96595 ], [ -77.30583, 38.96626 ], [ -77.30623, 38.96615 ], [ -77.30631, 38.96693 ], [ -77.3061, 38.96718 ], [ -77.3064, 38.96734 ], [ -77.30684, 38.96716 ], [ -77.30699, 38.96743 ], [ -77.30753, 38.96721 ], [ -77.30779, 38.9667 ], [ -77.30816, 38.96645 ], [ -77.30839, 38.96635 ], [ -77.30584, 38.97487 ], [ -77.31343, 38.97707 ], [ -77.31515, 38.97778 ], [ -77.3171, 38.97563 ], [ -77.31914, 38.97756 ], [ -77.31888, 38.97781 ], [ -77.32101, 38.97853 ], [ -77.32138, 38.97946 ], [ -77.32787, 38.97808 ], [ -77.33038, 38.97848 ], [ -77.3305, 38.97995 ], [ -77.33209, 38.9799 ], [ -77.33111, 38.98757 ], [ -77.33184, 38.9876 ], [ -77.33178, 38.98877 ], [ -77.33577, 38.98897 ], [ -77.33686, 38.98741 ], [ -77.33924, 38.98906 ], [ -77.33765, 38.99132 ], [ -77.33808, 38.9915 ], [ -77.33714, 38.99369 ], [ -77.3363, 38.99468 ], [ -77.3403, 38.99751 ], [ -77.34374, 38.99255 ], [ -77.34506, 38.99309 ], [ -77.34675, 38.99325 ], [ -77.34455, 38.99667 ], [ -77.34599, 38.99695 ], [ -77.34525, 38.99806 ], [ -77.34395, 38.99751 ], [ -77.34369, 38.99799 ], [ -77.34438, 38.99825 ], [ -77.3438, 38.99907 ], [ -77.3463, 39.00042 ], [ -77.34586, 39.00096 ], [ -77.35702, 39.0069 ], [ -77.35888, 39.00344 ], [ -77.35325, 39.00165 ], [ -77.35186, 39.00096 ], [ -77.35149, 38.9968 ], [ -77.35355, 38.99737 ], [ -77.35409, 38.99599 ], [ -77.35195, 38.99528 ], [ -77.35147, 38.99551 ], [ -77.35142, 38.99597 ], [ -77.35072, 38.99593 ], [ -77.35089, 38.99372 ], [ -77.35131, 38.9939 ], [ -77.35128, 38.99339 ], [ -77.35353, 38.99426 ], [ -77.35459, 38.9947 ], [ -77.35438, 38.99525 ], [ -77.35504, 38.99535 ], [ -77.35561, 38.9951 ], [ -77.35647, 38.99408 ], [ -77.35797, 38.99114 ], [ -77.3648, 38.99246 ], [ -77.36524, 38.9934 ], [ -77.3653, 38.99447 ], [ -77.36401, 38.99706 ], [ -77.36333, 38.99941 ], [ -77.36578, 38.99985 ], [ -77.36687, 38.99922 ], [ -77.36924, 38.9987 ], [ -77.37025, 38.99911 ], [ -77.3708, 38.9998 ], [ -77.37031, 39.00034 ], [ -77.37011, 39.00186 ], [ -77.37024, 39.00228 ], [ -77.3709, 39.00271 ], [ -77.37123, 39.00362 ], [ -77.37109, 39.00426 ], [ -77.37204, 39.0047 ], [ -77.37245, 39.00557 ], [ -77.37376, 39.00667 ], [ -77.37327, 39.00713 ], [ -77.37348, 39.00741 ], [ -77.37334, 39.00787 ], [ -77.37274, 39.00827 ], [ -77.37237, 39.00896 ], [ -77.37322, 39.0099 ], [ -77.37315, 39.01018 ], [ -77.37157, 39.01061 ], [ -77.37122, 39.01109 ], [ -77.37047, 39.01132 ], [ -77.36938, 39.01144 ], [ -77.36907, 39.01117 ], [ -77.36817, 39.0118 ], [ -77.36866, 39.01231 ], [ -77.36865, 39.01323 ], [ -77.37111, 39.01448 ], [ -77.32833, 39.05769 ], [ -77.32646, 39.05749 ], [ -77.32368, 39.05598 ], [ -77.3213, 39.05579 ], [ -77.31926, 39.05511 ], [ -77.31445, 39.05221 ], [ -77.31074, 39.05202 ], [ -77.30862, 39.05229 ], [ -77.30602, 39.05194 ], [ -77.30017, 39.04925 ], [ -77.29488, 39.0474 ], [ -77.29201, 39.046 ], [ -77.28904, 39.04405 ], [ -77.28606, 39.0414 ], [ -77.28307, 39.03956 ], [ -77.28206, 39.0392 ], [ -77.27689, 39.03544 ], [ -77.27529, 39.0345 ], [ -77.26818, 39.03234 ], [ -77.26052, 39.03137 ], [ -77.25491, 39.02988 ], [ -77.25155, 39.02814 ], [ -77.25022, 39.02714 ], [ -77.24832, 39.02659 ], [ -77.2466, 39.02522 ], [ -77.245, 39.02242 ], [ -77.24463, 39.0211 ], [ -77.24538, 39.01754 ], [ -77.24629, 39.01646 ], [ -77.24709, 39.01463 ], [ -77.25118, 39.0119 ], [ -77.25326, 39.00917 ], [ -77.25425, 39.00718 ], [ -77.25442, 39.00631 ], [ -77.25531, 39.00493 ], [ -77.25576, 39.00178 ], [ -77.25498, 39.00078 ], [ -77.25462, 38.99977 ], [ -77.25473, 38.99936 ], [ -77.25423, 38.9983 ], [ -77.25363, 38.99782 ], [ -77.25352, 38.99681 ], [ -77.25293, 38.9959 ], [ -77.25296, 38.99547 ], [ -77.24996, 38.99464 ], [ -77.24995, 38.99404 ], [ -77.24939, 38.99373 ], [ -77.24865, 38.9927 ], [ -77.24805, 38.99038 ], [ -77.24541, 38.98424 ], [ -77.24503, 38.98269 ], [ -77.24407, 38.98212 ], [ -77.24392, 38.98236 ], [ -77.24173, 38.98171 ], [ -77.23995, 38.98076 ], [ -77.23969, 38.98023 ], [ -77.23845, 38.97933 ], [ -77.2362, 38.97692 ], [ -77.23565, 38.97679 ], [ -77.23509, 38.97609 ], [ -77.23453, 38.97625 ], [ -77.23233, 38.9793 ], [ -77.23094, 38.97929 ], [ -77.23048, 38.97973 ], [ -77.22995, 38.97972 ], [ -77.22859, 38.97851 ], [ -77.22637, 38.97409 ], [ -77.2236, 38.97207 ], [ -77.2211, 38.97134 ], [ -77.21883, 38.97156 ], [ -77.21571, 38.97062 ], [ -77.21476, 38.97054 ], [ -77.21378, 38.96984 ], [ -77.21274, 38.96978 ], [ -77.21152, 38.96935 ], [ -77.21025, 38.97012 ], [ -77.20803, 38.97033 ], [ -77.20629, 38.96978 ], [ -77.20498, 38.96874 ], [ -77.20289, 38.96811 ], [ -77.20248, 38.96777 ], [ -77.19805, 38.96689 ], [ -77.19672, 38.96702 ], [ -77.19579, 38.96758 ], [ -77.19524, 38.96746 ], [ -77.1942, 38.96828 ], [ -77.19081, 38.96799 ], [ -77.18932, 38.96754 ], [ -77.18843, 38.96804 ], [ -77.18682, 38.9678 ], [ -77.186, 38.96798 ], [ -77.18422, 38.96789 ], [ -77.1831, 38.96872 ], [ -77.18154, 38.96879 ], [ -77.1798, 38.96841 ], [ -77.17981, 38.96822 ], [ -77.1798, 38.96841 ], [ -77.17721, 38.96814 ], [ -77.17498, 38.96821 ], [ -77.17409, 38.9679 ], [ -77.17349, 38.96797 ], [ -77.17213, 38.96756 ], [ -77.17118, 38.96667 ], [ -77.16964, 38.96639 ], [ -77.1691, 38.96646 ], [ -77.16841, 38.96712 ], [ -77.16756, 38.96741 ], [ -77.16491, 38.96784 ], [ -77.16299, 38.96738 ], [ -77.15985, 38.96615 ], [ -77.1584, 38.96595 ], [ -77.15723, 38.96629 ], [ -77.15463, 38.96588 ], [ -77.15195, 38.96585 ], [ -77.15021, 38.96559 ], [ -77.14719, 38.96454 ], [ -77.14523, 38.9633 ], [ -77.14316, 38.96135 ], [ -77.14059, 38.95839 ], [ -77.13543, 38.95387 ], [ -77.13109, 38.94644 ], [ -77.12877, 38.94175 ], [ -77.12809, 38.9409 ] ] } },
{ "type": "Feature", "properties": { "year": 2025, "level": "MS", "name": "Franklin" }, "geometry": { "type": "LineString", "coordinates": [ [ -77.41445, 38.92799 ], [ -77.4141, 38.928 ], [ -77.41347, 38.92743 ], [ -77.41346, 38.92692 ], [ -77.41279, 38.92675 ], [ -77.413, 38.92616 ], [ -77.41237, 38.92578 ], [ -77.41267, 38.92522 ], [ -77.41235, 38.92509 ], [ -77.41232, 38.9243 ], [ -77.41184, 38.92412 ], [ -77.41126, 38.92426 ], [ -77.41104, 38.92388 ], [ -77.41051, 38.92379 ], [ -77.40944, 38.9242 ], [ -77.40938, 38.92468 ], [ -77.4087, 38.92522 ], [ -77.40821, 38.92525 ], [ -77.40776, 38.92477 ], [ -77.40723, 38.9247 ], [ -77.40731, 38.92441 ], [ -77.40677, 38.92352 ], [ -77.40519, 38.92169 ], [ -77.40445, 38.92008 ], [ -77.40445, 38.91894 ], [ -77.40217, 38.91805 ], [ -77.39987, 38.91601 ], [ -77.40236, 38.91247 ], [ -77.4031, 38.91092 ], [ -77.40151, 38.90986 ], [ -77.39808, 38.913 ], [ -77.3946, 38.9115 ], [ -77.39505, 38.91086 ], [ -77.39401, 38.91042 ], [ -77.39416, 38.90812 ], [ -77.39484, 38.90693 ], [ -77.39491, 38.9047 ], [ -77.39604, 38.90509 ], [ -77.39761, 38.90527 ], [ -77.39977, 38.9068 ], [ -77.40152, 38.90693 ], [ -77.40281, 38.90662 ], [ -77.40286, 38.90557 ], [ -77.40473, 38.90445 ], [ -77.40571, 38.90338 ], [ -77.40577, 38.90261 ], [ -77.40214, 38.902 ], [ -77.40111, 38.90051 ], [ -77.39999, 38.90114 ], [ -77.39835, 38.90123 ], [ -77.39809, 38.90152 ], [ -77.39749, 38.90142 ], [ -77.39842, 38.90038 ], [ -77.39846, 38.90001 ], [ -77.39673, 38.9 ], [ -77.39565, 38.89896 ], [ -77.39527, 38.89927 ], [ -77.39597, 38.89982 ], [ -77.39521, 38.90057 ], [ -77.39027, 38.89683 ], [ -77.38788, 38.89808 ], [ -77.39023, 38.90201 ], [ -77.38143, 38.90033 ], [ -77.38129, 38.89819 ], [ -77.38078, 38.8967 ], [ -77.37952, 38.89725 ], [ -77.37926, 38.89684 ], [ -77.37832, 38.89706 ], [ -77.37799, 38.89657 ], [ -77.37709, 38.89703 ], [ -77.37754, 38.8981 ], [ -77.37292, 38.90007 ], [ -77.37279, 38.90114 ], [ -77.37172, 38.90161 ], [ -77.37114, 38.90083 ], [ -77.36051, 38.90537 ], [ -77.35988, 38.90441 ], [ -77.35838, 38.90507 ], [ -77.35617, 38.90202 ], [ -77.35574, 38.90234 ], [ -77.35445, 38.90178 ], [ -77.35242, 38.90308 ], [ -77.35315, 38.90358 ], [ -77.35256, 38.90372 ], [ -77.35199, 38.90417 ], [ -77.35167, 38.90396 ], [ -77.35198, 38.90372 ], [ -77.35194, 38.90312 ], [ -77.35089, 38.90323 ], [ -77.35089, 38.90246 ], [ -77.35152, 38.90137 ], [ -77.35072, 38.90081 ], [ -77.35261, 38.90021 ], [ -77.35194, 38.89936 ], [ -77.34924, 38.90064 ], [ -77.34605, 38.90013 ], [ -77.34619, 38.89904 ], [ -77.34422, 38.89983 ], [ -77.34111, 38.89637 ], [ -77.33753, 38.8983 ], [ -77.33504, 38.89616 ], [ -77.32921, 38.8967 ], [ -77.32908, 38.8947 ], [ -77.32818, 38.89457 ], [ -77.3279, 38.89308 ], [ -77.32328, 38.89137 ], [ -77.3204, 38.89294 ], [ -77.31872, 38.89244 ], [ -77.31887, 38.89093 ], [ -77.31806, 38.89035 ], [ -77.31806, 38.88953 ], [ -77.31615, 38.88886 ], [ -77.31805, 38.88685 ], [ -77.31699, 38.88604 ], [ -77.31788, 38.88486 ], [ -77.31683, 38.88408 ], [ -77.3179, 38.88307 ], [ -77.31473, 38.88072 ], [ -77.3124, 38.87969 ], [ -77.31618, 38.87916 ], [ -77.31838, 38.87772 ], [ -77.31931, 38.87868 ], [ -77.32084, 38.87645 ], [ -77.32465, 38.87342 ], [ -77.32206, 38.87298 ], [ -77.323, 38.87116 ], [ -77.32117, 38.87094 ], [ -77.32025, 38.87054 ], [ -77.32082, 38.86944 ], [ -77.31951, 38.86929 ], [ -77.3226, 38.86596 ], [ -77.32877, 38.86488 ], [ -77.32935, 38.86411 ], [ -77.32882, 38.8639 ], [ -77.33333, 38.85643 ], [ -77.34972, 38.86279 ], [ -77.36075, 38.86675 ], [ -77.41958, 38.88952 ], [ -77.42103, 38.88869 ], [ -77.42092, 38.88855 ], [ -77.42259, 38.88717 ], [ -77.4265, 38.88636 ], [ -77.42744, 38.88477 ], [ -77.42722, 38.88469 ], [ -77.42796, 38.88395 ], [ -77.42995, 38.88335 ], [ -77.43005, 38.88308 ], [ -77.43071, 38.88328 ], [ -77.43114, 38.88275 ], [ -77.43163, 38.8826 ], [ -77.43194, 38.88275 ], [ -77.43185, 38.88229 ], [ -77.43251, 38.88208 ], [ -77.4325, 38.88185 ], [ -77.42837, 38.88035 ], [ -77.42954, 38.87729 ], [ -77.43251, 38.87668 ], [ -77.4303, 38.87449 ], [ -77.42925, 38.87023 ], [ -77.43153, 38.86904 ], [ -77.44243, 38.86863 ], [ -77.44903, 38.87838 ], [ -77.44949, 38.88083 ], [ -77.44883, 38.88354 ], [ -77.43953, 38.89744 ], [ -77.43657, 38.89625 ], [ -77.43648, 38.89812 ], [ -77.43501, 38.89807 ], [ -77.4347, 38.90042 ], [ -77.42976, 38.90037 ], [ -77.42969, 38.90568 ], [ -77.4287, 38.90619 ], [ -77.4257, 38.90636 ], [ -77.42578, 38.9065 ], [ -77.42312, 38.90603 ], [ -77.42015, 38.91537 ], [ -77.41708, 38.92305 ], [ -77.41529, 38.92885 ], [ -77.41438, 38.92855 ], [ -77.41445, 38.92799 ] ] } },
{ "type": "Feature", "properties": { "year": 2025, "level": "MS", "name": "Frost" }, "geometry": { "type": "LineString", "coordinates": [ [ -77.23408, 38.86523 ], [ -77.23537, 38.8627 ], [ -77.23354, 38.86232 ], [ -77.23898, 38.85818 ], [ -77.24473, 38.85339 ], [ -77.2431, 38.85305 ], [ -77.24254, 38.8523 ], [ -77.24186, 38.85235 ], [ -77.24208, 38.85182 ], [ -77.24146, 38.85151 ], [ -77.24136, 38.85098 ], [ -77.24049, 38.85045 ], [ -77.24054, 38.84946 ], [ -77.23977, 38.84923 ], [ -77.23882, 38.84783 ], [ -77.23876, 38.84722 ], [ -77.23909, 38.84684 ], [ -77.23814, 38.84619 ], [ -77.2377, 38.84612 ], [ -77.23788, 38.84585 ], [ -77.23651, 38.84555 ], [ -77.23495, 38.84637 ], [ -77.23454, 38.84623 ], [ -77.23464, 38.84593 ], [ -77.23406, 38.84527 ], [ -77.2345, 38.84482 ], [ -77.23433, 38.84468 ], [ -77.23453, 38.8441 ], [ -77.23427, 38.84374 ], [ -77.23304, 38.84319 ], [ -77.2324, 38.84333 ], [ -77.23127, 38.8431 ], [ -77.23303, 38.84159 ], [ -77.2328, 38.84148 ], [ -77.23261, 38.84006 ], [ -77.23284, 38.83896 ], [ -77.23273, 38.836 ], [ -77.22682, 38.83567 ], [ -77.22088, 38.83496 ], [ -77.21822, 38.83432 ], [ -77.2188, 38.8304 ], [ -77.22191, 38.82388 ], [ -77.22246, 38.82052 ], [ -77.22214, 38.81822 ], [ -77.2213, 38.81613 ], [ -77.21792, 38.81123 ], [ -77.24026, 38.8109 ], [ -77.24971, 38.81054 ], [ -77.26369, 38.81084 ], [ -77.26654, 38.81173 ], [ -77.26991, 38.81497 ], [ -77.27473, 38.81775 ], [ -77.28309, 38.82499 ], [ -77.28479, 38.8259 ], [ -77.2875, 38.82637 ], [ -77.29488, 38.82654 ], [ -77.29928, 38.82626 ], [ -77.3007, 38.82594 ], [ -77.3036, 38.82477 ], [ -77.30646, 38.82407 ], [ -77.30785, 38.82396 ], [ -77.3112, 38.82464 ], [ -77.31352, 38.82613 ], [ -77.31658, 38.82745 ], [ -77.31717, 38.82386 ], [ -77.31784, 38.82214 ], [ -77.31973, 38.81958 ], [ -77.32189, 38.81532 ], [ -77.32538, 38.81138 ], [ -77.32621, 38.8094 ], [ -77.32678, 38.80946 ], [ -77.32673, 38.80986 ], [ -77.3331, 38.81073 ], [ -77.33316, 38.80768 ], [ -77.33811, 38.80853 ], [ -77.34006, 38.8091 ], [ -77.33985, 38.80872 ], [ -77.34018, 38.80784 ], [ -77.34076, 38.80777 ], [ -77.34171, 38.80588 ], [ -77.34199, 38.80592 ], [ -77.34147, 38.80458 ], [ -77.34166, 38.80381 ], [ -77.34211, 38.80399 ], [ -77.34189, 38.80422 ], [ -77.34208, 38.80432 ], [ -77.34247, 38.80384 ], [ -77.34307, 38.80365 ], [ -77.34473, 38.80641 ], [ -77.3495, 38.80879 ], [ -77.35769, 38.80565 ], [ -77.35823, 38.80581 ], [ -77.35832, 38.80627 ], [ -77.35876, 38.80623 ], [ -77.36028, 38.80705 ], [ -77.3616, 38.8082 ], [ -77.36301, 38.80866 ], [ -77.36298, 38.80971 ], [ -77.36357, 38.81096 ], [ -77.36414, 38.81103 ], [ -77.36483, 38.81175 ], [ -77.36487, 38.8125 ], [ -77.36603, 38.81339 ], [ -77.36604, 38.81416 ], [ -77.3655, 38.81552 ], [ -77.36481, 38.81613 ], [ -77.36481, 38.8164 ], [ -77.36595, 38.81754 ], [ -77.36607, 38.81797 ], [ -77.36663, 38.81806 ], [ -77.36342, 38.81877 ], [ -77.36385, 38.81984 ], [ -77.36253, 38.82102 ], [ -77.3633, 38.82493 ], [ -77.36203, 38.82492 ], [ -77.36175, 38.82524 ], [ -77.36226, 38.82588 ], [ -77.36297, 38.82614 ], [ -77.36261, 38.82701 ], [ -77.36281, 38.82764 ], [ -77.36258, 38.82863 ], [ -77.36211, 38.829 ], [ -77.36215, 38.82998 ], [ -77.36365, 38.83319 ], [ -77.36293, 38.83414 ], [ -77.3639, 38.83629 ], [ -77.36383, 38.83677 ], [ -77.36372, 38.83704 ], [ -77.36302, 38.83718 ], [ -77.36733, 38.84662 ], [ -77.35893, 38.8482 ], [ -77.3396, 38.8508 ], [ -77.33991, 38.85262 ], [ -77.33942, 38.85268 ], [ -77.33931, 38.8532 ], [ -77.33823, 38.85309 ], [ -77.3381, 38.85393 ], [ -77.33919, 38.85402 ], [ -77.34085, 38.85452 ], [ -77.34097, 38.85423 ], [ -77.34227, 38.85443 ], [ -77.34191, 38.85533 ], [ -77.34286, 38.85559 ], [ -77.34458, 38.85375 ], [ -77.34527, 38.85371 ], [ -77.34742, 38.85288 ], [ -77.34964, 38.85242 ], [ -77.35001, 38.85523 ], [ -77.34938, 38.85594 ], [ -77.34667, 38.85579 ], [ -77.34685, 38.85618 ], [ -77.34705, 38.85605 ], [ -77.34704, 38.85656 ], [ -77.34739, 38.85658 ], [ -77.34794, 38.85706 ], [ -77.34792, 38.85778 ], [ -77.34667, 38.86086 ], [ -77.34586, 38.86125 ], [ -77.33333, 38.85643 ], [ -77.33481, 38.85372 ], [ -77.33503, 38.85266 ], [ -77.3348, 38.85136 ], [ -77.3318, 38.8517 ], [ -77.33137, 38.85122 ], [ -77.33054, 38.84886 ], [ -77.33033, 38.84884 ], [ -77.33032, 38.84779 ], [ -77.33095, 38.84732 ], [ -77.32588, 38.84698 ], [ -77.32269, 38.8432 ], [ -77.31876, 38.84202 ], [ -77.31869, 38.83466 ], [ -77.31623, 38.83642 ], [ -77.31411, 38.83583 ], [ -77.31398, 38.83604 ], [ -77.31274, 38.83631 ], [ -77.31261, 38.83571 ], [ -77.31175, 38.83572 ], [ -77.31198, 38.83678 ], [ -77.31043, 38.83694 ], [ -77.31036, 38.83666 ], [ -77.30805, 38.83689 ], [ -77.30786, 38.83575 ], [ -77.30406, 38.83608 ], [ -77.30307, 38.83282 ], [ -77.30133, 38.83311 ], [ -77.30179, 38.83475 ], [ -77.30224, 38.8349 ], [ -77.30229, 38.83535 ], [ -77.30022, 38.83521 ], [ -77.30024, 38.83505 ], [ -77.29715, 38.83497 ], [ -77.29673, 38.83598 ], [ -77.29674, 38.83733 ], [ -77.29063, 38.83652 ], [ -77.2884, 38.83653 ], [ -77.28828, 38.83615 ], [ -77.28726, 38.83613 ], [ -77.28735, 38.83864 ], [ -77.28647, 38.83862 ], [ -77.28638, 38.84172 ], [ -77.28206, 38.84118 ], [ -77.28094, 38.84127 ], [ -77.27854, 38.84099 ], [ -77.27856, 38.84198 ], [ -77.27052, 38.84092 ], [ -77.26998, 38.84335 ], [ -77.27175, 38.8485 ], [ -77.27096, 38.85138 ], [ -77.26926, 38.85182 ], [ -77.26891, 38.85239 ], [ -77.26917, 38.85379 ], [ -77.26879, 38.85448 ], [ -77.26979, 38.85566 ], [ -77.26863, 38.85999 ], [ -77.26878, 38.86287 ], [ -77.26954, 38.86413 ], [ -77.27003, 38.86412 ], [ -77.27013, 38.86487 ], [ -77.23395, 38.86549 ], [ -77.23408, 38.86523 ] ] } },
{ "type": "Feature", "properties": { "year": 2025, "level": "MS", "name": "Glasgow" }, "geometry": { "type": "LineString", "coordinates": [ [ -77.16025, 38.87394 ], [ -77.15826, 38.87313 ], [ -77.15805, 38.87342 ], [ -77.15751, 38.87333 ], [ -77.15841, 38.87424 ], [ -77.15827, 38.87439 ], [ -77.15574, 38.87255 ], [ -77.15396, 38.87272 ], [ -77.15132, 38.87349 ], [ -77.14982, 38.8734 ], [ -77.1497, 38.87561 ], [ -77.11019, 38.8448 ], [ -77.1106, 38.84351 ], [ -77.1213, 38.84024 ], [ -77.12165, 38.84136 ], [ -77.12448, 38.8408 ], [ -77.12462, 38.8413 ], [ -77.12572, 38.84062 ], [ -77.12512, 38.83956 ], [ -77.12598, 38.83933 ], [ -77.12481, 38.83759 ], [ -77.12791, 38.83695 ], [ -77.13139, 38.83334 ], [ -77.13528, 38.83217 ], [ -77.13503, 38.83143 ], [ -77.13994, 38.83286 ], [ -77.14077, 38.83119 ], [ -77.14258, 38.83066 ], [ -77.1432, 38.83086 ], [ -77.14541, 38.82598 ], [ -77.14631, 38.82736 ], [ -77.14888, 38.82961 ], [ -77.15467, 38.83341 ], [ -77.15748, 38.83586 ], [ -77.15776, 38.83644 ], [ -77.15851, 38.83653 ], [ -77.16255, 38.83795 ], [ -77.16386, 38.83806 ], [ -77.17058, 38.83762 ], [ -77.17379, 38.8366 ], [ -77.18276, 38.83564 ], [ -77.18436, 38.83521 ], [ -77.18564, 38.83754 ], [ -77.18788, 38.83861 ], [ -77.18716, 38.83985 ], [ -77.1867, 38.8401 ], [ -77.18712, 38.84055 ], [ -77.1864, 38.84065 ], [ -77.18607, 38.84015 ], [ -77.18547, 38.84019 ], [ -77.18606, 38.84177 ], [ -77.18571, 38.84178 ], [ -77.18558, 38.84215 ], [ -77.18527, 38.8421 ], [ -77.18521, 38.84253 ], [ -77.18375, 38.84315 ], [ -77.18357, 38.84379 ], [ -77.18448, 38.84418 ], [ -77.18485, 38.84626 ], [ -77.18435, 38.84659 ], [ -77.18306, 38.84644 ], [ -77.18273, 38.8462 ], [ -77.182, 38.84679 ], [ -77.18207, 38.84699 ], [ -77.18309, 38.84729 ], [ -77.18312, 38.84756 ], [ -77.18435, 38.84774 ], [ -77.18553, 38.84758 ], [ -77.18555, 38.84718 ], [ -77.18801, 38.84761 ], [ -77.18916, 38.84752 ], [ -77.18961, 38.84843 ], [ -77.19015, 38.8485 ], [ -77.19061, 38.84927 ], [ -77.19104, 38.84921 ], [ -77.19204, 38.84983 ], [ -77.19269, 38.84969 ], [ -77.19266, 38.84996 ], [ -77.19288, 38.84999 ], [ -77.19287, 38.85401 ], [ -77.18954, 38.85586 ], [ -77.18679, 38.85675 ], [ -77.17991, 38.85776 ], [ -77.17894, 38.85838 ], [ -77.17879, 38.86097 ], [ -77.17721, 38.86235 ], [ -77.17467, 38.86715 ], [ -77.17464, 38.86962 ], [ -77.17762, 38.86912 ], [ -77.17784, 38.86953 ], [ -77.17824, 38.8707 ], [ -77.17788, 38.87387 ], [ -77.17448, 38.87406 ], [ -77.17437, 38.87615 ], [ -77.17335, 38.87771 ], [ -77.17325, 38.87861 ], [ -77.16025, 38.87394 ] ] } },
{ "type": "Feature", "properties": { "year": 2025, "level": "MS", "name": "Hayfield" }, "geometry": { "type": "LineString", "coordinates": [ [ -77.11296, 38.76616 ], [ -77.11126, 38.7618 ], [ -77.12013, 38.7626 ], [ -77.12014, 38.76224 ], [ -77.12038, 38.76232 ], [ -77.12141, 38.7611 ], [ -77.12185, 38.76105 ], [ -77.12187, 38.76072 ], [ -77.12234, 38.7605 ], [ -77.12231, 38.75958 ], [ -77.12292, 38.75807 ], [ -77.12354, 38.75769 ], [ -77.12366, 38.75729 ], [ -77.12347, 38.75719 ], [ -77.12378, 38.75704 ], [ -77.1236, 38.75676 ], [ -77.12393, 38.75673 ], [ -77.12393, 38.75634 ], [ -77.12309, 38.75608 ], [ -77.12307, 38.75544 ], [ -77.12203, 38.75439 ], [ -77.12192, 38.75322 ], [ -77.12262, 38.75019 ], [ -77.12246, 38.74939 ], [ -77.12595, 38.74581 ], [ -77.12831, 38.74603 ], [ -77.13217, 38.74257 ], [ -77.13288, 38.74125 ], [ -77.14301, 38.74862 ], [ -77.15014, 38.74424 ], [ -77.15848, 38.74246 ], [ -77.16212, 38.74095 ], [ -77.16458, 38.7392 ], [ -77.16729, 38.73832 ], [ -77.16812, 38.73753 ], [ -77.16886, 38.7359 ], [ -77.17081, 38.73357 ], [ -77.16726, 38.73187 ], [ -77.1707, 38.72959 ], [ -77.17169, 38.72919 ], [ -77.17196, 38.72754 ], [ -77.17229, 38.72731 ], [ -77.17247, 38.7264 ], [ -77.17395, 38.72418 ], [ -77.1735, 38.72361 ], [ -77.17403, 38.72126 ], [ -77.18101, 38.72289 ], [ -77.18329, 38.72447 ], [ -77.1853, 38.72328 ], [ -77.18888, 38.72203 ], [ -77.19142, 38.71974 ], [ -77.18833, 38.71791 ], [ -77.18776, 38.71654 ], [ -77.18903, 38.71604 ], [ -77.18834, 38.71367 ], [ -77.18328, 38.71081 ], [ -77.17982, 38.70746 ], [ -77.18576, 38.70739 ], [ -77.19298, 38.70911 ], [ -77.19397, 38.70686 ], [ -77.19651, 38.70328 ], [ -77.19684, 38.70151 ], [ -77.19611, 38.70188 ], [ -77.19522, 38.70196 ], [ -77.19519, 38.70016 ], [ -77.19702, 38.69946 ], [ -77.19819, 38.70084 ], [ -77.20081, 38.69952 ], [ -77.20132, 38.69822 ], [ -77.20412, 38.69907 ], [ -77.20544, 38.69858 ], [ -77.20593, 38.69889 ], [ -77.20637, 38.6988 ], [ -77.20786, 38.69738 ], [ -77.21268, 38.69531 ], [ -77.21308, 38.69408 ], [ -77.21463, 38.69328 ], [ -77.21454, 38.69184 ], [ -77.2163, 38.69113 ], [ -77.21619, 38.69013 ], [ -77.21757, 38.6902 ], [ -77.21979, 38.68895 ], [ -77.22031, 38.68973 ], [ -77.21825, 38.69317 ], [ -77.21425, 38.69715 ], [ -77.21694, 38.70156 ], [ -77.21914, 38.70053 ], [ -77.21956, 38.70115 ], [ -77.22011, 38.70094 ], [ -77.22025, 38.70114 ], [ -77.21842, 38.70218 ], [ -77.2184, 38.70416 ], [ -77.22109, 38.70527 ], [ -77.21906, 38.7108 ], [ -77.21731, 38.71276 ], [ -77.20905, 38.71985 ], [ -77.20716, 38.72122 ], [ -77.20423, 38.72278 ], [ -77.19182, 38.72764 ], [ -77.19029, 38.72855 ], [ -77.18889, 38.72981 ], [ -77.18748, 38.73211 ], [ -77.18454, 38.74212 ], [ -77.18219, 38.74769 ], [ -77.17314, 38.76254 ], [ -77.17107, 38.76467 ], [ -77.16949, 38.7656 ], [ -77.16497, 38.76748 ], [ -77.16213, 38.76673 ], [ -77.15558, 38.76555 ], [ -77.15258, 38.7642 ], [ -77.15127, 38.76389 ], [ -77.15129, 38.76374 ], [ -77.14993, 38.7638 ], [ -77.14856, 38.76424 ], [ -77.13606, 38.77116 ], [ -77.1331, 38.77327 ], [ -77.13122, 38.77206 ], [ -77.12945, 38.77041 ], [ -77.12662, 38.76957 ], [ -77.12539, 38.76896 ], [ -77.1247, 38.76817 ], [ -77.12439, 38.76686 ], [ -77.12391, 38.76604 ], [ -77.12116, 38.76732 ], [ -77.11923, 38.76917 ], [ -77.11645, 38.77125 ], [ -77.11295, 38.77321 ], [ -77.11191, 38.7742 ], [ -77.11019, 38.77517 ], [ -77.10726, 38.77901 ], [ -77.10365, 38.78196 ], [ -77.09508, 38.7854 ], [ -77.09174, 38.78651 ], [ -77.09116, 38.78648 ], [ -77.09099, 38.78519 ], [ -77.09279, 38.78215 ], [ -77.092, 38.78189 ], [ -77.09164, 38.78118 ], [ -77.0925, 38.77977 ], [ -77.09208, 38.77938 ], [ -77.09243, 38.77867 ], [ -77.09192, 38.77691 ], [ -77.09254, 38.77641 ], [ -77.08987, 38.77433 ], [ -77.11412, 38.76914 ], [ -77.11296, 38.76616 ] ] } },
{ "type": "Feature", "properties": { "year": 2025, "level": "MS", "name": "Herndon" }, "geometry": { "type": "LineString", "coordinates": [ [ -77.36841, 39.01169 ], [ -77.36907, 39.01117 ], [ -77.36938, 39.01144 ], [ -77.37047, 39.01132 ], [ -77.37122, 39.01109 ], [ -77.37157, 39.01061 ], [ -77.37315, 39.01018 ], [ -77.37322, 39.0099 ], [ -77.37237, 39.00896 ], [ -77.37274, 39.00827 ], [ -77.37334, 39.00787 ], [ -77.37348, 39.00741 ], [ -77.37327, 39.00713 ], [ -77.37376, 39.00667 ], [ -77.37245, 39.00557 ], [ -77.37204, 39.0047 ], [ -77.37109, 39.00426 ], [ -77.37123, 39.00362 ], [ -77.3709, 39.00271 ], [ -77.37024, 39.00228 ], [ -77.37011, 39.00186 ], [ -77.37031, 39.00034 ], [ -77.3708, 38.9998 ], [ -77.37025, 38.99911 ], [ -77.36924, 38.9987 ], [ -77.36687, 38.99922 ], [ -77.36578, 38.99985 ], [ -77.36333, 38.99941 ], [ -77.36401, 38.99706 ], [ -77.3653, 38.99447 ], [ -77.36524, 38.9934 ], [ -77.3648, 38.99246 ], [ -77.35797, 38.99114 ], [ -77.35647, 38.99408 ], [ -77.35561, 38.9951 ], [ -77.35504, 38.99535 ], [ -77.35438, 38.99525 ], [ -77.35459, 38.9947 ], [ -77.35353, 38.99426 ], [ -77.35128, 38.99339 ], [ -77.35131, 38.9939 ], [ -77.35089, 38.99372 ], [ -77.35072, 38.99593 ], [ -77.35142, 38.99597 ], [ -77.35147, 38.99551 ], [ -77.35195, 38.99528 ], [ -77.35409, 38.99599 ], [ -77.35355, 38.99737 ], [ -77.35149, 38.9968 ], [ -77.35186, 39.00096 ], [ -77.35325, 39.00165 ], [ -77.35888, 39.00344 ], [ -77.35702, 39.0069 ], [ -77.34586, 39.00096 ], [ -77.3463, 39.00042 ], [ -77.3438, 38.99907 ], [ -77.34438, 38.99825 ], [ -77.34369, 38.99799 ], [ -77.34395, 38.99751 ], [ -77.34525, 38.99806 ], [ -77.34599, 38.99695 ], [ -77.34455, 38.99667 ], [ -77.34675, 38.99325 ], [ -77.34506, 38.99309 ], [ -77.34374, 38.99255 ], [ -77.3403, 38.99751 ], [ -77.3363, 38.99468 ], [ -77.33714, 38.99369 ], [ -77.33808, 38.9915 ], [ -77.33765, 38.99132 ], [ -77.33924, 38.98906 ], [ -77.33686, 38.98741 ], [ -77.33577, 38.98897 ], [ -77.33178, 38.98877 ], [ -77.33184, 38.9876 ], [ -77.33111, 38.98757 ], [ -77.33209, 38.9799 ], [ -77.3305, 38.97995 ], [ -77.33038, 38.97848 ], [ -77.33151, 38.97755 ], [ -77.33041, 38.97394 ], [ -77.33739, 38.97284 ], [ -77.34599, 38.96892 ], [ -77.3474, 38.96848 ], [ -77.3581, 38.96613 ], [ -77.36497, 38.96614 ], [ -77.36964, 38.95904 ], [ -77.37402, 38.95306 ], [ -77.38118, 38.95261 ], [ -77.38441, 38.95264 ], [ -77.39651, 38.95439 ], [ -77.40125, 38.95563 ], [ -77.41804, 38.96153 ], [ -77.42266, 38.96234 ], [ -77.37111, 39.01448 ], [ -77.36865, 39.01323 ], [ -77.36866, 39.01231 ], [ -77.36817, 39.0118 ], [ -77.36841, 39.01169 ] ] } },
{ "type": "Feature", "properties": { "year": 2025, "level": "MS", "name": "Holmes" }, "geometry": { "type": "LineString", "coordinates": [ [ -77.15807, 38.83644 ], [ -77.15776, 38.83644 ], [ -77.15748, 38.83586 ], [ -77.15467, 38.83341 ], [ -77.14888, 38.82961 ], [ -77.14631, 38.82736 ], [ -77.14541, 38.82598 ], [ -77.1432, 38.83086 ], [ -77.14258, 38.83066 ], [ -77.14077, 38.83119 ], [ -77.13994, 38.83286 ], [ -77.13503, 38.83143 ], [ -77.13491, 38.83082 ], [ -77.14092, 38.82709 ], [ -77.14192, 38.82567 ], [ -77.14176, 38.82476 ], [ -77.14216, 38.82382 ], [ -77.13852, 38.82389 ], [ -77.13719, 38.82151 ], [ -77.13958, 38.81957 ], [ -77.13845, 38.81872 ], [ -77.13975, 38.81711 ], [ -77.14105, 38.81755 ], [ -77.14355, 38.81429 ], [ -77.14385, 38.81043 ], [ -77.14436, 38.81037 ], [ -77.14321, 38.80563 ], [ -77.14235, 38.80577 ], [ -77.13986, 38.80021 ], [ -77.13774, 38.80077 ], [ -77.13754, 38.7979 ], [ -77.14792, 38.79638 ], [ -77.15093, 38.79517 ], [ -77.15316, 38.79333 ], [ -77.15567, 38.79286 ], [ -77.16135, 38.79134 ], [ -77.16947, 38.78994 ], [ -77.17388, 38.79027 ], [ -77.17727, 38.79122 ], [ -77.18024, 38.79237 ], [ -77.18223, 38.79339 ], [ -77.18624, 38.79494 ], [ -77.18579, 38.79757 ], [ -77.18867, 38.79807 ], [ -77.19063, 38.79804 ], [ -77.19271, 38.79762 ], [ -77.20203, 38.79395 ], [ -77.20404, 38.79343 ], [ -77.21788, 38.7928 ], [ -77.21853, 38.79388 ], [ -77.21627, 38.79434 ], [ -77.21513, 38.79504 ], [ -77.21508, 38.79532 ], [ -77.21463, 38.79546 ], [ -77.21421, 38.79608 ], [ -77.21429, 38.79636 ], [ -77.21329, 38.79762 ], [ -77.2143, 38.79913 ], [ -77.21344, 38.80113 ], [ -77.21216, 38.80219 ], [ -77.21191, 38.80317 ], [ -77.21792, 38.81123 ], [ -77.17888, 38.81186 ], [ -77.18011, 38.82351 ], [ -77.18364, 38.82622 ], [ -77.18238, 38.8278 ], [ -77.18789, 38.82904 ], [ -77.19632, 38.83043 ], [ -77.18381, 38.83539 ], [ -77.17736, 38.83635 ], [ -77.17379, 38.8366 ], [ -77.17058, 38.83762 ], [ -77.16308, 38.83803 ], [ -77.15807, 38.83644 ] ] } },
{ "type": "Feature", "properties": { "year": 2025, "level": "MS", "name": "Hughes" }, "geometry": { "type": "LineString", "coordinates": [ [ -77.32117, 38.97893 ], [ -77.32101, 38.97853 ], [ -77.31888, 38.97781 ], [ -77.31914, 38.97756 ], [ -77.3171, 38.97563 ], [ -77.31515, 38.97778 ], [ -77.31343, 38.97707 ], [ -77.30584, 38.97487 ], [ -77.30839, 38.96635 ], [ -77.30779, 38.9667 ], [ -77.30753, 38.96721 ], [ -77.30699, 38.96743 ], [ -77.30684, 38.96716 ], [ -77.3064, 38.96734 ], [ -77.3061, 38.96718 ], [ -77.30631, 38.96693 ], [ -77.30623, 38.96615 ], [ -77.30583, 38.96626 ], [ -77.30577, 38.96595 ], [ -77.30532, 38.96576 ], [ -77.30494, 38.96586 ], [ -77.3048, 38.96549 ], [ -77.30408, 38.96573 ], [ -77.30363, 38.96548 ], [ -77.30304, 38.96578 ], [ -77.30222, 38.96553 ], [ -77.30243, 38.96412 ], [ -77.2986, 38.9627 ], [ -77.29986, 38.96066 ], [ -77.29871, 38.96023 ], [ -77.29804, 38.96059 ], [ -77.29724, 38.96028 ], [ -77.29754, 38.96102 ], [ -77.29675, 38.96201 ], [ -77.29163, 38.96012 ], [ -77.29198, 38.95952 ], [ -77.29156, 38.95938 ], [ -77.29124, 38.95877 ], [ -77.29157, 38.95784 ], [ -77.291, 38.95764 ], [ -77.29031, 38.95398 ], [ -77.29053, 38.95369 ], [ -77.29136, 38.95326 ], [ -77.29204, 38.95398 ], [ -77.29326, 38.95454 ], [ -77.29501, 38.95498 ], [ -77.29834, 38.95532 ], [ -77.29804, 38.94708 ], [ -77.29294, 38.94546 ], [ -77.29291, 38.94423 ], [ -77.2934, 38.94378 ], [ -77.29344, 38.94293 ], [ -77.29398, 38.94275 ], [ -77.29404, 38.94231 ], [ -77.29492, 38.94244 ], [ -77.29537, 38.94167 ], [ -77.29624, 38.94196 ], [ -77.29629, 38.94181 ], [ -77.29882, 38.94507 ], [ -77.30403, 38.94374 ], [ -77.30443, 38.94251 ], [ -77.30606, 38.94203 ], [ -77.30627, 38.93979 ], [ -77.30678, 38.93975 ], [ -77.30928, 38.94247 ], [ -77.31271, 38.94258 ], [ -77.30994, 38.93731 ], [ -77.3108, 38.93548 ], [ -77.30749, 38.93341 ], [ -77.30501, 38.9325 ], [ -77.30488, 38.93125 ], [ -77.30512, 38.92994 ], [ -77.30792, 38.93036 ], [ -77.30926, 38.93023 ], [ -77.31058, 38.92982 ], [ -77.31034, 38.92921 ], [ -77.30939, 38.92829 ], [ -77.31004, 38.92741 ], [ -77.30967, 38.92696 ], [ -77.31019, 38.92672 ], [ -77.30959, 38.92633 ], [ -77.30988, 38.92611 ], [ -77.30988, 38.92569 ], [ -77.31032, 38.9255 ], [ -77.31011, 38.9252 ], [ -77.31085, 38.9252 ], [ -77.31078, 38.92468 ], [ -77.31171, 38.92408 ], [ -77.31204, 38.92342 ], [ -77.31247, 38.92361 ], [ -77.31342, 38.92253 ], [ -77.31398, 38.92097 ], [ -77.31442, 38.92105 ], [ -77.31538, 38.92072 ], [ -77.31577, 38.92096 ], [ -77.31633, 38.92074 ], [ -77.31634, 38.92046 ], [ -77.31691, 38.92006 ], [ -77.3167, 38.91962 ], [ -77.31696, 38.91976 ], [ -77.3172, 38.91952 ], [ -77.31671, 38.91916 ], [ -77.31637, 38.91837 ], [ -77.31627, 38.91694 ], [ -77.31745, 38.91691 ], [ -77.31942, 38.91767 ], [ -77.31756, 38.92223 ], [ -77.3183, 38.9222 ], [ -77.31865, 38.92188 ], [ -77.32229, 38.92217 ], [ -77.32279, 38.92191 ], [ -77.32254, 38.92148 ], [ -77.32303, 38.92121 ], [ -77.32282, 38.92065 ], [ -77.323, 38.92051 ], [ -77.32264, 38.92029 ], [ -77.32285, 38.91997 ], [ -77.32315, 38.91976 ], [ -77.32348, 38.91989 ], [ -77.32343, 38.91955 ], [ -77.3238, 38.91947 ], [ -77.32366, 38.91929 ], [ -77.32398, 38.91907 ], [ -77.32494, 38.91897 ], [ -77.32533, 38.9183 ], [ -77.32587, 38.91874 ], [ -77.32492, 38.91942 ], [ -77.32553, 38.91968 ], [ -77.32608, 38.92038 ], [ -77.32751, 38.9194 ], [ -77.3285, 38.92068 ], [ -77.32914, 38.92038 ], [ -77.33049, 38.91913 ], [ -77.33104, 38.9199 ], [ -77.3333, 38.91922 ], [ -77.33261, 38.91814 ], [ -77.33388, 38.91728 ], [ -77.33342, 38.91632 ], [ -77.33646, 38.9154 ], [ -77.33712, 38.91606 ], [ -77.33808, 38.91576 ], [ -77.33858, 38.91625 ], [ -77.34533, 38.91707 ], [ -77.34829, 38.9128 ], [ -77.35185, 38.91118 ], [ -77.3521, 38.91136 ], [ -77.35418, 38.90978 ], [ -77.35505, 38.91062 ], [ -77.35632, 38.90971 ], [ -77.3603, 38.90778 ], [ -77.37208, 38.92458 ], [ -77.37356, 38.92497 ], [ -77.37332, 38.92596 ], [ -77.37259, 38.92706 ], [ -77.37366, 38.92756 ], [ -77.37495, 38.92855 ], [ -77.37826, 38.93311 ], [ -77.37284, 38.93552 ], [ -77.37133, 38.93651 ], [ -77.37278, 38.93832 ], [ -77.37658, 38.93655 ], [ -77.37728, 38.93717 ], [ -77.37803, 38.93612 ], [ -77.37979, 38.93497 ], [ -77.38387, 38.93963 ], [ -77.39323, 38.9452 ], [ -77.39201, 38.948 ], [ -77.39185, 38.94823 ], [ -77.39027, 38.94782 ], [ -77.38713, 38.94807 ], [ -77.38602, 38.94858 ], [ -77.38451, 38.94999 ], [ -77.383, 38.95038 ], [ -77.37993, 38.94991 ], [ -77.37794, 38.94855 ], [ -77.37698, 38.94821 ], [ -77.37429, 38.9527 ], [ -77.36964, 38.95904 ], [ -77.36497, 38.96614 ], [ -77.3581, 38.96613 ], [ -77.34693, 38.96859 ], [ -77.33739, 38.97284 ], [ -77.33041, 38.97394 ], [ -77.33151, 38.97755 ], [ -77.33038, 38.97848 ], [ -77.32787, 38.97808 ], [ -77.32138, 38.97946 ], [ -77.32117, 38.97893 ] ] } },
{ "type": "Feature", "properties": { "year": 2025, "level": "MS", "name": "Irving" }, "geometry": { "type": "LineString", "coordinates": [ [ -77.22789, 38.79246 ], [ -77.21888, 38.79277 ], [ -77.21679, 38.79069 ], [ -77.21689, 38.79035 ], [ -77.21609, 38.78989 ], [ -77.21515, 38.78885 ], [ -77.21301, 38.78773 ], [ -77.21133, 38.78753 ], [ -77.20761, 38.7861 ], [ -77.20703, 38.78516 ], [ -77.20623, 38.78492 ], [ -77.206, 38.78464 ], [ -77.20584, 38.78417 ], [ -77.20622, 38.78365 ], [ -77.20621, 38.78302 ], [ -77.20716, 38.78155 ], [ -77.20809, 38.78071 ], [ -77.20934, 38.78011 ], [ -77.20987, 38.78063 ], [ -77.20959, 38.78067 ], [ -77.21017, 38.78065 ], [ -77.21071, 38.77977 ], [ -77.20925, 38.77773 ], [ -77.20819, 38.77684 ], [ -77.20777, 38.77675 ], [ -77.20694, 38.77676 ], [ -77.20669, 38.77695 ], [ -77.20662, 38.77781 ], [ -77.20609, 38.77864 ], [ -77.20493, 38.77946 ], [ -77.20426, 38.77962 ], [ -77.20376, 38.77916 ], [ -77.20421, 38.77799 ], [ -77.20462, 38.77767 ], [ -77.20453, 38.77718 ], [ -77.20436, 38.77652 ], [ -77.20337, 38.77507 ], [ -77.20336, 38.77474 ], [ -77.2038, 38.77452 ], [ -77.20381, 38.77404 ], [ -77.20299, 38.77348 ], [ -77.20295, 38.77284 ], [ -77.20378, 38.77116 ], [ -77.2043, 38.77108 ], [ -77.2056, 38.77028 ], [ -77.20705, 38.76828 ], [ -77.20736, 38.76751 ], [ -77.20695, 38.76607 ], [ -77.20701, 38.76539 ], [ -77.20828, 38.76387 ], [ -77.20874, 38.76272 ], [ -77.20882, 38.76236 ], [ -77.20809, 38.76185 ], [ -77.20854, 38.76155 ], [ -77.21121, 38.7605 ], [ -77.21479, 38.7599 ], [ -77.21728, 38.75906 ], [ -77.22051, 38.76161 ], [ -77.22108, 38.76256 ], [ -77.22152, 38.76268 ], [ -77.22227, 38.76249 ], [ -77.22218, 38.76229 ], [ -77.22361, 38.76008 ], [ -77.22459, 38.75982 ], [ -77.225, 38.76075 ], [ -77.22712, 38.7602 ], [ -77.22692, 38.75921 ], [ -77.22735, 38.75792 ], [ -77.22557, 38.75657 ], [ -77.22508, 38.75589 ], [ -77.22533, 38.75518 ], [ -77.22666, 38.75393 ], [ -77.22672, 38.75348 ], [ -77.22605, 38.7528 ], [ -77.22539, 38.75252 ], [ -77.2233, 38.75241 ], [ -77.2231, 38.75221 ], [ -77.22379, 38.75088 ], [ -77.22133, 38.74988 ], [ -77.22113, 38.74936 ], [ -77.22283, 38.74878 ], [ -77.22261, 38.74806 ], [ -77.22274, 38.74586 ], [ -77.22331, 38.74544 ], [ -77.22393, 38.74405 ], [ -77.2247, 38.74372 ], [ -77.22926, 38.74424 ], [ -77.22931, 38.74397 ], [ -77.23166, 38.74426 ], [ -77.23197, 38.745 ], [ -77.2342, 38.745 ], [ -77.23417, 38.74334 ], [ -77.23857, 38.74394 ], [ -77.24034, 38.74362 ], [ -77.24309, 38.75024 ], [ -77.24445, 38.75003 ], [ -77.2442, 38.74981 ], [ -77.24733, 38.74712 ], [ -77.24901, 38.7461 ], [ -77.25143, 38.74546 ], [ -77.2541, 38.74555 ], [ -77.25663, 38.74645 ], [ -77.26017, 38.74903 ], [ -77.26398, 38.75058 ], [ -77.26763, 38.75182 ], [ -77.27191, 38.75197 ], [ -77.27471, 38.75345 ], [ -77.26223, 38.77484 ], [ -77.25988, 38.77381 ], [ -77.25767, 38.77327 ], [ -77.25482, 38.77319 ], [ -77.25255, 38.77356 ], [ -77.25846, 38.77871 ], [ -77.24591, 38.79365 ], [ -77.24787, 38.79594 ], [ -77.23746, 38.79611 ], [ -77.23601, 38.79567 ], [ -77.22988, 38.79283 ], [ -77.22789, 38.79246 ] ] } },
{ "type": "Feature", "properties": { "year": 2025, "level": "MS", "name": "Jackson" }, "geometry": { "type": "LineString", "coordinates": [ [ -77.23543, 38.87512 ], [ -77.23546, 38.87491 ], [ -77.23603, 38.87511 ], [ -77.23593, 38.87366 ], [ -77.22814, 38.87423 ], [ -77.22012, 38.87582 ], [ -77.21759, 38.87572 ], [ -77.21153, 38.87497 ], [ -77.20019, 38.87575 ], [ -77.19018, 38.8779 ], [ -77.18825, 38.87869 ], [ -77.17952, 38.87919 ], [ -77.17906, 38.87943 ], [ -77.17325, 38.87861 ], [ -77.17335, 38.87771 ], [ -77.17437, 38.87615 ], [ -77.17448, 38.87406 ], [ -77.17788, 38.87387 ], [ -77.17824, 38.8707 ], [ -77.17784, 38.86953 ], [ -77.17762, 38.86912 ], [ -77.17464, 38.86962 ], [ -77.17467, 38.86715 ], [ -77.17721, 38.86235 ], [ -77.17879, 38.86097 ], [ -77.17877, 38.85876 ], [ -77.17909, 38.85819 ], [ -77.18001, 38.85774 ], [ -77.1865, 38.85683 ], [ -77.18954, 38.85586 ], [ -77.19287, 38.85401 ], [ -77.19633, 38.85358 ], [ -77.19819, 38.85305 ], [ -77.19929, 38.85248 ], [ -77.20127, 38.85084 ], [ -77.20212, 38.84748 ], [ -77.20369, 38.84536 ], [ -77.20644, 38.84243 ], [ -77.20831, 38.83904 ], [ -77.20659, 38.83861 ], [ -77.20639, 38.83916 ], [ -77.20337, 38.83846 ], [ -77.20394, 38.83696 ], [ -77.20211, 38.83629 ], [ -77.20422, 38.83175 ], [ -77.21234, 38.83286 ], [ -77.22088, 38.83496 ], [ -77.22801, 38.83579 ], [ -77.23273, 38.836 ], [ -77.23284, 38.83896 ], [ -77.23261, 38.84006 ], [ -77.2328, 38.84148 ], [ -77.23303, 38.84159 ], [ -77.23127, 38.8431 ], [ -77.2324, 38.84333 ], [ -77.23304, 38.84319 ], [ -77.23427, 38.84374 ], [ -77.23453, 38.8441 ], [ -77.23433, 38.84468 ], [ -77.2345, 38.84482 ], [ -77.23406, 38.84527 ], [ -77.23464, 38.84593 ], [ -77.23454, 38.84623 ], [ -77.23495, 38.84637 ], [ -77.23651, 38.84555 ], [ -77.23788, 38.84585 ], [ -77.2377, 38.84612 ], [ -77.23814, 38.84619 ], [ -77.23909, 38.84684 ], [ -77.23876, 38.84722 ], [ -77.23882, 38.84783 ], [ -77.23977, 38.84923 ], [ -77.24054, 38.84946 ], [ -77.24049, 38.85045 ], [ -77.24136, 38.85098 ], [ -77.24146, 38.85151 ], [ -77.24208, 38.85182 ], [ -77.24186, 38.85235 ], [ -77.24254, 38.8523 ], [ -77.2431, 38.85305 ], [ -77.24473, 38.85339 ], [ -77.23898, 38.85818 ], [ -77.23354, 38.86232 ], [ -77.23537, 38.8627 ], [ -77.23395, 38.86549 ], [ -77.26717, 38.86494 ], [ -77.26766, 38.86769 ], [ -77.26666, 38.86757 ], [ -77.26693, 38.86961 ], [ -77.26559, 38.86979 ], [ -77.26552, 38.86948 ], [ -77.26412, 38.86954 ], [ -77.26446, 38.87075 ], [ -77.26438, 38.87194 ], [ -77.26211, 38.87234 ], [ -77.26231, 38.87299 ], [ -77.26454, 38.8751 ], [ -77.2672, 38.87819 ], [ -77.24134, 38.87978 ], [ -77.2378, 38.88028 ], [ -77.23452, 38.8812 ], [ -77.23543, 38.87512 ] ] } },
{ "type": "Feature", "properties": { "year": 2025, "level": "MS", "name": "Key" }, "geometry": { "type": "LineString", "coordinates": [ [ -77.17586, 38.79079 ], [ -77.17169, 38.78997 ], [ -77.16843, 38.79005 ], [ -77.16135, 38.79134 ], [ -77.15567, 38.79286 ], [ -77.15316, 38.79333 ], [ -77.15408, 38.79202 ], [ -77.1547, 38.79042 ], [ -77.15712, 38.7761 ], [ -77.15805, 38.77346 ], [ -77.15969, 38.7711 ], [ -77.16193, 38.76912 ], [ -77.16389, 38.76795 ], [ -77.17034, 38.76514 ], [ -77.17173, 38.76414 ], [ -77.1729, 38.76288 ], [ -77.18248, 38.7471 ], [ -77.18454, 38.74212 ], [ -77.18748, 38.73211 ], [ -77.18815, 38.73076 ], [ -77.18925, 38.72942 ], [ -77.19052, 38.72839 ], [ -77.19211, 38.72751 ], [ -77.20474, 38.72255 ], [ -77.20716, 38.72122 ], [ -77.20905, 38.71985 ], [ -77.21023, 38.72068 ], [ -77.21168, 38.7199 ], [ -77.21395, 38.72138 ], [ -77.2139, 38.72225 ], [ -77.21525, 38.72349 ], [ -77.21557, 38.7241 ], [ -77.21581, 38.72599 ], [ -77.217, 38.72843 ], [ -77.21801, 38.72944 ], [ -77.21824, 38.72998 ], [ -77.21883, 38.73037 ], [ -77.21938, 38.73146 ], [ -77.22016, 38.73185 ], [ -77.22088, 38.73259 ], [ -77.22114, 38.73404 ], [ -77.2218, 38.73399 ], [ -77.22281, 38.73528 ], [ -77.22433, 38.73628 ], [ -77.22428, 38.73707 ], [ -77.225, 38.73801 ], [ -77.22609, 38.73886 ], [ -77.22555, 38.73903 ], [ -77.22585, 38.73993 ], [ -77.22541, 38.74092 ], [ -77.22584, 38.74264 ], [ -77.22572, 38.74316 ], [ -77.22393, 38.74405 ], [ -77.22331, 38.74544 ], [ -77.22274, 38.74586 ], [ -77.22261, 38.74806 ], [ -77.22283, 38.74878 ], [ -77.22113, 38.74936 ], [ -77.22133, 38.74988 ], [ -77.22379, 38.75088 ], [ -77.2231, 38.75221 ], [ -77.2233, 38.75241 ], [ -77.22539, 38.75252 ], [ -77.22605, 38.7528 ], [ -77.22672, 38.75348 ], [ -77.22666, 38.75393 ], [ -77.22533, 38.75518 ], [ -77.22508, 38.75589 ], [ -77.22557, 38.75657 ], [ -77.22735, 38.75792 ], [ -77.22692, 38.75921 ], [ -77.22712, 38.7602 ], [ -77.225, 38.76075 ], [ -77.22459, 38.75982 ], [ -77.22361, 38.76008 ], [ -77.22218, 38.76229 ], [ -77.22227, 38.76249 ], [ -77.22152, 38.76268 ], [ -77.22108, 38.76256 ], [ -77.22051, 38.76161 ], [ -77.21728, 38.75906 ], [ -77.21479, 38.7599 ], [ -77.21121, 38.7605 ], [ -77.20854, 38.76155 ], [ -77.20809, 38.76185 ], [ -77.20882, 38.76236 ], [ -77.20874, 38.76272 ], [ -77.20828, 38.76387 ], [ -77.20701, 38.76539 ], [ -77.20695, 38.76607 ], [ -77.20736, 38.76751 ], [ -77.20705, 38.76828 ], [ -77.2056, 38.77028 ], [ -77.2043, 38.77108 ], [ -77.20378, 38.77116 ], [ -77.20295, 38.77284 ], [ -77.20299, 38.77348 ], [ -77.20381, 38.77404 ], [ -77.2038, 38.77452 ], [ -77.20336, 38.77474 ], [ -77.20337, 38.77507 ], [ -77.20436, 38.77652 ], [ -77.20453, 38.77718 ], [ -77.20462, 38.77767 ], [ -77.20421, 38.77799 ], [ -77.20376, 38.77916 ], [ -77.20426, 38.77962 ], [ -77.20493, 38.77946 ], [ -77.20609, 38.77864 ], [ -77.20662, 38.77781 ], [ -77.20669, 38.77695 ], [ -77.20694, 38.77676 ], [ -77.20777, 38.77675 ], [ -77.20819, 38.77684 ], [ -77.20925, 38.77773 ], [ -77.21071, 38.77977 ], [ -77.21021, 38.78064 ], [ -77.20968, 38.78071 ], [ -77.20961, 38.78068 ], [ -77.20986, 38.78061 ], [ -77.20931, 38.78012 ], [ -77.20836, 38.78053 ], [ -77.20716, 38.78155 ], [ -77.20621, 38.78302 ], [ -77.20622, 38.78365 ], [ -77.20584, 38.78417 ], [ -77.20606, 38.78473 ], [ -77.20703, 38.78516 ], [ -77.20761, 38.7861 ], [ -77.20885, 38.78669 ], [ -77.21137, 38.78754 ], [ -77.21301, 38.78773 ], [ -77.21515, 38.78885 ], [ -77.21609, 38.78989 ], [ -77.21689, 38.79035 ], [ -77.21679, 38.79069 ], [ -77.21888, 38.79277 ], [ -77.20404, 38.79343 ], [ -77.20203, 38.79395 ], [ -77.19271, 38.79762 ], [ -77.19087, 38.79802 ], [ -77.18894, 38.79808 ], [ -77.18579, 38.79757 ], [ -77.18624, 38.79494 ], [ -77.18223, 38.79339 ], [ -77.17853, 38.79166 ], [ -77.17586, 38.79079 ] ] } },
{ "type": "Feature", "properties": { "year": 2025, "level": "MS", "name": "Kilmer" }, "geometry": { "type": "LineString", "coordinates": [ [ -77.19214, 38.8928 ], [ -77.19353, 38.89142 ], [ -77.19661, 38.89123 ], [ -77.19886, 38.88881 ], [ -77.19915, 38.88793 ], [ -77.19963, 38.88792 ], [ -77.2002, 38.88731 ], [ -77.20088, 38.88708 ], [ -77.20067, 38.88696 ], [ -77.2009, 38.88672 ], [ -77.20123, 38.88704 ], [ -77.20189, 38.88631 ], [ -77.20315, 38.88628 ], [ -77.20409, 38.88577 ], [ -77.20445, 38.88534 ], [ -77.20073, 38.88275 ], [ -77.20149, 38.88182 ], [ -77.20352, 38.88205 ], [ -77.20531, 38.87912 ], [ -77.2099, 38.87968 ], [ -77.21089, 38.878 ], [ -77.20858, 38.8777 ], [ -77.20883, 38.87728 ], [ -77.20853, 38.87724 ], [ -77.20939, 38.87582 ], [ -77.20963, 38.8758 ], [ -77.20984, 38.87507 ], [ -77.21196, 38.87498 ], [ -77.21759, 38.87572 ], [ -77.22012, 38.87582 ], [ -77.22814, 38.87423 ], [ -77.23593, 38.87366 ], [ -77.23603, 38.87511 ], [ -77.23546, 38.87491 ], [ -77.23452, 38.8812 ], [ -77.22238, 38.88497 ], [ -77.22124, 38.88755 ], [ -77.21798, 38.89067 ], [ -77.23959, 38.89637 ], [ -77.24225, 38.89753 ], [ -77.24277, 38.89786 ], [ -77.24196, 38.9045 ], [ -77.2424, 38.90446 ], [ -77.24328, 38.90544 ], [ -77.24423, 38.90603 ], [ -77.24477, 38.90586 ], [ -77.2434, 38.90921 ], [ -77.24442, 38.90946 ], [ -77.24535, 38.9102 ], [ -77.24924, 38.91076 ], [ -77.25002, 38.91066 ], [ -77.25012, 38.91097 ], [ -77.25439, 38.91015 ], [ -77.25779, 38.9075 ], [ -77.25797, 38.90815 ], [ -77.25721, 38.909 ], [ -77.25694, 38.91031 ], [ -77.25604, 38.91102 ], [ -77.25678, 38.91158 ], [ -77.25693, 38.91369 ], [ -77.25776, 38.91443 ], [ -77.25798, 38.91495 ], [ -77.25913, 38.91573 ], [ -77.26026, 38.91465 ], [ -77.26012, 38.91441 ], [ -77.26045, 38.91434 ], [ -77.25984, 38.91395 ], [ -77.26527, 38.90915 ], [ -77.2656, 38.90941 ], [ -77.26665, 38.90858 ], [ -77.26913, 38.91074 ], [ -77.27105, 38.90926 ], [ -77.27058, 38.90872 ], [ -77.27129, 38.90817 ], [ -77.27883, 38.91489 ], [ -77.28297, 38.91763 ], [ -77.284, 38.91862 ], [ -77.28526, 38.92036 ], [ -77.28726, 38.92453 ], [ -77.28886, 38.92636 ], [ -77.29093, 38.92771 ], [ -77.29865, 38.93127 ], [ -77.29838, 38.93142 ], [ -77.29803, 38.93129 ], [ -77.29726, 38.93172 ], [ -77.29616, 38.93174 ], [ -77.29531, 38.93282 ], [ -77.29541, 38.93322 ], [ -77.29376, 38.93348 ], [ -77.29397, 38.9342 ], [ -77.29335, 38.93531 ], [ -77.29398, 38.93576 ], [ -77.29434, 38.93571 ], [ -77.29469, 38.93651 ], [ -77.29544, 38.93687 ], [ -77.29562, 38.93724 ], [ -77.29715, 38.93795 ], [ -77.29731, 38.93854 ], [ -77.29823, 38.93936 ], [ -77.2983, 38.94012 ], [ -77.29742, 38.94017 ], [ -77.29624, 38.94196 ], [ -77.29537, 38.94167 ], [ -77.29492, 38.94244 ], [ -77.29404, 38.94231 ], [ -77.29398, 38.94275 ], [ -77.29344, 38.94293 ], [ -77.2934, 38.94378 ], [ -77.29291, 38.94423 ], [ -77.29287, 38.94481 ], [ -77.29294, 38.94546 ], [ -77.29804, 38.94708 ], [ -77.29834, 38.95532 ], [ -77.29501, 38.95498 ], [ -77.29326, 38.95454 ], [ -77.29204, 38.95398 ], [ -77.29136, 38.95326 ], [ -77.29031, 38.95398 ], [ -77.291, 38.95764 ], [ -77.29157, 38.95784 ], [ -77.29124, 38.95877 ], [ -77.29153, 38.95932 ], [ -77.29068, 38.95969 ], [ -77.28726, 38.95976 ], [ -77.28535, 38.95911 ], [ -77.28529, 38.95817 ], [ -77.28484, 38.95817 ], [ -77.28485, 38.95861 ], [ -77.28415, 38.95847 ], [ -77.28321, 38.95929 ], [ -77.28046, 38.95907 ], [ -77.28128, 38.95791 ], [ -77.27672, 38.957 ], [ -77.27868, 38.95446 ], [ -77.28194, 38.95218 ], [ -77.2838, 38.95153 ], [ -77.28449, 38.95072 ], [ -77.28309, 38.9502 ], [ -77.28159, 38.95042 ], [ -77.28098, 38.94956 ], [ -77.28143, 38.94777 ], [ -77.28001, 38.94737 ], [ -77.2798, 38.94773 ], [ -77.2795, 38.94772 ], [ -77.27956, 38.9472 ], [ -77.27927, 38.94698 ], [ -77.27946, 38.94646 ], [ -77.27821, 38.94657 ], [ -77.27782, 38.94632 ], [ -77.27655, 38.94627 ], [ -77.27618, 38.94602 ], [ -77.27618, 38.94529 ], [ -77.27577, 38.94504 ], [ -77.27565, 38.94449 ], [ -77.27469, 38.9445 ], [ -77.27373, 38.94415 ], [ -77.27287, 38.94314 ], [ -77.27283, 38.94265 ], [ -77.27235, 38.94279 ], [ -77.27253, 38.9421 ], [ -77.27185, 38.94166 ], [ -77.27265, 38.94047 ], [ -77.27054, 38.93904 ], [ -77.26596, 38.93498 ], [ -77.26434, 38.93391 ], [ -77.26224, 38.93299 ], [ -77.25997, 38.9324 ], [ -77.25726, 38.93211 ], [ -77.25333, 38.93241 ], [ -77.24647, 38.93414 ], [ -77.23649, 38.92387 ], [ -77.23233, 38.92588 ], [ -77.22821, 38.92851 ], [ -77.22646, 38.9288 ], [ -77.22477, 38.92867 ], [ -77.22292, 38.92792 ], [ -77.21779, 38.92429 ], [ -77.21782, 38.92371 ], [ -77.21906, 38.92283 ], [ -77.22179, 38.92207 ], [ -77.22171, 38.92032 ], [ -77.22003, 38.92044 ], [ -77.21611, 38.92182 ], [ -77.21423, 38.92601 ], [ -77.21425, 38.92994 ], [ -77.21385, 38.93114 ], [ -77.21309, 38.93224 ], [ -77.20356, 38.92878 ], [ -77.20881, 38.9248 ], [ -77.2084, 38.92336 ], [ -77.20866, 38.92211 ], [ -77.20939, 38.92143 ], [ -77.20624, 38.92026 ], [ -77.20285, 38.91967 ], [ -77.19655, 38.92332 ], [ -77.19205, 38.91651 ], [ -77.18906, 38.91336 ], [ -77.19014, 38.91303 ], [ -77.19045, 38.91333 ], [ -77.19099, 38.91322 ], [ -77.19199, 38.91253 ], [ -77.19237, 38.91207 ], [ -77.19213, 38.91171 ], [ -77.19243, 38.91123 ], [ -77.19297, 38.91106 ], [ -77.19291, 38.91061 ], [ -77.19412, 38.91005 ], [ -77.19414, 38.90977 ], [ -77.19522, 38.90893 ], [ -77.19563, 38.90738 ], [ -77.19662, 38.90742 ], [ -77.19801, 38.9066 ], [ -77.19808, 38.90409 ], [ -77.19893, 38.90324 ], [ -77.20011, 38.90284 ], [ -77.20052, 38.903 ], [ -77.20146, 38.90267 ], [ -77.202, 38.90218 ], [ -77.18982, 38.89447 ], [ -77.19069, 38.89283 ], [ -77.19098, 38.89289 ], [ -77.19073, 38.89317 ], [ -77.19144, 38.89357 ], [ -77.19214, 38.8928 ] ] } },
{ "type": "Feature", "properties": { "year": 2025, "level": "MS", "name": "Lake Braddock" }, "geometry": { "type": "MultiLineString", "coordinates": [ [ [ -77.26204, 38.81071 ], [ -77.24885, 38.81054 ], [ -77.24026, 38.8109 ], [ -77.21792, 38.81123 ], [ -77.21191, 38.80317 ], [ -77.21216, 38.80219 ], [ -77.21344, 38.80113 ], [ -77.2143, 38.79913 ], [ -77.21329, 38.79762 ], [ -77.21429, 38.79636 ], [ -77.21421, 38.79608 ], [ -77.21463, 38.79546 ], [ -77.21508, 38.79532 ], [ -77.21513, 38.79504 ], [ -77.21627, 38.79434 ], [ -77.21853, 38.79388 ], [ -77.21788, 38.7928 ], [ -77.22846, 38.7925 ], [ -77.23007, 38.79291 ], [ -77.23601, 38.79567 ], [ -77.23746, 38.79611 ], [ -77.24787, 38.79594 ], [ -77.24591, 38.79365 ], [ -77.25846, 38.77871 ], [ -77.25255, 38.77356 ], [ -77.25482, 38.77319 ], [ -77.25677, 38.77317 ], [ -77.25988, 38.77381 ], [ -77.26223, 38.77484 ], [ -77.26274, 38.77424 ], [ -77.26374, 38.77202 ], [ -77.27471, 38.75345 ], [ -77.27191, 38.75197 ], [ -77.26763, 38.75182 ], [ -77.26398, 38.75058 ], [ -77.25976, 38.74882 ], [ -77.25698, 38.74667 ], [ -77.25502, 38.74577 ], [ -77.25301, 38.74541 ], [ -77.25086, 38.74555 ], [ -77.25059, 38.74469 ], [ -77.25075, 38.74288 ], [ -77.25143, 38.74047 ], [ -77.25246, 38.73877 ], [ -77.25223, 38.73627 ], [ -77.25367, 38.73672 ], [ -77.25462, 38.73777 ], [ -77.25504, 38.73868 ], [ -77.2549, 38.73898 ], [ -77.25642, 38.73889 ], [ -77.25767, 38.73935 ], [ -77.25893, 38.73938 ], [ -77.26028, 38.73905 ], [ -77.26111, 38.73947 ], [ -77.26144, 38.74017 ], [ -77.26127, 38.74066 ], [ -77.26185, 38.7413 ], [ -77.26328, 38.74228 ], [ -77.26422, 38.74255 ], [ -77.26401, 38.74215 ], [ -77.26475, 38.74233 ], [ -77.26539, 38.74331 ], [ -77.26603, 38.74353 ], [ -77.26811, 38.74316 ], [ -77.26929, 38.74321 ], [ -77.27002, 38.74285 ], [ -77.27208, 38.74341 ], [ -77.27231, 38.74289 ], [ -77.27384, 38.74283 ], [ -77.27436, 38.74261 ], [ -77.27588, 38.74281 ], [ -77.27677, 38.74333 ], [ -77.27703, 38.74421 ], [ -77.27663, 38.74514 ], [ -77.27678, 38.74558 ], [ -77.27797, 38.74604 ], [ -77.27838, 38.74588 ], [ -77.2787, 38.74624 ], [ -77.27968, 38.74655 ], [ -77.285, 38.73933 ], [ -77.28536, 38.73915 ], [ -77.28423, 38.73823 ], [ -77.28106, 38.73642 ], [ -77.27989, 38.7351 ], [ -77.27957, 38.73327 ], [ -77.28111, 38.72886 ], [ -77.2814, 38.72732 ], [ -77.28132, 38.72539 ], [ -77.28081, 38.72376 ], [ -77.27951, 38.72118 ], [ -77.27802, 38.72003 ], [ -77.2763, 38.71951 ], [ -77.27946, 38.71846 ], [ -77.28674, 38.72225 ], [ -77.28729, 38.72173 ], [ -77.28987, 38.72104 ], [ -77.29265, 38.72445 ], [ -77.29574, 38.72263 ], [ -77.29825, 38.72471 ], [ -77.29824, 38.7251 ], [ -77.29736, 38.72616 ], [ -77.29518, 38.72683 ], [ -77.29441, 38.72642 ], [ -77.29347, 38.7255 ], [ -77.29887, 38.7317 ], [ -77.30141, 38.73354 ], [ -77.30159, 38.7339 ], [ -77.30221, 38.73342 ], [ -77.30348, 38.73332 ], [ -77.30453, 38.73273 ], [ -77.30528, 38.73268 ], [ -77.30553, 38.72543 ], [ -77.30218, 38.72567 ], [ -77.30203, 38.72535 ], [ -77.30229, 38.72477 ], [ -77.30285, 38.72505 ], [ -77.30292, 38.72459 ], [ -77.30253, 38.72454 ], [ -77.30258, 38.72408 ], [ -77.30218, 38.72373 ], [ -77.30194, 38.72278 ], [ -77.30295, 38.72153 ], [ -77.30365, 38.72153 ], [ -77.30347, 38.7205 ], [ -77.30366, 38.71996 ], [ -77.30479, 38.71951 ], [ -77.30526, 38.71901 ], [ -77.30661, 38.71454 ], [ -77.30666, 38.71359 ], [ -77.30548, 38.71178 ], [ -77.30552, 38.71126 ], [ -77.30631, 38.71035 ], [ -77.3066, 38.70931 ], [ -77.30608, 38.70756 ], [ -77.30838, 38.70701 ], [ -77.30998, 38.70614 ], [ -77.3111, 38.70492 ], [ -77.31194, 38.70285 ], [ -77.31323, 38.70212 ], [ -77.31567, 38.70153 ], [ -77.31853, 38.70152 ], [ -77.32137, 38.70081 ], [ -77.32328, 38.70102 ], [ -77.32581, 38.70166 ], [ -77.32686, 38.70222 ], [ -77.32731, 38.70279 ], [ -77.32743, 38.70354 ], [ -77.32712, 38.70444 ], [ -77.32611, 38.70567 ], [ -77.3247, 38.70675 ], [ -77.32168, 38.7084 ], [ -77.31993, 38.70909 ], [ -77.31968, 38.71009 ], [ -77.32005, 38.71148 ], [ -77.32118, 38.71246 ], [ -77.32257, 38.71274 ], [ -77.326, 38.71153 ], [ -77.33102, 38.71066 ], [ -77.33244, 38.71084 ], [ -77.33304, 38.71138 ], [ -77.33318, 38.71222 ], [ -77.33283, 38.71341 ], [ -77.33151, 38.71584 ], [ -77.33161, 38.71754 ], [ -77.33246, 38.71835 ], [ -77.33403, 38.71906 ], [ -77.33736, 38.71987 ], [ -77.33652, 38.72235 ], [ -77.3356, 38.72235 ], [ -77.33552, 38.72302 ], [ -77.33496, 38.72328 ], [ -77.33536, 38.72334 ], [ -77.33535, 38.72478 ], [ -77.3322, 38.72855 ], [ -77.32995, 38.73206 ], [ -77.32701, 38.72872 ], [ -77.32595, 38.72829 ], [ -77.32029, 38.72801 ], [ -77.32064, 38.7289 ], [ -77.32026, 38.73068 ], [ -77.32043, 38.73204 ], [ -77.32011, 38.73324 ], [ -77.31915, 38.73503 ], [ -77.32002, 38.73643 ], [ -77.32034, 38.73664 ], [ -77.32168, 38.73558 ], [ -77.32281, 38.73618 ], [ -77.32409, 38.73645 ], [ -77.32618, 38.73733 ], [ -77.32731, 38.73606 ], [ -77.33103, 38.74011 ], [ -77.33317, 38.74393 ], [ -77.32684, 38.74771 ], [ -77.32496, 38.74804 ], [ -77.32661, 38.75014 ], [ -77.32739, 38.7498 ], [ -77.32925, 38.75235 ], [ -77.32967, 38.75792 ], [ -77.31785, 38.75484 ], [ -77.31815, 38.75261 ], [ -77.31732, 38.75259 ], [ -77.31736, 38.75223 ], [ -77.31519, 38.75291 ], [ -77.31459, 38.75173 ], [ -77.3089, 38.75218 ], [ -77.30903, 38.75325 ], [ -77.30781, 38.75334 ], [ -77.30769, 38.75226 ], [ -77.30515, 38.75261 ], [ -77.30269, 38.75378 ], [ -77.30369, 38.75446 ], [ -77.30119, 38.75619 ], [ -77.30115, 38.75643 ], [ -77.29723, 38.75665 ], [ -77.29611, 38.75694 ], [ -77.29561, 38.7576 ], [ -77.2957, 38.75832 ], [ -77.29753, 38.75968 ], [ -77.29891, 38.76124 ], [ -77.29922, 38.76204 ], [ -77.29931, 38.76297 ], [ -77.29883, 38.764 ], [ -77.2971, 38.76603 ], [ -77.29608, 38.76877 ], [ -77.29601, 38.76996 ], [ -77.29638, 38.77111 ], [ -77.29763, 38.77312 ], [ -77.2984, 38.77319 ], [ -77.29905, 38.77284 ], [ -77.30038, 38.77409 ], [ -77.29885, 38.77494 ], [ -77.29786, 38.77489 ], [ -77.29847, 38.77599 ], [ -77.29694, 38.77645 ], [ -77.29862, 38.77749 ], [ -77.29733, 38.77864 ], [ -77.29451, 38.77768 ], [ -77.29304, 38.77889 ], [ -77.28859, 38.77876 ], [ -77.28795, 38.77892 ], [ -77.28412, 38.78131 ], [ -77.28468, 38.78182 ], [ -77.28418, 38.78296 ], [ -77.2847, 38.78343 ], [ -77.28335, 38.78427 ], [ -77.28348, 38.78509 ], [ -77.28125, 38.78311 ], [ -77.27985, 38.78384 ], [ -77.28157, 38.78525 ], [ -77.28374, 38.78649 ], [ -77.2839, 38.78753 ], [ -77.28153, 38.78744 ], [ -77.28162, 38.78798 ], [ -77.27838, 38.78783 ], [ -77.27828, 38.78884 ], [ -77.27652, 38.78864 ], [ -77.27597, 38.78956 ], [ -77.28432, 38.78996 ], [ -77.28569, 38.79818 ], [ -77.29968, 38.79744 ], [ -77.30127, 38.79753 ], [ -77.29899, 38.79826 ], [ -77.29872, 38.79854 ], [ -77.29783, 38.79852 ], [ -77.29317, 38.79931 ], [ -77.28808, 38.8018 ], [ -77.28674, 38.80279 ], [ -77.2844, 38.80342 ], [ -77.28241, 38.80462 ], [ -77.28173, 38.80545 ], [ -77.28012, 38.80668 ], [ -77.27751, 38.81056 ], [ -77.2754, 38.81286 ], [ -77.27493, 38.81527 ], [ -77.27405, 38.8173 ], [ -77.26991, 38.81497 ], [ -77.26764, 38.8126 ], [ -77.26621, 38.81152 ], [ -77.26438, 38.81096 ], [ -77.26204, 38.81071 ] ], [ [ -77.24297, 38.74276 ], [ -77.24389, 38.7429 ], [ -77.24803, 38.74517 ], [ -77.2489, 38.74615 ], [ -77.24733, 38.74712 ], [ -77.2442, 38.74981 ], [ -77.24445, 38.75003 ], [ -77.24309, 38.75024 ], [ -77.24034, 38.74362 ], [ -77.24297, 38.74276 ] ] ] } },
{ "type": "Feature", "properties": { "year": 2025, "level": "MS", "name": "Katherine Johnson" }, "geometry": { "type": "MultiLineString", "coordinates": [ [ [ -77.36747, 38.86935 ], [ -77.34586, 38.86125 ], [ -77.34667, 38.86086 ], [ -77.34792, 38.85778 ], [ -77.34794, 38.85706 ], [ -77.34739, 38.85658 ], [ -77.34704, 38.85656 ], [ -77.34705, 38.85605 ], [ -77.34685, 38.85618 ], [ -77.34667, 38.85579 ], [ -77.34938, 38.85594 ], [ -77.35001, 38.85523 ], [ -77.34964, 38.85242 ], [ -77.34742, 38.85288 ], [ -77.34527, 38.85371 ], [ -77.34458, 38.85375 ], [ -77.34286, 38.85559 ], [ -77.34191, 38.85533 ], [ -77.34227, 38.85443 ], [ -77.34097, 38.85423 ], [ -77.34085, 38.85452 ], [ -77.33811, 38.85381 ], [ -77.33823, 38.85309 ], [ -77.33931, 38.8532 ], [ -77.33942, 38.85268 ], [ -77.33991, 38.85262 ], [ -77.3396, 38.8508 ], [ -77.35893, 38.8482 ], [ -77.36733, 38.84662 ], [ -77.36302, 38.83718 ], [ -77.36372, 38.83704 ], [ -77.3639, 38.83629 ], [ -77.36293, 38.83414 ], [ -77.36365, 38.83319 ], [ -77.36215, 38.82998 ], [ -77.36211, 38.829 ], [ -77.36258, 38.82863 ], [ -77.36281, 38.82764 ], [ -77.36261, 38.82701 ], [ -77.36297, 38.82614 ], [ -77.36226, 38.82588 ], [ -77.36175, 38.82524 ], [ -77.36203, 38.82492 ], [ -77.3633, 38.82493 ], [ -77.36253, 38.82102 ], [ -77.36385, 38.81984 ], [ -77.36342, 38.81877 ], [ -77.36663, 38.81806 ], [ -77.36607, 38.81797 ], [ -77.36595, 38.81754 ], [ -77.36481, 38.8164 ], [ -77.36481, 38.81613 ], [ -77.3655, 38.81552 ], [ -77.36604, 38.81416 ], [ -77.36603, 38.81339 ], [ -77.36487, 38.8125 ], [ -77.36483, 38.81175 ], [ -77.36414, 38.81103 ], [ -77.36357, 38.81096 ], [ -77.36298, 38.80971 ], [ -77.36301, 38.80866 ], [ -77.36139, 38.80801 ], [ -77.37104, 38.80474 ], [ -77.3718, 38.80626 ], [ -77.37468, 38.80536 ], [ -77.37495, 38.80432 ], [ -77.37501, 38.80122 ], [ -77.37539, 38.79969 ], [ -77.37512, 38.79825 ], [ -77.37563, 38.79684 ], [ -77.37677, 38.79717 ], [ -77.37875, 38.79896 ], [ -77.3785, 38.79922 ], [ -77.37908, 38.79986 ], [ -77.38001, 38.80277 ], [ -77.38, 38.80357 ], [ -77.38125, 38.80477 ], [ -77.38196, 38.80503 ], [ -77.38276, 38.80596 ], [ -77.38308, 38.8073 ], [ -77.38374, 38.80796 ], [ -77.38409, 38.80914 ], [ -77.38366, 38.81003 ], [ -77.3842, 38.81105 ], [ -77.38391, 38.81164 ], [ -77.38808, 38.80985 ], [ -77.38893, 38.80922 ], [ -77.39094, 38.80895 ], [ -77.39391, 38.80797 ], [ -77.39426, 38.80698 ], [ -77.39808, 38.80714 ], [ -77.39744, 38.82044 ], [ -77.39775, 38.82264 ], [ -77.39891, 38.82481 ], [ -77.40562, 38.83257 ], [ -77.40593, 38.83454 ], [ -77.40463, 38.84 ], [ -77.4086, 38.83984 ], [ -77.40843, 38.84191 ], [ -77.40194, 38.84874 ], [ -77.40291, 38.85172 ], [ -77.39283, 38.85357 ], [ -77.39307, 38.85418 ], [ -77.39389, 38.8548 ], [ -77.39398, 38.85517 ], [ -77.39378, 38.85524 ], [ -77.39426, 38.85567 ], [ -77.3945, 38.85646 ], [ -77.39618, 38.85622 ], [ -77.39641, 38.85658 ], [ -77.39729, 38.85698 ], [ -77.39787, 38.85633 ], [ -77.39863, 38.85593 ], [ -77.39964, 38.85572 ], [ -77.40058, 38.85581 ], [ -77.40099, 38.86199 ], [ -77.39291, 38.86396 ], [ -77.38682, 38.86402 ], [ -77.38191, 38.86493 ], [ -77.382, 38.86527 ], [ -77.38333, 38.86595 ], [ -77.38351, 38.86637 ], [ -77.38398, 38.86656 ], [ -77.38394, 38.86682 ], [ -77.38541, 38.86718 ], [ -77.38572, 38.86781 ], [ -77.38642, 38.86796 ], [ -77.3858, 38.86863 ], [ -77.38474, 38.86906 ], [ -77.38432, 38.8695 ], [ -77.38309, 38.86956 ], [ -77.38386, 38.87369 ], [ -77.3833, 38.87544 ], [ -77.36747, 38.86935 ] ], [ [ -77.31279, 38.87961 ], [ -77.31255, 38.87902 ], [ -77.31177, 38.87913 ], [ -77.31168, 38.87896 ], [ -77.30794, 38.87931 ], [ -77.30774, 38.87827 ], [ -77.30685, 38.87819 ], [ -77.3065, 38.87732 ], [ -77.30586, 38.87711 ], [ -77.30764, 38.87512 ], [ -77.30841, 38.87358 ], [ -77.30906, 38.87122 ], [ -77.30906, 38.86866 ], [ -77.29732, 38.87079 ], [ -77.29268, 38.87193 ], [ -77.29187, 38.8711 ], [ -77.29064, 38.871 ], [ -77.29162, 38.86745 ], [ -77.27867, 38.86657 ], [ -77.27886, 38.86629 ], [ -77.27429, 38.86606 ], [ -77.27386, 38.86664 ], [ -77.27305, 38.86585 ], [ -77.27152, 38.86656 ], [ -77.27083, 38.8661 ], [ -77.27034, 38.86487 ], [ -77.27013, 38.86487 ], [ -77.27003, 38.86412 ], [ -77.26954, 38.86413 ], [ -77.26878, 38.86287 ], [ -77.26863, 38.85999 ], [ -77.26979, 38.85566 ], [ -77.26879, 38.85448 ], [ -77.26917, 38.85379 ], [ -77.26891, 38.85239 ], [ -77.26926, 38.85182 ], [ -77.27096, 38.85138 ], [ -77.27175, 38.8485 ], [ -77.26998, 38.84335 ], [ -77.27052, 38.84092 ], [ -77.27856, 38.84198 ], [ -77.27854, 38.84099 ], [ -77.28094, 38.84127 ], [ -77.28206, 38.84118 ], [ -77.28638, 38.84172 ], [ -77.28647, 38.83862 ], [ -77.28735, 38.83864 ], [ -77.28726, 38.83613 ], [ -77.28828, 38.83615 ], [ -77.2884, 38.83653 ], [ -77.29063, 38.83652 ], [ -77.29674, 38.83733 ], [ -77.29673, 38.83598 ], [ -77.29715, 38.83497 ], [ -77.30024, 38.83505 ], [ -77.30022, 38.83521 ], [ -77.30229, 38.83535 ], [ -77.30224, 38.8349 ], [ -77.30179, 38.83475 ], [ -77.30133, 38.83311 ], [ -77.30307, 38.83282 ], [ -77.30406, 38.83608 ], [ -77.30786, 38.83575 ], [ -77.30805, 38.83689 ], [ -77.31036, 38.83666 ], [ -77.31043, 38.83694 ], [ -77.31198, 38.83678 ], [ -77.31175, 38.83572 ], [ -77.31261, 38.83571 ], [ -77.31274, 38.83631 ], [ -77.31398, 38.83604 ], [ -77.31411, 38.83583 ], [ -77.31623, 38.83642 ], [ -77.31869, 38.83466 ], [ -77.31876, 38.84202 ], [ -77.32269, 38.8432 ], [ -77.32588, 38.84698 ], [ -77.33095, 38.84732 ], [ -77.33035, 38.84772 ], [ -77.33029, 38.84858 ], [ -77.33137, 38.85122 ], [ -77.3318, 38.8517 ], [ -77.3348, 38.85136 ], [ -77.33503, 38.85266 ], [ -77.3347, 38.85396 ], [ -77.33333, 38.85643 ], [ -77.33374, 38.8566 ], [ -77.33333, 38.85643 ], [ -77.32882, 38.8639 ], [ -77.32935, 38.86411 ], [ -77.32877, 38.86488 ], [ -77.3226, 38.86596 ], [ -77.31951, 38.86929 ], [ -77.32082, 38.86944 ], [ -77.32025, 38.87054 ], [ -77.32117, 38.87094 ], [ -77.323, 38.87116 ], [ -77.32206, 38.87298 ], [ -77.32465, 38.87342 ], [ -77.32084, 38.87645 ], [ -77.31931, 38.87868 ], [ -77.31838, 38.87772 ], [ -77.31618, 38.87916 ], [ -77.31279, 38.87961 ] ] ] } },
{ "type": "Feature", "properties": { "year": 2025, "level": "MS", "name": "Liberty" }, "geometry": { "type": "LineString", "coordinates": [ [ -77.40861, 38.83996 ], [ -77.40463, 38.84 ], [ -77.40593, 38.83454 ], [ -77.40562, 38.83257 ], [ -77.39891, 38.82481 ], [ -77.39764, 38.82229 ], [ -77.39744, 38.82044 ], [ -77.39818, 38.80182 ], [ -77.40252, 38.80198 ], [ -77.40253, 38.80178 ], [ -77.40632, 38.8016 ], [ -77.40559, 38.80037 ], [ -77.40707, 38.79901 ], [ -77.40805, 38.79926 ], [ -77.4088, 38.79775 ], [ -77.40878, 38.79721 ], [ -77.40913, 38.79723 ], [ -77.40955, 38.7968 ], [ -77.40912, 38.79626 ], [ -77.40905, 38.79501 ], [ -77.41006, 38.79469 ], [ -77.41007, 38.7931 ], [ -77.40927, 38.79283 ], [ -77.40959, 38.79252 ], [ -77.41141, 38.79263 ], [ -77.4125, 38.79209 ], [ -77.41384, 38.79241 ], [ -77.41476, 38.79162 ], [ -77.41555, 38.79175 ], [ -77.4158, 38.7913 ], [ -77.41618, 38.79129 ], [ -77.41617, 38.79145 ], [ -77.41667, 38.79133 ], [ -77.41716, 38.79084 ], [ -77.41658, 38.7905 ], [ -77.41642, 38.78914 ], [ -77.41601, 38.78891 ], [ -77.4156, 38.78815 ], [ -77.41481, 38.78784 ], [ -77.41295, 38.78761 ], [ -77.41267, 38.7873 ], [ -77.41285, 38.78679 ], [ -77.41187, 38.78571 ], [ -77.41292, 38.78459 ], [ -77.41308, 38.78388 ], [ -77.41188, 38.78252 ], [ -77.41211, 38.78183 ], [ -77.41319, 38.78169 ], [ -77.41424, 38.78112 ], [ -77.41419, 38.78037 ], [ -77.41384, 38.77995 ], [ -77.4144, 38.77947 ], [ -77.41619, 38.77969 ], [ -77.41753, 38.7806 ], [ -77.41852, 38.77999 ], [ -77.41841, 38.77911 ], [ -77.41865, 38.77879 ], [ -77.42225, 38.77919 ], [ -77.42326, 38.77769 ], [ -77.42659, 38.7789 ], [ -77.42985, 38.7811 ], [ -77.43103, 38.78092 ], [ -77.43175, 38.78016 ], [ -77.43246, 38.77983 ], [ -77.43299, 38.77973 ], [ -77.43336, 38.77995 ], [ -77.43358, 38.78084 ], [ -77.43334, 38.78487 ], [ -77.433, 38.78635 ], [ -77.43313, 38.78722 ], [ -77.43591, 38.78978 ], [ -77.43659, 38.79074 ], [ -77.43677, 38.79127 ], [ -77.43647, 38.79283 ], [ -77.43787, 38.79502 ], [ -77.43805, 38.79611 ], [ -77.43931, 38.79895 ], [ -77.44176, 38.80159 ], [ -77.44267, 38.80327 ], [ -77.44344, 38.80386 ], [ -77.44693, 38.80395 ], [ -77.448, 38.80378 ], [ -77.44935, 38.80315 ], [ -77.45062, 38.80223 ], [ -77.45072, 38.80181 ], [ -77.45006, 38.80073 ], [ -77.45015, 38.80007 ], [ -77.45116, 38.79837 ], [ -77.45144, 38.79725 ], [ -77.4523, 38.79643 ], [ -77.45314, 38.79614 ], [ -77.45591, 38.79614 ], [ -77.45704, 38.79584 ], [ -77.4573, 38.796 ], [ -77.45738, 38.79702 ], [ -77.45846, 38.79761 ], [ -77.4593, 38.79769 ], [ -77.45994, 38.79745 ], [ -77.46061, 38.79633 ], [ -77.46204, 38.79556 ], [ -77.46271, 38.79557 ], [ -77.46447, 38.79635 ], [ -77.46586, 38.79659 ], [ -77.46715, 38.79654 ], [ -77.46774, 38.79625 ], [ -77.46832, 38.79633 ], [ -77.46877, 38.79596 ], [ -77.4704, 38.79571 ], [ -77.47209, 38.79641 ], [ -77.47357, 38.79636 ], [ -77.47475, 38.79669 ], [ -77.47586, 38.79757 ], [ -77.476, 38.79897 ], [ -77.47669, 38.79942 ], [ -77.47979, 38.79899 ], [ -77.48039, 38.79808 ], [ -77.48033, 38.79684 ], [ -77.48082, 38.79646 ], [ -77.48321, 38.79713 ], [ -77.48496, 38.79716 ], [ -77.48673, 38.79654 ], [ -77.49097, 38.79754 ], [ -77.49367, 38.79757 ], [ -77.49431, 38.79883 ], [ -77.49428, 38.80037 ], [ -77.49124, 38.80373 ], [ -77.48986, 38.80568 ], [ -77.48927, 38.80903 ], [ -77.49119, 38.81139 ], [ -77.49743, 38.81336 ], [ -77.50071, 38.81377 ], [ -77.5027, 38.81475 ], [ -77.50529, 38.81652 ], [ -77.50552, 38.81866 ], [ -77.50598, 38.81935 ], [ -77.50597, 38.81992 ], [ -77.50646, 38.82042 ], [ -77.50601, 38.82183 ], [ -77.50499, 38.82265 ], [ -77.504, 38.824 ], [ -77.46891, 38.83191 ], [ -77.4679, 38.82921 ], [ -77.47067, 38.82788 ], [ -77.4713, 38.8269 ], [ -77.47068, 38.82459 ], [ -77.47704, 38.82302 ], [ -77.47684, 38.8218 ], [ -77.47033, 38.82342 ], [ -77.46996, 38.82215 ], [ -77.46658, 38.82149 ], [ -77.46487, 38.82043 ], [ -77.46153, 38.82251 ], [ -77.45801, 38.82519 ], [ -77.45839, 38.82567 ], [ -77.45872, 38.82756 ], [ -77.4605, 38.82967 ], [ -77.46152, 38.83049 ], [ -77.46274, 38.83075 ], [ -77.46306, 38.83143 ], [ -77.46299, 38.83255 ], [ -77.46343, 38.83317 ], [ -77.44689, 38.83709 ], [ -77.44393, 38.84038 ], [ -77.44121, 38.84274 ], [ -77.43816, 38.84452 ], [ -77.43484, 38.84579 ], [ -77.40291, 38.85172 ], [ -77.40194, 38.84874 ], [ -77.4083, 38.84222 ], [ -77.40861, 38.83996 ] ] } },
{ "type": "Feature", "properties": { "year": 2025, "level": "MS", "name": "Poe" }, "geometry": { "type": "LineString", "coordinates": [ [ -77.19288, 38.85008 ], [ -77.19269, 38.84969 ], [ -77.19204, 38.84983 ], [ -77.19104, 38.84921 ], [ -77.19061, 38.84927 ], [ -77.19015, 38.8485 ], [ -77.18961, 38.84843 ], [ -77.18916, 38.84752 ], [ -77.18801, 38.84761 ], [ -77.18555, 38.84718 ], [ -77.18553, 38.84758 ], [ -77.18435, 38.84774 ], [ -77.18312, 38.84756 ], [ -77.18309, 38.84729 ], [ -77.18207, 38.84699 ], [ -77.182, 38.84679 ], [ -77.18273, 38.8462 ], [ -77.18306, 38.84644 ], [ -77.18435, 38.84659 ], [ -77.18485, 38.84626 ], [ -77.18448, 38.84418 ], [ -77.18357, 38.84379 ], [ -77.18375, 38.84315 ], [ -77.18521, 38.84253 ], [ -77.18527, 38.8421 ], [ -77.18558, 38.84215 ], [ -77.18571, 38.84178 ], [ -77.18606, 38.84177 ], [ -77.18547, 38.84019 ], [ -77.18607, 38.84015 ], [ -77.1864, 38.84065 ], [ -77.18712, 38.84055 ], [ -77.1867, 38.8401 ], [ -77.18716, 38.83985 ], [ -77.18788, 38.83861 ], [ -77.18564, 38.83754 ], [ -77.18436, 38.83521 ], [ -77.19632, 38.83043 ], [ -77.18789, 38.82904 ], [ -77.18238, 38.8278 ], [ -77.18364, 38.82622 ], [ -77.18011, 38.82351 ], [ -77.17888, 38.81186 ], [ -77.21792, 38.81123 ], [ -77.2213, 38.81613 ], [ -77.22214, 38.81822 ], [ -77.22246, 38.82052 ], [ -77.22191, 38.82388 ], [ -77.2188, 38.8304 ], [ -77.21822, 38.83432 ], [ -77.21234, 38.83286 ], [ -77.20422, 38.83175 ], [ -77.20211, 38.83629 ], [ -77.20394, 38.83696 ], [ -77.20337, 38.83846 ], [ -77.20639, 38.83916 ], [ -77.20659, 38.83861 ], [ -77.20831, 38.83904 ], [ -77.20727, 38.84125 ], [ -77.20212, 38.84748 ], [ -77.20127, 38.85084 ], [ -77.19902, 38.85266 ], [ -77.19645, 38.85356 ], [ -77.19287, 38.85401 ], [ -77.19288, 38.85008 ] ] } },
{ "type": "Feature", "properties": { "year": 2025, "level": "MS", "name": "Robinson" }, "geometry": { "type": "LineString", "coordinates": [ [ -77.30785, 38.82396 ], [ -77.30646, 38.82407 ], [ -77.3036, 38.82477 ], [ -77.3007, 38.82594 ], [ -77.29928, 38.82626 ], [ -77.29399, 38.82653 ], [ -77.2875, 38.82637 ], [ -77.2857, 38.82611 ], [ -77.28434, 38.82573 ], [ -77.28309, 38.82499 ], [ -77.27405, 38.8173 ], [ -77.27493, 38.81527 ], [ -77.2754, 38.81286 ], [ -77.27751, 38.81056 ], [ -77.28012, 38.80668 ], [ -77.28173, 38.80545 ], [ -77.28241, 38.80462 ], [ -77.2844, 38.80342 ], [ -77.28674, 38.80279 ], [ -77.28808, 38.8018 ], [ -77.29317, 38.79931 ], [ -77.29783, 38.79852 ], [ -77.29872, 38.79854 ], [ -77.29899, 38.79826 ], [ -77.30127, 38.79753 ], [ -77.29968, 38.79744 ], [ -77.28569, 38.79818 ], [ -77.28432, 38.78996 ], [ -77.27597, 38.78956 ], [ -77.27652, 38.78864 ], [ -77.27828, 38.78884 ], [ -77.27838, 38.78783 ], [ -77.28162, 38.78798 ], [ -77.28153, 38.78744 ], [ -77.2839, 38.78753 ], [ -77.28374, 38.78649 ], [ -77.28157, 38.78525 ], [ -77.27985, 38.78384 ], [ -77.28125, 38.78311 ], [ -77.28348, 38.78509 ], [ -77.28335, 38.78427 ], [ -77.2847, 38.78343 ], [ -77.28418, 38.78296 ], [ -77.28468, 38.78182 ], [ -77.28412, 38.78131 ], [ -77.28795, 38.77892 ], [ -77.28859, 38.77876 ], [ -77.29304, 38.77889 ], [ -77.29451, 38.77768 ], [ -77.29733, 38.77864 ], [ -77.29862, 38.77749 ], [ -77.29694, 38.77645 ], [ -77.29847, 38.77599 ], [ -77.29786, 38.77489 ], [ -77.29885, 38.77494 ], [ -77.30038, 38.77409 ], [ -77.29905, 38.77284 ], [ -77.2984, 38.77319 ], [ -77.29763, 38.77312 ], [ -77.29638, 38.77111 ], [ -77.29601, 38.76996 ], [ -77.29608, 38.76877 ], [ -77.2971, 38.76603 ], [ -77.29883, 38.764 ], [ -77.29931, 38.76297 ], [ -77.29922, 38.76204 ], [ -77.29891, 38.76124 ], [ -77.29753, 38.75968 ], [ -77.2957, 38.75832 ], [ -77.29561, 38.7576 ], [ -77.29611, 38.75694 ], [ -77.29723, 38.75665 ], [ -77.30115, 38.75643 ], [ -77.30119, 38.75619 ], [ -77.30369, 38.75446 ], [ -77.30269, 38.75378 ], [ -77.30515, 38.75261 ], [ -77.30769, 38.75226 ], [ -77.30781, 38.75334 ], [ -77.30903, 38.75325 ], [ -77.3089, 38.75218 ], [ -77.31459, 38.75173 ], [ -77.31519, 38.75291 ], [ -77.31736, 38.75223 ], [ -77.31732, 38.75259 ], [ -77.31815, 38.75261 ], [ -77.31785, 38.75484 ], [ -77.32967, 38.75792 ], [ -77.32925, 38.75235 ], [ -77.32739, 38.7498 ], [ -77.32661, 38.75014 ], [ -77.32496, 38.74804 ], [ -77.32684, 38.74771 ], [ -77.33317, 38.74393 ], [ -77.33103, 38.74011 ], [ -77.32731, 38.73606 ], [ -77.32618, 38.73733 ], [ -77.32409, 38.73645 ], [ -77.32281, 38.73618 ], [ -77.32168, 38.73558 ], [ -77.32034, 38.73664 ], [ -77.32002, 38.73643 ], [ -77.31915, 38.73503 ], [ -77.32011, 38.73324 ], [ -77.32043, 38.73204 ], [ -77.32026, 38.73068 ], [ -77.32064, 38.7289 ], [ -77.32029, 38.72801 ], [ -77.32595, 38.72829 ], [ -77.32701, 38.72872 ], [ -77.32995, 38.73206 ], [ -77.3322, 38.72855 ], [ -77.33535, 38.72478 ], [ -77.33536, 38.72334 ], [ -77.33496, 38.72328 ], [ -77.33552, 38.72302 ], [ -77.3356, 38.72235 ], [ -77.33652, 38.72235 ], [ -77.33736, 38.71987 ], [ -77.34169, 38.72009 ], [ -77.3449, 38.72123 ], [ -77.3481, 38.72115 ], [ -77.35075, 38.72153 ], [ -77.35266, 38.72244 ], [ -77.35544, 38.72518 ], [ -77.35598, 38.72546 ], [ -77.35656, 38.72544 ], [ -77.35856, 38.72416 ], [ -77.36007, 38.7226 ], [ -77.36159, 38.71992 ], [ -77.36329, 38.71552 ], [ -77.36423, 38.71493 ], [ -77.36644, 38.71443 ], [ -77.36741, 38.71391 ], [ -77.36795, 38.71304 ], [ -77.36825, 38.71131 ], [ -77.36883, 38.71056 ], [ -77.36987, 38.71031 ], [ -77.37117, 38.71054 ], [ -77.37342, 38.71157 ], [ -77.37452, 38.71248 ], [ -77.37782, 38.71631 ], [ -77.37962, 38.71915 ], [ -77.38033, 38.72144 ], [ -77.38042, 38.72379 ], [ -77.37971, 38.72623 ], [ -77.37749, 38.7294 ], [ -77.37806, 38.73382 ], [ -77.3787, 38.7353 ], [ -77.37977, 38.73674 ], [ -77.38386, 38.74025 ], [ -77.38978, 38.74301 ], [ -77.38979, 38.74441 ], [ -77.38843, 38.74639 ], [ -77.38801, 38.74745 ], [ -77.38794, 38.74835 ], [ -77.38833, 38.74896 ], [ -77.38904, 38.74916 ], [ -77.39174, 38.74918 ], [ -77.39399, 38.74977 ], [ -77.39586, 38.74972 ], [ -77.39795, 38.74919 ], [ -77.39889, 38.75035 ], [ -77.40079, 38.75192 ], [ -77.40166, 38.75238 ], [ -77.40242, 38.75236 ], [ -77.404, 38.75168 ], [ -77.4051, 38.74977 ], [ -77.4046, 38.74803 ], [ -77.40374, 38.74673 ], [ -77.40396, 38.74606 ], [ -77.4074, 38.74602 ], [ -77.40864, 38.74506 ], [ -77.41106, 38.7447 ], [ -77.41197, 38.74519 ], [ -77.41192, 38.74695 ], [ -77.41071, 38.74929 ], [ -77.40691, 38.7524 ], [ -77.40638, 38.75331 ], [ -77.40692, 38.75414 ], [ -77.4143, 38.75767 ], [ -77.41564, 38.75792 ], [ -77.41731, 38.76091 ], [ -77.41703, 38.76137 ], [ -77.41528, 38.76217 ], [ -77.41463, 38.7622 ], [ -77.41387, 38.76188 ], [ -77.41339, 38.76199 ], [ -77.41281, 38.7627 ], [ -77.41292, 38.7654 ], [ -77.41388, 38.76633 ], [ -77.41554, 38.76671 ], [ -77.41583, 38.76747 ], [ -77.41512, 38.76982 ], [ -77.4127, 38.77125 ], [ -77.41257, 38.77164 ], [ -77.41379, 38.77257 ], [ -77.41724, 38.7745 ], [ -77.41987, 38.7753 ], [ -77.42052, 38.7758 ], [ -77.42146, 38.77604 ], [ -77.422, 38.77707 ], [ -77.42326, 38.77769 ], [ -77.42225, 38.77919 ], [ -77.41865, 38.77879 ], [ -77.41841, 38.77911 ], [ -77.41852, 38.77999 ], [ -77.41753, 38.7806 ], [ -77.41619, 38.77969 ], [ -77.4144, 38.77947 ], [ -77.41384, 38.77995 ], [ -77.41419, 38.78037 ], [ -77.41424, 38.78112 ], [ -77.41319, 38.78169 ], [ -77.41211, 38.78183 ], [ -77.41188, 38.78252 ], [ -77.41308, 38.78388 ], [ -77.41292, 38.78459 ], [ -77.41187, 38.78571 ], [ -77.41285, 38.78679 ], [ -77.41271, 38.7874 ], [ -77.41358, 38.78779 ], [ -77.41481, 38.78784 ], [ -77.41555, 38.78811 ], [ -77.41601, 38.78891 ], [ -77.41642, 38.78914 ], [ -77.41658, 38.7905 ], [ -77.41716, 38.79084 ], [ -77.41667, 38.79133 ], [ -77.41617, 38.79145 ], [ -77.41618, 38.79129 ], [ -77.4158, 38.7913 ], [ -77.41555, 38.79175 ], [ -77.41476, 38.79162 ], [ -77.41384, 38.79241 ], [ -77.4125, 38.79209 ], [ -77.41141, 38.79263 ], [ -77.40959, 38.79252 ], [ -77.40927, 38.79283 ], [ -77.41007, 38.7931 ], [ -77.41006, 38.79469 ], [ -77.40905, 38.79501 ], [ -77.40912, 38.79626 ], [ -77.40955, 38.7968 ], [ -77.40913, 38.79723 ], [ -77.40878, 38.79721 ], [ -77.4088, 38.79775 ], [ -77.40805, 38.79926 ], [ -77.40707, 38.79901 ], [ -77.40559, 38.80037 ], [ -77.40632, 38.8016 ], [ -77.40253, 38.80178 ], [ -77.40252, 38.80198 ], [ -77.39818, 38.80182 ], [ -77.39808, 38.80714 ], [ -77.39426, 38.80698 ], [ -77.39391, 38.80797 ], [ -77.39094, 38.80895 ], [ -77.38893, 38.80922 ], [ -77.38808, 38.80985 ], [ -77.38391, 38.81164 ], [ -77.3842, 38.81105 ], [ -77.38366, 38.81003 ], [ -77.38409, 38.80914 ], [ -77.38374, 38.80796 ], [ -77.38308, 38.8073 ], [ -77.38276, 38.80596 ], [ -77.38196, 38.80503 ], [ -77.38125, 38.80477 ], [ -77.38, 38.80357 ], [ -77.38001, 38.80277 ], [ -77.37908, 38.79986 ], [ -77.3785, 38.79922 ], [ -77.37875, 38.79896 ], [ -77.37677, 38.79717 ], [ -77.37563, 38.79684 ], [ -77.37512, 38.79825 ], [ -77.37539, 38.79969 ], [ -77.37501, 38.80122 ], [ -77.37495, 38.80432 ], [ -77.3748, 38.80521 ], [ -77.3745, 38.80546 ], [ -77.3718, 38.80626 ], [ -77.37104, 38.80474 ], [ -77.36139, 38.80801 ], [ -77.36028, 38.80705 ], [ -77.35876, 38.80623 ], [ -77.35832, 38.80627 ], [ -77.35823, 38.80581 ], [ -77.35769, 38.80565 ], [ -77.3495, 38.80879 ], [ -77.34473, 38.80641 ], [ -77.34307, 38.80365 ], [ -77.34247, 38.80384 ], [ -77.34208, 38.80432 ], [ -77.34189, 38.80422 ], [ -77.34211, 38.80399 ], [ -77.34166, 38.80381 ], [ -77.34147, 38.80458 ], [ -77.34199, 38.80592 ], [ -77.34171, 38.80588 ], [ -77.34076, 38.80777 ], [ -77.34018, 38.80784 ], [ -77.33985, 38.80872 ], [ -77.34006, 38.8091 ], [ -77.33811, 38.80853 ], [ -77.33316, 38.80768 ], [ -77.3331, 38.81073 ], [ -77.32673, 38.80986 ], [ -77.32678, 38.80946 ], [ -77.32621, 38.8094 ], [ -77.32538, 38.81138 ], [ -77.32189, 38.81532 ], [ -77.31973, 38.81958 ], [ -77.31784, 38.82214 ], [ -77.31717, 38.82386 ], [ -77.31658, 38.82745 ], [ -77.31352, 38.82613 ], [ -77.3112, 38.82464 ], [ -77.30785, 38.82396 ] ] } },
{ "type": "Feature", "properties": { "year": 2025, "level": "MS", "name": "Rocky Run" }, "geometry": { "type": "LineString", "coordinates": [ [ -77.40289, 38.88303 ], [ -77.3833, 38.87544 ], [ -77.38386, 38.87369 ], [ -77.38309, 38.86956 ], [ -77.38432, 38.8695 ], [ -77.38474, 38.86906 ], [ -77.3858, 38.86863 ], [ -77.38642, 38.86796 ], [ -77.38572, 38.86781 ], [ -77.38541, 38.86718 ], [ -77.38394, 38.86682 ], [ -77.38398, 38.86656 ], [ -77.38351, 38.86637 ], [ -77.38333, 38.86595 ], [ -77.382, 38.86527 ], [ -77.38191, 38.86493 ], [ -77.38682, 38.86402 ], [ -77.39291, 38.86396 ], [ -77.40099, 38.86199 ], [ -77.40058, 38.85581 ], [ -77.39964, 38.85572 ], [ -77.39863, 38.85593 ], [ -77.39787, 38.85633 ], [ -77.39729, 38.85698 ], [ -77.39641, 38.85658 ], [ -77.39618, 38.85622 ], [ -77.3945, 38.85646 ], [ -77.39426, 38.85567 ], [ -77.39378, 38.85524 ], [ -77.39398, 38.85517 ], [ -77.39389, 38.8548 ], [ -77.39307, 38.85418 ], [ -77.39283, 38.85357 ], [ -77.43235, 38.84637 ], [ -77.43309, 38.84913 ], [ -77.43291, 38.85311 ], [ -77.43347, 38.85546 ], [ -77.44243, 38.86863 ], [ -77.43153, 38.86904 ], [ -77.42925, 38.87023 ], [ -77.4303, 38.87449 ], [ -77.43251, 38.87668 ], [ -77.42954, 38.87729 ], [ -77.42837, 38.88035 ], [ -77.4325, 38.88185 ], [ -77.43249, 38.88211 ], [ -77.43185, 38.88229 ], [ -77.43194, 38.88275 ], [ -77.43163, 38.8826 ], [ -77.43114, 38.88275 ], [ -77.43071, 38.88328 ], [ -77.43005, 38.88308 ], [ -77.42995, 38.88335 ], [ -77.42796, 38.88395 ], [ -77.42722, 38.88469 ], [ -77.42744, 38.88477 ], [ -77.4265, 38.88636 ], [ -77.42259, 38.88717 ], [ -77.42092, 38.88855 ], [ -77.42103, 38.88869 ], [ -77.41958, 38.88952 ], [ -77.40289, 38.88303 ] ] } },
{ "type": "Feature", "properties": { "year": 2025, "level": "MS", "name": "Sandburg" }, "geometry": { "type": "LineString", "coordinates": [ [ -77.05407, 38.78149 ], [ -77.0525, 38.7793 ], [ -77.05168, 38.77693 ], [ -77.05205, 38.77366 ], [ -77.05355, 38.76868 ], [ -77.05329, 38.76835 ], [ -77.05318, 38.76608 ], [ -77.05182, 38.7639 ], [ -77.04923, 38.76097 ], [ -77.04858, 38.75811 ], [ -77.04865, 38.75685 ], [ -77.04977, 38.75362 ], [ -77.04975, 38.75143 ], [ -77.04918, 38.75022 ], [ -77.04639, 38.751 ], [ -77.04641, 38.75065 ], [ -77.04699, 38.7505 ], [ -77.04737, 38.74965 ], [ -77.04796, 38.75013 ], [ -77.0478, 38.74949 ], [ -77.04736, 38.7492 ], [ -77.04628, 38.74735 ], [ -77.04485, 38.74564 ], [ -77.04466, 38.74504 ], [ -77.04377, 38.74456 ], [ -77.04408, 38.74419 ], [ -77.04301, 38.74337 ], [ -77.04239, 38.74226 ], [ -77.04226, 38.74083 ], [ -77.04335, 38.73915 ], [ -77.04155, 38.73688 ], [ -77.04145, 38.72624 ], [ -77.04307, 38.71878 ], [ -77.04601, 38.71451 ], [ -77.04686, 38.71397 ], [ -77.04792, 38.71283 ], [ -77.0516, 38.71114 ], [ -77.05322, 38.70965 ], [ -77.05406, 38.70961 ], [ -77.05648, 38.71007 ], [ -77.0622, 38.70969 ], [ -77.07143, 38.71007 ], [ -77.07291, 38.71073 ], [ -77.07419, 38.71187 ], [ -77.07418, 38.71266 ], [ -77.07339, 38.71332 ], [ -77.07343, 38.71554 ], [ -77.07592, 38.71825 ], [ -77.07675, 38.71949 ], [ -77.07805, 38.71855 ], [ -77.07977, 38.72054 ], [ -77.0811, 38.72148 ], [ -77.08107, 38.72306 ], [ -77.08195, 38.72429 ], [ -77.07948, 38.72631 ], [ -77.08076, 38.72797 ], [ -77.081, 38.72997 ], [ -77.07858, 38.73165 ], [ -77.08135, 38.73197 ], [ -77.08151, 38.7315 ], [ -77.08225, 38.73289 ], [ -77.0833, 38.73354 ], [ -77.08367, 38.7343 ], [ -77.08354, 38.73467 ], [ -77.08381, 38.73487 ], [ -77.08452, 38.73484 ], [ -77.08498, 38.73543 ], [ -77.08558, 38.7356 ], [ -77.08573, 38.73603 ], [ -77.08643, 38.73609 ], [ -77.08794, 38.73764 ], [ -77.08776, 38.7381 ], [ -77.08858, 38.73938 ], [ -77.08561, 38.742 ], [ -77.08415, 38.74413 ], [ -77.08745, 38.74516 ], [ -77.09096, 38.7402 ], [ -77.09397, 38.74043 ], [ -77.0949, 38.74094 ], [ -77.0954, 38.74087 ], [ -77.09584, 38.74108 ], [ -77.09619, 38.74164 ], [ -77.09493, 38.74398 ], [ -77.09494, 38.74469 ], [ -77.09565, 38.74634 ], [ -77.09538, 38.74685 ], [ -77.09566, 38.74716 ], [ -77.0941, 38.74746 ], [ -77.09139, 38.75784 ], [ -77.09108, 38.75987 ], [ -77.11126, 38.7618 ], [ -77.11412, 38.76914 ], [ -77.08992, 38.77431 ], [ -77.07898, 38.78151 ], [ -77.07853, 38.78128 ], [ -77.07662, 38.78276 ], [ -77.07012, 38.78539 ], [ -77.06556, 38.78871 ], [ -77.05787, 38.79195 ], [ -77.05681, 38.7926 ], [ -77.0526, 38.79073 ], [ -77.0513, 38.78991 ], [ -77.05275, 38.78812 ], [ -77.05439, 38.7851 ], [ -77.05454, 38.78302 ], [ -77.05407, 38.78149 ] ] } },
{ "type": "Feature", "properties": { "year": 2025, "level": "MS", "name": "South County" }, "geometry": { "type": "LineString", "coordinates": [ [ -77.27914, 38.74627 ], [ -77.2787, 38.74624 ], [ -77.27835, 38.74587 ], [ -77.27797, 38.74604 ], [ -77.27673, 38.74554 ], [ -77.27664, 38.74512 ], [ -77.27703, 38.74421 ], [ -77.27677, 38.74333 ], [ -77.27588, 38.74281 ], [ -77.27436, 38.74261 ], [ -77.27384, 38.74283 ], [ -77.27231, 38.74289 ], [ -77.27208, 38.74341 ], [ -77.27002, 38.74285 ], [ -77.26929, 38.74321 ], [ -77.26811, 38.74316 ], [ -77.26603, 38.74353 ], [ -77.26539, 38.74331 ], [ -77.26475, 38.74233 ], [ -77.26401, 38.74215 ], [ -77.26422, 38.74255 ], [ -77.26328, 38.74228 ], [ -77.26185, 38.7413 ], [ -77.26127, 38.74066 ], [ -77.26144, 38.74017 ], [ -77.26111, 38.73947 ], [ -77.26028, 38.73905 ], [ -77.25893, 38.73938 ], [ -77.25767, 38.73935 ], [ -77.25642, 38.73889 ], [ -77.2549, 38.73898 ], [ -77.25504, 38.73868 ], [ -77.25462, 38.73777 ], [ -77.25367, 38.73672 ], [ -77.25223, 38.73627 ], [ -77.25246, 38.73877 ], [ -77.25143, 38.74047 ], [ -77.25075, 38.74288 ], [ -77.25059, 38.74469 ], [ -77.25086, 38.74555 ], [ -77.2489, 38.74615 ], [ -77.24803, 38.74517 ], [ -77.24403, 38.74297 ], [ -77.24332, 38.74278 ], [ -77.24218, 38.74289 ], [ -77.23912, 38.74392 ], [ -77.23673, 38.74383 ], [ -77.23417, 38.74334 ], [ -77.2342, 38.745 ], [ -77.23197, 38.745 ], [ -77.23166, 38.74426 ], [ -77.22931, 38.74397 ], [ -77.22926, 38.74424 ], [ -77.2247, 38.74372 ], [ -77.22572, 38.74316 ], [ -77.22584, 38.74264 ], [ -77.22541, 38.74092 ], [ -77.22585, 38.73993 ], [ -77.22555, 38.73903 ], [ -77.22609, 38.73886 ], [ -77.225, 38.73801 ], [ -77.22428, 38.73707 ], [ -77.22433, 38.73628 ], [ -77.22281, 38.73528 ], [ -77.2218, 38.73399 ], [ -77.22114, 38.73404 ], [ -77.22088, 38.73259 ], [ -77.22016, 38.73185 ], [ -77.21938, 38.73146 ], [ -77.21883, 38.73037 ], [ -77.21824, 38.72998 ], [ -77.21801, 38.72944 ], [ -77.217, 38.72843 ], [ -77.21581, 38.72599 ], [ -77.21557, 38.7241 ], [ -77.21525, 38.72349 ], [ -77.2139, 38.72225 ], [ -77.21395, 38.72138 ], [ -77.21168, 38.7199 ], [ -77.21023, 38.72068 ], [ -77.20905, 38.71985 ], [ -77.21783, 38.71228 ], [ -77.21906, 38.7108 ], [ -77.21975, 38.70938 ], [ -77.22109, 38.70527 ], [ -77.2184, 38.70416 ], [ -77.21842, 38.70218 ], [ -77.22025, 38.70114 ], [ -77.22011, 38.70094 ], [ -77.21956, 38.70115 ], [ -77.21914, 38.70053 ], [ -77.21694, 38.70156 ], [ -77.21425, 38.69715 ], [ -77.21825, 38.69317 ], [ -77.22031, 38.68973 ], [ -77.21979, 38.68895 ], [ -77.21757, 38.6902 ], [ -77.21619, 38.69013 ], [ -77.2163, 38.69113 ], [ -77.21454, 38.69184 ], [ -77.21463, 38.69328 ], [ -77.21308, 38.69408 ], [ -77.21268, 38.69531 ], [ -77.20786, 38.69738 ], [ -77.20637, 38.6988 ], [ -77.20593, 38.69889 ], [ -77.20544, 38.69858 ], [ -77.20412, 38.69907 ], [ -77.20105, 38.69814 ], [ -77.20033, 38.69735 ], [ -77.20038, 38.69676 ], [ -77.19986, 38.69647 ], [ -77.19914, 38.69651 ], [ -77.19969, 38.6947 ], [ -77.2001, 38.69414 ], [ -77.20105, 38.69364 ], [ -77.20055, 38.69188 ], [ -77.20194, 38.69137 ], [ -77.20151, 38.69075 ], [ -77.20058, 38.69042 ], [ -77.20064, 38.6897 ], [ -77.2, 38.68913 ], [ -77.19939, 38.68888 ], [ -77.19871, 38.6893 ], [ -77.19812, 38.68934 ], [ -77.19472, 38.6879 ], [ -77.19331, 38.68877 ], [ -77.19308, 38.68872 ], [ -77.19259, 38.68776 ], [ -77.19128, 38.68702 ], [ -77.18988, 38.68571 ], [ -77.18726, 38.68509 ], [ -77.18575, 38.68325 ], [ -77.1841, 38.68232 ], [ -77.18371, 38.68135 ], [ -77.18257, 38.68068 ], [ -77.18017, 38.68044 ], [ -77.1791, 38.68066 ], [ -77.179, 38.67972 ], [ -77.17846, 38.6791 ], [ -77.17665, 38.67851 ], [ -77.1757, 38.67872 ], [ -77.17487, 38.67971 ], [ -77.17397, 38.67978 ], [ -77.17295, 38.67852 ], [ -77.17167, 38.67809 ], [ -77.17135, 38.67823 ], [ -77.17056, 38.67808 ], [ -77.1702, 38.67751 ], [ -77.16973, 38.67744 ], [ -77.16925, 38.67697 ], [ -77.16808, 38.67713 ], [ -77.16799, 38.67639 ], [ -77.16728, 38.6758 ], [ -77.16555, 38.67533 ], [ -77.16484, 38.67292 ], [ -77.16328, 38.67227 ], [ -77.16291, 38.6716 ], [ -77.16053, 38.67095 ], [ -77.15855, 38.67093 ], [ -77.15791, 38.67036 ], [ -77.15785, 38.66955 ], [ -77.15741, 38.66897 ], [ -77.15497, 38.6679 ], [ -77.15458, 38.66723 ], [ -77.15391, 38.66679 ], [ -77.15137, 38.66629 ], [ -77.15032, 38.66559 ], [ -77.14965, 38.66394 ], [ -77.14969, 38.66309 ], [ -77.15007, 38.66293 ], [ -77.15036, 38.66134 ], [ -77.15008, 38.65947 ], [ -77.15024, 38.6589 ], [ -77.14992, 38.6583 ], [ -77.14848, 38.65708 ], [ -77.14737, 38.65717 ], [ -77.14519, 38.65646 ], [ -77.14343, 38.65513 ], [ -77.14174, 38.65316 ], [ -77.13971, 38.65184 ], [ -77.13801, 38.65115 ], [ -77.13735, 38.65054 ], [ -77.13629, 38.65021 ], [ -77.1363, 38.64724 ], [ -77.13549, 38.64638 ], [ -77.13369, 38.64539 ], [ -77.13291, 38.64461 ], [ -77.13298, 38.64335 ], [ -77.13347, 38.6427 ], [ -77.13311, 38.64224 ], [ -77.13295, 38.64113 ], [ -77.13191, 38.6399 ], [ -77.13204, 38.63961 ], [ -77.13141, 38.63848 ], [ -77.13091, 38.63644 ], [ -77.12998, 38.63523 ], [ -77.12987, 38.6347 ], [ -77.1347, 38.63523 ], [ -77.13899, 38.63522 ], [ -77.14254, 38.63585 ], [ -77.14341, 38.6355 ], [ -77.14513, 38.63559 ], [ -77.14704, 38.63515 ], [ -77.14882, 38.63502 ], [ -77.15459, 38.6359 ], [ -77.15721, 38.63726 ], [ -77.16061, 38.6331 ], [ -77.16006, 38.6319 ], [ -77.16151, 38.63201 ], [ -77.16636, 38.62754 ], [ -77.16773, 38.62658 ], [ -77.16871, 38.62542 ], [ -77.17049, 38.62513 ], [ -77.17248, 38.6244 ], [ -77.17611, 38.62416 ], [ -77.17966, 38.62338 ], [ -77.18259, 38.62159 ], [ -77.18503, 38.62157 ], [ -77.18952, 38.62053 ], [ -77.19044, 38.61956 ], [ -77.1915, 38.61915 ], [ -77.1975, 38.61953 ], [ -77.19979, 38.61903 ], [ -77.20144, 38.61805 ], [ -77.20171, 38.61744 ], [ -77.20205, 38.61731 ], [ -77.20395, 38.61808 ], [ -77.20481, 38.61904 ], [ -77.20532, 38.6201 ], [ -77.20483, 38.62328 ], [ -77.205, 38.62459 ], [ -77.20546, 38.62565 ], [ -77.20675, 38.62701 ], [ -77.21102, 38.62999 ], [ -77.21112, 38.6304 ], [ -77.21328, 38.63284 ], [ -77.21372, 38.63371 ], [ -77.21367, 38.63495 ], [ -77.21406, 38.63601 ], [ -77.21627, 38.63755 ], [ -77.21259, 38.63771 ], [ -77.20998, 38.63735 ], [ -77.2087, 38.63743 ], [ -77.2073, 38.63784 ], [ -77.20562, 38.63878 ], [ -77.20508, 38.63869 ], [ -77.20349, 38.63985 ], [ -77.20013, 38.64319 ], [ -77.19736, 38.64715 ], [ -77.19622, 38.64822 ], [ -77.19548, 38.64835 ], [ -77.19355, 38.65016 ], [ -77.19366, 38.65133 ], [ -77.19424, 38.65251 ], [ -77.19401, 38.65316 ], [ -77.1947, 38.65388 ], [ -77.19626, 38.65478 ], [ -77.19747, 38.65596 ], [ -77.19978, 38.65755 ], [ -77.20094, 38.65808 ], [ -77.20185, 38.65798 ], [ -77.20323, 38.65842 ], [ -77.20495, 38.65808 ], [ -77.20696, 38.6572 ], [ -77.20801, 38.65719 ], [ -77.2094, 38.65671 ], [ -77.21118, 38.65642 ], [ -77.21208, 38.65643 ], [ -77.21421, 38.65706 ], [ -77.21534, 38.657 ], [ -77.21957, 38.65767 ], [ -77.22303, 38.65766 ], [ -77.22429, 38.65743 ], [ -77.22472, 38.65804 ], [ -77.22364, 38.65955 ], [ -77.22493, 38.66086 ], [ -77.22573, 38.66052 ], [ -77.22818, 38.66055 ], [ -77.2285, 38.6615 ], [ -77.22942, 38.66233 ], [ -77.23245, 38.66251 ], [ -77.23395, 38.6634 ], [ -77.2343, 38.66396 ], [ -77.23502, 38.66332 ], [ -77.23637, 38.66427 ], [ -77.23561, 38.66506 ], [ -77.23572, 38.66495 ], [ -77.23763, 38.66608 ], [ -77.23937, 38.66765 ], [ -77.24008, 38.66717 ], [ -77.24429, 38.67152 ], [ -77.25023, 38.67404 ], [ -77.25218, 38.67796 ], [ -77.25478, 38.68118 ], [ -77.25416, 38.68151 ], [ -77.25678, 38.6841 ], [ -77.26194, 38.68631 ], [ -77.26334, 38.68655 ], [ -77.26355, 38.68616 ], [ -77.26463, 38.68663 ], [ -77.26562, 38.68725 ], [ -77.26748, 38.68901 ], [ -77.26989, 38.68976 ], [ -77.27237, 38.6914 ], [ -77.27446, 38.69344 ], [ -77.27657, 38.69485 ], [ -77.27813, 38.69528 ], [ -77.28004, 38.69514 ], [ -77.28084, 38.6953 ], [ -77.28455, 38.69716 ], [ -77.28644, 38.69884 ], [ -77.28847, 38.70003 ], [ -77.29487, 38.70264 ], [ -77.29879, 38.70394 ], [ -77.29996, 38.7049 ], [ -77.30099, 38.70715 ], [ -77.30193, 38.70801 ], [ -77.30306, 38.7082 ], [ -77.30608, 38.70756 ], [ -77.3066, 38.70931 ], [ -77.30631, 38.71035 ], [ -77.30552, 38.71126 ], [ -77.30548, 38.71178 ], [ -77.30666, 38.71359 ], [ -77.30661, 38.71454 ], [ -77.30526, 38.71901 ], [ -77.30479, 38.71951 ], [ -77.30366, 38.71996 ], [ -77.30347, 38.7205 ], [ -77.30365, 38.72153 ], [ -77.30295, 38.72153 ], [ -77.30194, 38.72278 ], [ -77.30218, 38.72373 ], [ -77.30258, 38.72408 ], [ -77.30253, 38.72454 ], [ -77.30292, 38.72459 ], [ -77.30285, 38.72505 ], [ -77.30229, 38.72477 ], [ -77.30203, 38.72535 ], [ -77.30218, 38.72567 ], [ -77.30553, 38.72543 ], [ -77.30528, 38.73268 ], [ -77.30453, 38.73273 ], [ -77.30348, 38.73332 ], [ -77.30221, 38.73342 ], [ -77.30159, 38.7339 ], [ -77.30141, 38.73354 ], [ -77.29887, 38.7317 ], [ -77.29347, 38.7255 ], [ -77.29441, 38.72642 ], [ -77.29518, 38.72683 ], [ -77.29736, 38.72616 ], [ -77.29824, 38.7251 ], [ -77.29825, 38.72471 ], [ -77.29574, 38.72263 ], [ -77.29265, 38.72445 ], [ -77.28987, 38.72104 ], [ -77.28729, 38.72173 ], [ -77.28674, 38.72225 ], [ -77.27946, 38.71846 ], [ -77.2763, 38.71951 ], [ -77.27802, 38.72003 ], [ -77.27951, 38.72118 ], [ -77.28081, 38.72376 ], [ -77.28132, 38.72539 ], [ -77.2814, 38.72732 ], [ -77.28111, 38.72886 ], [ -77.27957, 38.73327 ], [ -77.27989, 38.7351 ], [ -77.28106, 38.73642 ], [ -77.28423, 38.73823 ], [ -77.28536, 38.73915 ], [ -77.285, 38.73933 ], [ -77.27968, 38.74655 ], [ -77.27917, 38.74646 ], [ -77.27914, 38.74627 ] ] } },
{ "type": "Feature", "properties": { "year": 2025, "level": "MS", "name": "Stone" }, "geometry": { "type": "LineString", "coordinates": [ [ -77.44312, 38.84116 ], [ -77.44689, 38.83709 ], [ -77.46343, 38.83317 ], [ -77.46299, 38.83255 ], [ -77.46306, 38.83143 ], [ -77.46274, 38.83075 ], [ -77.46152, 38.83049 ], [ -77.4605, 38.82967 ], [ -77.45872, 38.82756 ], [ -77.45839, 38.82567 ], [ -77.45801, 38.82519 ], [ -77.46153, 38.82251 ], [ -77.46487, 38.82043 ], [ -77.46658, 38.82149 ], [ -77.46996, 38.82215 ], [ -77.47033, 38.82342 ], [ -77.47684, 38.8218 ], [ -77.47704, 38.82302 ], [ -77.47068, 38.82459 ], [ -77.4713, 38.8269 ], [ -77.47067, 38.82788 ], [ -77.4679, 38.82921 ], [ -77.46891, 38.83191 ], [ -77.504, 38.824 ], [ -77.50349, 38.82479 ], [ -77.50377, 38.82543 ], [ -77.50932, 38.82818 ], [ -77.51159, 38.82958 ], [ -77.51239, 38.83047 ], [ -77.5123, 38.83117 ], [ -77.51103, 38.8324 ], [ -77.51056, 38.83358 ], [ -77.51103, 38.83552 ], [ -77.51084, 38.83619 ], [ -77.50996, 38.83672 ], [ -77.50816, 38.83675 ], [ -77.50758, 38.83724 ], [ -77.50764, 38.83772 ], [ -77.50875, 38.83918 ], [ -77.50883, 38.83988 ], [ -77.50831, 38.84045 ], [ -77.50904, 38.84125 ], [ -77.51026, 38.84152 ], [ -77.51105, 38.84144 ], [ -77.51214, 38.8407 ], [ -77.51499, 38.84005 ], [ -77.52257, 38.83711 ], [ -77.52398, 38.83702 ], [ -77.52773, 38.83749 ], [ -77.52963, 38.83704 ], [ -77.53266, 38.83879 ], [ -77.53488, 38.83938 ], [ -77.53624, 38.84077 ], [ -77.53689, 38.84208 ], [ -77.537, 38.84264 ], [ -77.53662, 38.84399 ], [ -77.5349, 38.84671 ], [ -77.53513, 38.84716 ], [ -77.53598, 38.8474 ], [ -77.47327, 38.91105 ], [ -77.43953, 38.89744 ], [ -77.44862, 38.88394 ], [ -77.44936, 38.88199 ], [ -77.44942, 38.87981 ], [ -77.4486, 38.87756 ], [ -77.43357, 38.85567 ], [ -77.43293, 38.85335 ], [ -77.43309, 38.84913 ], [ -77.43235, 38.84637 ], [ -77.43539, 38.84562 ], [ -77.43816, 38.84452 ], [ -77.44084, 38.843 ], [ -77.44312, 38.84116 ] ] } },
{ "type": "Feature", "properties": { "year": 2025, "level": "MS", "name": "Thoreau" }, "geometry": { "type": "LineString", "coordinates": [ [ -77.297, 38.94074 ], [ -77.29742, 38.94017 ], [ -77.2983, 38.94012 ], [ -77.29823, 38.93936 ], [ -77.29731, 38.93854 ], [ -77.29715, 38.93795 ], [ -77.29562, 38.93724 ], [ -77.29544, 38.93687 ], [ -77.29469, 38.93651 ], [ -77.29434, 38.93571 ], [ -77.29398, 38.93576 ], [ -77.29334, 38.93517 ], [ -77.29365, 38.935 ], [ -77.29397, 38.9342 ], [ -77.29376, 38.93348 ], [ -77.29541, 38.93322 ], [ -77.29531, 38.93282 ], [ -77.29616, 38.93174 ], [ -77.29726, 38.93172 ], [ -77.29803, 38.93129 ], [ -77.29838, 38.93142 ], [ -77.29865, 38.93127 ], [ -77.29093, 38.92771 ], [ -77.28886, 38.92636 ], [ -77.28726, 38.92453 ], [ -77.28526, 38.92036 ], [ -77.284, 38.91862 ], [ -77.28297, 38.91763 ], [ -77.27883, 38.91489 ], [ -77.27129, 38.90817 ], [ -77.27058, 38.90872 ], [ -77.27105, 38.90926 ], [ -77.26913, 38.91074 ], [ -77.26665, 38.90858 ], [ -77.2656, 38.90941 ], [ -77.26527, 38.90915 ], [ -77.25984, 38.91395 ], [ -77.26045, 38.91434 ], [ -77.26012, 38.91441 ], [ -77.26026, 38.91465 ], [ -77.25913, 38.91573 ], [ -77.25798, 38.91495 ], [ -77.25776, 38.91443 ], [ -77.25693, 38.91369 ], [ -77.25678, 38.91158 ], [ -77.25604, 38.91102 ], [ -77.25694, 38.91031 ], [ -77.25721, 38.909 ], [ -77.25797, 38.90815 ], [ -77.25779, 38.9075 ], [ -77.25478, 38.90994 ], [ -77.25382, 38.91032 ], [ -77.25012, 38.91097 ], [ -77.25002, 38.91066 ], [ -77.24924, 38.91076 ], [ -77.24522, 38.91015 ], [ -77.24442, 38.90946 ], [ -77.2434, 38.90921 ], [ -77.24477, 38.90586 ], [ -77.24423, 38.90603 ], [ -77.24328, 38.90544 ], [ -77.2424, 38.90446 ], [ -77.24196, 38.9045 ], [ -77.24277, 38.89786 ], [ -77.23959, 38.89637 ], [ -77.21798, 38.89067 ], [ -77.22124, 38.88755 ], [ -77.22238, 38.88497 ], [ -77.23579, 38.88081 ], [ -77.23934, 38.88 ], [ -77.2672, 38.87819 ], [ -77.26454, 38.8751 ], [ -77.26231, 38.87299 ], [ -77.26211, 38.87234 ], [ -77.26438, 38.87194 ], [ -77.26446, 38.87075 ], [ -77.26412, 38.86954 ], [ -77.26552, 38.86948 ], [ -77.26559, 38.86979 ], [ -77.26693, 38.86961 ], [ -77.26666, 38.86757 ], [ -77.26766, 38.86769 ], [ -77.26717, 38.86494 ], [ -77.27034, 38.86487 ], [ -77.27063, 38.86584 ], [ -77.27152, 38.86656 ], [ -77.27305, 38.86585 ], [ -77.27386, 38.86664 ], [ -77.27429, 38.86606 ], [ -77.27886, 38.86629 ], [ -77.27867, 38.86657 ], [ -77.29162, 38.86745 ], [ -77.29064, 38.871 ], [ -77.29187, 38.8711 ], [ -77.29268, 38.87193 ], [ -77.29732, 38.87079 ], [ -77.30906, 38.86866 ], [ -77.30906, 38.87122 ], [ -77.30841, 38.87358 ], [ -77.30764, 38.87512 ], [ -77.30586, 38.87711 ], [ -77.3065, 38.87732 ], [ -77.30685, 38.87819 ], [ -77.30774, 38.87827 ], [ -77.30794, 38.87931 ], [ -77.30898, 38.8793 ], [ -77.30973, 38.87901 ], [ -77.31002, 38.87917 ], [ -77.31255, 38.87902 ], [ -77.31279, 38.87961 ], [ -77.3124, 38.87969 ], [ -77.31473, 38.88072 ], [ -77.3179, 38.88307 ], [ -77.31683, 38.88408 ], [ -77.31788, 38.88486 ], [ -77.31699, 38.88604 ], [ -77.31805, 38.88685 ], [ -77.31615, 38.88886 ], [ -77.31806, 38.88953 ], [ -77.31806, 38.89035 ], [ -77.31887, 38.89093 ], [ -77.31872, 38.89244 ], [ -77.3204, 38.89294 ], [ -77.32328, 38.89137 ], [ -77.3279, 38.89308 ], [ -77.32818, 38.89457 ], [ -77.32908, 38.8947 ], [ -77.32921, 38.8967 ], [ -77.33504, 38.89616 ], [ -77.33753, 38.8983 ], [ -77.34111, 38.89637 ], [ -77.34422, 38.89983 ], [ -77.34619, 38.89904 ], [ -77.34605, 38.90013 ], [ -77.34924, 38.90064 ], [ -77.35194, 38.89936 ], [ -77.35261, 38.90021 ], [ -77.35072, 38.90081 ], [ -77.35152, 38.90137 ], [ -77.35089, 38.90246 ], [ -77.35089, 38.90323 ], [ -77.35194, 38.90312 ], [ -77.35198, 38.90372 ], [ -77.35167, 38.90396 ], [ -77.35199, 38.90417 ], [ -77.35256, 38.90372 ], [ -77.35315, 38.90358 ], [ -77.35242, 38.90308 ], [ -77.35445, 38.90178 ], [ -77.35574, 38.90234 ], [ -77.35617, 38.90202 ], [ -77.3603, 38.90778 ], [ -77.35632, 38.90971 ], [ -77.35505, 38.91062 ], [ -77.35418, 38.90978 ], [ -77.3521, 38.91136 ], [ -77.35185, 38.91118 ], [ -77.34829, 38.9128 ], [ -77.34533, 38.91707 ], [ -77.33858, 38.91625 ], [ -77.33808, 38.91576 ], [ -77.33712, 38.91606 ], [ -77.33646, 38.9154 ], [ -77.33342, 38.91632 ], [ -77.33388, 38.91728 ], [ -77.33261, 38.91814 ], [ -77.3333, 38.91922 ], [ -77.33104, 38.9199 ], [ -77.33049, 38.91913 ], [ -77.32914, 38.92038 ], [ -77.3285, 38.92068 ], [ -77.32751, 38.9194 ], [ -77.32608, 38.92038 ], [ -77.32553, 38.91968 ], [ -77.32492, 38.91942 ], [ -77.32587, 38.91874 ], [ -77.32533, 38.9183 ], [ -77.32494, 38.91897 ], [ -77.32398, 38.91907 ], [ -77.32366, 38.91929 ], [ -77.3238, 38.91947 ], [ -77.32343, 38.91955 ], [ -77.32348, 38.91989 ], [ -77.32315, 38.91976 ], [ -77.32268, 38.92018 ], [ -77.323, 38.92051 ], [ -77.32282, 38.92065 ], [ -77.32303, 38.92121 ], [ -77.32256, 38.92144 ], [ -77.32279, 38.92187 ], [ -77.32244, 38.92211 ], [ -77.31865, 38.92188 ], [ -77.31789, 38.92229 ], [ -77.3175, 38.92216 ], [ -77.31942, 38.91767 ], [ -77.31745, 38.91691 ], [ -77.31627, 38.91694 ], [ -77.31637, 38.91837 ], [ -77.31671, 38.91916 ], [ -77.3172, 38.91952 ], [ -77.31696, 38.91976 ], [ -77.3167, 38.91962 ], [ -77.31691, 38.92006 ], [ -77.31634, 38.92046 ], [ -77.31633, 38.92074 ], [ -77.31577, 38.92096 ], [ -77.31538, 38.92072 ], [ -77.31442, 38.92105 ], [ -77.31398, 38.92097 ], [ -77.31342, 38.92253 ], [ -77.31247, 38.92361 ], [ -77.31204, 38.92342 ], [ -77.31171, 38.92408 ], [ -77.31078, 38.92468 ], [ -77.31085, 38.9252 ], [ -77.31011, 38.9252 ], [ -77.31032, 38.9255 ], [ -77.30988, 38.92569 ], [ -77.30988, 38.92611 ], [ -77.30959, 38.92633 ], [ -77.31019, 38.92672 ], [ -77.30967, 38.92696 ], [ -77.31004, 38.92741 ], [ -77.30939, 38.92829 ], [ -77.31034, 38.92921 ], [ -77.31058, 38.92982 ], [ -77.30926, 38.93023 ], [ -77.30792, 38.93036 ], [ -77.30512, 38.92994 ], [ -77.30488, 38.93125 ], [ -77.30501, 38.9325 ], [ -77.30749, 38.93341 ], [ -77.3108, 38.93548 ], [ -77.30994, 38.93731 ], [ -77.31271, 38.94258 ], [ -77.30928, 38.94247 ], [ -77.30678, 38.93975 ], [ -77.30627, 38.93979 ], [ -77.30606, 38.94203 ], [ -77.30443, 38.94251 ], [ -77.30403, 38.94374 ], [ -77.29882, 38.94507 ], [ -77.29629, 38.94181 ], [ -77.297, 38.94074 ] ] } },
{ "type": "Feature", "properties": { "year": 2025, "level": "MS", "name": "Twain" }, "geometry": { "type": "LineString", "coordinates": [ [ -77.05681, 38.7926 ], [ -77.05787, 38.79195 ], [ -77.06556, 38.78871 ], [ -77.07012, 38.78539 ], [ -77.07662, 38.78276 ], [ -77.07853, 38.78128 ], [ -77.07898, 38.78151 ], [ -77.08987, 38.77433 ], [ -77.09254, 38.77641 ], [ -77.09192, 38.77691 ], [ -77.09243, 38.77867 ], [ -77.09208, 38.77938 ], [ -77.0925, 38.77977 ], [ -77.09164, 38.78118 ], [ -77.092, 38.78189 ], [ -77.09279, 38.78215 ], [ -77.09099, 38.78519 ], [ -77.09116, 38.78648 ], [ -77.09174, 38.78651 ], [ -77.09465, 38.78555 ], [ -77.10238, 38.7826 ], [ -77.10383, 38.78184 ], [ -77.10719, 38.77908 ], [ -77.11019, 38.77517 ], [ -77.11191, 38.7742 ], [ -77.11295, 38.77321 ], [ -77.11645, 38.77125 ], [ -77.11923, 38.76917 ], [ -77.12116, 38.76732 ], [ -77.12391, 38.76604 ], [ -77.12439, 38.76686 ], [ -77.1247, 38.76817 ], [ -77.12539, 38.76896 ], [ -77.12662, 38.76957 ], [ -77.12945, 38.77041 ], [ -77.13122, 38.77206 ], [ -77.1331, 38.77327 ], [ -77.13606, 38.77116 ], [ -77.14856, 38.76424 ], [ -77.14993, 38.7638 ], [ -77.15129, 38.76374 ], [ -77.15127, 38.76389 ], [ -77.15258, 38.7642 ], [ -77.15558, 38.76555 ], [ -77.16213, 38.76673 ], [ -77.16497, 38.76748 ], [ -77.16282, 38.76853 ], [ -77.16057, 38.77021 ], [ -77.159, 38.77194 ], [ -77.15776, 38.77408 ], [ -77.15712, 38.7761 ], [ -77.15475, 38.79018 ], [ -77.15395, 38.79225 ], [ -77.15294, 38.79358 ], [ -77.15155, 38.79477 ], [ -77.14993, 38.79569 ], [ -77.14792, 38.79638 ], [ -77.13754, 38.7979 ], [ -77.13756, 38.79818 ], [ -77.12109, 38.80052 ], [ -77.11697, 38.8015 ], [ -77.11301, 38.803 ], [ -77.11229, 38.80207 ], [ -77.1064, 38.80327 ], [ -77.10063, 38.8035 ], [ -77.07647, 38.8007 ], [ -77.07297, 38.80005 ], [ -77.07001, 38.79915 ], [ -77.06304, 38.79643 ], [ -77.06362, 38.79536 ], [ -77.05993, 38.79409 ], [ -77.05681, 38.7926 ] ] } },
{ "type": "Feature", "properties": { "year": 2025, "level": "MS", "name": "Whitman" }, "geometry": { "type": "LineString", "coordinates": [ [ -77.12013, 38.7626 ], [ -77.09108, 38.75987 ], [ -77.09139, 38.75784 ], [ -77.0941, 38.74746 ], [ -77.09566, 38.74716 ], [ -77.09538, 38.74685 ], [ -77.09565, 38.74634 ], [ -77.09494, 38.74469 ], [ -77.09493, 38.74398 ], [ -77.09619, 38.74164 ], [ -77.09584, 38.74108 ], [ -77.0954, 38.74087 ], [ -77.0949, 38.74094 ], [ -77.09397, 38.74043 ], [ -77.09096, 38.7402 ], [ -77.08745, 38.74516 ], [ -77.08415, 38.74413 ], [ -77.08561, 38.742 ], [ -77.08858, 38.73938 ], [ -77.08776, 38.7381 ], [ -77.08781, 38.7374 ], [ -77.08738, 38.73729 ], [ -77.08686, 38.7364 ], [ -77.08643, 38.73609 ], [ -77.08573, 38.73603 ], [ -77.08558, 38.7356 ], [ -77.08498, 38.73543 ], [ -77.08452, 38.73484 ], [ -77.08381, 38.73487 ], [ -77.08354, 38.73467 ], [ -77.08367, 38.7343 ], [ -77.0833, 38.73354 ], [ -77.08225, 38.73289 ], [ -77.08151, 38.7315 ], [ -77.08135, 38.73197 ], [ -77.07858, 38.73165 ], [ -77.081, 38.72997 ], [ -77.08076, 38.72797 ], [ -77.07948, 38.72631 ], [ -77.08195, 38.72429 ], [ -77.08107, 38.72306 ], [ -77.0811, 38.72148 ], [ -77.07977, 38.72054 ], [ -77.07805, 38.71855 ], [ -77.07675, 38.71949 ], [ -77.07592, 38.71825 ], [ -77.07343, 38.71554 ], [ -77.07339, 38.71332 ], [ -77.07424, 38.71252 ], [ -77.074, 38.71164 ], [ -77.07989, 38.70914 ], [ -77.07993, 38.7089 ], [ -77.08172, 38.70777 ], [ -77.08332, 38.707 ], [ -77.0857, 38.70644 ], [ -77.08835, 38.70509 ], [ -77.08898, 38.70499 ], [ -77.09105, 38.70342 ], [ -77.09256, 38.70299 ], [ -77.09331, 38.70252 ], [ -77.0949, 38.70148 ], [ -77.09565, 38.70064 ], [ -77.09835, 38.69888 ], [ -77.10091, 38.698 ], [ -77.10298, 38.69801 ], [ -77.10445, 38.69715 ], [ -77.10498, 38.69709 ], [ -77.11194, 38.69823 ], [ -77.11893, 38.70002 ], [ -77.11985, 38.6985 ], [ -77.12177, 38.69923 ], [ -77.12032, 38.70155 ], [ -77.12059, 38.70305 ], [ -77.12238, 38.70406 ], [ -77.12391, 38.70554 ], [ -77.12669, 38.70501 ], [ -77.12721, 38.70537 ], [ -77.12793, 38.70549 ], [ -77.12807, 38.70529 ], [ -77.12952, 38.70514 ], [ -77.12946, 38.70579 ], [ -77.13003, 38.70626 ], [ -77.13108, 38.70792 ], [ -77.13124, 38.70878 ], [ -77.13219, 38.70946 ], [ -77.13252, 38.70928 ], [ -77.13176, 38.70864 ], [ -77.13173, 38.7079 ], [ -77.13124, 38.70737 ], [ -77.13088, 38.70598 ], [ -77.13007, 38.70488 ], [ -77.13072, 38.70387 ], [ -77.13042, 38.70318 ], [ -77.12911, 38.70212 ], [ -77.12833, 38.70202 ], [ -77.12711, 38.70248 ], [ -77.1275, 38.70118 ], [ -77.12698, 38.70017 ], [ -77.12714, 38.69955 ], [ -77.12692, 38.69869 ], [ -77.12666, 38.69851 ], [ -77.12578, 38.69854 ], [ -77.12524, 38.698 ], [ -77.12362, 38.69451 ], [ -77.12336, 38.69343 ], [ -77.12289, 38.69312 ], [ -77.12293, 38.6914 ], [ -77.12186, 38.68843 ], [ -77.12202, 38.68644 ], [ -77.12348, 38.68375 ], [ -77.12435, 38.68274 ], [ -77.12482, 38.68143 ], [ -77.12597, 38.68054 ], [ -77.12725, 38.67858 ], [ -77.13229, 38.67415 ], [ -77.13598, 38.67324 ], [ -77.13561, 38.6745 ], [ -77.13596, 38.67395 ], [ -77.1365, 38.67377 ], [ -77.13697, 38.67376 ], [ -77.13781, 38.67438 ], [ -77.13897, 38.67436 ], [ -77.13898, 38.674 ], [ -77.13859, 38.67363 ], [ -77.13662, 38.67337 ], [ -77.13661, 38.67298 ], [ -77.13811, 38.67312 ], [ -77.13987, 38.67367 ], [ -77.14132, 38.67445 ], [ -77.14261, 38.67432 ], [ -77.14322, 38.67404 ], [ -77.14379, 38.67502 ], [ -77.14631, 38.67685 ], [ -77.14644, 38.67717 ], [ -77.14733, 38.67706 ], [ -77.14839, 38.67792 ], [ -77.14982, 38.67786 ], [ -77.15128, 38.67843 ], [ -77.15221, 38.67915 ], [ -77.15422, 38.679 ], [ -77.15371, 38.68045 ], [ -77.1538, 38.68151 ], [ -77.15412, 38.68184 ], [ -77.1551, 38.68198 ], [ -77.15668, 38.68266 ], [ -77.15745, 38.68409 ], [ -77.15679, 38.68451 ], [ -77.15644, 38.68435 ], [ -77.15632, 38.68492 ], [ -77.15578, 38.68515 ], [ -77.15516, 38.68616 ], [ -77.15472, 38.6863 ], [ -77.15393, 38.68795 ], [ -77.15414, 38.68856 ], [ -77.15391, 38.68944 ], [ -77.15469, 38.69007 ], [ -77.15527, 38.69021 ], [ -77.15493, 38.6909 ], [ -77.15511, 38.6915 ], [ -77.15735, 38.69193 ], [ -77.15765, 38.69252 ], [ -77.15756, 38.69333 ], [ -77.15799, 38.6932 ], [ -77.15792, 38.69348 ], [ -77.15842, 38.69338 ], [ -77.15822, 38.69317 ], [ -77.15831, 38.6919 ], [ -77.1578, 38.68897 ], [ -77.15906, 38.68708 ], [ -77.159, 38.68672 ], [ -77.15851, 38.6865 ], [ -77.15865, 38.686 ], [ -77.15903, 38.68603 ], [ -77.15951, 38.6857 ], [ -77.16062, 38.6863 ], [ -77.16049, 38.6866 ], [ -77.16073, 38.68705 ], [ -77.16043, 38.68726 ], [ -77.16012, 38.68714 ], [ -77.16005, 38.68736 ], [ -77.16045, 38.68841 ], [ -77.15979, 38.68951 ], [ -77.15995, 38.69006 ], [ -77.16057, 38.68956 ], [ -77.1616, 38.68977 ], [ -77.16247, 38.68955 ], [ -77.16295, 38.68866 ], [ -77.16354, 38.68859 ], [ -77.1632, 38.68824 ], [ -77.16394, 38.68742 ], [ -77.16361, 38.68716 ], [ -77.16321, 38.68577 ], [ -77.16411, 38.68551 ], [ -77.16396, 38.68489 ], [ -77.16548, 38.68333 ], [ -77.16586, 38.68336 ], [ -77.16614, 38.68531 ], [ -77.16712, 38.68585 ], [ -77.16804, 38.68569 ], [ -77.17015, 38.6846 ], [ -77.17141, 38.68466 ], [ -77.17192, 38.68488 ], [ -77.17242, 38.68465 ], [ -77.17224, 38.68282 ], [ -77.1726, 38.68341 ], [ -77.17332, 38.68375 ], [ -77.17295, 38.68421 ], [ -77.17307, 38.68457 ], [ -77.17378, 38.68485 ], [ -77.1739, 38.68459 ], [ -77.1755, 38.68443 ], [ -77.17632, 38.68399 ], [ -77.17681, 38.6849 ], [ -77.17798, 38.68494 ], [ -77.17853, 38.68434 ], [ -77.17823, 38.68393 ], [ -77.17871, 38.68378 ], [ -77.17957, 38.68423 ], [ -77.18049, 38.68423 ], [ -77.18063, 38.68461 ], [ -77.18121, 38.68454 ], [ -77.18131, 38.68432 ], [ -77.18201, 38.68439 ], [ -77.18228, 38.68496 ], [ -77.18247, 38.68427 ], [ -77.18284, 38.68407 ], [ -77.18426, 38.68469 ], [ -77.18389, 38.68415 ], [ -77.18395, 38.68334 ], [ -77.18321, 38.68288 ], [ -77.18254, 38.68132 ], [ -77.18086, 38.68079 ], [ -77.17934, 38.68101 ], [ -77.18079, 38.6805 ], [ -77.18257, 38.68068 ], [ -77.18371, 38.68135 ], [ -77.1841, 38.68232 ], [ -77.18575, 38.68325 ], [ -77.18726, 38.68509 ], [ -77.18988, 38.68571 ], [ -77.19128, 38.68702 ], [ -77.19259, 38.68776 ], [ -77.19308, 38.68872 ], [ -77.19331, 38.68877 ], [ -77.19472, 38.6879 ], [ -77.19812, 38.68934 ], [ -77.19871, 38.6893 ], [ -77.19939, 38.68888 ], [ -77.2, 38.68913 ], [ -77.20064, 38.6897 ], [ -77.20058, 38.69042 ], [ -77.20151, 38.69075 ], [ -77.20194, 38.69137 ], [ -77.20055, 38.69188 ], [ -77.20105, 38.69364 ], [ -77.2001, 38.69414 ], [ -77.19969, 38.6947 ], [ -77.19914, 38.69651 ], [ -77.19986, 38.69647 ], [ -77.20038, 38.69676 ], [ -77.20023, 38.69702 ], [ -77.20046, 38.69759 ], [ -77.20132, 38.69822 ], [ -77.20117, 38.699 ], [ -77.20071, 38.69958 ], [ -77.19819, 38.70084 ], [ -77.19702, 38.69946 ], [ -77.19519, 38.70016 ], [ -77.19522, 38.70196 ], [ -77.19611, 38.70188 ], [ -77.19684, 38.70151 ], [ -77.19651, 38.70328 ], [ -77.19397, 38.70686 ], [ -77.19298, 38.70911 ], [ -77.18576, 38.70739 ], [ -77.17982, 38.70746 ], [ -77.18328, 38.71081 ], [ -77.18834, 38.71367 ], [ -77.18903, 38.71604 ], [ -77.18776, 38.71654 ], [ -77.18833, 38.71791 ], [ -77.19142, 38.71974 ], [ -77.18956, 38.72151 ], [ -77.18858, 38.72219 ], [ -77.18486, 38.72348 ], [ -77.18329, 38.72447 ], [ -77.18101, 38.72289 ], [ -77.17403, 38.72126 ], [ -77.1735, 38.72361 ], [ -77.17395, 38.72418 ], [ -77.17247, 38.7264 ], [ -77.17229, 38.72731 ], [ -77.17196, 38.72754 ], [ -77.17169, 38.72919 ], [ -77.1707, 38.72959 ], [ -77.16726, 38.73187 ], [ -77.17081, 38.73357 ], [ -77.16886, 38.7359 ], [ -77.16823, 38.73736 ], [ -77.16757, 38.7381 ], [ -77.16458, 38.7392 ], [ -77.16212, 38.74095 ], [ -77.15848, 38.74246 ], [ -77.15014, 38.74424 ], [ -77.14301, 38.74862 ], [ -77.13288, 38.74125 ], [ -77.13217, 38.74257 ], [ -77.12831, 38.74603 ], [ -77.12595, 38.74581 ], [ -77.12246, 38.74939 ], [ -77.12262, 38.75019 ], [ -77.12192, 38.75322 ], [ -77.12203, 38.75439 ], [ -77.12307, 38.75544 ], [ -77.12309, 38.75608 ], [ -77.12393, 38.75634 ], [ -77.12393, 38.75673 ], [ -77.1236, 38.75676 ], [ -77.12378, 38.75704 ], [ -77.12347, 38.75719 ], [ -77.12366, 38.75729 ], [ -77.12354, 38.75769 ], [ -77.12292, 38.75807 ], [ -77.12231, 38.75958 ], [ -77.12234, 38.7605 ], [ -77.12187, 38.76072 ], [ -77.12185, 38.76105 ], [ -77.1214, 38.76111 ], [ -77.12139, 38.76137 ], [ -77.12043, 38.76203 ], [ -77.12038, 38.76232 ], [ -77.12014, 38.76224 ], [ -77.12013, 38.7626 ] ] } },
{ "type": "Feature", "properties": { "year": 2025, "level": "MS", "name": "Longfellow" }, "geometry": { "type": "MultiLineString", "coordinates": [ [ [ -77.14091, 38.94232 ], [ -77.13682, 38.94068 ], [ -77.13139, 38.93804 ], [ -77.13001, 38.94019 ], [ -77.12875, 38.94038 ], [ -77.12809, 38.9409 ], [ -77.12464, 38.93875 ], [ -77.11975, 38.93442 ], [ -77.17228, 38.89325 ], [ -77.1887, 38.89625 ], [ -77.18893, 38.89613 ], [ -77.19146, 38.89777 ], [ -77.19062, 38.89869 ], [ -77.19134, 38.8996 ], [ -77.19197, 38.89985 ], [ -77.19426, 38.89932 ], [ -77.19486, 38.8988 ], [ -77.19465, 38.89784 ], [ -77.19356, 38.8972 ], [ -77.19365, 38.89691 ], [ -77.202, 38.90218 ], [ -77.20146, 38.90267 ], [ -77.20052, 38.903 ], [ -77.20011, 38.90284 ], [ -77.19893, 38.90324 ], [ -77.19808, 38.90409 ], [ -77.19801, 38.9066 ], [ -77.19662, 38.90742 ], [ -77.19563, 38.90738 ], [ -77.19522, 38.90893 ], [ -77.19414, 38.90977 ], [ -77.19412, 38.91005 ], [ -77.19291, 38.91061 ], [ -77.19297, 38.91106 ], [ -77.19243, 38.91123 ], [ -77.19213, 38.91171 ], [ -77.19237, 38.91207 ], [ -77.19199, 38.91253 ], [ -77.19099, 38.91322 ], [ -77.19045, 38.91333 ], [ -77.19014, 38.91303 ], [ -77.18906, 38.91336 ], [ -77.19205, 38.91651 ], [ -77.19655, 38.92332 ], [ -77.20285, 38.91967 ], [ -77.20624, 38.92026 ], [ -77.20939, 38.92143 ], [ -77.20866, 38.92211 ], [ -77.2084, 38.92336 ], [ -77.20881, 38.9248 ], [ -77.20095, 38.93072 ], [ -77.19921, 38.93161 ], [ -77.19371, 38.93366 ], [ -77.19272, 38.93483 ], [ -77.19499, 38.93599 ], [ -77.194, 38.9371 ], [ -77.19363, 38.937 ], [ -77.18931, 38.9381 ], [ -77.18695, 38.93769 ], [ -77.18541, 38.93708 ], [ -77.1784, 38.94014 ], [ -77.17386, 38.9409 ], [ -77.1668, 38.94274 ], [ -77.16009, 38.94219 ], [ -77.1494, 38.94392 ], [ -77.14752, 38.94401 ], [ -77.1455, 38.94378 ], [ -77.14091, 38.94232 ] ], [ [ -77.19363, 38.8873 ], [ -77.19426, 38.8861 ], [ -77.18964, 38.87805 ], [ -77.20019, 38.87575 ], [ -77.20984, 38.87507 ], [ -77.20963, 38.8758 ], [ -77.20939, 38.87582 ], [ -77.20853, 38.87724 ], [ -77.20883, 38.87728 ], [ -77.20858, 38.8777 ], [ -77.21089, 38.878 ], [ -77.2099, 38.87968 ], [ -77.20531, 38.87912 ], [ -77.20352, 38.88205 ], [ -77.20149, 38.88182 ], [ -77.20073, 38.88275 ], [ -77.20445, 38.88534 ], [ -77.20409, 38.88577 ], [ -77.20315, 38.88628 ], [ -77.20189, 38.88631 ], [ -77.20123, 38.88704 ], [ -77.2009, 38.88672 ], [ -77.20067, 38.88696 ], [ -77.20088, 38.88708 ], [ -77.2002, 38.88731 ], [ -77.19963, 38.88792 ], [ -77.19915, 38.88793 ], [ -77.19886, 38.88881 ], [ -77.19661, 38.89123 ], [ -77.19353, 38.89142 ], [ -77.19214, 38.8928 ], [ -77.19093, 38.89238 ], [ -77.19363, 38.8873 ] ], [ [ -77.23276, 38.93371 ], [ -77.22143, 38.93418 ], [ -77.21731, 38.93359 ], [ -77.21309, 38.93224 ], [ -77.21385, 38.93114 ], [ -77.21425, 38.92994 ], [ -77.21423, 38.92601 ], [ -77.21611, 38.92182 ], [ -77.21924, 38.92061 ], [ -77.22171, 38.92032 ], [ -77.22179, 38.92207 ], [ -77.21906, 38.92283 ], [ -77.21782, 38.92371 ], [ -77.21773, 38.92418 ], [ -77.22292, 38.92792 ], [ -77.22537, 38.92878 ], [ -77.22733, 38.92874 ], [ -77.2283, 38.92847 ], [ -77.23233, 38.92588 ], [ -77.23649, 38.92387 ], [ -77.24647, 38.93414 ], [ -77.2438, 38.93464 ], [ -77.24172, 38.93472 ], [ -77.23276, 38.93371 ] ] ] } },
{ "type": "Feature", "properties": { "year": 2025, "level": "HS", "name": "Annandale" }, "geometry": { "type": "LineString", "coordinates": [ [ -77.15807, 38.83644 ], [ -77.15776, 38.83644 ], [ -77.15748, 38.83586 ], [ -77.15467, 38.83341 ], [ -77.14888, 38.82961 ], [ -77.14631, 38.82736 ], [ -77.14541, 38.82598 ], [ -77.1432, 38.83086 ], [ -77.14258, 38.83066 ], [ -77.14077, 38.83119 ], [ -77.13994, 38.83286 ], [ -77.13503, 38.83143 ], [ -77.13491, 38.83082 ], [ -77.14092, 38.82709 ], [ -77.14192, 38.82567 ], [ -77.14176, 38.82476 ], [ -77.14216, 38.82382 ], [ -77.13852, 38.82389 ], [ -77.13719, 38.82151 ], [ -77.13958, 38.81957 ], [ -77.13845, 38.81872 ], [ -77.13975, 38.81711 ], [ -77.14105, 38.81755 ], [ -77.14355, 38.81429 ], [ -77.14368, 38.81339 ], [ -77.15194, 38.80976 ], [ -77.15809, 38.80616 ], [ -77.15864, 38.80661 ], [ -77.15934, 38.80642 ], [ -77.15919, 38.80832 ], [ -77.16001, 38.80885 ], [ -77.16024, 38.80833 ], [ -77.16137, 38.80862 ], [ -77.16173, 38.80935 ], [ -77.16277, 38.80829 ], [ -77.16272, 38.80887 ], [ -77.16317, 38.80882 ], [ -77.16319, 38.80919 ], [ -77.16385, 38.80963 ], [ -77.16445, 38.81106 ], [ -77.1653, 38.81187 ], [ -77.16599, 38.81211 ], [ -77.1667, 38.81314 ], [ -77.16713, 38.81309 ], [ -77.16714, 38.81371 ], [ -77.16843, 38.81426 ], [ -77.16819, 38.81465 ], [ -77.16945, 38.81535 ], [ -77.17001, 38.8148 ], [ -77.17095, 38.81307 ], [ -77.17218, 38.81212 ], [ -77.17437, 38.81188 ], [ -77.18647, 38.81183 ], [ -77.18446, 38.80638 ], [ -77.18392, 38.80344 ], [ -77.18579, 38.79757 ], [ -77.18894, 38.79808 ], [ -77.19186, 38.79785 ], [ -77.20203, 38.79395 ], [ -77.20435, 38.79337 ], [ -77.21788, 38.7928 ], [ -77.21853, 38.79388 ], [ -77.21627, 38.79434 ], [ -77.21513, 38.79504 ], [ -77.21508, 38.79532 ], [ -77.21463, 38.79546 ], [ -77.21421, 38.79608 ], [ -77.21429, 38.79636 ], [ -77.21329, 38.79762 ], [ -77.2143, 38.79913 ], [ -77.21344, 38.80113 ], [ -77.21216, 38.80219 ], [ -77.21191, 38.80317 ], [ -77.22024, 38.81433 ], [ -77.22148, 38.8165 ], [ -77.22224, 38.81867 ], [ -77.22246, 38.82085 ], [ -77.22216, 38.82307 ], [ -77.21891, 38.83005 ], [ -77.21837, 38.83212 ], [ -77.21822, 38.83432 ], [ -77.21234, 38.83286 ], [ -77.20873, 38.83246 ], [ -77.19632, 38.83043 ], [ -77.18381, 38.83539 ], [ -77.17736, 38.83635 ], [ -77.17379, 38.8366 ], [ -77.17058, 38.83762 ], [ -77.16308, 38.83803 ], [ -77.15807, 38.83644 ] ] } },
{ "type": "Feature", "properties": { "year": 2025, "level": "HS", "name": "Centreville" }, "geometry": { "type": "LineString", "coordinates": [ [ -77.40861, 38.83996 ], [ -77.40463, 38.84 ], [ -77.40593, 38.83454 ], [ -77.40562, 38.83257 ], [ -77.39891, 38.82481 ], [ -77.39764, 38.82229 ], [ -77.39744, 38.82044 ], [ -77.39818, 38.80182 ], [ -77.40252, 38.80198 ], [ -77.40253, 38.80178 ], [ -77.40632, 38.8016 ], [ -77.40559, 38.80037 ], [ -77.40707, 38.79901 ], [ -77.40805, 38.79926 ], [ -77.4088, 38.79775 ], [ -77.40878, 38.79721 ], [ -77.40913, 38.79723 ], [ -77.40955, 38.7968 ], [ -77.40912, 38.79626 ], [ -77.40905, 38.79501 ], [ -77.41006, 38.79469 ], [ -77.41007, 38.7931 ], [ -77.40927, 38.79283 ], [ -77.40959, 38.79252 ], [ -77.41141, 38.79263 ], [ -77.4125, 38.79209 ], [ -77.41384, 38.79241 ], [ -77.41476, 38.79162 ], [ -77.41555, 38.79175 ], [ -77.4158, 38.7913 ], [ -77.41618, 38.79129 ], [ -77.41617, 38.79145 ], [ -77.41667, 38.79133 ], [ -77.41716, 38.79084 ], [ -77.41658, 38.7905 ], [ -77.41642, 38.78914 ], [ -77.41601, 38.78891 ], [ -77.4156, 38.78815 ], [ -77.41481, 38.78784 ], [ -77.41295, 38.78761 ], [ -77.41267, 38.7873 ], [ -77.41285, 38.78679 ], [ -77.41187, 38.78571 ], [ -77.41292, 38.78459 ], [ -77.41308, 38.78388 ], [ -77.41188, 38.78252 ], [ -77.41211, 38.78183 ], [ -77.41319, 38.78169 ], [ -77.41424, 38.78112 ], [ -77.41419, 38.78037 ], [ -77.41384, 38.77995 ], [ -77.4144, 38.77947 ], [ -77.41619, 38.77969 ], [ -77.41753, 38.7806 ], [ -77.41852, 38.77999 ], [ -77.41841, 38.77911 ], [ -77.41865, 38.77879 ], [ -77.42225, 38.77919 ], [ -77.42326, 38.77769 ], [ -77.42659, 38.7789 ], [ -77.42985, 38.7811 ], [ -77.43103, 38.78092 ], [ -77.43175, 38.78016 ], [ -77.43246, 38.77983 ], [ -77.43299, 38.77973 ], [ -77.43336, 38.77995 ], [ -77.43358, 38.78084 ], [ -77.43334, 38.78487 ], [ -77.433, 38.78635 ], [ -77.43313, 38.78722 ], [ -77.43591, 38.78978 ], [ -77.43659, 38.79074 ], [ -77.43677, 38.79127 ], [ -77.43647, 38.79283 ], [ -77.43787, 38.79502 ], [ -77.43805, 38.79611 ], [ -77.43931, 38.79895 ], [ -77.44176, 38.80159 ], [ -77.44267, 38.80327 ], [ -77.44344, 38.80386 ], [ -77.44693, 38.80395 ], [ -77.448, 38.80378 ], [ -77.44935, 38.80315 ], [ -77.45062, 38.80223 ], [ -77.45072, 38.80181 ], [ -77.45006, 38.80073 ], [ -77.45015, 38.80007 ], [ -77.45116, 38.79837 ], [ -77.45144, 38.79725 ], [ -77.4523, 38.79643 ], [ -77.45314, 38.79614 ], [ -77.45591, 38.79614 ], [ -77.45704, 38.79584 ], [ -77.4573, 38.796 ], [ -77.45738, 38.79702 ], [ -77.45846, 38.79761 ], [ -77.4593, 38.79769 ], [ -77.45994, 38.79745 ], [ -77.46061, 38.79633 ], [ -77.46204, 38.79556 ], [ -77.46271, 38.79557 ], [ -77.46447, 38.79635 ], [ -77.46586, 38.79659 ], [ -77.46715, 38.79654 ], [ -77.46774, 38.79625 ], [ -77.46832, 38.79633 ], [ -77.46877, 38.79596 ], [ -77.4704, 38.79571 ], [ -77.47209, 38.79641 ], [ -77.47357, 38.79636 ], [ -77.47475, 38.79669 ], [ -77.47586, 38.79757 ], [ -77.476, 38.79897 ], [ -77.47669, 38.79942 ], [ -77.47979, 38.79899 ], [ -77.48039, 38.79808 ], [ -77.48033, 38.79684 ], [ -77.48082, 38.79646 ], [ -77.48321, 38.79713 ], [ -77.48496, 38.79716 ], [ -77.48673, 38.79654 ], [ -77.49097, 38.79754 ], [ -77.49367, 38.79757 ], [ -77.49431, 38.79883 ], [ -77.49428, 38.80037 ], [ -77.49124, 38.80373 ], [ -77.48986, 38.80568 ], [ -77.48927, 38.80903 ], [ -77.49119, 38.81139 ], [ -77.49743, 38.81336 ], [ -77.50071, 38.81377 ], [ -77.5027, 38.81475 ], [ -77.50529, 38.81652 ], [ -77.50552, 38.81866 ], [ -77.50598, 38.81935 ], [ -77.50597, 38.81992 ], [ -77.50646, 38.82042 ], [ -77.50601, 38.82183 ], [ -77.50499, 38.82265 ], [ -77.504, 38.824 ], [ -77.46891, 38.83191 ], [ -77.4679, 38.82921 ], [ -77.47067, 38.82788 ], [ -77.4713, 38.8269 ], [ -77.47068, 38.82459 ], [ -77.47704, 38.82302 ], [ -77.47684, 38.8218 ], [ -77.47033, 38.82342 ], [ -77.46996, 38.82215 ], [ -77.46658, 38.82149 ], [ -77.46487, 38.82043 ], [ -77.46153, 38.82251 ], [ -77.45801, 38.82519 ], [ -77.45839, 38.82567 ], [ -77.45872, 38.82756 ], [ -77.4605, 38.82967 ], [ -77.46152, 38.83049 ], [ -77.46274, 38.83075 ], [ -77.46306, 38.83143 ], [ -77.46299, 38.83255 ], [ -77.46343, 38.83317 ], [ -77.44689, 38.83709 ], [ -77.44393, 38.84038 ], [ -77.44121, 38.84274 ], [ -77.43816, 38.84452 ], [ -77.43484, 38.84579 ], [ -77.40291, 38.85172 ], [ -77.40194, 38.84874 ], [ -77.4083, 38.84222 ], [ -77.40861, 38.83996 ] ] } },
{ "type": "Feature", "properties": { "year": 2025, "level": "HS", "name": "Chantilly" }, "geometry": { "type": "LineString", "coordinates": [ [ -77.41445, 38.92799 ], [ -77.4141, 38.928 ], [ -77.41347, 38.92743 ], [ -77.41346, 38.92692 ], [ -77.41279, 38.92675 ], [ -77.413, 38.92616 ], [ -77.41237, 38.92578 ], [ -77.41267, 38.92522 ], [ -77.41235, 38.92509 ], [ -77.41232, 38.9243 ], [ -77.41184, 38.92412 ], [ -77.41126, 38.92426 ], [ -77.41104, 38.92388 ], [ -77.41051, 38.92379 ], [ -77.40944, 38.9242 ], [ -77.40938, 38.92468 ], [ -77.4087, 38.92522 ], [ -77.40821, 38.92525 ], [ -77.40776, 38.92477 ], [ -77.40723, 38.9247 ], [ -77.40731, 38.92441 ], [ -77.40677, 38.92352 ], [ -77.40519, 38.92169 ], [ -77.40445, 38.92008 ], [ -77.40445, 38.91894 ], [ -77.40217, 38.91805 ], [ -77.39987, 38.91601 ], [ -77.4016, 38.91367 ], [ -77.40631, 38.90596 ], [ -77.40676, 38.90467 ], [ -77.40656, 38.90338 ], [ -77.40622, 38.90268 ], [ -77.40209, 38.90195 ], [ -77.40095, 38.90024 ], [ -77.40069, 38.89924 ], [ -77.40035, 38.89893 ], [ -77.39959, 38.89875 ], [ -77.39908, 38.8982 ], [ -77.39927, 38.89821 ], [ -77.39959, 38.89687 ], [ -77.39758, 38.89572 ], [ -77.39221, 38.89038 ], [ -77.39146, 38.88907 ], [ -77.38995, 38.88505 ], [ -77.38904, 38.88366 ], [ -77.38725, 38.88229 ], [ -77.38371, 38.88079 ], [ -77.38248, 38.87964 ], [ -77.38208, 38.87861 ], [ -77.38213, 38.8776 ], [ -77.38358, 38.87501 ], [ -77.38387, 38.87401 ], [ -77.38309, 38.86956 ], [ -77.38432, 38.8695 ], [ -77.38474, 38.86906 ], [ -77.3858, 38.86863 ], [ -77.38642, 38.86796 ], [ -77.38572, 38.86781 ], [ -77.38541, 38.86718 ], [ -77.38394, 38.86682 ], [ -77.38398, 38.86656 ], [ -77.38351, 38.86637 ], [ -77.38333, 38.86595 ], [ -77.382, 38.86527 ], [ -77.38191, 38.86493 ], [ -77.38682, 38.86402 ], [ -77.39291, 38.86396 ], [ -77.40099, 38.86199 ], [ -77.40058, 38.85581 ], [ -77.39964, 38.85572 ], [ -77.39863, 38.85593 ], [ -77.39787, 38.85633 ], [ -77.39729, 38.85698 ], [ -77.39641, 38.85658 ], [ -77.39618, 38.85622 ], [ -77.3945, 38.85646 ], [ -77.39426, 38.85567 ], [ -77.39378, 38.85524 ], [ -77.39398, 38.85517 ], [ -77.39389, 38.8548 ], [ -77.39307, 38.85418 ], [ -77.39283, 38.85357 ], [ -77.43235, 38.84637 ], [ -77.43309, 38.84913 ], [ -77.43293, 38.85335 ], [ -77.43357, 38.85567 ], [ -77.4455, 38.87311 ], [ -77.44067, 38.87669 ], [ -77.43986, 38.87758 ], [ -77.43814, 38.88101 ], [ -77.43834, 38.88245 ], [ -77.43785, 38.88403 ], [ -77.43685, 38.88544 ], [ -77.43476, 38.88658 ], [ -77.4313, 38.89412 ], [ -77.43657, 38.89625 ], [ -77.43648, 38.89812 ], [ -77.43501, 38.89807 ], [ -77.4347, 38.90042 ], [ -77.42976, 38.90037 ], [ -77.42969, 38.90568 ], [ -77.4287, 38.90619 ], [ -77.4257, 38.90636 ], [ -77.42578, 38.9065 ], [ -77.42312, 38.90603 ], [ -77.42015, 38.91537 ], [ -77.41708, 38.92305 ], [ -77.41529, 38.92885 ], [ -77.41438, 38.92855 ], [ -77.41445, 38.92799 ] ] } },
{ "type": "Feature", "properties": { "year": 2025, "level": "HS", "name": "Edison" }, "geometry": { "type": "LineString", "coordinates": [ [ -77.16929, 38.81528 ], [ -77.16819, 38.81465 ], [ -77.16843, 38.81426 ], [ -77.16714, 38.81371 ], [ -77.16713, 38.81309 ], [ -77.1667, 38.81314 ], [ -77.16599, 38.81211 ], [ -77.1653, 38.81187 ], [ -77.16445, 38.81106 ], [ -77.16385, 38.80963 ], [ -77.16319, 38.80919 ], [ -77.16317, 38.80882 ], [ -77.16272, 38.80887 ], [ -77.16277, 38.80829 ], [ -77.16173, 38.80935 ], [ -77.16137, 38.80862 ], [ -77.16024, 38.80833 ], [ -77.16001, 38.80885 ], [ -77.15919, 38.80832 ], [ -77.15934, 38.80642 ], [ -77.15864, 38.80661 ], [ -77.15809, 38.80616 ], [ -77.15194, 38.80976 ], [ -77.14368, 38.81339 ], [ -77.14385, 38.81043 ], [ -77.14436, 38.81037 ], [ -77.14321, 38.80563 ], [ -77.14235, 38.80577 ], [ -77.13986, 38.80021 ], [ -77.13774, 38.80077 ], [ -77.13756, 38.79818 ], [ -77.12109, 38.80052 ], [ -77.11697, 38.8015 ], [ -77.11301, 38.803 ], [ -77.11229, 38.80207 ], [ -77.10619, 38.8033 ], [ -77.10286, 38.80352 ], [ -77.09963, 38.80344 ], [ -77.07633, 38.80068 ], [ -77.07297, 38.80005 ], [ -77.07001, 38.79915 ], [ -77.06304, 38.79643 ], [ -77.06362, 38.79536 ], [ -77.05993, 38.79409 ], [ -77.0568, 38.79259 ], [ -77.05787, 38.79195 ], [ -77.06556, 38.78871 ], [ -77.07012, 38.78539 ], [ -77.07662, 38.78276 ], [ -77.07853, 38.78128 ], [ -77.07898, 38.78151 ], [ -77.08987, 38.77433 ], [ -77.09254, 38.77641 ], [ -77.09192, 38.77691 ], [ -77.09243, 38.77867 ], [ -77.09208, 38.77938 ], [ -77.0925, 38.77977 ], [ -77.09164, 38.78118 ], [ -77.092, 38.78189 ], [ -77.09279, 38.78215 ], [ -77.09099, 38.78519 ], [ -77.09116, 38.78648 ], [ -77.09174, 38.78651 ], [ -77.10018, 38.78346 ], [ -77.10365, 38.78196 ], [ -77.10726, 38.77901 ], [ -77.11019, 38.77517 ], [ -77.11191, 38.7742 ], [ -77.11295, 38.77321 ], [ -77.11645, 38.77125 ], [ -77.11923, 38.76917 ], [ -77.12116, 38.76732 ], [ -77.12391, 38.76604 ], [ -77.12439, 38.76686 ], [ -77.1247, 38.76817 ], [ -77.12539, 38.76896 ], [ -77.12662, 38.76957 ], [ -77.12945, 38.77041 ], [ -77.13122, 38.77206 ], [ -77.1331, 38.77327 ], [ -77.13529, 38.7716 ], [ -77.14856, 38.76424 ], [ -77.14993, 38.7638 ], [ -77.15129, 38.76374 ], [ -77.15127, 38.76389 ], [ -77.15258, 38.7642 ], [ -77.15558, 38.76555 ], [ -77.16213, 38.76673 ], [ -77.16497, 38.76748 ], [ -77.16282, 38.76853 ], [ -77.16057, 38.77021 ], [ -77.159, 38.77194 ], [ -77.15783, 38.77391 ], [ -77.15712, 38.7761 ], [ -77.1547, 38.79042 ], [ -77.15408, 38.79202 ], [ -77.15316, 38.79333 ], [ -77.15567, 38.79286 ], [ -77.16009, 38.79161 ], [ -77.16751, 38.79019 ], [ -77.16947, 38.78994 ], [ -77.17169, 38.78997 ], [ -77.17388, 38.79027 ], [ -77.17727, 38.79122 ], [ -77.18624, 38.79494 ], [ -77.18525, 38.79977 ], [ -77.18392, 38.80344 ], [ -77.18446, 38.80638 ], [ -77.18647, 38.81183 ], [ -77.17437, 38.81188 ], [ -77.17218, 38.81212 ], [ -77.17095, 38.81307 ], [ -77.17001, 38.8148 ], [ -77.16945, 38.81535 ], [ -77.16929, 38.81528 ] ] } },
{ "type": "Feature", "properties": { "year": 2025, "level": "HS", "name": "Fairfax" }, "geometry": { "type": "MultiLineString", "coordinates": [ [ [ -77.36747, 38.86935 ], [ -77.34586, 38.86125 ], [ -77.34667, 38.86086 ], [ -77.34792, 38.85778 ], [ -77.34794, 38.85706 ], [ -77.34739, 38.85658 ], [ -77.34704, 38.85656 ], [ -77.34705, 38.85605 ], [ -77.34685, 38.85618 ], [ -77.34667, 38.85579 ], [ -77.34938, 38.85594 ], [ -77.35001, 38.85523 ], [ -77.34964, 38.85242 ], [ -77.34742, 38.85288 ], [ -77.34527, 38.85371 ], [ -77.34458, 38.85375 ], [ -77.34286, 38.85559 ], [ -77.34191, 38.85533 ], [ -77.34227, 38.85443 ], [ -77.34097, 38.85423 ], [ -77.34085, 38.85452 ], [ -77.33811, 38.85381 ], [ -77.33823, 38.85309 ], [ -77.33931, 38.8532 ], [ -77.33942, 38.85268 ], [ -77.33991, 38.85262 ], [ -77.3396, 38.8508 ], [ -77.35893, 38.8482 ], [ -77.36733, 38.84662 ], [ -77.36302, 38.83718 ], [ -77.36372, 38.83704 ], [ -77.3639, 38.83629 ], [ -77.36293, 38.83414 ], [ -77.36365, 38.83319 ], [ -77.36215, 38.82998 ], [ -77.36211, 38.829 ], [ -77.36258, 38.82863 ], [ -77.36281, 38.82764 ], [ -77.36261, 38.82701 ], [ -77.36297, 38.82614 ], [ -77.36226, 38.82588 ], [ -77.36175, 38.82524 ], [ -77.36203, 38.82492 ], [ -77.3633, 38.82493 ], [ -77.36253, 38.82102 ], [ -77.36385, 38.81984 ], [ -77.36342, 38.81877 ], [ -77.36663, 38.81806 ], [ -77.36607, 38.81797 ], [ -77.36595, 38.81754 ], [ -77.36481, 38.8164 ], [ -77.36481, 38.81613 ], [ -77.3655, 38.81552 ], [ -77.36604, 38.81416 ], [ -77.36603, 38.81339 ], [ -77.36487, 38.8125 ], [ -77.36483, 38.81175 ], [ -77.36414, 38.81103 ], [ -77.36357, 38.81096 ], [ -77.36298, 38.80971 ], [ -77.36301, 38.80866 ], [ -77.36139, 38.80801 ], [ -77.37104, 38.80474 ], [ -77.3718, 38.80626 ], [ -77.37468, 38.80536 ], [ -77.37495, 38.80432 ], [ -77.37501, 38.80122 ], [ -77.37539, 38.79969 ], [ -77.37512, 38.79825 ], [ -77.37563, 38.79684 ], [ -77.37677, 38.79717 ], [ -77.37875, 38.79896 ], [ -77.3785, 38.79922 ], [ -77.37908, 38.79986 ], [ -77.38001, 38.80277 ], [ -77.38, 38.80357 ], [ -77.38125, 38.80477 ], [ -77.38196, 38.80503 ], [ -77.38276, 38.80596 ], [ -77.38308, 38.8073 ], [ -77.38374, 38.80796 ], [ -77.38409, 38.80914 ], [ -77.38366, 38.81003 ], [ -77.3842, 38.81105 ], [ -77.38391, 38.81164 ], [ -77.38808, 38.80985 ], [ -77.38893, 38.80922 ], [ -77.39094, 38.80895 ], [ -77.39391, 38.80797 ], [ -77.39426, 38.80698 ], [ -77.39808, 38.80714 ], [ -77.39744, 38.82044 ], [ -77.39775, 38.82264 ], [ -77.39891, 38.82481 ], [ -77.40562, 38.83257 ], [ -77.40593, 38.83454 ], [ -77.40463, 38.84 ], [ -77.4086, 38.83984 ], [ -77.40843, 38.84191 ], [ -77.40194, 38.84874 ], [ -77.40291, 38.85172 ], [ -77.39283, 38.85357 ], [ -77.39307, 38.85418 ], [ -77.39389, 38.8548 ], [ -77.39398, 38.85517 ], [ -77.39378, 38.85524 ], [ -77.39426, 38.85567 ], [ -77.3945, 38.85646 ], [ -77.39618, 38.85622 ], [ -77.39641, 38.85658 ], [ -77.39729, 38.85698 ], [ -77.39787, 38.85633 ], [ -77.39863, 38.85593 ], [ -77.39964, 38.85572 ], [ -77.40058, 38.85581 ], [ -77.40099, 38.86199 ], [ -77.39291, 38.86396 ], [ -77.38682, 38.86402 ], [ -77.38191, 38.86493 ], [ -77.382, 38.86527 ], [ -77.38333, 38.86595 ], [ -77.38351, 38.86637 ], [ -77.38398, 38.86656 ], [ -77.38394, 38.86682 ], [ -77.38541, 38.86718 ], [ -77.38572, 38.86781 ], [ -77.38642, 38.86796 ], [ -77.3858, 38.86863 ], [ -77.38474, 38.86906 ], [ -77.38432, 38.8695 ], [ -77.38309, 38.86956 ], [ -77.38386, 38.87369 ], [ -77.3833, 38.87544 ], [ -77.36747, 38.86935 ] ], [ [ -77.31279, 38.87961 ], [ -77.31255, 38.87902 ], [ -77.31177, 38.87913 ], [ -77.31168, 38.87896 ], [ -77.30794, 38.87931 ], [ -77.30774, 38.87827 ], [ -77.30685, 38.87819 ], [ -77.3065, 38.87732 ], [ -77.30586, 38.87711 ], [ -77.30764, 38.87512 ], [ -77.30841, 38.87358 ], [ -77.30906, 38.87122 ], [ -77.30906, 38.86866 ], [ -77.29732, 38.87079 ], [ -77.29268, 38.87193 ], [ -77.29187, 38.8711 ], [ -77.29064, 38.871 ], [ -77.29162, 38.86745 ], [ -77.27867, 38.86657 ], [ -77.27886, 38.86629 ], [ -77.27429, 38.86606 ], [ -77.27386, 38.86664 ], [ -77.27305, 38.86585 ], [ -77.27152, 38.86656 ], [ -77.27083, 38.8661 ], [ -77.27034, 38.86487 ], [ -77.27013, 38.86487 ], [ -77.27003, 38.86412 ], [ -77.26954, 38.86413 ], [ -77.26878, 38.86287 ], [ -77.26863, 38.85999 ], [ -77.26979, 38.85566 ], [ -77.26879, 38.85448 ], [ -77.26917, 38.85379 ], [ -77.26891, 38.85239 ], [ -77.26926, 38.85182 ], [ -77.27096, 38.85138 ], [ -77.27175, 38.8485 ], [ -77.26998, 38.84335 ], [ -77.27052, 38.84092 ], [ -77.27856, 38.84198 ], [ -77.27854, 38.84099 ], [ -77.28094, 38.84127 ], [ -77.28206, 38.84118 ], [ -77.28638, 38.84172 ], [ -77.28647, 38.83862 ], [ -77.28735, 38.83864 ], [ -77.28726, 38.83613 ], [ -77.28828, 38.83615 ], [ -77.2884, 38.83653 ], [ -77.29063, 38.83652 ], [ -77.29674, 38.83733 ], [ -77.29673, 38.83598 ], [ -77.29715, 38.83497 ], [ -77.30024, 38.83505 ], [ -77.30022, 38.83521 ], [ -77.30229, 38.83535 ], [ -77.30224, 38.8349 ], [ -77.30179, 38.83475 ], [ -77.30133, 38.83311 ], [ -77.30307, 38.83282 ], [ -77.30406, 38.83608 ], [ -77.30786, 38.83575 ], [ -77.30805, 38.83689 ], [ -77.31036, 38.83666 ], [ -77.31043, 38.83694 ], [ -77.31198, 38.83678 ], [ -77.31175, 38.83572 ], [ -77.31261, 38.83571 ], [ -77.31274, 38.83631 ], [ -77.31398, 38.83604 ], [ -77.31411, 38.83583 ], [ -77.31623, 38.83642 ], [ -77.31869, 38.83466 ], [ -77.31876, 38.84202 ], [ -77.32269, 38.8432 ], [ -77.32588, 38.84698 ], [ -77.33095, 38.84732 ], [ -77.33035, 38.84772 ], [ -77.33029, 38.84858 ], [ -77.33137, 38.85122 ], [ -77.3318, 38.8517 ], [ -77.3348, 38.85136 ], [ -77.33503, 38.85266 ], [ -77.3347, 38.85396 ], [ -77.33333, 38.85643 ], [ -77.33374, 38.8566 ], [ -77.33333, 38.85643 ], [ -77.32882, 38.8639 ], [ -77.32935, 38.86411 ], [ -77.32877, 38.86488 ], [ -77.3226, 38.86596 ], [ -77.31951, 38.86929 ], [ -77.32082, 38.86944 ], [ -77.32025, 38.87054 ], [ -77.32117, 38.87094 ], [ -77.323, 38.87116 ], [ -77.32206, 38.87298 ], [ -77.32465, 38.87342 ], [ -77.32084, 38.87645 ], [ -77.31931, 38.87868 ], [ -77.31838, 38.87772 ], [ -77.31618, 38.87916 ], [ -77.31279, 38.87961 ] ] ] } },
{ "type": "Feature", "properties": { "year": 2025, "level": "HS", "name": "Falls Church" }, "geometry": { "type": "LineString", "coordinates": [ [ -77.23543, 38.87512 ], [ -77.23546, 38.87491 ], [ -77.23603, 38.87511 ], [ -77.23593, 38.87366 ], [ -77.22814, 38.87423 ], [ -77.22012, 38.87582 ], [ -77.21759, 38.87572 ], [ -77.21153, 38.87497 ], [ -77.20019, 38.87575 ], [ -77.19018, 38.8779 ], [ -77.18825, 38.87869 ], [ -77.17952, 38.87919 ], [ -77.17906, 38.87943 ], [ -77.17325, 38.87861 ], [ -77.17335, 38.87771 ], [ -77.17437, 38.87615 ], [ -77.17448, 38.87406 ], [ -77.17788, 38.87387 ], [ -77.17824, 38.8707 ], [ -77.17784, 38.86953 ], [ -77.17762, 38.86912 ], [ -77.17464, 38.86962 ], [ -77.17467, 38.86715 ], [ -77.17721, 38.86235 ], [ -77.17879, 38.86097 ], [ -77.17894, 38.85838 ], [ -77.17991, 38.85776 ], [ -77.18679, 38.85675 ], [ -77.18954, 38.85586 ], [ -77.19287, 38.85401 ], [ -77.19273, 38.84971 ], [ -77.19204, 38.84983 ], [ -77.19104, 38.84921 ], [ -77.19065, 38.84929 ], [ -77.19015, 38.8485 ], [ -77.18961, 38.84843 ], [ -77.18916, 38.84752 ], [ -77.18801, 38.84761 ], [ -77.18555, 38.84718 ], [ -77.18553, 38.84758 ], [ -77.18435, 38.84774 ], [ -77.18312, 38.84756 ], [ -77.18309, 38.84729 ], [ -77.18207, 38.84699 ], [ -77.182, 38.84679 ], [ -77.18273, 38.8462 ], [ -77.18306, 38.84644 ], [ -77.18435, 38.84659 ], [ -77.18485, 38.84626 ], [ -77.18448, 38.84418 ], [ -77.18357, 38.84379 ], [ -77.18375, 38.84315 ], [ -77.18521, 38.84253 ], [ -77.18527, 38.8421 ], [ -77.18558, 38.84215 ], [ -77.18571, 38.84178 ], [ -77.18606, 38.84177 ], [ -77.18547, 38.84019 ], [ -77.18607, 38.84015 ], [ -77.1864, 38.84065 ], [ -77.18712, 38.84055 ], [ -77.1867, 38.8401 ], [ -77.18716, 38.83985 ], [ -77.18788, 38.83861 ], [ -77.18564, 38.83754 ], [ -77.18436, 38.83521 ], [ -77.19632, 38.83043 ], [ -77.20873, 38.83246 ], [ -77.21234, 38.83286 ], [ -77.22088, 38.83496 ], [ -77.22801, 38.83579 ], [ -77.23273, 38.836 ], [ -77.23284, 38.83896 ], [ -77.23261, 38.84006 ], [ -77.2328, 38.84148 ], [ -77.23303, 38.84159 ], [ -77.23127, 38.8431 ], [ -77.2324, 38.84333 ], [ -77.23304, 38.84319 ], [ -77.23427, 38.84374 ], [ -77.23453, 38.8441 ], [ -77.23433, 38.84468 ], [ -77.2345, 38.84482 ], [ -77.23406, 38.84527 ], [ -77.23464, 38.84593 ], [ -77.23454, 38.84623 ], [ -77.23495, 38.84637 ], [ -77.23651, 38.84555 ], [ -77.23788, 38.84585 ], [ -77.2377, 38.84612 ], [ -77.23814, 38.84619 ], [ -77.23909, 38.84684 ], [ -77.23876, 38.84722 ], [ -77.23882, 38.84783 ], [ -77.23977, 38.84923 ], [ -77.24054, 38.84946 ], [ -77.24049, 38.85045 ], [ -77.24136, 38.85098 ], [ -77.24146, 38.85151 ], [ -77.24208, 38.85182 ], [ -77.24186, 38.85235 ], [ -77.24254, 38.8523 ], [ -77.2431, 38.85305 ], [ -77.24473, 38.85339 ], [ -77.23898, 38.85818 ], [ -77.23354, 38.86232 ], [ -77.23537, 38.8627 ], [ -77.23395, 38.86549 ], [ -77.26717, 38.86494 ], [ -77.26766, 38.86769 ], [ -77.26666, 38.86757 ], [ -77.26693, 38.86961 ], [ -77.26559, 38.86979 ], [ -77.26552, 38.86948 ], [ -77.26412, 38.86954 ], [ -77.26446, 38.87075 ], [ -77.26438, 38.87194 ], [ -77.26211, 38.87234 ], [ -77.26231, 38.87299 ], [ -77.26454, 38.8751 ], [ -77.2672, 38.87819 ], [ -77.24134, 38.87978 ], [ -77.2378, 38.88028 ], [ -77.23452, 38.8812 ], [ -77.23543, 38.87512 ] ] } },
{ "type": "Feature", "properties": { "year": 2025, "level": "HS", "name": "Hayfield" }, "geometry": { "type": "LineString", "coordinates": [ [ -77.11296, 38.76616 ], [ -77.11126, 38.7618 ], [ -77.12013, 38.7626 ], [ -77.12014, 38.76224 ], [ -77.12038, 38.76232 ], [ -77.12141, 38.7611 ], [ -77.12185, 38.76105 ], [ -77.12187, 38.76072 ], [ -77.12234, 38.7605 ], [ -77.12231, 38.75958 ], [ -77.12292, 38.75807 ], [ -77.12354, 38.75769 ], [ -77.12366, 38.75729 ], [ -77.12347, 38.75719 ], [ -77.12378, 38.75704 ], [ -77.1236, 38.75676 ], [ -77.12393, 38.75673 ], [ -77.12393, 38.75634 ], [ -77.12309, 38.75608 ], [ -77.12307, 38.75544 ], [ -77.12203, 38.75439 ], [ -77.12192, 38.75322 ], [ -77.12262, 38.75019 ], [ -77.12246, 38.74939 ], [ -77.12595, 38.74581 ], [ -77.12831, 38.74603 ], [ -77.13217, 38.74257 ], [ -77.13288, 38.74125 ], [ -77.14301, 38.74862 ], [ -77.15014, 38.74424 ], [ -77.15848, 38.74246 ], [ -77.16212, 38.74095 ], [ -77.16458, 38.7392 ], [ -77.16729, 38.73832 ], [ -77.16812, 38.73753 ], [ -77.16886, 38.7359 ], [ -77.17081, 38.73357 ], [ -77.16726, 38.73187 ], [ -77.1707, 38.72959 ], [ -77.17169, 38.72919 ], [ -77.17196, 38.72754 ], [ -77.17229, 38.72731 ], [ -77.17247, 38.7264 ], [ -77.17395, 38.72418 ], [ -77.1735, 38.72361 ], [ -77.17403, 38.72126 ], [ -77.18101, 38.72289 ], [ -77.18329, 38.72447 ], [ -77.1853, 38.72328 ], [ -77.18888, 38.72203 ], [ -77.19142, 38.71974 ], [ -77.18833, 38.71791 ], [ -77.18776, 38.71654 ], [ -77.18903, 38.71604 ], [ -77.18834, 38.71367 ], [ -77.18328, 38.71081 ], [ -77.17982, 38.70746 ], [ -77.18576, 38.70739 ], [ -77.19298, 38.70911 ], [ -77.19397, 38.70686 ], [ -77.19651, 38.70328 ], [ -77.19684, 38.70151 ], [ -77.19611, 38.70188 ], [ -77.19522, 38.70196 ], [ -77.19519, 38.70016 ], [ -77.19702, 38.69946 ], [ -77.19819, 38.70084 ], [ -77.20081, 38.69952 ], [ -77.20132, 38.69822 ], [ -77.20412, 38.69907 ], [ -77.20544, 38.69858 ], [ -77.20593, 38.69889 ], [ -77.20637, 38.6988 ], [ -77.20786, 38.69738 ], [ -77.21268, 38.69531 ], [ -77.21308, 38.69408 ], [ -77.21463, 38.69328 ], [ -77.21454, 38.69184 ], [ -77.2163, 38.69113 ], [ -77.21619, 38.69013 ], [ -77.21757, 38.6902 ], [ -77.21979, 38.68895 ], [ -77.22031, 38.68973 ], [ -77.21825, 38.69317 ], [ -77.21425, 38.69715 ], [ -77.21694, 38.70156 ], [ -77.21914, 38.70053 ], [ -77.21956, 38.70115 ], [ -77.22011, 38.70094 ], [ -77.22025, 38.70114 ], [ -77.21842, 38.70218 ], [ -77.2184, 38.70416 ], [ -77.22109, 38.70527 ], [ -77.21906, 38.7108 ], [ -77.21731, 38.71276 ], [ -77.20905, 38.71985 ], [ -77.20716, 38.72122 ], [ -77.20423, 38.72278 ], [ -77.19182, 38.72764 ], [ -77.19029, 38.72855 ], [ -77.18889, 38.72981 ], [ -77.18748, 38.73211 ], [ -77.18454, 38.74212 ], [ -77.18219, 38.74769 ], [ -77.17314, 38.76254 ], [ -77.17107, 38.76467 ], [ -77.16949, 38.7656 ], [ -77.16497, 38.76748 ], [ -77.16213, 38.76673 ], [ -77.15558, 38.76555 ], [ -77.15258, 38.7642 ], [ -77.15127, 38.76389 ], [ -77.15129, 38.76374 ], [ -77.14993, 38.7638 ], [ -77.14856, 38.76424 ], [ -77.13606, 38.77116 ], [ -77.1331, 38.77327 ], [ -77.13122, 38.77206 ], [ -77.12945, 38.77041 ], [ -77.12662, 38.76957 ], [ -77.12539, 38.76896 ], [ -77.1247, 38.76817 ], [ -77.12439, 38.76686 ], [ -77.12391, 38.76604 ], [ -77.12116, 38.76732 ], [ -77.11923, 38.76917 ], [ -77.11645, 38.77125 ], [ -77.11295, 38.77321 ], [ -77.11191, 38.7742 ], [ -77.11019, 38.77517 ], [ -77.10726, 38.77901 ], [ -77.10365, 38.78196 ], [ -77.09508, 38.7854 ], [ -77.09174, 38.78651 ], [ -77.09116, 38.78648 ], [ -77.09099, 38.78519 ], [ -77.09279, 38.78215 ], [ -77.092, 38.78189 ], [ -77.09164, 38.78118 ], [ -77.0925, 38.77977 ], [ -77.09208, 38.77938 ], [ -77.09243, 38.77867 ], [ -77.09192, 38.77691 ], [ -77.09254, 38.77641 ], [ -77.08987, 38.77433 ], [ -77.11412, 38.76914 ], [ -77.11296, 38.76616 ] ] } },
{ "type": "Feature", "properties": { "year": 2025, "level": "HS", "name": "Herndon" }, "geometry": { "type": "LineString", "coordinates": [ [ -77.36841, 39.01169 ], [ -77.36907, 39.01117 ], [ -77.36938, 39.01144 ], [ -77.37047, 39.01132 ], [ -77.37122, 39.01109 ], [ -77.37157, 39.01061 ], [ -77.37315, 39.01018 ], [ -77.37322, 39.0099 ], [ -77.37237, 39.00896 ], [ -77.37274, 39.00827 ], [ -77.37334, 39.00787 ], [ -77.37348, 39.00741 ], [ -77.37327, 39.00713 ], [ -77.37376, 39.00667 ], [ -77.37245, 39.00557 ], [ -77.37204, 39.0047 ], [ -77.37109, 39.00426 ], [ -77.37123, 39.00362 ], [ -77.3709, 39.00271 ], [ -77.37024, 39.00228 ], [ -77.37011, 39.00186 ], [ -77.37031, 39.00034 ], [ -77.3708, 38.9998 ], [ -77.37025, 38.99911 ], [ -77.36924, 38.9987 ], [ -77.36687, 38.99922 ], [ -77.36578, 38.99985 ], [ -77.36333, 38.99941 ], [ -77.36401, 38.99706 ], [ -77.3653, 38.99447 ], [ -77.36524, 38.9934 ], [ -77.3648, 38.99246 ], [ -77.35797, 38.99114 ], [ -77.35647, 38.99408 ], [ -77.35561, 38.9951 ], [ -77.35504, 38.99535 ], [ -77.35438, 38.99525 ], [ -77.35459, 38.9947 ], [ -77.35353, 38.99426 ], [ -77.35128, 38.99339 ], [ -77.35131, 38.9939 ], [ -77.35089, 38.99372 ], [ -77.35072, 38.99593 ], [ -77.35142, 38.99597 ], [ -77.35147, 38.99551 ], [ -77.35195, 38.99528 ], [ -77.35409, 38.99599 ], [ -77.35355, 38.99737 ], [ -77.35149, 38.9968 ], [ -77.35186, 39.00096 ], [ -77.35325, 39.00165 ], [ -77.35888, 39.00344 ], [ -77.35702, 39.0069 ], [ -77.34586, 39.00096 ], [ -77.3463, 39.00042 ], [ -77.3438, 38.99907 ], [ -77.34438, 38.99825 ], [ -77.34369, 38.99799 ], [ -77.34395, 38.99751 ], [ -77.34525, 38.99806 ], [ -77.34599, 38.99695 ], [ -77.34455, 38.99667 ], [ -77.34675, 38.99325 ], [ -77.34506, 38.99309 ], [ -77.34374, 38.99255 ], [ -77.3403, 38.99751 ], [ -77.3363, 38.99468 ], [ -77.33714, 38.99369 ], [ -77.33808, 38.9915 ], [ -77.33765, 38.99132 ], [ -77.33924, 38.98906 ], [ -77.33686, 38.98741 ], [ -77.33577, 38.98897 ], [ -77.33178, 38.98877 ], [ -77.33184, 38.9876 ], [ -77.33111, 38.98757 ], [ -77.33209, 38.9799 ], [ -77.3305, 38.97995 ], [ -77.33038, 38.97848 ], [ -77.33151, 38.97755 ], [ -77.33041, 38.97394 ], [ -77.33739, 38.97284 ], [ -77.34599, 38.96892 ], [ -77.3474, 38.96848 ], [ -77.3581, 38.96613 ], [ -77.36497, 38.96614 ], [ -77.36964, 38.95904 ], [ -77.37402, 38.95306 ], [ -77.38118, 38.95261 ], [ -77.38441, 38.95264 ], [ -77.39651, 38.95439 ], [ -77.40125, 38.95563 ], [ -77.41804, 38.96153 ], [ -77.42266, 38.96234 ], [ -77.37111, 39.01448 ], [ -77.36865, 39.01323 ], [ -77.36866, 39.01231 ], [ -77.36817, 39.0118 ], [ -77.36841, 39.01169 ] ] } },
{ "type": "Feature", "properties": { "year": 2025, "level": "HS", "name": "Justice" }, "geometry": { "type": "LineString", "coordinates": [ [ -77.16025, 38.87394 ], [ -77.15826, 38.87313 ], [ -77.15805, 38.87342 ], [ -77.15751, 38.87333 ], [ -77.15841, 38.87424 ], [ -77.15827, 38.87439 ], [ -77.15574, 38.87255 ], [ -77.15396, 38.87272 ], [ -77.15132, 38.87349 ], [ -77.14982, 38.8734 ], [ -77.1497, 38.87561 ], [ -77.11019, 38.8448 ], [ -77.1106, 38.84351 ], [ -77.1213, 38.84024 ], [ -77.12165, 38.84136 ], [ -77.12448, 38.8408 ], [ -77.12462, 38.8413 ], [ -77.12572, 38.84062 ], [ -77.12512, 38.83956 ], [ -77.12598, 38.83933 ], [ -77.12481, 38.83759 ], [ -77.12791, 38.83695 ], [ -77.13139, 38.83334 ], [ -77.13528, 38.83217 ], [ -77.13503, 38.83143 ], [ -77.13994, 38.83286 ], [ -77.14077, 38.83119 ], [ -77.14258, 38.83066 ], [ -77.1432, 38.83086 ], [ -77.14541, 38.82598 ], [ -77.14631, 38.82736 ], [ -77.14888, 38.82961 ], [ -77.15467, 38.83341 ], [ -77.15748, 38.83586 ], [ -77.15776, 38.83644 ], [ -77.15851, 38.83653 ], [ -77.16255, 38.83795 ], [ -77.16386, 38.83806 ], [ -77.17058, 38.83762 ], [ -77.17379, 38.8366 ], [ -77.18276, 38.83564 ], [ -77.18436, 38.83521 ], [ -77.18564, 38.83754 ], [ -77.18788, 38.83861 ], [ -77.18716, 38.83985 ], [ -77.1867, 38.8401 ], [ -77.18712, 38.84055 ], [ -77.1864, 38.84065 ], [ -77.18607, 38.84015 ], [ -77.18547, 38.84019 ], [ -77.18606, 38.84177 ], [ -77.18571, 38.84178 ], [ -77.18558, 38.84215 ], [ -77.18527, 38.8421 ], [ -77.18521, 38.84253 ], [ -77.18375, 38.84315 ], [ -77.18357, 38.84379 ], [ -77.18448, 38.84418 ], [ -77.18485, 38.84626 ], [ -77.18435, 38.84659 ], [ -77.18306, 38.84644 ], [ -77.18273, 38.8462 ], [ -77.182, 38.84679 ], [ -77.18207, 38.84699 ], [ -77.18309, 38.84729 ], [ -77.18312, 38.84756 ], [ -77.18435, 38.84774 ], [ -77.18553, 38.84758 ], [ -77.18555, 38.84718 ], [ -77.18801, 38.84761 ], [ -77.18916, 38.84752 ], [ -77.18961, 38.84843 ], [ -77.19015, 38.8485 ], [ -77.19061, 38.84927 ], [ -77.19104, 38.84921 ], [ -77.19204, 38.84983 ], [ -77.19269, 38.84969 ], [ -77.19266, 38.84996 ], [ -77.19288, 38.84999 ], [ -77.19287, 38.85401 ], [ -77.18954, 38.85586 ], [ -77.18679, 38.85675 ], [ -77.17991, 38.85776 ], [ -77.17894, 38.85838 ], [ -77.17879, 38.86097 ], [ -77.17721, 38.86235 ], [ -77.17467, 38.86715 ], [ -77.17464, 38.86962 ], [ -77.17762, 38.86912 ], [ -77.17784, 38.86953 ], [ -77.17824, 38.8707 ], [ -77.17788, 38.87387 ], [ -77.17448, 38.87406 ], [ -77.17437, 38.87615 ], [ -77.17335, 38.87771 ], [ -77.17325, 38.87861 ], [ -77.16025, 38.87394 ] ] } },
{ "type": "Feature", "properties": { "year": 2025, "level": "HS", "name": "Lake Braddock" }, "geometry": { "type": "MultiLineString", "coordinates": [ [ [ -77.26204, 38.81071 ], [ -77.24885, 38.81054 ], [ -77.24026, 38.8109 ], [ -77.21792, 38.81123 ], [ -77.21191, 38.80317 ], [ -77.21216, 38.80219 ], [ -77.21344, 38.80113 ], [ -77.2143, 38.79913 ], [ -77.21329, 38.79762 ], [ -77.21429, 38.79636 ], [ -77.21421, 38.79608 ], [ -77.21463, 38.79546 ], [ -77.21508, 38.79532 ], [ -77.21513, 38.79504 ], [ -77.21627, 38.79434 ], [ -77.21853, 38.79388 ], [ -77.21788, 38.7928 ], [ -77.22846, 38.7925 ], [ -77.23007, 38.79291 ], [ -77.23601, 38.79567 ], [ -77.23746, 38.79611 ], [ -77.24787, 38.79594 ], [ -77.24591, 38.79365 ], [ -77.25846, 38.77871 ], [ -77.25255, 38.77356 ], [ -77.25482, 38.77319 ], [ -77.25677, 38.77317 ], [ -77.25988, 38.77381 ], [ -77.26223, 38.77484 ], [ -77.26274, 38.77424 ], [ -77.26374, 38.77202 ], [ -77.27471, 38.75345 ], [ -77.27191, 38.75197 ], [ -77.26763, 38.75182 ], [ -77.26398, 38.75058 ], [ -77.25976, 38.74882 ], [ -77.25698, 38.74667 ], [ -77.25502, 38.74577 ], [ -77.25301, 38.74541 ], [ -77.25086, 38.74555 ], [ -77.25059, 38.74469 ], [ -77.25075, 38.74288 ], [ -77.25143, 38.74047 ], [ -77.25246, 38.73877 ], [ -77.25223, 38.73627 ], [ -77.25367, 38.73672 ], [ -77.25462, 38.73777 ], [ -77.25504, 38.73868 ], [ -77.2549, 38.73898 ], [ -77.25642, 38.73889 ], [ -77.25767, 38.73935 ], [ -77.25893, 38.73938 ], [ -77.26028, 38.73905 ], [ -77.26111, 38.73947 ], [ -77.26144, 38.74017 ], [ -77.26127, 38.74066 ], [ -77.26185, 38.7413 ], [ -77.26328, 38.74228 ], [ -77.26422, 38.74255 ], [ -77.26401, 38.74215 ], [ -77.26475, 38.74233 ], [ -77.26539, 38.74331 ], [ -77.26603, 38.74353 ], [ -77.26811, 38.74316 ], [ -77.26929, 38.74321 ], [ -77.27002, 38.74285 ], [ -77.27208, 38.74341 ], [ -77.27231, 38.74289 ], [ -77.27384, 38.74283 ], [ -77.27436, 38.74261 ], [ -77.27588, 38.74281 ], [ -77.27677, 38.74333 ], [ -77.27703, 38.74421 ], [ -77.27663, 38.74514 ], [ -77.27678, 38.74558 ], [ -77.27797, 38.74604 ], [ -77.27838, 38.74588 ], [ -77.2787, 38.74624 ], [ -77.27968, 38.74655 ], [ -77.285, 38.73933 ], [ -77.28536, 38.73915 ], [ -77.28423, 38.73823 ], [ -77.28106, 38.73642 ], [ -77.27989, 38.7351 ], [ -77.27957, 38.73327 ], [ -77.28111, 38.72886 ], [ -77.2814, 38.72732 ], [ -77.28132, 38.72539 ], [ -77.28081, 38.72376 ], [ -77.27951, 38.72118 ], [ -77.27802, 38.72003 ], [ -77.2763, 38.71951 ], [ -77.27946, 38.71846 ], [ -77.28674, 38.72225 ], [ -77.28729, 38.72173 ], [ -77.28987, 38.72104 ], [ -77.29265, 38.72445 ], [ -77.29574, 38.72263 ], [ -77.29825, 38.72471 ], [ -77.29824, 38.7251 ], [ -77.29736, 38.72616 ], [ -77.29518, 38.72683 ], [ -77.29441, 38.72642 ], [ -77.29347, 38.7255 ], [ -77.29887, 38.7317 ], [ -77.30141, 38.73354 ], [ -77.30159, 38.7339 ], [ -77.30221, 38.73342 ], [ -77.30348, 38.73332 ], [ -77.30453, 38.73273 ], [ -77.30528, 38.73268 ], [ -77.30553, 38.72543 ], [ -77.30218, 38.72567 ], [ -77.30203, 38.72535 ], [ -77.30229, 38.72477 ], [ -77.30285, 38.72505 ], [ -77.30292, 38.72459 ], [ -77.30253, 38.72454 ], [ -77.30258, 38.72408 ], [ -77.30218, 38.72373 ], [ -77.30194, 38.72278 ], [ -77.30295, 38.72153 ], [ -77.30365, 38.72153 ], [ -77.30347, 38.7205 ], [ -77.30366, 38.71996 ], [ -77.30479, 38.71951 ], [ -77.30526, 38.71901 ], [ -77.30661, 38.71454 ], [ -77.30666, 38.71359 ], [ -77.30548, 38.71178 ], [ -77.30552, 38.71126 ], [ -77.30631, 38.71035 ], [ -77.3066, 38.70931 ], [ -77.30608, 38.70756 ], [ -77.30838, 38.70701 ], [ -77.30998, 38.70614 ], [ -77.3111, 38.70492 ], [ -77.31194, 38.70285 ], [ -77.31323, 38.70212 ], [ -77.31567, 38.70153 ], [ -77.31853, 38.70152 ], [ -77.32137, 38.70081 ], [ -77.32328, 38.70102 ], [ -77.32581, 38.70166 ], [ -77.32686, 38.70222 ], [ -77.32731, 38.70279 ], [ -77.32743, 38.70354 ], [ -77.32712, 38.70444 ], [ -77.32611, 38.70567 ], [ -77.3247, 38.70675 ], [ -77.32168, 38.7084 ], [ -77.31993, 38.70909 ], [ -77.31968, 38.71009 ], [ -77.32005, 38.71148 ], [ -77.32118, 38.71246 ], [ -77.32257, 38.71274 ], [ -77.326, 38.71153 ], [ -77.33102, 38.71066 ], [ -77.33244, 38.71084 ], [ -77.33304, 38.71138 ], [ -77.33318, 38.71222 ], [ -77.33283, 38.71341 ], [ -77.33151, 38.71584 ], [ -77.33161, 38.71754 ], [ -77.33246, 38.71835 ], [ -77.33403, 38.71906 ], [ -77.33736, 38.71987 ], [ -77.33652, 38.72235 ], [ -77.3356, 38.72235 ], [ -77.33552, 38.72302 ], [ -77.33496, 38.72328 ], [ -77.33536, 38.72334 ], [ -77.33535, 38.72478 ], [ -77.3322, 38.72855 ], [ -77.32995, 38.73206 ], [ -77.32701, 38.72872 ], [ -77.32595, 38.72829 ], [ -77.32029, 38.72801 ], [ -77.32064, 38.7289 ], [ -77.32026, 38.73068 ], [ -77.32043, 38.73204 ], [ -77.32011, 38.73324 ], [ -77.31915, 38.73503 ], [ -77.32002, 38.73643 ], [ -77.32034, 38.73664 ], [ -77.32168, 38.73558 ], [ -77.32281, 38.73618 ], [ -77.32409, 38.73645 ], [ -77.32618, 38.73733 ], [ -77.32731, 38.73606 ], [ -77.33103, 38.74011 ], [ -77.33317, 38.74393 ], [ -77.32684, 38.74771 ], [ -77.32496, 38.74804 ], [ -77.32661, 38.75014 ], [ -77.32739, 38.7498 ], [ -77.32925, 38.75235 ], [ -77.32967, 38.75792 ], [ -77.31785, 38.75484 ], [ -77.31815, 38.75261 ], [ -77.31732, 38.75259 ], [ -77.31736, 38.75223 ], [ -77.31519, 38.75291 ], [ -77.31459, 38.75173 ], [ -77.3089, 38.75218 ], [ -77.30903, 38.75325 ], [ -77.30781, 38.75334 ], [ -77.30769, 38.75226 ], [ -77.30515, 38.75261 ], [ -77.30269, 38.75378 ], [ -77.30369, 38.75446 ], [ -77.30119, 38.75619 ], [ -77.30115, 38.75643 ], [ -77.29723, 38.75665 ], [ -77.29611, 38.75694 ], [ -77.29561, 38.7576 ], [ -77.2957, 38.75832 ], [ -77.29753, 38.75968 ], [ -77.29891, 38.76124 ], [ -77.29922, 38.76204 ], [ -77.29931, 38.76297 ], [ -77.29883, 38.764 ], [ -77.2971, 38.76603 ], [ -77.29608, 38.76877 ], [ -77.29601, 38.76996 ], [ -77.29638, 38.77111 ], [ -77.29763, 38.77312 ], [ -77.2984, 38.77319 ], [ -77.29905, 38.77284 ], [ -77.30038, 38.77409 ], [ -77.29885, 38.77494 ], [ -77.29786, 38.77489 ], [ -77.29847, 38.77599 ], [ -77.29694, 38.77645 ], [ -77.29862, 38.77749 ], [ -77.29733, 38.77864 ], [ -77.29451, 38.77768 ], [ -77.29304, 38.77889 ], [ -77.28859, 38.77876 ], [ -77.28795, 38.77892 ], [ -77.28412, 38.78131 ], [ -77.28468, 38.78182 ], [ -77.28418, 38.78296 ], [ -77.2847, 38.78343 ], [ -77.28335, 38.78427 ], [ -77.28348, 38.78509 ], [ -77.28125, 38.78311 ], [ -77.27985, 38.78384 ], [ -77.28157, 38.78525 ], [ -77.28374, 38.78649 ], [ -77.2839, 38.78753 ], [ -77.28153, 38.78744 ], [ -77.28162, 38.78798 ], [ -77.27838, 38.78783 ], [ -77.27828, 38.78884 ], [ -77.27652, 38.78864 ], [ -77.27597, 38.78956 ], [ -77.28432, 38.78996 ], [ -77.28569, 38.79818 ], [ -77.29968, 38.79744 ], [ -77.30127, 38.79753 ], [ -77.29899, 38.79826 ], [ -77.29872, 38.79854 ], [ -77.29783, 38.79852 ], [ -77.29317, 38.79931 ], [ -77.28808, 38.8018 ], [ -77.28674, 38.80279 ], [ -77.2844, 38.80342 ], [ -77.28241, 38.80462 ], [ -77.28173, 38.80545 ], [ -77.28012, 38.80668 ], [ -77.27751, 38.81056 ], [ -77.2754, 38.81286 ], [ -77.27493, 38.81527 ], [ -77.27405, 38.8173 ], [ -77.26991, 38.81497 ], [ -77.26764, 38.8126 ], [ -77.26621, 38.81152 ], [ -77.26438, 38.81096 ], [ -77.26204, 38.81071 ] ], [ [ -77.24297, 38.74276 ], [ -77.24389, 38.7429 ], [ -77.24803, 38.74517 ], [ -77.2489, 38.74615 ], [ -77.24733, 38.74712 ], [ -77.2442, 38.74981 ], [ -77.24445, 38.75003 ], [ -77.24309, 38.75024 ], [ -77.24034, 38.74362 ], [ -77.24297, 38.74276 ] ] ] } },
{ "type": "Feature", "properties": { "year": 2025, "level": "HS", "name": "Langley" }, "geometry": { "type": "LineString", "coordinates": [ [ -77.32833, 39.05769 ], [ -77.32646, 39.05749 ], [ -77.32368, 39.05598 ], [ -77.3213, 39.05579 ], [ -77.31926, 39.05511 ], [ -77.31454, 39.05224 ], [ -77.31074, 39.05202 ], [ -77.309, 39.05228 ], [ -77.30774, 39.05223 ], [ -77.30605, 39.05195 ], [ -77.30427, 39.0513 ], [ -77.30023, 39.04928 ], [ -77.29488, 39.0474 ], [ -77.29201, 39.046 ], [ -77.28904, 39.04405 ], [ -77.28606, 39.0414 ], [ -77.28307, 39.03956 ], [ -77.28206, 39.0392 ], [ -77.27689, 39.03544 ], [ -77.2752, 39.03446 ], [ -77.27379, 39.03396 ], [ -77.27296, 39.03393 ], [ -77.26808, 39.03232 ], [ -77.26052, 39.03137 ], [ -77.25491, 39.02988 ], [ -77.25155, 39.02814 ], [ -77.25022, 39.02714 ], [ -77.24832, 39.02659 ], [ -77.24703, 39.02562 ], [ -77.24599, 39.0244 ], [ -77.24463, 39.0211 ], [ -77.24538, 39.01754 ], [ -77.24629, 39.01646 ], [ -77.24709, 39.01463 ], [ -77.25118, 39.0119 ], [ -77.25326, 39.00917 ], [ -77.25425, 39.00718 ], [ -77.25442, 39.00631 ], [ -77.25531, 39.00493 ], [ -77.25576, 39.00178 ], [ -77.25498, 39.00078 ], [ -77.25462, 38.99977 ], [ -77.25473, 38.99936 ], [ -77.25423, 38.9983 ], [ -77.25363, 38.99782 ], [ -77.25352, 38.99681 ], [ -77.25293, 38.9959 ], [ -77.25296, 38.99547 ], [ -77.24996, 38.99464 ], [ -77.24995, 38.99404 ], [ -77.24939, 38.99373 ], [ -77.24865, 38.9927 ], [ -77.24805, 38.99038 ], [ -77.24541, 38.98424 ], [ -77.24503, 38.98269 ], [ -77.24407, 38.98212 ], [ -77.24392, 38.98236 ], [ -77.24173, 38.98171 ], [ -77.23995, 38.98076 ], [ -77.23969, 38.98023 ], [ -77.23845, 38.97933 ], [ -77.2362, 38.97692 ], [ -77.23565, 38.97679 ], [ -77.23504, 38.97606 ], [ -77.23455, 38.97623 ], [ -77.2336, 38.97735 ], [ -77.23233, 38.9793 ], [ -77.23094, 38.97929 ], [ -77.23048, 38.97973 ], [ -77.22995, 38.97972 ], [ -77.22859, 38.97851 ], [ -77.22637, 38.97409 ], [ -77.2236, 38.97207 ], [ -77.2211, 38.97134 ], [ -77.21883, 38.97156 ], [ -77.21571, 38.97062 ], [ -77.21476, 38.97054 ], [ -77.21378, 38.96984 ], [ -77.21274, 38.96978 ], [ -77.21152, 38.96935 ], [ -77.21025, 38.97012 ], [ -77.20803, 38.97033 ], [ -77.20629, 38.96978 ], [ -77.20498, 38.96874 ], [ -77.20289, 38.96811 ], [ -77.20248, 38.96777 ], [ -77.19805, 38.96689 ], [ -77.19672, 38.96702 ], [ -77.19579, 38.96758 ], [ -77.19524, 38.96746 ], [ -77.1942, 38.96828 ], [ -77.19081, 38.96799 ], [ -77.18932, 38.96754 ], [ -77.18843, 38.96804 ], [ -77.18682, 38.9678 ], [ -77.186, 38.96798 ], [ -77.18422, 38.96789 ], [ -77.1831, 38.96872 ], [ -77.18154, 38.96879 ], [ -77.1798, 38.96841 ], [ -77.17981, 38.96822 ], [ -77.1798, 38.96841 ], [ -77.17721, 38.96814 ], [ -77.17498, 38.96821 ], [ -77.17409, 38.9679 ], [ -77.17349, 38.96797 ], [ -77.17213, 38.96756 ], [ -77.17118, 38.96667 ], [ -77.16964, 38.96639 ], [ -77.1691, 38.96646 ], [ -77.16841, 38.96712 ], [ -77.16756, 38.96741 ], [ -77.16491, 38.96784 ], [ -77.16299, 38.96738 ], [ -77.15985, 38.96615 ], [ -77.1584, 38.96595 ], [ -77.15723, 38.96629 ], [ -77.15463, 38.96588 ], [ -77.15195, 38.96585 ], [ -77.15021, 38.96559 ], [ -77.14719, 38.96454 ], [ -77.14523, 38.9633 ], [ -77.14316, 38.96135 ], [ -77.14059, 38.95839 ], [ -77.13543, 38.95387 ], [ -77.13109, 38.94644 ], [ -77.12877, 38.94175 ], [ -77.12809, 38.9409 ], [ -77.12875, 38.94038 ], [ -77.13001, 38.94019 ], [ -77.13139, 38.93804 ], [ -77.13884, 38.94154 ], [ -77.14429, 38.94345 ], [ -77.14649, 38.94394 ], [ -77.1494, 38.94392 ], [ -77.16009, 38.94219 ], [ -77.16711, 38.94271 ], [ -77.17386, 38.9409 ], [ -77.1784, 38.94014 ], [ -77.18541, 38.93708 ], [ -77.18695, 38.93769 ], [ -77.18931, 38.9381 ], [ -77.19363, 38.937 ], [ -77.194, 38.9371 ], [ -77.19499, 38.93599 ], [ -77.19272, 38.93483 ], [ -77.19371, 38.93366 ], [ -77.1993, 38.93157 ], [ -77.20095, 38.93072 ], [ -77.20356, 38.92878 ], [ -77.21579, 38.93319 ], [ -77.22054, 38.93411 ], [ -77.2241, 38.9342 ], [ -77.22966, 38.93375 ], [ -77.23276, 38.93371 ], [ -77.2406, 38.93466 ], [ -77.24303, 38.9347 ], [ -77.24579, 38.93431 ], [ -77.25333, 38.93241 ], [ -77.25644, 38.93211 ], [ -77.26075, 38.93256 ], [ -77.26289, 38.93323 ], [ -77.26467, 38.9341 ], [ -77.26632, 38.93527 ], [ -77.27087, 38.93931 ], [ -77.27265, 38.94047 ], [ -77.27185, 38.94166 ], [ -77.27253, 38.9421 ], [ -77.27235, 38.94279 ], [ -77.27283, 38.94265 ], [ -77.27287, 38.94314 ], [ -77.27373, 38.94415 ], [ -77.27469, 38.9445 ], [ -77.27565, 38.94449 ], [ -77.27577, 38.94504 ], [ -77.27618, 38.94529 ], [ -77.27618, 38.94602 ], [ -77.27655, 38.94627 ], [ -77.27782, 38.94632 ], [ -77.27821, 38.94657 ], [ -77.27946, 38.94646 ], [ -77.27927, 38.94698 ], [ -77.27956, 38.9472 ], [ -77.2795, 38.94772 ], [ -77.2798, 38.94773 ], [ -77.28001, 38.94737 ], [ -77.28143, 38.94777 ], [ -77.28098, 38.94956 ], [ -77.28159, 38.95042 ], [ -77.28309, 38.9502 ], [ -77.28449, 38.95072 ], [ -77.2838, 38.95153 ], [ -77.28194, 38.95218 ], [ -77.27868, 38.95446 ], [ -77.27672, 38.957 ], [ -77.28128, 38.95791 ], [ -77.28046, 38.95907 ], [ -77.28321, 38.95929 ], [ -77.28415, 38.95847 ], [ -77.28485, 38.95861 ], [ -77.28484, 38.95817 ], [ -77.28529, 38.95817 ], [ -77.28535, 38.95911 ], [ -77.28726, 38.95976 ], [ -77.29068, 38.95969 ], [ -77.29153, 38.95932 ], [ -77.29198, 38.95952 ], [ -77.29163, 38.96012 ], [ -77.29675, 38.96201 ], [ -77.29754, 38.96102 ], [ -77.29724, 38.96028 ], [ -77.29804, 38.96059 ], [ -77.29871, 38.96023 ], [ -77.29986, 38.96066 ], [ -77.2986, 38.9627 ], [ -77.30243, 38.96412 ], [ -77.30222, 38.96553 ], [ -77.30304, 38.96578 ], [ -77.30363, 38.96548 ], [ -77.30408, 38.96573 ], [ -77.3048, 38.96549 ], [ -77.30494, 38.96586 ], [ -77.30532, 38.96576 ], [ -77.30577, 38.96595 ], [ -77.30583, 38.96626 ], [ -77.30623, 38.96615 ], [ -77.30631, 38.96693 ], [ -77.3061, 38.96718 ], [ -77.3064, 38.96734 ], [ -77.30684, 38.96716 ], [ -77.30699, 38.96743 ], [ -77.30753, 38.96721 ], [ -77.30779, 38.9667 ], [ -77.30816, 38.96645 ], [ -77.30839, 38.96635 ], [ -77.30584, 38.97487 ], [ -77.31343, 38.97707 ], [ -77.31515, 38.97778 ], [ -77.3171, 38.97563 ], [ -77.31914, 38.97756 ], [ -77.31888, 38.97781 ], [ -77.32101, 38.97853 ], [ -77.32138, 38.97946 ], [ -77.32787, 38.97808 ], [ -77.33038, 38.97848 ], [ -77.3305, 38.97995 ], [ -77.33209, 38.9799 ], [ -77.33111, 38.98757 ], [ -77.33184, 38.9876 ], [ -77.33178, 38.98877 ], [ -77.33577, 38.98897 ], [ -77.33686, 38.98741 ], [ -77.33924, 38.98906 ], [ -77.33765, 38.99132 ], [ -77.33808, 38.9915 ], [ -77.33714, 38.99369 ], [ -77.3363, 38.99468 ], [ -77.3403, 38.99751 ], [ -77.34374, 38.99255 ], [ -77.34506, 38.99309 ], [ -77.34675, 38.99325 ], [ -77.34455, 38.99667 ], [ -77.34599, 38.99695 ], [ -77.34525, 38.99806 ], [ -77.34395, 38.99751 ], [ -77.34367, 38.99794 ], [ -77.34438, 38.99825 ], [ -77.3438, 38.99907 ], [ -77.3463, 39.00042 ], [ -77.34586, 39.00096 ], [ -77.35702, 39.0069 ], [ -77.35888, 39.00344 ], [ -77.35325, 39.00165 ], [ -77.35186, 39.00096 ], [ -77.35149, 38.9968 ], [ -77.35355, 38.99737 ], [ -77.35409, 38.99599 ], [ -77.35195, 38.99528 ], [ -77.35147, 38.99551 ], [ -77.35142, 38.99597 ], [ -77.35072, 38.99593 ], [ -77.35089, 38.99372 ], [ -77.35131, 38.9939 ], [ -77.35128, 38.99339 ], [ -77.35459, 38.9947 ], [ -77.35438, 38.99525 ], [ -77.35504, 38.99535 ], [ -77.35554, 38.99516 ], [ -77.35659, 38.9939 ], [ -77.35725, 38.9922 ], [ -77.35797, 38.99114 ], [ -77.3648, 38.99246 ], [ -77.36524, 38.9934 ], [ -77.3653, 38.99447 ], [ -77.36401, 38.99706 ], [ -77.36333, 38.99941 ], [ -77.36578, 38.99985 ], [ -77.36687, 38.99922 ], [ -77.36924, 38.9987 ], [ -77.37025, 38.99911 ], [ -77.3708, 38.9998 ], [ -77.37031, 39.00034 ], [ -77.37011, 39.00186 ], [ -77.37024, 39.00228 ], [ -77.3709, 39.00271 ], [ -77.37123, 39.00362 ], [ -77.37109, 39.00426 ], [ -77.37204, 39.0047 ], [ -77.37245, 39.00557 ], [ -77.37376, 39.00667 ], [ -77.37327, 39.00713 ], [ -77.37348, 39.00741 ], [ -77.37334, 39.00787 ], [ -77.37274, 39.00827 ], [ -77.37237, 39.00896 ], [ -77.37322, 39.01003 ], [ -77.37157, 39.01061 ], [ -77.37122, 39.01109 ], [ -77.36975, 39.01147 ], [ -77.36907, 39.01117 ], [ -77.36817, 39.0118 ], [ -77.36866, 39.01231 ], [ -77.36865, 39.01323 ], [ -77.37111, 39.01448 ], [ -77.32833, 39.05769 ] ] } },
{ "type": "Feature", "properties": { "year": 2025, "level": "HS", "name": "Lewis" }, "geometry": { "type": "LineString", "coordinates": [ [ -77.17586, 38.79079 ], [ -77.17169, 38.78997 ], [ -77.16843, 38.79005 ], [ -77.16135, 38.79134 ], [ -77.15567, 38.79286 ], [ -77.15316, 38.79333 ], [ -77.15408, 38.79202 ], [ -77.1547, 38.79042 ], [ -77.15712, 38.7761 ], [ -77.15805, 38.77346 ], [ -77.15969, 38.7711 ], [ -77.16193, 38.76912 ], [ -77.16389, 38.76795 ], [ -77.17034, 38.76514 ], [ -77.17173, 38.76414 ], [ -77.1729, 38.76288 ], [ -77.18248, 38.7471 ], [ -77.18454, 38.74212 ], [ -77.18748, 38.73211 ], [ -77.18815, 38.73076 ], [ -77.18925, 38.72942 ], [ -77.19052, 38.72839 ], [ -77.19211, 38.72751 ], [ -77.20474, 38.72255 ], [ -77.20716, 38.72122 ], [ -77.20905, 38.71985 ], [ -77.21023, 38.72068 ], [ -77.21168, 38.7199 ], [ -77.21395, 38.72138 ], [ -77.2139, 38.72225 ], [ -77.21525, 38.72349 ], [ -77.21557, 38.7241 ], [ -77.21581, 38.72599 ], [ -77.217, 38.72843 ], [ -77.21801, 38.72944 ], [ -77.21824, 38.72998 ], [ -77.21883, 38.73037 ], [ -77.21938, 38.73146 ], [ -77.22016, 38.73185 ], [ -77.22088, 38.73259 ], [ -77.22114, 38.73404 ], [ -77.2218, 38.73399 ], [ -77.22281, 38.73528 ], [ -77.22433, 38.73628 ], [ -77.22428, 38.73707 ], [ -77.225, 38.73801 ], [ -77.22609, 38.73886 ], [ -77.22555, 38.73903 ], [ -77.22585, 38.73993 ], [ -77.22541, 38.74092 ], [ -77.22584, 38.74264 ], [ -77.22572, 38.74316 ], [ -77.22393, 38.74405 ], [ -77.22331, 38.74544 ], [ -77.22274, 38.74586 ], [ -77.22261, 38.74806 ], [ -77.22283, 38.74878 ], [ -77.22113, 38.74936 ], [ -77.22133, 38.74988 ], [ -77.22379, 38.75088 ], [ -77.2231, 38.75221 ], [ -77.2233, 38.75241 ], [ -77.22539, 38.75252 ], [ -77.22605, 38.7528 ], [ -77.22672, 38.75348 ], [ -77.22666, 38.75393 ], [ -77.22533, 38.75518 ], [ -77.22508, 38.75589 ], [ -77.22557, 38.75657 ], [ -77.22735, 38.75792 ], [ -77.22692, 38.75921 ], [ -77.22712, 38.7602 ], [ -77.225, 38.76075 ], [ -77.22459, 38.75982 ], [ -77.22361, 38.76008 ], [ -77.22218, 38.76229 ], [ -77.22227, 38.76249 ], [ -77.22152, 38.76268 ], [ -77.22108, 38.76256 ], [ -77.22051, 38.76161 ], [ -77.21728, 38.75906 ], [ -77.21479, 38.7599 ], [ -77.21121, 38.7605 ], [ -77.20854, 38.76155 ], [ -77.20809, 38.76185 ], [ -77.20882, 38.76236 ], [ -77.20874, 38.76272 ], [ -77.20828, 38.76387 ], [ -77.20701, 38.76539 ], [ -77.20695, 38.76607 ], [ -77.20736, 38.76751 ], [ -77.20705, 38.76828 ], [ -77.2056, 38.77028 ], [ -77.2043, 38.77108 ], [ -77.20378, 38.77116 ], [ -77.20295, 38.77284 ], [ -77.20299, 38.77348 ], [ -77.20381, 38.77404 ], [ -77.2038, 38.77452 ], [ -77.20336, 38.77474 ], [ -77.20337, 38.77507 ], [ -77.20436, 38.77652 ], [ -77.20453, 38.77718 ], [ -77.20462, 38.77767 ], [ -77.20421, 38.77799 ], [ -77.20376, 38.77916 ], [ -77.20426, 38.77962 ], [ -77.20493, 38.77946 ], [ -77.20609, 38.77864 ], [ -77.20662, 38.77781 ], [ -77.20669, 38.77695 ], [ -77.20694, 38.77676 ], [ -77.20777, 38.77675 ], [ -77.20819, 38.77684 ], [ -77.20925, 38.77773 ], [ -77.21071, 38.77977 ], [ -77.21021, 38.78064 ], [ -77.20968, 38.78071 ], [ -77.20961, 38.78068 ], [ -77.20986, 38.78061 ], [ -77.20931, 38.78012 ], [ -77.20836, 38.78053 ], [ -77.20716, 38.78155 ], [ -77.20621, 38.78302 ], [ -77.20622, 38.78365 ], [ -77.20584, 38.78417 ], [ -77.20606, 38.78473 ], [ -77.20703, 38.78516 ], [ -77.20761, 38.7861 ], [ -77.20885, 38.78669 ], [ -77.21137, 38.78754 ], [ -77.21301, 38.78773 ], [ -77.21515, 38.78885 ], [ -77.21609, 38.78989 ], [ -77.21689, 38.79035 ], [ -77.21679, 38.79069 ], [ -77.21888, 38.79277 ], [ -77.20404, 38.79343 ], [ -77.20203, 38.79395 ], [ -77.19271, 38.79762 ], [ -77.19087, 38.79802 ], [ -77.18894, 38.79808 ], [ -77.18579, 38.79757 ], [ -77.18624, 38.79494 ], [ -77.18223, 38.79339 ], [ -77.17853, 38.79166 ], [ -77.17586, 38.79079 ] ] } },
{ "type": "Feature", "properties": { "year": 2025, "level": "HS", "name": "Madison" }, "geometry": { "type": "LineString", "coordinates": [ [ -77.297, 38.94074 ], [ -77.29742, 38.94017 ], [ -77.2983, 38.94012 ], [ -77.29823, 38.93936 ], [ -77.29731, 38.93854 ], [ -77.29715, 38.93795 ], [ -77.29562, 38.93724 ], [ -77.29544, 38.93687 ], [ -77.29469, 38.93651 ], [ -77.29434, 38.93571 ], [ -77.29398, 38.93576 ], [ -77.29334, 38.93517 ], [ -77.29365, 38.935 ], [ -77.29397, 38.9342 ], [ -77.29376, 38.93348 ], [ -77.29541, 38.93322 ], [ -77.29531, 38.93282 ], [ -77.29616, 38.93174 ], [ -77.29726, 38.93172 ], [ -77.29803, 38.93129 ], [ -77.29838, 38.93142 ], [ -77.29865, 38.93127 ], [ -77.29098, 38.92774 ], [ -77.28915, 38.92659 ], [ -77.28729, 38.92458 ], [ -77.28563, 38.9211 ], [ -77.28385, 38.9211 ], [ -77.27887, 38.92222 ], [ -77.27667, 38.92647 ], [ -77.2763, 38.92666 ], [ -77.27374, 38.92685 ], [ -77.27151, 38.93039 ], [ -77.26996, 38.92844 ], [ -77.2643, 38.92523 ], [ -77.2637, 38.92521 ], [ -77.26237, 38.9237 ], [ -77.25954, 38.92385 ], [ -77.25669, 38.9234 ], [ -77.24639, 38.9193 ], [ -77.24431, 38.92001 ], [ -77.24278, 38.91882 ], [ -77.24244, 38.91696 ], [ -77.24366, 38.91646 ], [ -77.24113, 38.91507 ], [ -77.25012, 38.91097 ], [ -77.25002, 38.91066 ], [ -77.24924, 38.91076 ], [ -77.24535, 38.9102 ], [ -77.24442, 38.90946 ], [ -77.2434, 38.90921 ], [ -77.24477, 38.90586 ], [ -77.24423, 38.90603 ], [ -77.24328, 38.90544 ], [ -77.2424, 38.90446 ], [ -77.24196, 38.9045 ], [ -77.24277, 38.89786 ], [ -77.2404, 38.89665 ], [ -77.23633, 38.89551 ], [ -77.24219, 38.88825 ], [ -77.24652, 38.88057 ], [ -77.24678, 38.87947 ], [ -77.26637, 38.87827 ], [ -77.27491, 38.87694 ], [ -77.27448, 38.87916 ], [ -77.27491, 38.88055 ], [ -77.27448, 38.88131 ], [ -77.27367, 38.88168 ], [ -77.27464, 38.88258 ], [ -77.27825, 38.88256 ], [ -77.2785, 38.88495 ], [ -77.27972, 38.88485 ], [ -77.27977, 38.88528 ], [ -77.28053, 38.8851 ], [ -77.28067, 38.88556 ], [ -77.28357, 38.88422 ], [ -77.2844, 38.88529 ], [ -77.28406, 38.88551 ], [ -77.2846, 38.88624 ], [ -77.28913, 38.8843 ], [ -77.29171, 38.88786 ], [ -77.29289, 38.88722 ], [ -77.29286, 38.88696 ], [ -77.29232, 38.88678 ], [ -77.29264, 38.88649 ], [ -77.29251, 38.88614 ], [ -77.2933, 38.88545 ], [ -77.29425, 38.88938 ], [ -77.30102, 38.89515 ], [ -77.30009, 38.89561 ], [ -77.30093, 38.89632 ], [ -77.29922, 38.89809 ], [ -77.29816, 38.89864 ], [ -77.30007, 38.89964 ], [ -77.29973, 38.90015 ], [ -77.30352, 38.90192 ], [ -77.30442, 38.89755 ], [ -77.30888, 38.89839 ], [ -77.30951, 38.89782 ], [ -77.31137, 38.89758 ], [ -77.31319, 38.89773 ], [ -77.31441, 38.89833 ], [ -77.31505, 38.89892 ], [ -77.31637, 38.89943 ], [ -77.3164, 38.89864 ], [ -77.31682, 38.89804 ], [ -77.31703, 38.89813 ], [ -77.31662, 38.89912 ], [ -77.31825, 38.8999 ], [ -77.31871, 38.89961 ], [ -77.31873, 38.89917 ], [ -77.31952, 38.89895 ], [ -77.32015, 38.89778 ], [ -77.31974, 38.89768 ], [ -77.31965, 38.89713 ], [ -77.31996, 38.89679 ], [ -77.32018, 38.89566 ], [ -77.32197, 38.89476 ], [ -77.3246, 38.89297 ], [ -77.32537, 38.89219 ], [ -77.3279, 38.89308 ], [ -77.32818, 38.89457 ], [ -77.32908, 38.8947 ], [ -77.32921, 38.8967 ], [ -77.33504, 38.89616 ], [ -77.33753, 38.8983 ], [ -77.34111, 38.89637 ], [ -77.34422, 38.89983 ], [ -77.34619, 38.89904 ], [ -77.34605, 38.90013 ], [ -77.34924, 38.90064 ], [ -77.35194, 38.89936 ], [ -77.35261, 38.90021 ], [ -77.35072, 38.90081 ], [ -77.35152, 38.90137 ], [ -77.35089, 38.90246 ], [ -77.35089, 38.90323 ], [ -77.35194, 38.90312 ], [ -77.35198, 38.90372 ], [ -77.35167, 38.90396 ], [ -77.35199, 38.90417 ], [ -77.35256, 38.90372 ], [ -77.35315, 38.90358 ], [ -77.35242, 38.90308 ], [ -77.35445, 38.90178 ], [ -77.35574, 38.90234 ], [ -77.35617, 38.90202 ], [ -77.3603, 38.90778 ], [ -77.35632, 38.90971 ], [ -77.35505, 38.91062 ], [ -77.35418, 38.90978 ], [ -77.3521, 38.91136 ], [ -77.35185, 38.91118 ], [ -77.34829, 38.9128 ], [ -77.34533, 38.91707 ], [ -77.33858, 38.91625 ], [ -77.33808, 38.91576 ], [ -77.33712, 38.91606 ], [ -77.33646, 38.9154 ], [ -77.33342, 38.91632 ], [ -77.33388, 38.91728 ], [ -77.33261, 38.91814 ], [ -77.3333, 38.91922 ], [ -77.33104, 38.9199 ], [ -77.33049, 38.91913 ], [ -77.32914, 38.92038 ], [ -77.3285, 38.92068 ], [ -77.32751, 38.9194 ], [ -77.32608, 38.92038 ], [ -77.32553, 38.91968 ], [ -77.32492, 38.91942 ], [ -77.32587, 38.91874 ], [ -77.32533, 38.9183 ], [ -77.32494, 38.91897 ], [ -77.32398, 38.91907 ], [ -77.32366, 38.91929 ], [ -77.3238, 38.91947 ], [ -77.32343, 38.91955 ], [ -77.32348, 38.91989 ], [ -77.32315, 38.91976 ], [ -77.32268, 38.92018 ], [ -77.323, 38.92051 ], [ -77.32282, 38.92065 ], [ -77.32303, 38.92121 ], [ -77.32256, 38.92144 ], [ -77.32279, 38.92187 ], [ -77.32244, 38.92211 ], [ -77.31865, 38.92188 ], [ -77.31789, 38.92229 ], [ -77.3175, 38.92216 ], [ -77.31942, 38.91767 ], [ -77.31745, 38.91691 ], [ -77.31627, 38.91694 ], [ -77.31637, 38.91837 ], [ -77.31671, 38.91916 ], [ -77.3172, 38.91952 ], [ -77.31696, 38.91976 ], [ -77.3167, 38.91962 ], [ -77.31691, 38.92006 ], [ -77.31634, 38.92046 ], [ -77.31633, 38.92074 ], [ -77.31577, 38.92096 ], [ -77.31538, 38.92072 ], [ -77.31442, 38.92105 ], [ -77.31398, 38.92097 ], [ -77.31342, 38.92253 ], [ -77.31247, 38.92361 ], [ -77.31204, 38.92342 ], [ -77.31171, 38.92408 ], [ -77.31078, 38.92468 ], [ -77.31085, 38.9252 ], [ -77.31011, 38.9252 ], [ -77.31032, 38.9255 ], [ -77.30988, 38.92569 ], [ -77.30988, 38.92611 ], [ -77.30959, 38.92633 ], [ -77.31019, 38.92672 ], [ -77.30967, 38.92696 ], [ -77.31004, 38.92741 ], [ -77.30939, 38.92829 ], [ -77.31034, 38.92921 ], [ -77.31058, 38.92982 ], [ -77.30926, 38.93023 ], [ -77.30792, 38.93036 ], [ -77.30512, 38.92994 ], [ -77.30488, 38.93125 ], [ -77.30501, 38.9325 ], [ -77.30749, 38.93341 ], [ -77.3108, 38.93548 ], [ -77.30994, 38.93731 ], [ -77.31271, 38.94258 ], [ -77.30928, 38.94247 ], [ -77.30678, 38.93975 ], [ -77.30627, 38.93979 ], [ -77.30606, 38.94203 ], [ -77.30443, 38.94251 ], [ -77.30403, 38.94374 ], [ -77.29882, 38.94507 ], [ -77.29629, 38.94181 ], [ -77.297, 38.94074 ] ] } },
{ "type": "Feature", "properties": { "year": 2025, "level": "HS", "name": "Marshall" }, "geometry": { "type": "LineString", "coordinates": [ [ -77.28531, 38.95845 ], [ -77.28529, 38.95817 ], [ -77.28484, 38.95817 ], [ -77.28485, 38.95861 ], [ -77.28415, 38.95847 ], [ -77.28321, 38.95929 ], [ -77.28046, 38.95907 ], [ -77.28128, 38.95791 ], [ -77.27672, 38.957 ], [ -77.27868, 38.95446 ], [ -77.28194, 38.95218 ], [ -77.2838, 38.95153 ], [ -77.28449, 38.95072 ], [ -77.28309, 38.9502 ], [ -77.28159, 38.95042 ], [ -77.28098, 38.94956 ], [ -77.28143, 38.94777 ], [ -77.28001, 38.94737 ], [ -77.2798, 38.94773 ], [ -77.2795, 38.94772 ], [ -77.27956, 38.9472 ], [ -77.27927, 38.94698 ], [ -77.27946, 38.94646 ], [ -77.27821, 38.94657 ], [ -77.27782, 38.94632 ], [ -77.27655, 38.94627 ], [ -77.27618, 38.94602 ], [ -77.27618, 38.94529 ], [ -77.27577, 38.94504 ], [ -77.27565, 38.94449 ], [ -77.27469, 38.9445 ], [ -77.27373, 38.94415 ], [ -77.27287, 38.94314 ], [ -77.27283, 38.94265 ], [ -77.27235, 38.94279 ], [ -77.27253, 38.9421 ], [ -77.27185, 38.94166 ], [ -77.27265, 38.94047 ], [ -77.27054, 38.93904 ], [ -77.2657, 38.93478 ], [ -77.26289, 38.93323 ], [ -77.25948, 38.93232 ], [ -77.2557, 38.93214 ], [ -77.2529, 38.93251 ], [ -77.24647, 38.93414 ], [ -77.23649, 38.92387 ], [ -77.23233, 38.92588 ], [ -77.22813, 38.92854 ], [ -77.2262, 38.92881 ], [ -77.22426, 38.92853 ], [ -77.22285, 38.92787 ], [ -77.21773, 38.92418 ], [ -77.21782, 38.92371 ], [ -77.21906, 38.92283 ], [ -77.22179, 38.92207 ], [ -77.22171, 38.92032 ], [ -77.21924, 38.92061 ], [ -77.21611, 38.92182 ], [ -77.21423, 38.92601 ], [ -77.21425, 38.92994 ], [ -77.21385, 38.93114 ], [ -77.21309, 38.93224 ], [ -77.20356, 38.92878 ], [ -77.20881, 38.9248 ], [ -77.2084, 38.92336 ], [ -77.20866, 38.92211 ], [ -77.20939, 38.92143 ], [ -77.20624, 38.92026 ], [ -77.20285, 38.91967 ], [ -77.19655, 38.92332 ], [ -77.19205, 38.91651 ], [ -77.18906, 38.91336 ], [ -77.19014, 38.91303 ], [ -77.19045, 38.91333 ], [ -77.19099, 38.91322 ], [ -77.19199, 38.91253 ], [ -77.19237, 38.91207 ], [ -77.19213, 38.91171 ], [ -77.19243, 38.91123 ], [ -77.19297, 38.91106 ], [ -77.19291, 38.91061 ], [ -77.19412, 38.91005 ], [ -77.19414, 38.90977 ], [ -77.19522, 38.90893 ], [ -77.19563, 38.90738 ], [ -77.19662, 38.90742 ], [ -77.19801, 38.9066 ], [ -77.19808, 38.90409 ], [ -77.19893, 38.90324 ], [ -77.20011, 38.90284 ], [ -77.20052, 38.903 ], [ -77.20146, 38.90267 ], [ -77.202, 38.90218 ], [ -77.18982, 38.89447 ], [ -77.19069, 38.89283 ], [ -77.19098, 38.89289 ], [ -77.19073, 38.89317 ], [ -77.19144, 38.89357 ], [ -77.19353, 38.89142 ], [ -77.19661, 38.89123 ], [ -77.19886, 38.88881 ], [ -77.19915, 38.88793 ], [ -77.19963, 38.88792 ], [ -77.2002, 38.88731 ], [ -77.20088, 38.88708 ], [ -77.20067, 38.88696 ], [ -77.2009, 38.88672 ], [ -77.20123, 38.88704 ], [ -77.20189, 38.88631 ], [ -77.20315, 38.88628 ], [ -77.20409, 38.88577 ], [ -77.20445, 38.88534 ], [ -77.20073, 38.88275 ], [ -77.20149, 38.88182 ], [ -77.20352, 38.88205 ], [ -77.20531, 38.87912 ], [ -77.2099, 38.87968 ], [ -77.21089, 38.878 ], [ -77.20858, 38.8777 ], [ -77.20883, 38.87728 ], [ -77.20853, 38.87724 ], [ -77.20939, 38.87582 ], [ -77.20963, 38.8758 ], [ -77.20984, 38.87507 ], [ -77.21196, 38.87498 ], [ -77.21759, 38.87572 ], [ -77.22012, 38.87582 ], [ -77.22814, 38.87423 ], [ -77.23593, 38.87366 ], [ -77.23603, 38.87511 ], [ -77.23546, 38.87491 ], [ -77.23452, 38.8812 ], [ -77.23934, 38.88 ], [ -77.24678, 38.87947 ], [ -77.24652, 38.88057 ], [ -77.24219, 38.88825 ], [ -77.23633, 38.89551 ], [ -77.2404, 38.89665 ], [ -77.24277, 38.89786 ], [ -77.24196, 38.9045 ], [ -77.2424, 38.90446 ], [ -77.24328, 38.90544 ], [ -77.24423, 38.90603 ], [ -77.24477, 38.90586 ], [ -77.2434, 38.90921 ], [ -77.24442, 38.90946 ], [ -77.24541, 38.91021 ], [ -77.24924, 38.91076 ], [ -77.25002, 38.91066 ], [ -77.25012, 38.91097 ], [ -77.24113, 38.91507 ], [ -77.24366, 38.91646 ], [ -77.24244, 38.91696 ], [ -77.24271, 38.91849 ], [ -77.24278, 38.91882 ], [ -77.24431, 38.92001 ], [ -77.24639, 38.9193 ], [ -77.25616, 38.92326 ], [ -77.25945, 38.92384 ], [ -77.26237, 38.9237 ], [ -77.2637, 38.92521 ], [ -77.2643, 38.92523 ], [ -77.26996, 38.92844 ], [ -77.27151, 38.93039 ], [ -77.27374, 38.92685 ], [ -77.2763, 38.92666 ], [ -77.27667, 38.92647 ], [ -77.27887, 38.92222 ], [ -77.28385, 38.9211 ], [ -77.28563, 38.9211 ], [ -77.28729, 38.92458 ], [ -77.28915, 38.92659 ], [ -77.29098, 38.92774 ], [ -77.29865, 38.93127 ], [ -77.29838, 38.93142 ], [ -77.29803, 38.93129 ], [ -77.29726, 38.93172 ], [ -77.29616, 38.93174 ], [ -77.29531, 38.93282 ], [ -77.29541, 38.93322 ], [ -77.29376, 38.93348 ], [ -77.29397, 38.9342 ], [ -77.29335, 38.93531 ], [ -77.29398, 38.93576 ], [ -77.29434, 38.93571 ], [ -77.29469, 38.93651 ], [ -77.29544, 38.93687 ], [ -77.29562, 38.93724 ], [ -77.29715, 38.93795 ], [ -77.29731, 38.93854 ], [ -77.29823, 38.93936 ], [ -77.2983, 38.94012 ], [ -77.29742, 38.94017 ], [ -77.29624, 38.94196 ], [ -77.29537, 38.94167 ], [ -77.29492, 38.94244 ], [ -77.29404, 38.94231 ], [ -77.29398, 38.94275 ], [ -77.29344, 38.94293 ], [ -77.2934, 38.94378 ], [ -77.29291, 38.94423 ], [ -77.29287, 38.94481 ], [ -77.29294, 38.94546 ], [ -77.29804, 38.94708 ], [ -77.29834, 38.95532 ], [ -77.29501, 38.95498 ], [ -77.29326, 38.95454 ], [ -77.29204, 38.95398 ], [ -77.29136, 38.95326 ], [ -77.29031, 38.95398 ], [ -77.291, 38.95764 ], [ -77.29157, 38.95784 ], [ -77.29124, 38.95877 ], [ -77.29153, 38.95932 ], [ -77.29068, 38.95969 ], [ -77.28726, 38.95976 ], [ -77.28535, 38.95911 ], [ -77.28531, 38.95845 ] ] } },
{ "type": "Feature", "properties": { "year": 2025, "level": "HS", "name": "Mount Vernon" }, "geometry": { "type": "LineString", "coordinates": [ [ -77.12013, 38.7626 ], [ -77.09108, 38.75987 ], [ -77.09139, 38.75784 ], [ -77.0941, 38.74746 ], [ -77.09566, 38.74716 ], [ -77.09538, 38.74685 ], [ -77.09565, 38.74634 ], [ -77.09494, 38.74469 ], [ -77.09493, 38.74398 ], [ -77.09619, 38.74164 ], [ -77.09584, 38.74108 ], [ -77.0954, 38.74087 ], [ -77.0949, 38.74094 ], [ -77.09397, 38.74043 ], [ -77.09096, 38.7402 ], [ -77.08745, 38.74516 ], [ -77.08415, 38.74413 ], [ -77.08561, 38.742 ], [ -77.08858, 38.73938 ], [ -77.08776, 38.7381 ], [ -77.08781, 38.7374 ], [ -77.08738, 38.73729 ], [ -77.08686, 38.7364 ], [ -77.08643, 38.73609 ], [ -77.08573, 38.73603 ], [ -77.08558, 38.7356 ], [ -77.08498, 38.73543 ], [ -77.08452, 38.73484 ], [ -77.08381, 38.73487 ], [ -77.08354, 38.73467 ], [ -77.08367, 38.7343 ], [ -77.0833, 38.73354 ], [ -77.08225, 38.73289 ], [ -77.08151, 38.7315 ], [ -77.08135, 38.73197 ], [ -77.07858, 38.73165 ], [ -77.081, 38.72997 ], [ -77.08076, 38.72797 ], [ -77.07948, 38.72631 ], [ -77.08195, 38.72429 ], [ -77.08107, 38.72306 ], [ -77.0811, 38.72148 ], [ -77.07977, 38.72054 ], [ -77.07805, 38.71855 ], [ -77.07675, 38.71949 ], [ -77.07592, 38.71825 ], [ -77.07343, 38.71554 ], [ -77.07339, 38.71332 ], [ -77.07424, 38.71252 ], [ -77.074, 38.71164 ], [ -77.07989, 38.70914 ], [ -77.07993, 38.7089 ], [ -77.08172, 38.70777 ], [ -77.08332, 38.707 ], [ -77.0857, 38.70644 ], [ -77.08835, 38.70509 ], [ -77.08898, 38.70499 ], [ -77.09105, 38.70342 ], [ -77.09256, 38.70299 ], [ -77.09331, 38.70252 ], [ -77.0949, 38.70148 ], [ -77.09565, 38.70064 ], [ -77.09835, 38.69888 ], [ -77.10091, 38.698 ], [ -77.10298, 38.69801 ], [ -77.10445, 38.69715 ], [ -77.10498, 38.69709 ], [ -77.11194, 38.69823 ], [ -77.11893, 38.70002 ], [ -77.11985, 38.6985 ], [ -77.12177, 38.69923 ], [ -77.12032, 38.70155 ], [ -77.12059, 38.70305 ], [ -77.12238, 38.70406 ], [ -77.12391, 38.70554 ], [ -77.12669, 38.70501 ], [ -77.12721, 38.70537 ], [ -77.12793, 38.70549 ], [ -77.12807, 38.70529 ], [ -77.12952, 38.70514 ], [ -77.12946, 38.70579 ], [ -77.13003, 38.70626 ], [ -77.13108, 38.70792 ], [ -77.13124, 38.70878 ], [ -77.13219, 38.70946 ], [ -77.13252, 38.70928 ], [ -77.13176, 38.70864 ], [ -77.13173, 38.7079 ], [ -77.13124, 38.70737 ], [ -77.13088, 38.70598 ], [ -77.13007, 38.70488 ], [ -77.13072, 38.70387 ], [ -77.13042, 38.70318 ], [ -77.12911, 38.70212 ], [ -77.12833, 38.70202 ], [ -77.12711, 38.70248 ], [ -77.1275, 38.70118 ], [ -77.12698, 38.70017 ], [ -77.12714, 38.69955 ], [ -77.12692, 38.69869 ], [ -77.12666, 38.69851 ], [ -77.12578, 38.69854 ], [ -77.12524, 38.698 ], [ -77.12362, 38.69451 ], [ -77.12336, 38.69343 ], [ -77.12289, 38.69312 ], [ -77.12293, 38.6914 ], [ -77.12186, 38.68843 ], [ -77.12202, 38.68644 ], [ -77.12348, 38.68375 ], [ -77.12435, 38.68274 ], [ -77.12482, 38.68143 ], [ -77.12597, 38.68054 ], [ -77.12725, 38.67858 ], [ -77.13229, 38.67415 ], [ -77.13598, 38.67324 ], [ -77.13561, 38.6745 ], [ -77.13596, 38.67395 ], [ -77.1365, 38.67377 ], [ -77.13697, 38.67376 ], [ -77.13781, 38.67438 ], [ -77.13897, 38.67436 ], [ -77.13898, 38.674 ], [ -77.13859, 38.67363 ], [ -77.13662, 38.67337 ], [ -77.13661, 38.67298 ], [ -77.13811, 38.67312 ], [ -77.13987, 38.67367 ], [ -77.14132, 38.67445 ], [ -77.14261, 38.67432 ], [ -77.14322, 38.67404 ], [ -77.14379, 38.67502 ], [ -77.14631, 38.67685 ], [ -77.14644, 38.67717 ], [ -77.14733, 38.67706 ], [ -77.14839, 38.67792 ], [ -77.14982, 38.67786 ], [ -77.15128, 38.67843 ], [ -77.15221, 38.67915 ], [ -77.15422, 38.679 ], [ -77.15371, 38.68045 ], [ -77.1538, 38.68151 ], [ -77.15412, 38.68184 ], [ -77.1551, 38.68198 ], [ -77.15668, 38.68266 ], [ -77.15745, 38.68409 ], [ -77.15679, 38.68451 ], [ -77.15644, 38.68435 ], [ -77.15632, 38.68492 ], [ -77.15578, 38.68515 ], [ -77.15516, 38.68616 ], [ -77.15472, 38.6863 ], [ -77.15393, 38.68795 ], [ -77.15414, 38.68856 ], [ -77.15391, 38.68944 ], [ -77.15469, 38.69007 ], [ -77.15527, 38.69021 ], [ -77.15493, 38.6909 ], [ -77.15511, 38.6915 ], [ -77.15735, 38.69193 ], [ -77.15765, 38.69252 ], [ -77.15756, 38.69333 ], [ -77.15799, 38.6932 ], [ -77.15792, 38.69348 ], [ -77.15842, 38.69338 ], [ -77.15822, 38.69317 ], [ -77.15831, 38.6919 ], [ -77.1578, 38.68897 ], [ -77.15906, 38.68708 ], [ -77.159, 38.68672 ], [ -77.15851, 38.6865 ], [ -77.15865, 38.686 ], [ -77.15903, 38.68603 ], [ -77.15951, 38.6857 ], [ -77.16062, 38.6863 ], [ -77.16049, 38.6866 ], [ -77.16073, 38.68705 ], [ -77.16043, 38.68726 ], [ -77.16012, 38.68714 ], [ -77.16005, 38.68736 ], [ -77.16045, 38.68841 ], [ -77.15979, 38.68951 ], [ -77.15995, 38.69006 ], [ -77.16057, 38.68956 ], [ -77.1616, 38.68977 ], [ -77.16247, 38.68955 ], [ -77.16295, 38.68866 ], [ -77.16354, 38.68859 ], [ -77.1632, 38.68824 ], [ -77.16394, 38.68742 ], [ -77.16361, 38.68716 ], [ -77.16321, 38.68577 ], [ -77.16411, 38.68551 ], [ -77.16396, 38.68489 ], [ -77.16548, 38.68333 ], [ -77.16586, 38.68336 ], [ -77.16614, 38.68531 ], [ -77.16712, 38.68585 ], [ -77.16804, 38.68569 ], [ -77.17015, 38.6846 ], [ -77.17141, 38.68466 ], [ -77.17192, 38.68488 ], [ -77.17242, 38.68465 ], [ -77.17224, 38.68282 ], [ -77.1726, 38.68341 ], [ -77.17332, 38.68375 ], [ -77.17295, 38.68421 ], [ -77.17307, 38.68457 ], [ -77.17378, 38.68485 ], [ -77.1739, 38.68459 ], [ -77.1755, 38.68443 ], [ -77.17632, 38.68399 ], [ -77.17681, 38.6849 ], [ -77.17798, 38.68494 ], [ -77.17853, 38.68434 ], [ -77.17823, 38.68393 ], [ -77.17871, 38.68378 ], [ -77.17957, 38.68423 ], [ -77.18049, 38.68423 ], [ -77.18063, 38.68461 ], [ -77.18121, 38.68454 ], [ -77.18131, 38.68432 ], [ -77.18201, 38.68439 ], [ -77.18228, 38.68496 ], [ -77.18247, 38.68427 ], [ -77.18284, 38.68407 ], [ -77.18426, 38.68469 ], [ -77.18389, 38.68415 ], [ -77.18395, 38.68334 ], [ -77.18321, 38.68288 ], [ -77.18254, 38.68132 ], [ -77.18086, 38.68079 ], [ -77.17934, 38.68101 ], [ -77.18079, 38.6805 ], [ -77.18257, 38.68068 ], [ -77.18371, 38.68135 ], [ -77.1841, 38.68232 ], [ -77.18575, 38.68325 ], [ -77.18726, 38.68509 ], [ -77.18988, 38.68571 ], [ -77.19128, 38.68702 ], [ -77.19259, 38.68776 ], [ -77.19308, 38.68872 ], [ -77.19331, 38.68877 ], [ -77.19472, 38.6879 ], [ -77.19812, 38.68934 ], [ -77.19871, 38.6893 ], [ -77.19939, 38.68888 ], [ -77.2, 38.68913 ], [ -77.20064, 38.6897 ], [ -77.20058, 38.69042 ], [ -77.20151, 38.69075 ], [ -77.20194, 38.69137 ], [ -77.20055, 38.69188 ], [ -77.20105, 38.69364 ], [ -77.2001, 38.69414 ], [ -77.19969, 38.6947 ], [ -77.19914, 38.69651 ], [ -77.19986, 38.69647 ], [ -77.20038, 38.69676 ], [ -77.20023, 38.69702 ], [ -77.20046, 38.69759 ], [ -77.20132, 38.69822 ], [ -77.20117, 38.699 ], [ -77.20071, 38.69958 ], [ -77.19819, 38.70084 ], [ -77.19702, 38.69946 ], [ -77.19519, 38.70016 ], [ -77.19522, 38.70196 ], [ -77.19611, 38.70188 ], [ -77.19684, 38.70151 ], [ -77.19651, 38.70328 ], [ -77.19397, 38.70686 ], [ -77.19298, 38.70911 ], [ -77.18576, 38.70739 ], [ -77.17982, 38.70746 ], [ -77.18328, 38.71081 ], [ -77.18834, 38.71367 ], [ -77.18903, 38.71604 ], [ -77.18776, 38.71654 ], [ -77.18833, 38.71791 ], [ -77.19142, 38.71974 ], [ -77.18956, 38.72151 ], [ -77.18858, 38.72219 ], [ -77.18486, 38.72348 ], [ -77.18329, 38.72447 ], [ -77.18101, 38.72289 ], [ -77.17403, 38.72126 ], [ -77.1735, 38.72361 ], [ -77.17395, 38.72418 ], [ -77.17247, 38.7264 ], [ -77.17229, 38.72731 ], [ -77.17196, 38.72754 ], [ -77.17169, 38.72919 ], [ -77.1707, 38.72959 ], [ -77.16726, 38.73187 ], [ -77.17081, 38.73357 ], [ -77.16886, 38.7359 ], [ -77.16823, 38.73736 ], [ -77.16757, 38.7381 ], [ -77.16458, 38.7392 ], [ -77.16212, 38.74095 ], [ -77.15848, 38.74246 ], [ -77.15014, 38.74424 ], [ -77.14301, 38.74862 ], [ -77.13288, 38.74125 ], [ -77.13217, 38.74257 ], [ -77.12831, 38.74603 ], [ -77.12595, 38.74581 ], [ -77.12246, 38.74939 ], [ -77.12262, 38.75019 ], [ -77.12192, 38.75322 ], [ -77.12203, 38.75439 ], [ -77.12307, 38.75544 ], [ -77.12309, 38.75608 ], [ -77.12393, 38.75634 ], [ -77.12393, 38.75673 ], [ -77.1236, 38.75676 ], [ -77.12378, 38.75704 ], [ -77.12347, 38.75719 ], [ -77.12366, 38.75729 ], [ -77.12354, 38.75769 ], [ -77.12292, 38.75807 ], [ -77.12231, 38.75958 ], [ -77.12234, 38.7605 ], [ -77.12187, 38.76072 ], [ -77.12185, 38.76105 ], [ -77.1214, 38.76111 ], [ -77.12139, 38.76137 ], [ -77.12043, 38.76203 ], [ -77.12038, 38.76232 ], [ -77.12014, 38.76224 ], [ -77.12013, 38.7626 ] ] } },
{ "type": "Feature", "properties": { "year": 2025, "level": "HS", "name": "Oakton" }, "geometry": { "type": "LineString", "coordinates": [ [ -77.3723, 38.92461 ], [ -77.37037, 38.92221 ], [ -77.35617, 38.90202 ], [ -77.35574, 38.90234 ], [ -77.35445, 38.90178 ], [ -77.35242, 38.90308 ], [ -77.35315, 38.90358 ], [ -77.35256, 38.90372 ], [ -77.35199, 38.90417 ], [ -77.35167, 38.90396 ], [ -77.35198, 38.90372 ], [ -77.35194, 38.90312 ], [ -77.35089, 38.90323 ], [ -77.35089, 38.90246 ], [ -77.35152, 38.90137 ], [ -77.35072, 38.90081 ], [ -77.35261, 38.90021 ], [ -77.35194, 38.89936 ], [ -77.34924, 38.90064 ], [ -77.34605, 38.90013 ], [ -77.34619, 38.89904 ], [ -77.34422, 38.89983 ], [ -77.34111, 38.89637 ], [ -77.33753, 38.8983 ], [ -77.33504, 38.89616 ], [ -77.32921, 38.8967 ], [ -77.32908, 38.8947 ], [ -77.32818, 38.89457 ], [ -77.3279, 38.89308 ], [ -77.32537, 38.89219 ], [ -77.3246, 38.89297 ], [ -77.32197, 38.89476 ], [ -77.32018, 38.89566 ], [ -77.31996, 38.89679 ], [ -77.31965, 38.89713 ], [ -77.31974, 38.89768 ], [ -77.32015, 38.89778 ], [ -77.31952, 38.89895 ], [ -77.31873, 38.89917 ], [ -77.31871, 38.89961 ], [ -77.31825, 38.8999 ], [ -77.31662, 38.89912 ], [ -77.31703, 38.89813 ], [ -77.31682, 38.89804 ], [ -77.3164, 38.89864 ], [ -77.31637, 38.89943 ], [ -77.31505, 38.89892 ], [ -77.31441, 38.89833 ], [ -77.31319, 38.89773 ], [ -77.31137, 38.89758 ], [ -77.30951, 38.89782 ], [ -77.30888, 38.89839 ], [ -77.30442, 38.89755 ], [ -77.30352, 38.90192 ], [ -77.29973, 38.90015 ], [ -77.30007, 38.89964 ], [ -77.29816, 38.89864 ], [ -77.29922, 38.89809 ], [ -77.30093, 38.89632 ], [ -77.30009, 38.89561 ], [ -77.30102, 38.89515 ], [ -77.29425, 38.88938 ], [ -77.2933, 38.88545 ], [ -77.29251, 38.88614 ], [ -77.29264, 38.88649 ], [ -77.29232, 38.88678 ], [ -77.29286, 38.88696 ], [ -77.29289, 38.88722 ], [ -77.29171, 38.88786 ], [ -77.28913, 38.8843 ], [ -77.2846, 38.88624 ], [ -77.28406, 38.88551 ], [ -77.2844, 38.88529 ], [ -77.28357, 38.88422 ], [ -77.28067, 38.88556 ], [ -77.28053, 38.8851 ], [ -77.27977, 38.88528 ], [ -77.27972, 38.88485 ], [ -77.2785, 38.88495 ], [ -77.27825, 38.88256 ], [ -77.27464, 38.88258 ], [ -77.27367, 38.88168 ], [ -77.27448, 38.88131 ], [ -77.27491, 38.88055 ], [ -77.27448, 38.87916 ], [ -77.27491, 38.87694 ], [ -77.2672, 38.87819 ], [ -77.26454, 38.8751 ], [ -77.26231, 38.87299 ], [ -77.26211, 38.87234 ], [ -77.26438, 38.87194 ], [ -77.26446, 38.87075 ], [ -77.26412, 38.86954 ], [ -77.26552, 38.86948 ], [ -77.26559, 38.86979 ], [ -77.26693, 38.86961 ], [ -77.26666, 38.86757 ], [ -77.26766, 38.86769 ], [ -77.26717, 38.86494 ], [ -77.27034, 38.86487 ], [ -77.27063, 38.86584 ], [ -77.27152, 38.86656 ], [ -77.27305, 38.86585 ], [ -77.27386, 38.86664 ], [ -77.27429, 38.86606 ], [ -77.27886, 38.86629 ], [ -77.27867, 38.86657 ], [ -77.29162, 38.86745 ], [ -77.29064, 38.871 ], [ -77.29187, 38.8711 ], [ -77.29268, 38.87193 ], [ -77.29732, 38.87079 ], [ -77.30906, 38.86866 ], [ -77.30906, 38.87122 ], [ -77.30841, 38.87358 ], [ -77.30764, 38.87512 ], [ -77.30586, 38.87711 ], [ -77.3065, 38.87732 ], [ -77.30685, 38.87819 ], [ -77.30774, 38.87827 ], [ -77.30794, 38.87931 ], [ -77.31168, 38.87896 ], [ -77.31177, 38.87913 ], [ -77.31255, 38.87902 ], [ -77.31279, 38.87961 ], [ -77.31618, 38.87916 ], [ -77.31838, 38.87772 ], [ -77.31931, 38.87868 ], [ -77.32084, 38.87645 ], [ -77.32465, 38.87342 ], [ -77.32206, 38.87298 ], [ -77.323, 38.87116 ], [ -77.32117, 38.87094 ], [ -77.32025, 38.87054 ], [ -77.32082, 38.86944 ], [ -77.31951, 38.86929 ], [ -77.3226, 38.86596 ], [ -77.32877, 38.86488 ], [ -77.32935, 38.86411 ], [ -77.32882, 38.8639 ], [ -77.33333, 38.85643 ], [ -77.3833, 38.87544 ], [ -77.38206, 38.87793 ], [ -77.38213, 38.87887 ], [ -77.38266, 38.87989 ], [ -77.38386, 38.88088 ], [ -77.38746, 38.8824 ], [ -77.38897, 38.88358 ], [ -77.38995, 38.88505 ], [ -77.39146, 38.88907 ], [ -77.39258, 38.89086 ], [ -77.39758, 38.89572 ], [ -77.39959, 38.89687 ], [ -77.39927, 38.89821 ], [ -77.39908, 38.8982 ], [ -77.39959, 38.89875 ], [ -77.40035, 38.89893 ], [ -77.40069, 38.89924 ], [ -77.40095, 38.90024 ], [ -77.40214, 38.902 ], [ -77.40622, 38.90268 ], [ -77.40671, 38.90386 ], [ -77.40671, 38.90499 ], [ -77.40236, 38.91247 ], [ -77.39853, 38.91804 ], [ -77.39454, 38.92461 ], [ -77.38435, 38.92075 ], [ -77.38489, 38.9197 ], [ -77.37892, 38.9169 ], [ -77.37784, 38.9183 ], [ -77.37658, 38.91771 ], [ -77.37644, 38.91785 ], [ -77.37572, 38.91889 ], [ -77.37385, 38.92336 ], [ -77.37356, 38.92497 ], [ -77.3723, 38.92461 ] ] } },
{ "type": "Feature", "properties": { "year": 2025, "level": "HS", "name": "Robinson" }, "geometry": { "type": "LineString", "coordinates": [ [ -77.30785, 38.82396 ], [ -77.30646, 38.82407 ], [ -77.3036, 38.82477 ], [ -77.3007, 38.82594 ], [ -77.29928, 38.82626 ], [ -77.29399, 38.82653 ], [ -77.2875, 38.82637 ], [ -77.2857, 38.82611 ], [ -77.28434, 38.82573 ], [ -77.28309, 38.82499 ], [ -77.27405, 38.8173 ], [ -77.27493, 38.81527 ], [ -77.2754, 38.81286 ], [ -77.27751, 38.81056 ], [ -77.28012, 38.80668 ], [ -77.28173, 38.80545 ], [ -77.28241, 38.80462 ], [ -77.2844, 38.80342 ], [ -77.28674, 38.80279 ], [ -77.28808, 38.8018 ], [ -77.29317, 38.79931 ], [ -77.29783, 38.79852 ], [ -77.29872, 38.79854 ], [ -77.29899, 38.79826 ], [ -77.30127, 38.79753 ], [ -77.29968, 38.79744 ], [ -77.28569, 38.79818 ], [ -77.28432, 38.78996 ], [ -77.27597, 38.78956 ], [ -77.27652, 38.78864 ], [ -77.27828, 38.78884 ], [ -77.27838, 38.78783 ], [ -77.28162, 38.78798 ], [ -77.28153, 38.78744 ], [ -77.2839, 38.78753 ], [ -77.28374, 38.78649 ], [ -77.28157, 38.78525 ], [ -77.27985, 38.78384 ], [ -77.28125, 38.78311 ], [ -77.28348, 38.78509 ], [ -77.28335, 38.78427 ], [ -77.2847, 38.78343 ], [ -77.28418, 38.78296 ], [ -77.28468, 38.78182 ], [ -77.28412, 38.78131 ], [ -77.28795, 38.77892 ], [ -77.28859, 38.77876 ], [ -77.29304, 38.77889 ], [ -77.29451, 38.77768 ], [ -77.29733, 38.77864 ], [ -77.29862, 38.77749 ], [ -77.29694, 38.77645 ], [ -77.29847, 38.77599 ], [ -77.29786, 38.77489 ], [ -77.29885, 38.77494 ], [ -77.30038, 38.77409 ], [ -77.29905, 38.77284 ], [ -77.2984, 38.77319 ], [ -77.29763, 38.77312 ], [ -77.29638, 38.77111 ], [ -77.29601, 38.76996 ], [ -77.29608, 38.76877 ], [ -77.2971, 38.76603 ], [ -77.29883, 38.764 ], [ -77.29931, 38.76297 ], [ -77.29922, 38.76204 ], [ -77.29891, 38.76124 ], [ -77.29753, 38.75968 ], [ -77.2957, 38.75832 ], [ -77.29561, 38.7576 ], [ -77.29611, 38.75694 ], [ -77.29723, 38.75665 ], [ -77.30115, 38.75643 ], [ -77.30119, 38.75619 ], [ -77.30369, 38.75446 ], [ -77.30269, 38.75378 ], [ -77.30515, 38.75261 ], [ -77.30769, 38.75226 ], [ -77.30781, 38.75334 ], [ -77.30903, 38.75325 ], [ -77.3089, 38.75218 ], [ -77.31459, 38.75173 ], [ -77.31519, 38.75291 ], [ -77.31736, 38.75223 ], [ -77.31732, 38.75259 ], [ -77.31815, 38.75261 ], [ -77.31785, 38.75484 ], [ -77.32967, 38.75792 ], [ -77.32925, 38.75235 ], [ -77.32739, 38.7498 ], [ -77.32661, 38.75014 ], [ -77.32496, 38.74804 ], [ -77.32684, 38.74771 ], [ -77.33317, 38.74393 ], [ -77.33103, 38.74011 ], [ -77.32731, 38.73606 ], [ -77.32618, 38.73733 ], [ -77.32409, 38.73645 ], [ -77.32281, 38.73618 ], [ -77.32168, 38.73558 ], [ -77.32034, 38.73664 ], [ -77.32002, 38.73643 ], [ -77.31915, 38.73503 ], [ -77.32011, 38.73324 ], [ -77.32043, 38.73204 ], [ -77.32026, 38.73068 ], [ -77.32064, 38.7289 ], [ -77.32029, 38.72801 ], [ -77.32595, 38.72829 ], [ -77.32701, 38.72872 ], [ -77.32995, 38.73206 ], [ -77.3322, 38.72855 ], [ -77.33535, 38.72478 ], [ -77.33536, 38.72334 ], [ -77.33496, 38.72328 ], [ -77.33552, 38.72302 ], [ -77.3356, 38.72235 ], [ -77.33652, 38.72235 ], [ -77.33736, 38.71987 ], [ -77.34169, 38.72009 ], [ -77.3449, 38.72123 ], [ -77.3481, 38.72115 ], [ -77.35075, 38.72153 ], [ -77.35266, 38.72244 ], [ -77.35544, 38.72518 ], [ -77.35598, 38.72546 ], [ -77.35656, 38.72544 ], [ -77.35856, 38.72416 ], [ -77.36007, 38.7226 ], [ -77.36159, 38.71992 ], [ -77.36329, 38.71552 ], [ -77.36423, 38.71493 ], [ -77.36644, 38.71443 ], [ -77.36741, 38.71391 ], [ -77.36795, 38.71304 ], [ -77.36825, 38.71131 ], [ -77.36883, 38.71056 ], [ -77.36987, 38.71031 ], [ -77.37117, 38.71054 ], [ -77.37342, 38.71157 ], [ -77.37452, 38.71248 ], [ -77.37782, 38.71631 ], [ -77.37962, 38.71915 ], [ -77.38033, 38.72144 ], [ -77.38042, 38.72379 ], [ -77.37971, 38.72623 ], [ -77.37749, 38.7294 ], [ -77.37806, 38.73382 ], [ -77.3787, 38.7353 ], [ -77.37977, 38.73674 ], [ -77.38386, 38.74025 ], [ -77.38978, 38.74301 ], [ -77.38979, 38.74441 ], [ -77.38843, 38.74639 ], [ -77.38801, 38.74745 ], [ -77.38794, 38.74835 ], [ -77.38833, 38.74896 ], [ -77.38904, 38.74916 ], [ -77.39174, 38.74918 ], [ -77.39399, 38.74977 ], [ -77.39586, 38.74972 ], [ -77.39795, 38.74919 ], [ -77.39889, 38.75035 ], [ -77.40079, 38.75192 ], [ -77.40166, 38.75238 ], [ -77.40242, 38.75236 ], [ -77.404, 38.75168 ], [ -77.4051, 38.74977 ], [ -77.4046, 38.74803 ], [ -77.40374, 38.74673 ], [ -77.40396, 38.74606 ], [ -77.4074, 38.74602 ], [ -77.40864, 38.74506 ], [ -77.41106, 38.7447 ], [ -77.41197, 38.74519 ], [ -77.41192, 38.74695 ], [ -77.41071, 38.74929 ], [ -77.40691, 38.7524 ], [ -77.40638, 38.75331 ], [ -77.40692, 38.75414 ], [ -77.4143, 38.75767 ], [ -77.41564, 38.75792 ], [ -77.41731, 38.76091 ], [ -77.41703, 38.76137 ], [ -77.41528, 38.76217 ], [ -77.41463, 38.7622 ], [ -77.41387, 38.76188 ], [ -77.41339, 38.76199 ], [ -77.41281, 38.7627 ], [ -77.41292, 38.7654 ], [ -77.41388, 38.76633 ], [ -77.41554, 38.76671 ], [ -77.41583, 38.76747 ], [ -77.41512, 38.76982 ], [ -77.4127, 38.77125 ], [ -77.41257, 38.77164 ], [ -77.41379, 38.77257 ], [ -77.41724, 38.7745 ], [ -77.41987, 38.7753 ], [ -77.42052, 38.7758 ], [ -77.42146, 38.77604 ], [ -77.422, 38.77707 ], [ -77.42326, 38.77769 ], [ -77.42225, 38.77919 ], [ -77.41865, 38.77879 ], [ -77.41841, 38.77911 ], [ -77.41852, 38.77999 ], [ -77.41753, 38.7806 ], [ -77.41619, 38.77969 ], [ -77.4144, 38.77947 ], [ -77.41384, 38.77995 ], [ -77.41419, 38.78037 ], [ -77.41424, 38.78112 ], [ -77.41319, 38.78169 ], [ -77.41211, 38.78183 ], [ -77.41188, 38.78252 ], [ -77.41308, 38.78388 ], [ -77.41292, 38.78459 ], [ -77.41187, 38.78571 ], [ -77.41285, 38.78679 ], [ -77.41271, 38.7874 ], [ -77.41358, 38.78779 ], [ -77.41481, 38.78784 ], [ -77.41555, 38.78811 ], [ -77.41601, 38.78891 ], [ -77.41642, 38.78914 ], [ -77.41658, 38.7905 ], [ -77.41716, 38.79084 ], [ -77.41667, 38.79133 ], [ -77.41617, 38.79145 ], [ -77.41618, 38.79129 ], [ -77.4158, 38.7913 ], [ -77.41555, 38.79175 ], [ -77.41476, 38.79162 ], [ -77.41384, 38.79241 ], [ -77.4125, 38.79209 ], [ -77.41141, 38.79263 ], [ -77.40959, 38.79252 ], [ -77.40927, 38.79283 ], [ -77.41007, 38.7931 ], [ -77.41006, 38.79469 ], [ -77.40905, 38.79501 ], [ -77.40912, 38.79626 ], [ -77.40955, 38.7968 ], [ -77.40913, 38.79723 ], [ -77.40878, 38.79721 ], [ -77.4088, 38.79775 ], [ -77.40805, 38.79926 ], [ -77.40707, 38.79901 ], [ -77.40559, 38.80037 ], [ -77.40632, 38.8016 ], [ -77.40253, 38.80178 ], [ -77.40252, 38.80198 ], [ -77.39818, 38.80182 ], [ -77.39808, 38.80714 ], [ -77.39426, 38.80698 ], [ -77.39391, 38.80797 ], [ -77.39094, 38.80895 ], [ -77.38893, 38.80922 ], [ -77.38808, 38.80985 ], [ -77.38391, 38.81164 ], [ -77.3842, 38.81105 ], [ -77.38366, 38.81003 ], [ -77.38409, 38.80914 ], [ -77.38374, 38.80796 ], [ -77.38308, 38.8073 ], [ -77.38276, 38.80596 ], [ -77.38196, 38.80503 ], [ -77.38125, 38.80477 ], [ -77.38, 38.80357 ], [ -77.38001, 38.80277 ], [ -77.37908, 38.79986 ], [ -77.3785, 38.79922 ], [ -77.37875, 38.79896 ], [ -77.37677, 38.79717 ], [ -77.37563, 38.79684 ], [ -77.37512, 38.79825 ], [ -77.37539, 38.79969 ], [ -77.37501, 38.80122 ], [ -77.37495, 38.80432 ], [ -77.3748, 38.80521 ], [ -77.3745, 38.80546 ], [ -77.3718, 38.80626 ], [ -77.37104, 38.80474 ], [ -77.36139, 38.80801 ], [ -77.36028, 38.80705 ], [ -77.35876, 38.80623 ], [ -77.35832, 38.80627 ], [ -77.35823, 38.80581 ], [ -77.35769, 38.80565 ], [ -77.3495, 38.80879 ], [ -77.34473, 38.80641 ], [ -77.34307, 38.80365 ], [ -77.34247, 38.80384 ], [ -77.34208, 38.80432 ], [ -77.34189, 38.80422 ], [ -77.34211, 38.80399 ], [ -77.34166, 38.80381 ], [ -77.34147, 38.80458 ], [ -77.34199, 38.80592 ], [ -77.34171, 38.80588 ], [ -77.34076, 38.80777 ], [ -77.34018, 38.80784 ], [ -77.33985, 38.80872 ], [ -77.34006, 38.8091 ], [ -77.33811, 38.80853 ], [ -77.33316, 38.80768 ], [ -77.3331, 38.81073 ], [ -77.32673, 38.80986 ], [ -77.32678, 38.80946 ], [ -77.32621, 38.8094 ], [ -77.32538, 38.81138 ], [ -77.32189, 38.81532 ], [ -77.31973, 38.81958 ], [ -77.31784, 38.82214 ], [ -77.31717, 38.82386 ], [ -77.31658, 38.82745 ], [ -77.31352, 38.82613 ], [ -77.3112, 38.82464 ], [ -77.30785, 38.82396 ] ] } },
{ "type": "Feature", "properties": { "year": 2025, "level": "HS", "name": "South County" }, "geometry": { "type": "LineString", "coordinates": [ [ -77.27914, 38.74627 ], [ -77.2787, 38.74624 ], [ -77.27835, 38.74587 ], [ -77.27797, 38.74604 ], [ -77.27673, 38.74554 ], [ -77.27664, 38.74512 ], [ -77.27703, 38.74421 ], [ -77.27677, 38.74333 ], [ -77.27588, 38.74281 ], [ -77.27436, 38.74261 ], [ -77.27384, 38.74283 ], [ -77.27231, 38.74289 ], [ -77.27208, 38.74341 ], [ -77.27002, 38.74285 ], [ -77.26929, 38.74321 ], [ -77.26811, 38.74316 ], [ -77.26603, 38.74353 ], [ -77.26539, 38.74331 ], [ -77.26475, 38.74233 ], [ -77.26401, 38.74215 ], [ -77.26422, 38.74255 ], [ -77.26328, 38.74228 ], [ -77.26185, 38.7413 ], [ -77.26127, 38.74066 ], [ -77.26144, 38.74017 ], [ -77.26111, 38.73947 ], [ -77.26028, 38.73905 ], [ -77.25893, 38.73938 ], [ -77.25767, 38.73935 ], [ -77.25642, 38.73889 ], [ -77.2549, 38.73898 ], [ -77.25504, 38.73868 ], [ -77.25462, 38.73777 ], [ -77.25367, 38.73672 ], [ -77.25223, 38.73627 ], [ -77.25246, 38.73877 ], [ -77.25143, 38.74047 ], [ -77.25075, 38.74288 ], [ -77.25059, 38.74469 ], [ -77.25086, 38.74555 ], [ -77.2489, 38.74615 ], [ -77.24803, 38.74517 ], [ -77.24403, 38.74297 ], [ -77.24332, 38.74278 ], [ -77.24218, 38.74289 ], [ -77.23912, 38.74392 ], [ -77.23673, 38.74383 ], [ -77.23417, 38.74334 ], [ -77.2342, 38.745 ], [ -77.23197, 38.745 ], [ -77.23166, 38.74426 ], [ -77.22931, 38.74397 ], [ -77.22926, 38.74424 ], [ -77.2247, 38.74372 ], [ -77.22572, 38.74316 ], [ -77.22584, 38.74264 ], [ -77.22541, 38.74092 ], [ -77.22585, 38.73993 ], [ -77.22555, 38.73903 ], [ -77.22609, 38.73886 ], [ -77.225, 38.73801 ], [ -77.22428, 38.73707 ], [ -77.22433, 38.73628 ], [ -77.22281, 38.73528 ], [ -77.2218, 38.73399 ], [ -77.22114, 38.73404 ], [ -77.22088, 38.73259 ], [ -77.22016, 38.73185 ], [ -77.21938, 38.73146 ], [ -77.21883, 38.73037 ], [ -77.21824, 38.72998 ], [ -77.21801, 38.72944 ], [ -77.217, 38.72843 ], [ -77.21581, 38.72599 ], [ -77.21557, 38.7241 ], [ -77.21525, 38.72349 ], [ -77.2139, 38.72225 ], [ -77.21395, 38.72138 ], [ -77.21168, 38.7199 ], [ -77.21023, 38.72068 ], [ -77.20905, 38.71985 ], [ -77.21783, 38.71228 ], [ -77.21906, 38.7108 ], [ -77.21975, 38.70938 ], [ -77.22109, 38.70527 ], [ -77.2184, 38.70416 ], [ -77.21842, 38.70218 ], [ -77.22025, 38.70114 ], [ -77.22011, 38.70094 ], [ -77.21956, 38.70115 ], [ -77.21914, 38.70053 ], [ -77.21694, 38.70156 ], [ -77.21425, 38.69715 ], [ -77.21825, 38.69317 ], [ -77.22031, 38.68973 ], [ -77.21979, 38.68895 ], [ -77.21757, 38.6902 ], [ -77.21619, 38.69013 ], [ -77.2163, 38.69113 ], [ -77.21454, 38.69184 ], [ -77.21463, 38.69328 ], [ -77.21308, 38.69408 ], [ -77.21268, 38.69531 ], [ -77.20786, 38.69738 ], [ -77.20637, 38.6988 ], [ -77.20593, 38.69889 ], [ -77.20544, 38.69858 ], [ -77.20412, 38.69907 ], [ -77.20105, 38.69814 ], [ -77.20033, 38.69735 ], [ -77.20038, 38.69676 ], [ -77.19986, 38.69647 ], [ -77.19914, 38.69651 ], [ -77.19969, 38.6947 ], [ -77.2001, 38.69414 ], [ -77.20105, 38.69364 ], [ -77.20055, 38.69188 ], [ -77.20194, 38.69137 ], [ -77.20151, 38.69075 ], [ -77.20058, 38.69042 ], [ -77.20064, 38.6897 ], [ -77.2, 38.68913 ], [ -77.19939, 38.68888 ], [ -77.19871, 38.6893 ], [ -77.19812, 38.68934 ], [ -77.19472, 38.6879 ], [ -77.19331, 38.68877 ], [ -77.19308, 38.68872 ], [ -77.19259, 38.68776 ], [ -77.19128, 38.68702 ], [ -77.18988, 38.68571 ], [ -77.18726, 38.68509 ], [ -77.18575, 38.68325 ], [ -77.1841, 38.68232 ], [ -77.18371, 38.68135 ], [ -77.18257, 38.68068 ], [ -77.18017, 38.68044 ], [ -77.1791, 38.68066 ], [ -77.179, 38.67972 ], [ -77.17846, 38.6791 ], [ -77.17665, 38.67851 ], [ -77.1757, 38.67872 ], [ -77.17487, 38.67971 ], [ -77.17397, 38.67978 ], [ -77.17295, 38.67852 ], [ -77.17167, 38.67809 ], [ -77.17135, 38.67823 ], [ -77.17056, 38.67808 ], [ -77.1702, 38.67751 ], [ -77.16973, 38.67744 ], [ -77.16925, 38.67697 ], [ -77.16808, 38.67713 ], [ -77.16799, 38.67639 ], [ -77.16728, 38.6758 ], [ -77.16555, 38.67533 ], [ -77.16484, 38.67292 ], [ -77.16328, 38.67227 ], [ -77.16291, 38.6716 ], [ -77.16053, 38.67095 ], [ -77.15855, 38.67093 ], [ -77.15791, 38.67036 ], [ -77.15785, 38.66955 ], [ -77.15741, 38.66897 ], [ -77.15497, 38.6679 ], [ -77.15458, 38.66723 ], [ -77.15391, 38.66679 ], [ -77.15137, 38.66629 ], [ -77.15032, 38.66559 ], [ -77.14965, 38.66394 ], [ -77.14969, 38.66309 ], [ -77.15007, 38.66293 ], [ -77.15036, 38.66134 ], [ -77.15008, 38.65947 ], [ -77.15024, 38.6589 ], [ -77.14992, 38.6583 ], [ -77.14848, 38.65708 ], [ -77.14737, 38.65717 ], [ -77.14519, 38.65646 ], [ -77.14343, 38.65513 ], [ -77.14174, 38.65316 ], [ -77.13971, 38.65184 ], [ -77.13801, 38.65115 ], [ -77.13735, 38.65054 ], [ -77.13629, 38.65021 ], [ -77.1363, 38.64724 ], [ -77.13549, 38.64638 ], [ -77.13369, 38.64539 ], [ -77.13291, 38.64461 ], [ -77.13298, 38.64335 ], [ -77.13347, 38.6427 ], [ -77.13311, 38.64224 ], [ -77.13295, 38.64113 ], [ -77.13191, 38.6399 ], [ -77.13204, 38.63961 ], [ -77.13141, 38.63848 ], [ -77.13091, 38.63644 ], [ -77.12998, 38.63523 ], [ -77.12987, 38.6347 ], [ -77.1347, 38.63523 ], [ -77.13899, 38.63522 ], [ -77.14254, 38.63585 ], [ -77.14341, 38.6355 ], [ -77.14513, 38.63559 ], [ -77.14704, 38.63515 ], [ -77.14882, 38.63502 ], [ -77.15459, 38.6359 ], [ -77.15721, 38.63726 ], [ -77.16061, 38.6331 ], [ -77.16006, 38.6319 ], [ -77.16151, 38.63201 ], [ -77.16636, 38.62754 ], [ -77.16773, 38.62658 ], [ -77.16871, 38.62542 ], [ -77.17049, 38.62513 ], [ -77.17248, 38.6244 ], [ -77.17611, 38.62416 ], [ -77.17966, 38.62338 ], [ -77.18259, 38.62159 ], [ -77.18503, 38.62157 ], [ -77.18952, 38.62053 ], [ -77.19044, 38.61956 ], [ -77.1915, 38.61915 ], [ -77.1975, 38.61953 ], [ -77.19979, 38.61903 ], [ -77.20144, 38.61805 ], [ -77.20171, 38.61744 ], [ -77.20205, 38.61731 ], [ -77.20395, 38.61808 ], [ -77.20481, 38.61904 ], [ -77.20532, 38.6201 ], [ -77.20483, 38.62328 ], [ -77.205, 38.62459 ], [ -77.20546, 38.62565 ], [ -77.20675, 38.62701 ], [ -77.21102, 38.62999 ], [ -77.21112, 38.6304 ], [ -77.21328, 38.63284 ], [ -77.21372, 38.63371 ], [ -77.21367, 38.63495 ], [ -77.21406, 38.63601 ], [ -77.21627, 38.63755 ], [ -77.21259, 38.63771 ], [ -77.20998, 38.63735 ], [ -77.2087, 38.63743 ], [ -77.2073, 38.63784 ], [ -77.20562, 38.63878 ], [ -77.20508, 38.63869 ], [ -77.20349, 38.63985 ], [ -77.20013, 38.64319 ], [ -77.19736, 38.64715 ], [ -77.19622, 38.64822 ], [ -77.19548, 38.64835 ], [ -77.19355, 38.65016 ], [ -77.19366, 38.65133 ], [ -77.19424, 38.65251 ], [ -77.19401, 38.65316 ], [ -77.1947, 38.65388 ], [ -77.19626, 38.65478 ], [ -77.19747, 38.65596 ], [ -77.19978, 38.65755 ], [ -77.20094, 38.65808 ], [ -77.20185, 38.65798 ], [ -77.20323, 38.65842 ], [ -77.20495, 38.65808 ], [ -77.20696, 38.6572 ], [ -77.20801, 38.65719 ], [ -77.2094, 38.65671 ], [ -77.21118, 38.65642 ], [ -77.21208, 38.65643 ], [ -77.21421, 38.65706 ], [ -77.21534, 38.657 ], [ -77.21957, 38.65767 ], [ -77.22303, 38.65766 ], [ -77.22429, 38.65743 ], [ -77.22472, 38.65804 ], [ -77.22364, 38.65955 ], [ -77.22493, 38.66086 ], [ -77.22573, 38.66052 ], [ -77.22818, 38.66055 ], [ -77.2285, 38.6615 ], [ -77.22942, 38.66233 ], [ -77.23245, 38.66251 ], [ -77.23395, 38.6634 ], [ -77.2343, 38.66396 ], [ -77.23502, 38.66332 ], [ -77.23637, 38.66427 ], [ -77.23561, 38.66506 ], [ -77.23572, 38.66495 ], [ -77.23763, 38.66608 ], [ -77.23937, 38.66765 ], [ -77.24008, 38.66717 ], [ -77.24429, 38.67152 ], [ -77.25023, 38.67404 ], [ -77.25218, 38.67796 ], [ -77.25478, 38.68118 ], [ -77.25416, 38.68151 ], [ -77.25678, 38.6841 ], [ -77.26194, 38.68631 ], [ -77.26334, 38.68655 ], [ -77.26355, 38.68616 ], [ -77.26463, 38.68663 ], [ -77.26562, 38.68725 ], [ -77.26748, 38.68901 ], [ -77.26989, 38.68976 ], [ -77.27237, 38.6914 ], [ -77.27446, 38.69344 ], [ -77.27657, 38.69485 ], [ -77.27813, 38.69528 ], [ -77.28004, 38.69514 ], [ -77.28084, 38.6953 ], [ -77.28455, 38.69716 ], [ -77.28644, 38.69884 ], [ -77.28847, 38.70003 ], [ -77.29487, 38.70264 ], [ -77.29879, 38.70394 ], [ -77.29996, 38.7049 ], [ -77.30099, 38.70715 ], [ -77.30193, 38.70801 ], [ -77.30306, 38.7082 ], [ -77.30608, 38.70756 ], [ -77.3066, 38.70931 ], [ -77.30631, 38.71035 ], [ -77.30552, 38.71126 ], [ -77.30548, 38.71178 ], [ -77.30666, 38.71359 ], [ -77.30661, 38.71454 ], [ -77.30526, 38.71901 ], [ -77.30479, 38.71951 ], [ -77.30366, 38.71996 ], [ -77.30347, 38.7205 ], [ -77.30365, 38.72153 ], [ -77.30295, 38.72153 ], [ -77.30194, 38.72278 ], [ -77.30218, 38.72373 ], [ -77.30258, 38.72408 ], [ -77.30253, 38.72454 ], [ -77.30292, 38.72459 ], [ -77.30285, 38.72505 ], [ -77.30229, 38.72477 ], [ -77.30203, 38.72535 ], [ -77.30218, 38.72567 ], [ -77.30553, 38.72543 ], [ -77.30528, 38.73268 ], [ -77.30453, 38.73273 ], [ -77.30348, 38.73332 ], [ -77.30221, 38.73342 ], [ -77.30159, 38.7339 ], [ -77.30141, 38.73354 ], [ -77.29887, 38.7317 ], [ -77.29347, 38.7255 ], [ -77.29441, 38.72642 ], [ -77.29518, 38.72683 ], [ -77.29736, 38.72616 ], [ -77.29824, 38.7251 ], [ -77.29825, 38.72471 ], [ -77.29574, 38.72263 ], [ -77.29265, 38.72445 ], [ -77.28987, 38.72104 ], [ -77.28729, 38.72173 ], [ -77.28674, 38.72225 ], [ -77.27946, 38.71846 ], [ -77.2763, 38.71951 ], [ -77.27802, 38.72003 ], [ -77.27951, 38.72118 ], [ -77.28081, 38.72376 ], [ -77.28132, 38.72539 ], [ -77.2814, 38.72732 ], [ -77.28111, 38.72886 ], [ -77.27957, 38.73327 ], [ -77.27989, 38.7351 ], [ -77.28106, 38.73642 ], [ -77.28423, 38.73823 ], [ -77.28536, 38.73915 ], [ -77.285, 38.73933 ], [ -77.27968, 38.74655 ], [ -77.27917, 38.74646 ], [ -77.27914, 38.74627 ] ] } },
{ "type": "Feature", "properties": { "year": 2025, "level": "HS", "name": "South Lakes" }, "geometry": { "type": "LineString", "coordinates": [ [ -77.32117, 38.97893 ], [ -77.32101, 38.97853 ], [ -77.31888, 38.97781 ], [ -77.31914, 38.97756 ], [ -77.3171, 38.97563 ], [ -77.31515, 38.97778 ], [ -77.31343, 38.97707 ], [ -77.30584, 38.97487 ], [ -77.30839, 38.96635 ], [ -77.30779, 38.9667 ], [ -77.30753, 38.96721 ], [ -77.30699, 38.96743 ], [ -77.30684, 38.96716 ], [ -77.3064, 38.96734 ], [ -77.3061, 38.96718 ], [ -77.30631, 38.96693 ], [ -77.30623, 38.96615 ], [ -77.30583, 38.96626 ], [ -77.30577, 38.96595 ], [ -77.30532, 38.96576 ], [ -77.30494, 38.96586 ], [ -77.3048, 38.96549 ], [ -77.30408, 38.96573 ], [ -77.30363, 38.96548 ], [ -77.30304, 38.96578 ], [ -77.30222, 38.96553 ], [ -77.30243, 38.96412 ], [ -77.2986, 38.9627 ], [ -77.29986, 38.96066 ], [ -77.29871, 38.96023 ], [ -77.29804, 38.96059 ], [ -77.29724, 38.96028 ], [ -77.29754, 38.96102 ], [ -77.29675, 38.96201 ], [ -77.29163, 38.96012 ], [ -77.29198, 38.95952 ], [ -77.29156, 38.95938 ], [ -77.29124, 38.95877 ], [ -77.29157, 38.95784 ], [ -77.291, 38.95764 ], [ -77.29031, 38.95398 ], [ -77.29136, 38.95326 ], [ -77.29204, 38.95398 ], [ -77.29326, 38.95454 ], [ -77.29501, 38.95498 ], [ -77.29834, 38.95532 ], [ -77.29804, 38.94708 ], [ -77.29294, 38.94546 ], [ -77.29291, 38.94423 ], [ -77.2934, 38.94378 ], [ -77.29344, 38.94293 ], [ -77.29398, 38.94275 ], [ -77.29404, 38.94231 ], [ -77.29492, 38.94244 ], [ -77.29537, 38.94167 ], [ -77.29624, 38.94196 ], [ -77.29629, 38.94181 ], [ -77.29882, 38.94507 ], [ -77.30403, 38.94374 ], [ -77.30443, 38.94251 ], [ -77.30606, 38.94203 ], [ -77.30627, 38.93979 ], [ -77.30678, 38.93975 ], [ -77.30928, 38.94247 ], [ -77.31271, 38.94258 ], [ -77.30994, 38.93731 ], [ -77.3108, 38.93548 ], [ -77.30749, 38.93341 ], [ -77.30501, 38.9325 ], [ -77.30488, 38.93125 ], [ -77.30512, 38.92994 ], [ -77.30792, 38.93036 ], [ -77.30926, 38.93023 ], [ -77.31058, 38.92982 ], [ -77.31034, 38.92921 ], [ -77.30939, 38.92829 ], [ -77.31004, 38.92741 ], [ -77.30967, 38.92696 ], [ -77.31019, 38.92672 ], [ -77.30959, 38.92633 ], [ -77.30988, 38.92611 ], [ -77.30988, 38.92569 ], [ -77.31032, 38.9255 ], [ -77.31011, 38.9252 ], [ -77.31085, 38.9252 ], [ -77.31078, 38.92468 ], [ -77.31171, 38.92408 ], [ -77.31204, 38.92342 ], [ -77.31247, 38.92361 ], [ -77.31342, 38.92253 ], [ -77.31398, 38.92097 ], [ -77.31442, 38.92105 ], [ -77.31538, 38.92072 ], [ -77.31577, 38.92096 ], [ -77.31633, 38.92074 ], [ -77.31634, 38.92046 ], [ -77.31691, 38.92006 ], [ -77.3167, 38.91962 ], [ -77.31696, 38.91976 ], [ -77.3172, 38.91952 ], [ -77.31671, 38.91916 ], [ -77.31637, 38.91837 ], [ -77.31627, 38.91694 ], [ -77.31745, 38.91691 ], [ -77.31942, 38.91767 ], [ -77.31756, 38.92223 ], [ -77.3183, 38.9222 ], [ -77.31865, 38.92188 ], [ -77.32229, 38.92217 ], [ -77.32279, 38.92191 ], [ -77.32254, 38.92148 ], [ -77.32303, 38.92121 ], [ -77.32282, 38.92065 ], [ -77.323, 38.92051 ], [ -77.32264, 38.92029 ], [ -77.32285, 38.91997 ], [ -77.32315, 38.91976 ], [ -77.32348, 38.91989 ], [ -77.32343, 38.91955 ], [ -77.3238, 38.91947 ], [ -77.32366, 38.91929 ], [ -77.32398, 38.91907 ], [ -77.32494, 38.91897 ], [ -77.32533, 38.9183 ], [ -77.32587, 38.91874 ], [ -77.32492, 38.91942 ], [ -77.32553, 38.91968 ], [ -77.32608, 38.92038 ], [ -77.32751, 38.9194 ], [ -77.3285, 38.92068 ], [ -77.32914, 38.92038 ], [ -77.33049, 38.91913 ], [ -77.33104, 38.9199 ], [ -77.3333, 38.91922 ], [ -77.33261, 38.91814 ], [ -77.33388, 38.91728 ], [ -77.33342, 38.91632 ], [ -77.33646, 38.9154 ], [ -77.33712, 38.91606 ], [ -77.33808, 38.91576 ], [ -77.33858, 38.91625 ], [ -77.34533, 38.91707 ], [ -77.34829, 38.9128 ], [ -77.35185, 38.91118 ], [ -77.3521, 38.91136 ], [ -77.35418, 38.90978 ], [ -77.35505, 38.91062 ], [ -77.35632, 38.90971 ], [ -77.3603, 38.90778 ], [ -77.37208, 38.92458 ], [ -77.37356, 38.92497 ], [ -77.37385, 38.92336 ], [ -77.376, 38.91838 ], [ -77.37658, 38.91771 ], [ -77.37784, 38.9183 ], [ -77.37892, 38.9169 ], [ -77.38489, 38.9197 ], [ -77.38435, 38.92075 ], [ -77.39671, 38.92544 ], [ -77.39742, 38.92478 ], [ -77.3985, 38.92426 ], [ -77.39913, 38.92425 ], [ -77.39832, 38.92675 ], [ -77.39964, 38.92653 ], [ -77.39975, 38.92694 ], [ -77.40101, 38.92671 ], [ -77.40413, 38.93254 ], [ -77.40612, 38.93409 ], [ -77.40752, 38.93482 ], [ -77.41102, 38.93647 ], [ -77.41325, 38.93716 ], [ -77.41315, 38.93911 ], [ -77.41394, 38.94104 ], [ -77.41406, 38.94208 ], [ -77.41119, 38.94153 ], [ -77.40951, 38.94148 ], [ -77.40411, 38.94295 ], [ -77.40121, 38.94092 ], [ -77.39992, 38.94185 ], [ -77.3989, 38.94367 ], [ -77.39983, 38.94435 ], [ -77.39747, 38.94545 ], [ -77.39612, 38.94581 ], [ -77.39462, 38.94575 ], [ -77.39323, 38.9452 ], [ -77.39185, 38.94823 ], [ -77.39027, 38.94782 ], [ -77.38731, 38.94802 ], [ -77.38602, 38.94858 ], [ -77.38451, 38.94999 ], [ -77.383, 38.95038 ], [ -77.37993, 38.94991 ], [ -77.37794, 38.94855 ], [ -77.37698, 38.94821 ], [ -77.37429, 38.9527 ], [ -77.36964, 38.95904 ], [ -77.36497, 38.96614 ], [ -77.3581, 38.96613 ], [ -77.34693, 38.96859 ], [ -77.33739, 38.97284 ], [ -77.33041, 38.97394 ], [ -77.33151, 38.97755 ], [ -77.33038, 38.97848 ], [ -77.32787, 38.97808 ], [ -77.32138, 38.97946 ], [ -77.32117, 38.97893 ] ] } },
{ "type": "Feature", "properties": { "year": 2025, "level": "HS", "name": "West Potomac" }, "geometry": { "type": "LineString", "coordinates": [ [ -77.05407, 38.78149 ], [ -77.0525, 38.7793 ], [ -77.05168, 38.77693 ], [ -77.05205, 38.77366 ], [ -77.05355, 38.76868 ], [ -77.05329, 38.76835 ], [ -77.05318, 38.76608 ], [ -77.05182, 38.7639 ], [ -77.04923, 38.76097 ], [ -77.04858, 38.75811 ], [ -77.04865, 38.75685 ], [ -77.04977, 38.75362 ], [ -77.04975, 38.75143 ], [ -77.04918, 38.75022 ], [ -77.04639, 38.751 ], [ -77.04641, 38.75065 ], [ -77.04699, 38.7505 ], [ -77.04737, 38.74965 ], [ -77.04796, 38.75013 ], [ -77.0478, 38.74949 ], [ -77.04736, 38.7492 ], [ -77.04628, 38.74735 ], [ -77.04485, 38.74564 ], [ -77.04466, 38.74504 ], [ -77.04377, 38.74456 ], [ -77.04408, 38.74419 ], [ -77.04301, 38.74337 ], [ -77.04239, 38.74226 ], [ -77.04226, 38.74083 ], [ -77.04335, 38.73915 ], [ -77.04155, 38.73688 ], [ -77.04145, 38.72624 ], [ -77.04307, 38.71878 ], [ -77.04601, 38.71451 ], [ -77.04686, 38.71397 ], [ -77.04792, 38.71283 ], [ -77.0516, 38.71114 ], [ -77.05322, 38.70965 ], [ -77.05406, 38.70961 ], [ -77.05648, 38.71007 ], [ -77.0622, 38.70969 ], [ -77.07143, 38.71007 ], [ -77.07291, 38.71073 ], [ -77.07419, 38.71187 ], [ -77.07418, 38.71266 ], [ -77.07339, 38.71332 ], [ -77.07343, 38.71554 ], [ -77.07592, 38.71825 ], [ -77.07675, 38.71949 ], [ -77.07805, 38.71855 ], [ -77.07977, 38.72054 ], [ -77.0811, 38.72148 ], [ -77.08107, 38.72306 ], [ -77.08195, 38.72429 ], [ -77.07948, 38.72631 ], [ -77.08076, 38.72797 ], [ -77.081, 38.72997 ], [ -77.07858, 38.73165 ], [ -77.08135, 38.73197 ], [ -77.08151, 38.7315 ], [ -77.08225, 38.73289 ], [ -77.0833, 38.73354 ], [ -77.08367, 38.7343 ], [ -77.08354, 38.73467 ], [ -77.08381, 38.73487 ], [ -77.08452, 38.73484 ], [ -77.08498, 38.73543 ], [ -77.08558, 38.7356 ], [ -77.08573, 38.73603 ], [ -77.08643, 38.73609 ], [ -77.08794, 38.73764 ], [ -77.08776, 38.7381 ], [ -77.08858, 38.73938 ], [ -77.08561, 38.742 ], [ -77.08415, 38.74413 ], [ -77.08745, 38.74516 ], [ -77.09096, 38.7402 ], [ -77.09397, 38.74043 ], [ -77.0949, 38.74094 ], [ -77.0954, 38.74087 ], [ -77.09584, 38.74108 ], [ -77.09619, 38.74164 ], [ -77.09493, 38.74398 ], [ -77.09494, 38.74469 ], [ -77.09565, 38.74634 ], [ -77.09538, 38.74685 ], [ -77.09566, 38.74716 ], [ -77.0941, 38.74746 ], [ -77.09139, 38.75784 ], [ -77.09108, 38.75987 ], [ -77.11126, 38.7618 ], [ -77.11412, 38.76914 ], [ -77.08992, 38.77431 ], [ -77.07898, 38.78151 ], [ -77.07853, 38.78128 ], [ -77.07662, 38.78276 ], [ -77.07012, 38.78539 ], [ -77.06556, 38.78871 ], [ -77.05787, 38.79195 ], [ -77.05681, 38.7926 ], [ -77.0526, 38.79073 ], [ -77.0513, 38.78991 ], [ -77.05275, 38.78812 ], [ -77.05439, 38.7851 ], [ -77.05454, 38.78302 ], [ -77.05407, 38.78149 ] ] } },
{ "type": "Feature", "properties": { "year": 2025, "level": "HS", "name": "West Springfield" }, "geometry": { "type": "LineString", "coordinates": [ [ -77.22789, 38.79246 ], [ -77.21888, 38.79277 ], [ -77.21679, 38.79069 ], [ -77.21689, 38.79035 ], [ -77.21609, 38.78989 ], [ -77.21515, 38.78885 ], [ -77.21301, 38.78773 ], [ -77.21133, 38.78753 ], [ -77.20761, 38.7861 ], [ -77.20703, 38.78516 ], [ -77.20623, 38.78492 ], [ -77.206, 38.78464 ], [ -77.20584, 38.78417 ], [ -77.20622, 38.78365 ], [ -77.20621, 38.78302 ], [ -77.20716, 38.78155 ], [ -77.20809, 38.78071 ], [ -77.20934, 38.78011 ], [ -77.20987, 38.78063 ], [ -77.20959, 38.78067 ], [ -77.21017, 38.78065 ], [ -77.21071, 38.77977 ], [ -77.20925, 38.77773 ], [ -77.20819, 38.77684 ], [ -77.20777, 38.77675 ], [ -77.20694, 38.77676 ], [ -77.20669, 38.77695 ], [ -77.20662, 38.77781 ], [ -77.20609, 38.77864 ], [ -77.20493, 38.77946 ], [ -77.20426, 38.77962 ], [ -77.20376, 38.77916 ], [ -77.20421, 38.77799 ], [ -77.20462, 38.77767 ], [ -77.20453, 38.77718 ], [ -77.20436, 38.77652 ], [ -77.20337, 38.77507 ], [ -77.20336, 38.77474 ], [ -77.2038, 38.77452 ], [ -77.20381, 38.77404 ], [ -77.20299, 38.77348 ], [ -77.20295, 38.77284 ], [ -77.20378, 38.77116 ], [ -77.2043, 38.77108 ], [ -77.2056, 38.77028 ], [ -77.20705, 38.76828 ], [ -77.20736, 38.76751 ], [ -77.20695, 38.76607 ], [ -77.20701, 38.76539 ], [ -77.20828, 38.76387 ], [ -77.20874, 38.76272 ], [ -77.20882, 38.76236 ], [ -77.20809, 38.76185 ], [ -77.20854, 38.76155 ], [ -77.21121, 38.7605 ], [ -77.21479, 38.7599 ], [ -77.21728, 38.75906 ], [ -77.22051, 38.76161 ], [ -77.22108, 38.76256 ], [ -77.22152, 38.76268 ], [ -77.22227, 38.76249 ], [ -77.22218, 38.76229 ], [ -77.22361, 38.76008 ], [ -77.22459, 38.75982 ], [ -77.225, 38.76075 ], [ -77.22712, 38.7602 ], [ -77.22692, 38.75921 ], [ -77.22735, 38.75792 ], [ -77.22557, 38.75657 ], [ -77.22508, 38.75589 ], [ -77.22533, 38.75518 ], [ -77.22666, 38.75393 ], [ -77.22672, 38.75348 ], [ -77.22605, 38.7528 ], [ -77.22539, 38.75252 ], [ -77.2233, 38.75241 ], [ -77.2231, 38.75221 ], [ -77.22379, 38.75088 ], [ -77.22133, 38.74988 ], [ -77.22113, 38.74936 ], [ -77.22283, 38.74878 ], [ -77.22261, 38.74806 ], [ -77.22274, 38.74586 ], [ -77.22331, 38.74544 ], [ -77.22393, 38.74405 ], [ -77.2247, 38.74372 ], [ -77.22926, 38.74424 ], [ -77.22931, 38.74397 ], [ -77.23166, 38.74426 ], [ -77.23197, 38.745 ], [ -77.2342, 38.745 ], [ -77.23417, 38.74334 ], [ -77.23857, 38.74394 ], [ -77.24034, 38.74362 ], [ -77.24309, 38.75024 ], [ -77.24445, 38.75003 ], [ -77.2442, 38.74981 ], [ -77.24733, 38.74712 ], [ -77.24901, 38.7461 ], [ -77.25143, 38.74546 ], [ -77.2541, 38.74555 ], [ -77.25663, 38.74645 ], [ -77.26017, 38.74903 ], [ -77.26398, 38.75058 ], [ -77.26763, 38.75182 ], [ -77.27191, 38.75197 ], [ -77.27471, 38.75345 ], [ -77.26223, 38.77484 ], [ -77.25988, 38.77381 ], [ -77.25767, 38.77327 ], [ -77.25482, 38.77319 ], [ -77.25255, 38.77356 ], [ -77.25846, 38.77871 ], [ -77.24591, 38.79365 ], [ -77.24787, 38.79594 ], [ -77.23746, 38.79611 ], [ -77.23601, 38.79567 ], [ -77.22988, 38.79283 ], [ -77.22789, 38.79246 ] ] } },
{ "type": "Feature", "properties": { "year": 2025, "level": "HS", "name": "Westfield" }, "geometry": { "type": "LineString", "coordinates": [ [ -77.38339, 38.9526 ], [ -77.37402, 38.95306 ], [ -77.37698, 38.94821 ], [ -77.37794, 38.94855 ], [ -77.37993, 38.94991 ], [ -77.383, 38.95038 ], [ -77.38451, 38.94999 ], [ -77.38602, 38.94858 ], [ -77.38731, 38.94802 ], [ -77.39027, 38.94782 ], [ -77.39185, 38.94823 ], [ -77.39323, 38.9452 ], [ -77.39462, 38.94575 ], [ -77.39612, 38.94581 ], [ -77.39747, 38.94545 ], [ -77.39983, 38.94435 ], [ -77.3989, 38.94367 ], [ -77.39992, 38.94185 ], [ -77.40121, 38.94092 ], [ -77.40411, 38.94295 ], [ -77.40951, 38.94148 ], [ -77.41119, 38.94153 ], [ -77.41406, 38.94208 ], [ -77.41394, 38.94104 ], [ -77.41315, 38.93911 ], [ -77.41325, 38.93716 ], [ -77.41102, 38.93647 ], [ -77.40752, 38.93482 ], [ -77.40612, 38.93409 ], [ -77.40413, 38.93254 ], [ -77.40101, 38.92671 ], [ -77.39975, 38.92694 ], [ -77.39964, 38.92653 ], [ -77.39832, 38.92675 ], [ -77.39913, 38.92425 ], [ -77.3985, 38.92426 ], [ -77.39742, 38.92478 ], [ -77.39671, 38.92544 ], [ -77.39454, 38.92461 ], [ -77.39987, 38.91601 ], [ -77.40217, 38.91805 ], [ -77.40445, 38.91894 ], [ -77.40445, 38.92008 ], [ -77.40519, 38.92169 ], [ -77.40677, 38.92352 ], [ -77.40731, 38.92441 ], [ -77.40723, 38.9247 ], [ -77.40776, 38.92477 ], [ -77.40821, 38.92525 ], [ -77.4087, 38.92522 ], [ -77.40938, 38.92468 ], [ -77.40944, 38.9242 ], [ -77.41051, 38.92379 ], [ -77.41104, 38.92388 ], [ -77.41126, 38.92426 ], [ -77.41184, 38.92412 ], [ -77.41232, 38.9243 ], [ -77.41235, 38.92509 ], [ -77.41267, 38.92522 ], [ -77.41237, 38.92578 ], [ -77.413, 38.92616 ], [ -77.41279, 38.92675 ], [ -77.41346, 38.92692 ], [ -77.41347, 38.92743 ], [ -77.4141, 38.928 ], [ -77.41445, 38.92799 ], [ -77.41438, 38.92855 ], [ -77.41529, 38.92885 ], [ -77.41708, 38.92305 ], [ -77.42015, 38.91537 ], [ -77.42312, 38.90603 ], [ -77.42578, 38.9065 ], [ -77.4257, 38.90636 ], [ -77.4287, 38.90619 ], [ -77.42969, 38.90568 ], [ -77.42976, 38.90037 ], [ -77.4347, 38.90042 ], [ -77.43501, 38.89807 ], [ -77.43648, 38.89812 ], [ -77.43657, 38.89625 ], [ -77.4313, 38.89412 ], [ -77.43476, 38.88658 ], [ -77.43685, 38.88544 ], [ -77.43785, 38.88403 ], [ -77.43834, 38.88245 ], [ -77.43814, 38.88101 ], [ -77.43986, 38.87758 ], [ -77.44067, 38.87669 ], [ -77.4455, 38.87311 ], [ -77.43357, 38.85567 ], [ -77.43293, 38.85335 ], [ -77.43309, 38.84913 ], [ -77.43235, 38.84637 ], [ -77.43647, 38.84524 ], [ -77.44035, 38.84331 ], [ -77.44312, 38.84116 ], [ -77.44689, 38.83709 ], [ -77.46343, 38.83317 ], [ -77.46299, 38.83255 ], [ -77.46306, 38.83143 ], [ -77.46274, 38.83075 ], [ -77.46152, 38.83049 ], [ -77.4605, 38.82967 ], [ -77.45872, 38.82756 ], [ -77.45839, 38.82567 ], [ -77.45801, 38.82519 ], [ -77.45997, 38.82362 ], [ -77.46487, 38.82043 ], [ -77.46658, 38.82149 ], [ -77.46996, 38.82215 ], [ -77.47033, 38.82342 ], [ -77.47684, 38.8218 ], [ -77.47704, 38.82302 ], [ -77.47068, 38.82459 ], [ -77.4713, 38.8269 ], [ -77.47067, 38.82788 ], [ -77.4679, 38.82921 ], [ -77.46891, 38.83191 ], [ -77.504, 38.824 ], [ -77.50349, 38.82479 ], [ -77.50377, 38.82543 ], [ -77.50932, 38.82818 ], [ -77.51159, 38.82958 ], [ -77.51239, 38.83047 ], [ -77.5123, 38.83117 ], [ -77.51103, 38.8324 ], [ -77.51056, 38.83358 ], [ -77.51103, 38.83552 ], [ -77.51084, 38.83619 ], [ -77.50996, 38.83672 ], [ -77.50816, 38.83675 ], [ -77.50758, 38.83724 ], [ -77.50762, 38.83769 ], [ -77.5088, 38.83936 ], [ -77.50882, 38.8399 ], [ -77.50832, 38.8405 ], [ -77.50907, 38.84126 ], [ -77.51026, 38.84152 ], [ -77.51102, 38.84145 ], [ -77.51214, 38.8407 ], [ -77.51499, 38.84005 ], [ -77.52189, 38.8373 ], [ -77.52322, 38.83702 ], [ -77.52773, 38.83749 ], [ -77.52977, 38.83706 ], [ -77.53263, 38.83878 ], [ -77.53493, 38.83941 ], [ -77.53626, 38.8408 ], [ -77.537, 38.84241 ], [ -77.53651, 38.84422 ], [ -77.5349, 38.84671 ], [ -77.53513, 38.84716 ], [ -77.53598, 38.8474 ], [ -77.42266, 38.96234 ], [ -77.42009, 38.96199 ], [ -77.41703, 38.96122 ], [ -77.3986, 38.95485 ], [ -77.38725, 38.95292 ], [ -77.38339, 38.9526 ] ] } },
{ "type": "Feature", "properties": { "year": 2025, "level": "HS", "name": "Woodson" }, "geometry": { "type": "LineString", "coordinates": [ [ -77.23408, 38.86523 ], [ -77.23537, 38.8627 ], [ -77.23354, 38.86232 ], [ -77.23898, 38.85818 ], [ -77.24473, 38.85339 ], [ -77.2431, 38.85305 ], [ -77.24254, 38.8523 ], [ -77.24186, 38.85235 ], [ -77.24208, 38.85182 ], [ -77.24146, 38.85151 ], [ -77.24136, 38.85098 ], [ -77.24049, 38.85045 ], [ -77.24054, 38.84946 ], [ -77.23977, 38.84923 ], [ -77.23882, 38.84783 ], [ -77.23876, 38.84722 ], [ -77.23909, 38.84684 ], [ -77.23814, 38.84619 ], [ -77.2377, 38.84612 ], [ -77.23788, 38.84585 ], [ -77.23651, 38.84555 ], [ -77.23495, 38.84637 ], [ -77.23454, 38.84623 ], [ -77.23464, 38.84593 ], [ -77.23406, 38.84527 ], [ -77.2345, 38.84482 ], [ -77.23433, 38.84468 ], [ -77.23453, 38.8441 ], [ -77.23427, 38.84374 ], [ -77.23304, 38.84319 ], [ -77.2324, 38.84333 ], [ -77.23127, 38.8431 ], [ -77.23303, 38.84159 ], [ -77.2328, 38.84148 ], [ -77.23261, 38.84006 ], [ -77.23284, 38.83896 ], [ -77.23273, 38.836 ], [ -77.22682, 38.83567 ], [ -77.22088, 38.83496 ], [ -77.21822, 38.83432 ], [ -77.2188, 38.8304 ], [ -77.22191, 38.82388 ], [ -77.22246, 38.82052 ], [ -77.22214, 38.81822 ], [ -77.2213, 38.81613 ], [ -77.21792, 38.81123 ], [ -77.24026, 38.8109 ], [ -77.24971, 38.81054 ], [ -77.26369, 38.81084 ], [ -77.26654, 38.81173 ], [ -77.26991, 38.81497 ], [ -77.27473, 38.81775 ], [ -77.28309, 38.82499 ], [ -77.28479, 38.8259 ], [ -77.2875, 38.82637 ], [ -77.29488, 38.82654 ], [ -77.29928, 38.82626 ], [ -77.3007, 38.82594 ], [ -77.3036, 38.82477 ], [ -77.30646, 38.82407 ], [ -77.30785, 38.82396 ], [ -77.3112, 38.82464 ], [ -77.31352, 38.82613 ], [ -77.31658, 38.82745 ], [ -77.31717, 38.82386 ], [ -77.31784, 38.82214 ], [ -77.31973, 38.81958 ], [ -77.32189, 38.81532 ], [ -77.32538, 38.81138 ], [ -77.32621, 38.8094 ], [ -77.32678, 38.80946 ], [ -77.32673, 38.80986 ], [ -77.3331, 38.81073 ], [ -77.33316, 38.80768 ], [ -77.33811, 38.80853 ], [ -77.34006, 38.8091 ], [ -77.33985, 38.80872 ], [ -77.34018, 38.80784 ], [ -77.34076, 38.80777 ], [ -77.34171, 38.80588 ], [ -77.34199, 38.80592 ], [ -77.34147, 38.80458 ], [ -77.34166, 38.80381 ], [ -77.34211, 38.80399 ], [ -77.34189, 38.80422 ], [ -77.34208, 38.80432 ], [ -77.34247, 38.80384 ], [ -77.34307, 38.80365 ], [ -77.34473, 38.80641 ], [ -77.3495, 38.80879 ], [ -77.35769, 38.80565 ], [ -77.35823, 38.80581 ], [ -77.35832, 38.80627 ], [ -77.35876, 38.80623 ], [ -77.36028, 38.80705 ], [ -77.3616, 38.8082 ], [ -77.36301, 38.80866 ], [ -77.36298, 38.80971 ], [ -77.36357, 38.81096 ], [ -77.36414, 38.81103 ], [ -77.36483, 38.81175 ], [ -77.36487, 38.8125 ], [ -77.36603, 38.81339 ], [ -77.36604, 38.81416 ], [ -77.3655, 38.81552 ], [ -77.36481, 38.81613 ], [ -77.36481, 38.8164 ], [ -77.36595, 38.81754 ], [ -77.36607, 38.81797 ], [ -77.36663, 38.81806 ], [ -77.36342, 38.81877 ], [ -77.36385, 38.81984 ], [ -77.36253, 38.82102 ], [ -77.3633, 38.82493 ], [ -77.36203, 38.82492 ], [ -77.36175, 38.82524 ], [ -77.36226, 38.82588 ], [ -77.36297, 38.82614 ], [ -77.36261, 38.82701 ], [ -77.36281, 38.82764 ], [ -77.36258, 38.82863 ], [ -77.36211, 38.829 ], [ -77.36215, 38.82998 ], [ -77.36365, 38.83319 ], [ -77.36293, 38.83414 ], [ -77.3639, 38.83629 ], [ -77.36383, 38.83677 ], [ -77.36372, 38.83704 ], [ -77.36302, 38.83718 ], [ -77.36733, 38.84662 ], [ -77.35893, 38.8482 ], [ -77.3396, 38.8508 ], [ -77.33991, 38.85262 ], [ -77.33942, 38.85268 ], [ -77.33931, 38.8532 ], [ -77.33823, 38.85309 ], [ -77.3381, 38.85393 ], [ -77.33919, 38.85402 ], [ -77.34085, 38.85452 ], [ -77.34097, 38.85423 ], [ -77.34227, 38.85443 ], [ -77.34191, 38.85533 ], [ -77.34286, 38.85559 ], [ -77.34458, 38.85375 ], [ -77.34527, 38.85371 ], [ -77.34742, 38.85288 ], [ -77.34964, 38.85242 ], [ -77.35001, 38.85523 ], [ -77.34938, 38.85594 ], [ -77.34667, 38.85579 ], [ -77.34685, 38.85618 ], [ -77.34705, 38.85605 ], [ -77.34704, 38.85656 ], [ -77.34739, 38.85658 ], [ -77.34794, 38.85706 ], [ -77.34792, 38.85778 ], [ -77.34667, 38.86086 ], [ -77.34586, 38.86125 ], [ -77.33333, 38.85643 ], [ -77.33481, 38.85372 ], [ -77.33503, 38.85266 ], [ -77.3348, 38.85136 ], [ -77.3318, 38.8517 ], [ -77.33137, 38.85122 ], [ -77.33054, 38.84886 ], [ -77.33033, 38.84884 ], [ -77.33032, 38.84779 ], [ -77.33095, 38.84732 ], [ -77.32588, 38.84698 ], [ -77.32269, 38.8432 ], [ -77.31876, 38.84202 ], [ -77.31869, 38.83466 ], [ -77.31623, 38.83642 ], [ -77.31411, 38.83583 ], [ -77.31398, 38.83604 ], [ -77.31274, 38.83631 ], [ -77.31261, 38.83571 ], [ -77.31175, 38.83572 ], [ -77.31198, 38.83678 ], [ -77.31043, 38.83694 ], [ -77.31036, 38.83666 ], [ -77.30805, 38.83689 ], [ -77.30786, 38.83575 ], [ -77.30406, 38.83608 ], [ -77.30307, 38.83282 ], [ -77.30133, 38.83311 ], [ -77.30179, 38.83475 ], [ -77.30224, 38.8349 ], [ -77.30229, 38.83535 ], [ -77.30022, 38.83521 ], [ -77.30024, 38.83505 ], [ -77.29715, 38.83497 ], [ -77.29673, 38.83598 ], [ -77.29674, 38.83733 ], [ -77.29063, 38.83652 ], [ -77.2884, 38.83653 ], [ -77.28828, 38.83615 ], [ -77.28726, 38.83613 ], [ -77.28735, 38.83864 ], [ -77.28647, 38.83862 ], [ -77.28638, 38.84172 ], [ -77.28206, 38.84118 ], [ -77.28094, 38.84127 ], [ -77.27854, 38.84099 ], [ -77.27856, 38.84198 ], [ -77.27052, 38.84092 ], [ -77.26998, 38.84335 ], [ -77.27175, 38.8485 ], [ -77.27096, 38.85138 ], [ -77.26926, 38.85182 ], [ -77.26891, 38.85239 ], [ -77.26917, 38.85379 ], [ -77.26879, 38.85448 ], [ -77.26979, 38.85566 ], [ -77.26863, 38.85999 ], [ -77.26878, 38.86287 ], [ -77.26954, 38.86413 ], [ -77.27003, 38.86412 ], [ -77.27013, 38.86487 ], [ -77.23395, 38.86549 ], [ -77.23408, 38.86523 ] ] } },
{ "type": "Feature", "properties": { "year": 2025, "level": "HS", "name": "McLean" }, "geometry": { "type": "MultiLineString", "coordinates": [ [ [ -77.14091, 38.94232 ], [ -77.13682, 38.94068 ], [ -77.13139, 38.93804 ], [ -77.13001, 38.94019 ], [ -77.12875, 38.94038 ], [ -77.12809, 38.9409 ], [ -77.12464, 38.93875 ], [ -77.11975, 38.93442 ], [ -77.17228, 38.89325 ], [ -77.1887, 38.89625 ], [ -77.18893, 38.89613 ], [ -77.19146, 38.89777 ], [ -77.19062, 38.89869 ], [ -77.19134, 38.8996 ], [ -77.19197, 38.89985 ], [ -77.19426, 38.89932 ], [ -77.19486, 38.8988 ], [ -77.19465, 38.89784 ], [ -77.19356, 38.8972 ], [ -77.19365, 38.89691 ], [ -77.202, 38.90218 ], [ -77.20146, 38.90267 ], [ -77.20052, 38.903 ], [ -77.20011, 38.90284 ], [ -77.19893, 38.90324 ], [ -77.19808, 38.90409 ], [ -77.19801, 38.9066 ], [ -77.19662, 38.90742 ], [ -77.19563, 38.90738 ], [ -77.19522, 38.90893 ], [ -77.19414, 38.90977 ], [ -77.19412, 38.91005 ], [ -77.19291, 38.91061 ], [ -77.19297, 38.91106 ], [ -77.19243, 38.91123 ], [ -77.19213, 38.91171 ], [ -77.19237, 38.91207 ], [ -77.19199, 38.91253 ], [ -77.19099, 38.91322 ], [ -77.19045, 38.91333 ], [ -77.19014, 38.91303 ], [ -77.18906, 38.91336 ], [ -77.19205, 38.91651 ], [ -77.19655, 38.92332 ], [ -77.20285, 38.91967 ], [ -77.20624, 38.92026 ], [ -77.20939, 38.92143 ], [ -77.20866, 38.92211 ], [ -77.2084, 38.92336 ], [ -77.20881, 38.9248 ], [ -77.20095, 38.93072 ], [ -77.19921, 38.93161 ], [ -77.19371, 38.93366 ], [ -77.19272, 38.93483 ], [ -77.19499, 38.93599 ], [ -77.194, 38.9371 ], [ -77.19363, 38.937 ], [ -77.18931, 38.9381 ], [ -77.18695, 38.93769 ], [ -77.18541, 38.93708 ], [ -77.1784, 38.94014 ], [ -77.17386, 38.9409 ], [ -77.1668, 38.94274 ], [ -77.16009, 38.94219 ], [ -77.1494, 38.94392 ], [ -77.14752, 38.94401 ], [ -77.1455, 38.94378 ], [ -77.14091, 38.94232 ] ], [ [ -77.19363, 38.8873 ], [ -77.19426, 38.8861 ], [ -77.18964, 38.87805 ], [ -77.20019, 38.87575 ], [ -77.20984, 38.87507 ], [ -77.20963, 38.8758 ], [ -77.20939, 38.87582 ], [ -77.20853, 38.87724 ], [ -77.20883, 38.87728 ], [ -77.20858, 38.8777 ], [ -77.21089, 38.878 ], [ -77.2099, 38.87968 ], [ -77.20531, 38.87912 ], [ -77.20352, 38.88205 ], [ -77.20149, 38.88182 ], [ -77.20073, 38.88275 ], [ -77.20445, 38.88534 ], [ -77.20409, 38.88577 ], [ -77.20315, 38.88628 ], [ -77.20189, 38.88631 ], [ -77.20123, 38.88704 ], [ -77.2009, 38.88672 ], [ -77.20067, 38.88696 ], [ -77.20088, 38.88708 ], [ -77.2002, 38.88731 ], [ -77.19963, 38.88792 ], [ -77.19915, 38.88793 ], [ -77.19886, 38.88881 ], [ -77.19661, 38.89123 ], [ -77.19353, 38.89142 ], [ -77.19214, 38.8928 ], [ -77.19093, 38.89238 ], [ -77.19363, 38.8873 ] ], [ [ -77.23276, 38.93371 ], [ -77.22143, 38.93418 ], [ -77.21731, 38.93359 ], [ -77.21309, 38.93224 ], [ -77.21385, 38.93114 ], [ -77.21425, 38.92994 ], [ -77.21423, 38.92601 ], [ -77.21611, 38.92182 ], [ -77.21924, 38.92061 ], [ -77.22171, 38.92032 ], [ -77.22179, 38.92207 ], [ -77.21906, 38.92283 ], [ -77.21782, 38.92371 ], [ -77.21773, 38.92418 ], [ -77.22292, 38.92792 ], [ -77.22537, 38.92878 ], [ -77.22733, 38.92874 ], [ -77.2283, 38.92847 ], [ -77.23233, 38.92588 ], [ -77.23649, 38.92387 ], [ -77.24647, 38.93414 ], [ -77.2438, 38.93464 ], [ -77.24172, 38.93472 ], [ -77.23276, 38.93371 ] ] ] } },
{ "type": "Feature", "properties": { "year": 2026, "level": "ES", "name": "Colvin Run" }, "geometry": { "type": "LineString", "coordinates": [ [ -77.26436, 38.95136 ], [ -77.2616, 38.94944 ], [ -77.25622, 38.94409 ], [ -77.25765, 38.9438 ], [ -77.25747, 38.94224 ], [ -77.25873, 38.94177 ], [ -77.26003, 38.93965 ], [ -77.26076, 38.93969 ], [ -77.26087, 38.93999 ], [ -77.26099, 38.94001 ], [ -77.26098, 38.93331 ], [ -77.26183, 38.93285 ], [ -77.26373, 38.9336 ], [ -77.26545, 38.9346 ], [ -77.27054, 38.93904 ], [ -77.27265, 38.94047 ], [ -77.27185, 38.94166 ], [ -77.27253, 38.9421 ], [ -77.27235, 38.94279 ], [ -77.27283, 38.94265 ], [ -77.27287, 38.94314 ], [ -77.27376, 38.94416 ], [ -77.27469, 38.9445 ], [ -77.27565, 38.94449 ], [ -77.27577, 38.94504 ], [ -77.27616, 38.94523 ], [ -77.2763, 38.94615 ], [ -77.27782, 38.94632 ], [ -77.27821, 38.94657 ], [ -77.27942, 38.94644 ], [ -77.27927, 38.94698 ], [ -77.27956, 38.9472 ], [ -77.2795, 38.94772 ], [ -77.2798, 38.94773 ], [ -77.28001, 38.94737 ], [ -77.28143, 38.94777 ], [ -77.28098, 38.94956 ], [ -77.28135, 38.95026 ], [ -77.28159, 38.95042 ], [ -77.28309, 38.9502 ], [ -77.28449, 38.95072 ], [ -77.2838, 38.95153 ], [ -77.28194, 38.95218 ], [ -77.27868, 38.95446 ], [ -77.27672, 38.957 ], [ -77.28128, 38.95791 ], [ -77.28046, 38.95907 ], [ -77.28321, 38.95929 ], [ -77.28415, 38.95847 ], [ -77.28485, 38.95861 ], [ -77.28484, 38.95817 ], [ -77.28529, 38.95817 ], [ -77.28535, 38.95911 ], [ -77.28726, 38.95976 ], [ -77.29068, 38.95969 ], [ -77.29153, 38.95932 ], [ -77.29198, 38.95952 ], [ -77.29163, 38.96012 ], [ -77.29675, 38.96201 ], [ -77.29754, 38.96102 ], [ -77.29724, 38.96028 ], [ -77.29804, 38.96059 ], [ -77.29871, 38.96023 ], [ -77.29986, 38.96066 ], [ -77.2986, 38.9627 ], [ -77.30243, 38.96412 ], [ -77.30222, 38.96553 ], [ -77.30304, 38.96578 ], [ -77.30363, 38.96548 ], [ -77.30408, 38.96573 ], [ -77.3048, 38.96549 ], [ -77.30494, 38.96586 ], [ -77.30532, 38.96576 ], [ -77.30577, 38.96595 ], [ -77.30583, 38.96626 ], [ -77.30623, 38.96615 ], [ -77.30631, 38.96693 ], [ -77.3061, 38.96718 ], [ -77.3064, 38.96734 ], [ -77.30684, 38.96716 ], [ -77.30699, 38.96743 ], [ -77.30753, 38.96721 ], [ -77.30779, 38.9667 ], [ -77.30816, 38.96645 ], [ -77.30839, 38.96635 ], [ -77.30584, 38.97487 ], [ -77.31343, 38.97707 ], [ -77.31515, 38.97778 ], [ -77.3171, 38.97563 ], [ -77.31914, 38.97756 ], [ -77.31888, 38.97781 ], [ -77.32101, 38.97853 ], [ -77.32138, 38.97946 ], [ -77.32122, 38.97959 ], [ -77.32493, 38.98133 ], [ -77.32315, 38.9817 ], [ -77.32319, 38.98258 ], [ -77.32377, 38.98304 ], [ -77.32457, 38.9843 ], [ -77.32571, 38.98517 ], [ -77.32737, 38.98555 ], [ -77.32713, 38.98708 ], [ -77.32646, 38.98788 ], [ -77.32458, 38.98676 ], [ -77.32306, 38.98543 ], [ -77.32036, 38.98168 ], [ -77.31884, 38.98009 ], [ -77.31783, 38.98099 ], [ -77.31486, 38.98178 ], [ -77.31524, 38.98331 ], [ -77.31493, 38.98326 ], [ -77.31395, 38.98437 ], [ -77.31452, 38.98421 ], [ -77.31494, 38.9852 ], [ -77.31559, 38.98555 ], [ -77.3154, 38.98562 ], [ -77.31544, 38.98623 ], [ -77.3157, 38.98879 ], [ -77.31588, 38.98876 ], [ -77.31552, 38.98928 ], [ -77.3156, 38.99079 ], [ -77.31656, 38.99391 ], [ -77.31685, 38.99415 ], [ -77.31648, 38.99525 ], [ -77.31544, 38.99498 ], [ -77.31545, 38.99459 ], [ -77.31384, 38.99411 ], [ -77.31396, 38.99323 ], [ -77.31351, 38.99275 ], [ -77.30556, 38.98952 ], [ -77.3055, 38.99274 ], [ -77.30252, 38.99328 ], [ -77.30032, 38.99417 ], [ -77.29958, 38.99255 ], [ -77.29873, 38.99271 ], [ -77.29771, 38.99237 ], [ -77.29714, 38.99106 ], [ -77.29579, 38.98927 ], [ -77.29591, 38.98911 ], [ -77.29433, 38.98896 ], [ -77.29167, 38.98626 ], [ -77.29108, 38.98609 ], [ -77.29051, 38.98636 ], [ -77.28898, 38.98546 ], [ -77.28886, 38.98506 ], [ -77.28838, 38.98475 ], [ -77.28849, 38.98459 ], [ -77.28763, 38.98424 ], [ -77.28788, 38.98328 ], [ -77.28714, 38.98336 ], [ -77.28463, 38.98234 ], [ -77.28444, 38.98257 ], [ -77.28158, 38.98242 ], [ -77.28138, 38.98591 ], [ -77.28099, 38.98681 ], [ -77.28464, 38.98694 ], [ -77.28508, 38.99156 ], [ -77.28167, 38.99144 ], [ -77.28171, 38.98914 ], [ -77.28054, 38.98906 ], [ -77.27991, 38.98905 ], [ -77.27845, 38.99033 ], [ -77.27803, 38.98995 ], [ -77.27785, 38.99015 ], [ -77.2772, 38.98984 ], [ -77.27604, 38.99122 ], [ -77.27535, 38.99088 ], [ -77.27516, 38.99112 ], [ -77.27442, 38.991 ], [ -77.27442, 38.99137 ], [ -77.26728, 38.98773 ], [ -77.2591, 38.98305 ], [ -77.25694, 38.98178 ], [ -77.25726, 38.97846 ], [ -77.25656, 38.97677 ], [ -77.24946, 38.96994 ], [ -77.25104, 38.97038 ], [ -77.25432, 38.9697 ], [ -77.25442, 38.96944 ], [ -77.25337, 38.96692 ], [ -77.25888, 38.96509 ], [ -77.26068, 38.9615 ], [ -77.26094, 38.95811 ], [ -77.26436, 38.95136 ] ] } },
{ "type": "Feature", "properties": { "year": 2026, "level": "ES", "name": "Spring Hill" }, "geometry": { "type": "LineString", "coordinates": [ [ -77.22171, 38.92032 ], [ -77.22179, 38.92207 ], [ -77.21906, 38.92283 ], [ -77.21782, 38.92371 ], [ -77.21773, 38.92418 ], [ -77.22285, 38.92787 ], [ -77.22426, 38.92853 ], [ -77.2262, 38.92881 ], [ -77.22813, 38.92854 ], [ -77.23233, 38.92588 ], [ -77.23649, 38.92387 ], [ -77.24647, 38.93414 ], [ -77.2529, 38.93251 ], [ -77.2557, 38.93214 ], [ -77.25899, 38.93225 ], [ -77.26183, 38.93285 ], [ -77.26098, 38.93331 ], [ -77.26099, 38.94001 ], [ -77.26076, 38.93969 ], [ -77.26003, 38.93965 ], [ -77.25873, 38.94177 ], [ -77.25747, 38.94224 ], [ -77.25765, 38.9438 ], [ -77.25622, 38.94409 ], [ -77.2616, 38.94944 ], [ -77.26436, 38.95136 ], [ -77.26094, 38.95811 ], [ -77.26068, 38.9615 ], [ -77.25888, 38.96509 ], [ -77.25337, 38.96692 ], [ -77.25442, 38.96944 ], [ -77.25432, 38.9697 ], [ -77.25104, 38.97038 ], [ -77.24946, 38.96994 ], [ -77.25678, 38.97708 ], [ -77.25727, 38.97858 ], [ -77.25694, 38.98178 ], [ -77.25541, 38.98089 ], [ -77.25409, 38.97867 ], [ -77.25311, 38.97785 ], [ -77.25063, 38.97842 ], [ -77.24885, 38.97851 ], [ -77.24853, 38.97773 ], [ -77.24693, 38.97691 ], [ -77.24606, 38.97595 ], [ -77.24525, 38.97579 ], [ -77.24495, 38.97587 ], [ -77.24466, 38.97658 ], [ -77.244, 38.97711 ], [ -77.24268, 38.97748 ], [ -77.24153, 38.97746 ], [ -77.24079, 38.97695 ], [ -77.23982, 38.9768 ], [ -77.23862, 38.97614 ], [ -77.2373, 38.97452 ], [ -77.23628, 38.97447 ], [ -77.23517, 38.97493 ], [ -77.23498, 38.97604 ], [ -77.23455, 38.97623 ], [ -77.2336, 38.97735 ], [ -77.23233, 38.9793 ], [ -77.23094, 38.97929 ], [ -77.23048, 38.97973 ], [ -77.22995, 38.97972 ], [ -77.22859, 38.97851 ], [ -77.22641, 38.97414 ], [ -77.22378, 38.97214 ], [ -77.2211, 38.97134 ], [ -77.21883, 38.97156 ], [ -77.21571, 38.97062 ], [ -77.21476, 38.97054 ], [ -77.21378, 38.96984 ], [ -77.21274, 38.96978 ], [ -77.21152, 38.96935 ], [ -77.21025, 38.97012 ], [ -77.20803, 38.97033 ], [ -77.20626, 38.96976 ], [ -77.20475, 38.96864 ], [ -77.20239, 38.96788 ], [ -77.20437, 38.96749 ], [ -77.20445, 38.96732 ], [ -77.203, 38.96574 ], [ -77.204, 38.96492 ], [ -77.20428, 38.9633 ], [ -77.20515, 38.96259 ], [ -77.2052, 38.96194 ], [ -77.20487, 38.96157 ], [ -77.20517, 38.96106 ], [ -77.20578, 38.96103 ], [ -77.20614, 38.96057 ], [ -77.20516, 38.95946 ], [ -77.20529, 38.95896 ], [ -77.20613, 38.95944 ], [ -77.20839, 38.95922 ], [ -77.21196, 38.9597 ], [ -77.21256, 38.95577 ], [ -77.21647, 38.9562 ], [ -77.21353, 38.95993 ], [ -77.21535, 38.96026 ], [ -77.21689, 38.95983 ], [ -77.21757, 38.95993 ], [ -77.22123, 38.95575 ], [ -77.22067, 38.95543 ], [ -77.22055, 38.95402 ], [ -77.22072, 38.9529 ], [ -77.22108, 38.95263 ], [ -77.22139, 38.95155 ], [ -77.22113, 38.95059 ], [ -77.22171, 38.95026 ], [ -77.219, 38.94887 ], [ -77.21591, 38.94823 ], [ -77.21297, 38.94715 ], [ -77.21202, 38.95575 ], [ -77.20485, 38.95535 ], [ -77.20513, 38.95629 ], [ -77.20581, 38.95719 ], [ -77.20258, 38.95616 ], [ -77.20386, 38.95426 ], [ -77.20373, 38.95377 ], [ -77.20449, 38.95336 ], [ -77.2039, 38.95245 ], [ -77.20503, 38.95092 ], [ -77.20471, 38.9507 ], [ -77.20386, 38.95074 ], [ -77.20307, 38.95043 ], [ -77.20282, 38.95012 ], [ -77.20294, 38.94951 ], [ -77.20261, 38.9491 ], [ -77.20286, 38.9489 ], [ -77.20263, 38.94812 ], [ -77.20182, 38.94789 ], [ -77.20155, 38.94731 ], [ -77.20838, 38.93616 ], [ -77.20534, 38.93467 ], [ -77.2033, 38.9341 ], [ -77.20181, 38.93342 ], [ -77.20011, 38.93244 ], [ -77.19921, 38.93161 ], [ -77.20095, 38.93072 ], [ -77.20356, 38.92878 ], [ -77.21309, 38.93224 ], [ -77.21385, 38.93114 ], [ -77.21425, 38.92994 ], [ -77.21423, 38.92601 ], [ -77.21611, 38.92182 ], [ -77.21924, 38.92061 ], [ -77.22171, 38.92032 ] ] } },
{ "type": "Feature", "properties": { "year": 2026, "level": "ES", "name": "Franklin Sherman" }, "geometry": { "type": "LineString", "coordinates": [ [ -77.19164, 38.92529 ], [ -77.19134, 38.92506 ], [ -77.19169, 38.92408 ], [ -77.19216, 38.92404 ], [ -77.19213, 38.9244 ], [ -77.19255, 38.92441 ], [ -77.19311, 38.92428 ], [ -77.19297, 38.92396 ], [ -77.19475, 38.92381 ], [ -77.19498, 38.92423 ], [ -77.19655, 38.92332 ], [ -77.19773, 38.92507 ], [ -77.1991, 38.92649 ], [ -77.20099, 38.92775 ], [ -77.20356, 38.92878 ], [ -77.20095, 38.93072 ], [ -77.1993, 38.93157 ], [ -77.19371, 38.93366 ], [ -77.19272, 38.93483 ], [ -77.19499, 38.93599 ], [ -77.194, 38.9371 ], [ -77.19363, 38.937 ], [ -77.18931, 38.9381 ], [ -77.18695, 38.93769 ], [ -77.18541, 38.93708 ], [ -77.1784, 38.94014 ], [ -77.17386, 38.9409 ], [ -77.1668, 38.94274 ], [ -77.16009, 38.94219 ], [ -77.1494, 38.94392 ], [ -77.14709, 38.944 ], [ -77.14429, 38.94345 ], [ -77.13806, 38.94122 ], [ -77.13958, 38.93919 ], [ -77.1387, 38.93875 ], [ -77.1391, 38.9382 ], [ -77.14097, 38.93633 ], [ -77.14132, 38.93669 ], [ -77.14216, 38.93629 ], [ -77.14294, 38.93693 ], [ -77.14419, 38.9341 ], [ -77.14537, 38.93387 ], [ -77.1462, 38.93399 ], [ -77.14628, 38.93488 ], [ -77.14776, 38.93466 ], [ -77.14771, 38.93368 ], [ -77.14799, 38.93352 ], [ -77.14933, 38.9342 ], [ -77.14948, 38.93448 ], [ -77.15067, 38.93443 ], [ -77.15058, 38.93477 ], [ -77.15188, 38.93517 ], [ -77.15371, 38.93345 ], [ -77.15579, 38.93254 ], [ -77.1569, 38.93233 ], [ -77.15842, 38.93302 ], [ -77.15981, 38.93243 ], [ -77.16103, 38.93325 ], [ -77.16062, 38.93352 ], [ -77.16349, 38.93456 ], [ -77.16354, 38.93493 ], [ -77.16402, 38.93479 ], [ -77.16432, 38.93455 ], [ -77.16434, 38.93394 ], [ -77.16383, 38.93282 ], [ -77.16352, 38.93264 ], [ -77.16449, 38.93213 ], [ -77.16468, 38.93154 ], [ -77.16513, 38.93156 ], [ -77.16519, 38.93117 ], [ -77.16658, 38.93111 ], [ -77.16737, 38.93081 ], [ -77.16779, 38.9301 ], [ -77.16812, 38.92993 ], [ -77.16856, 38.93013 ], [ -77.16905, 38.9295 ], [ -77.16931, 38.9296 ], [ -77.16926, 38.92922 ], [ -77.17059, 38.92797 ], [ -77.17022, 38.92725 ], [ -77.17106, 38.92715 ], [ -77.17271, 38.92511 ], [ -77.17445, 38.92531 ], [ -77.17383, 38.92814 ], [ -77.17693, 38.92816 ], [ -77.17689, 38.92858 ], [ -77.17719, 38.92858 ], [ -77.17711, 38.92815 ], [ -77.17851, 38.92818 ], [ -77.17931, 38.92851 ], [ -77.17942, 38.92837 ], [ -77.18081, 38.93134 ], [ -77.18465, 38.92979 ], [ -77.18296, 38.92692 ], [ -77.18366, 38.92675 ], [ -77.18382, 38.92552 ], [ -77.18702, 38.92525 ], [ -77.18701, 38.92555 ], [ -77.18986, 38.9252 ], [ -77.18991, 38.92493 ], [ -77.19164, 38.92529 ] ] } },
{ "type": "Feature", "properties": { "year": 2026, "level": "ES", "name": "Churchill Road" }, "geometry": { "type": "LineString", "coordinates": [ [ -77.19921, 38.93161 ], [ -77.20011, 38.93244 ], [ -77.20181, 38.93342 ], [ -77.2033, 38.9341 ], [ -77.20534, 38.93467 ], [ -77.20838, 38.93616 ], [ -77.20155, 38.94731 ], [ -77.20182, 38.94789 ], [ -77.20263, 38.94812 ], [ -77.20286, 38.9489 ], [ -77.20261, 38.9491 ], [ -77.20294, 38.94951 ], [ -77.20282, 38.95012 ], [ -77.20307, 38.95043 ], [ -77.20386, 38.95074 ], [ -77.20471, 38.9507 ], [ -77.20503, 38.95092 ], [ -77.2039, 38.95245 ], [ -77.20449, 38.95336 ], [ -77.20373, 38.95377 ], [ -77.20386, 38.95426 ], [ -77.20258, 38.95616 ], [ -77.20581, 38.95719 ], [ -77.20513, 38.95629 ], [ -77.20485, 38.95535 ], [ -77.21202, 38.95575 ], [ -77.21297, 38.94715 ], [ -77.21591, 38.94823 ], [ -77.219, 38.94887 ], [ -77.22171, 38.95026 ], [ -77.22113, 38.95059 ], [ -77.22139, 38.95155 ], [ -77.22108, 38.95263 ], [ -77.22072, 38.9529 ], [ -77.22055, 38.95402 ], [ -77.22067, 38.95543 ], [ -77.22123, 38.95575 ], [ -77.21757, 38.95993 ], [ -77.21689, 38.95983 ], [ -77.21535, 38.96026 ], [ -77.21353, 38.95993 ], [ -77.21647, 38.9562 ], [ -77.21256, 38.95577 ], [ -77.21196, 38.9597 ], [ -77.20839, 38.95922 ], [ -77.20613, 38.95944 ], [ -77.20529, 38.95896 ], [ -77.20516, 38.95946 ], [ -77.20614, 38.96057 ], [ -77.20578, 38.96103 ], [ -77.20517, 38.96106 ], [ -77.20487, 38.96157 ], [ -77.2052, 38.96194 ], [ -77.20515, 38.96259 ], [ -77.20428, 38.9633 ], [ -77.204, 38.96492 ], [ -77.203, 38.96574 ], [ -77.20445, 38.96732 ], [ -77.20437, 38.96749 ], [ -77.20239, 38.96788 ], [ -77.20158, 38.96749 ], [ -77.1976, 38.96687 ], [ -77.19672, 38.96702 ], [ -77.19579, 38.96758 ], [ -77.19524, 38.96746 ], [ -77.1942, 38.96828 ], [ -77.19081, 38.96799 ], [ -77.18932, 38.96754 ], [ -77.18843, 38.96804 ], [ -77.18682, 38.9678 ], [ -77.186, 38.96798 ], [ -77.18422, 38.96789 ], [ -77.1831, 38.96872 ], [ -77.18147, 38.96878 ], [ -77.1798, 38.96841 ], [ -77.17981, 38.96822 ], [ -77.1798, 38.96841 ], [ -77.17721, 38.96814 ], [ -77.17498, 38.96821 ], [ -77.17409, 38.9679 ], [ -77.17349, 38.96797 ], [ -77.17213, 38.96756 ], [ -77.17118, 38.96667 ], [ -77.1696, 38.96638 ], [ -77.1691, 38.96646 ], [ -77.16841, 38.96712 ], [ -77.16756, 38.96741 ], [ -77.16611, 38.96774 ], [ -77.16435, 38.96781 ], [ -77.15985, 38.96615 ], [ -77.1584, 38.96595 ], [ -77.1573, 38.9663 ], [ -77.15446, 38.96586 ], [ -77.15188, 38.96585 ], [ -77.15028, 38.96561 ], [ -77.14782, 38.96479 ], [ -77.14511, 38.9632 ], [ -77.14059, 38.95839 ], [ -77.13543, 38.95387 ], [ -77.13109, 38.94644 ], [ -77.12877, 38.94175 ], [ -77.12809, 38.9409 ], [ -77.12875, 38.94038 ], [ -77.13001, 38.94019 ], [ -77.13139, 38.93804 ], [ -77.13884, 38.94154 ], [ -77.14429, 38.94345 ], [ -77.14649, 38.94394 ], [ -77.1494, 38.94392 ], [ -77.16009, 38.94219 ], [ -77.16711, 38.94271 ], [ -77.17386, 38.9409 ], [ -77.1784, 38.94014 ], [ -77.18541, 38.93708 ], [ -77.18695, 38.93769 ], [ -77.18931, 38.9381 ], [ -77.19363, 38.937 ], [ -77.194, 38.9371 ], [ -77.19499, 38.93599 ], [ -77.19272, 38.93483 ], [ -77.19371, 38.93366 ], [ -77.19921, 38.93161 ] ] } },
{ "type": "Feature", "properties": { "year": 2026, "level": "ES", "name": "Haycock" }, "geometry": { "type": "LineString", "coordinates": [ [ -77.19436, 38.89732 ], [ -77.19664, 38.89876 ], [ -77.19464, 38.8996 ], [ -77.19252, 38.90017 ], [ -77.19011, 38.90048 ], [ -77.18754, 38.90046 ], [ -77.18821, 38.90141 ], [ -77.18853, 38.90347 ], [ -77.1871, 38.90944 ], [ -77.186, 38.90947 ], [ -77.18454, 38.90903 ], [ -77.18378, 38.90902 ], [ -77.1777, 38.91142 ], [ -77.1702, 38.91213 ], [ -77.16769, 38.91186 ], [ -77.1668, 38.9122 ], [ -77.16606, 38.91295 ], [ -77.16308, 38.91197 ], [ -77.1638, 38.91008 ], [ -77.16345, 38.90859 ], [ -77.16121, 38.90845 ], [ -77.16139, 38.90803 ], [ -77.16121, 38.90619 ], [ -77.15939, 38.90618 ], [ -77.15956, 38.90451 ], [ -77.15933, 38.90451 ], [ -77.15896, 38.90372 ], [ -77.17228, 38.89325 ], [ -77.1887, 38.89625 ], [ -77.18893, 38.89613 ], [ -77.19146, 38.89777 ], [ -77.19062, 38.89869 ], [ -77.19134, 38.8996 ], [ -77.19197, 38.89985 ], [ -77.19426, 38.89932 ], [ -77.19486, 38.8988 ], [ -77.19465, 38.89784 ], [ -77.19354, 38.89703 ], [ -77.19365, 38.89691 ], [ -77.19436, 38.89732 ] ] } },
{ "type": "Feature", "properties": { "year": 2026, "level": "ES", "name": "Chesterbrook" }, "geometry": { "type": "LineString", "coordinates": [ [ -77.15884, 38.90382 ], [ -77.15956, 38.90451 ], [ -77.15939, 38.90618 ], [ -77.16121, 38.90619 ], [ -77.16139, 38.90803 ], [ -77.16121, 38.90845 ], [ -77.16345, 38.90859 ], [ -77.1638, 38.91008 ], [ -77.16308, 38.91197 ], [ -77.16606, 38.91295 ], [ -77.16713, 38.91202 ], [ -77.16858, 38.91191 ], [ -77.1676, 38.91345 ], [ -77.16876, 38.91383 ], [ -77.16859, 38.91415 ], [ -77.16808, 38.91398 ], [ -77.16728, 38.91567 ], [ -77.16709, 38.91561 ], [ -77.16692, 38.91644 ], [ -77.16728, 38.91656 ], [ -77.16701, 38.91705 ], [ -77.16617, 38.91732 ], [ -77.1656, 38.91721 ], [ -77.16561, 38.9175 ], [ -77.16517, 38.91753 ], [ -77.16549, 38.91778 ], [ -77.16534, 38.91805 ], [ -77.16555, 38.91824 ], [ -77.16459, 38.91956 ], [ -77.16405, 38.91939 ], [ -77.1639, 38.91973 ], [ -77.17196, 38.92333 ], [ -77.17161, 38.92345 ], [ -77.1727, 38.92521 ], [ -77.17106, 38.92715 ], [ -77.17022, 38.92725 ], [ -77.17059, 38.92797 ], [ -77.16926, 38.92922 ], [ -77.16938, 38.92952 ], [ -77.16905, 38.9295 ], [ -77.16856, 38.93013 ], [ -77.16812, 38.92993 ], [ -77.16779, 38.9301 ], [ -77.16737, 38.93081 ], [ -77.16632, 38.9312 ], [ -77.16522, 38.93115 ], [ -77.16509, 38.93159 ], [ -77.16463, 38.93157 ], [ -77.16449, 38.93213 ], [ -77.16352, 38.93264 ], [ -77.16383, 38.93282 ], [ -77.16434, 38.93394 ], [ -77.16432, 38.93455 ], [ -77.16354, 38.93493 ], [ -77.16349, 38.93456 ], [ -77.16062, 38.93352 ], [ -77.16103, 38.93325 ], [ -77.15981, 38.93243 ], [ -77.15842, 38.93302 ], [ -77.1569, 38.93233 ], [ -77.15579, 38.93254 ], [ -77.15371, 38.93345 ], [ -77.15188, 38.93517 ], [ -77.15058, 38.93477 ], [ -77.15067, 38.93443 ], [ -77.14948, 38.93448 ], [ -77.14933, 38.9342 ], [ -77.14799, 38.93352 ], [ -77.14771, 38.93368 ], [ -77.14776, 38.93466 ], [ -77.14628, 38.93488 ], [ -77.1462, 38.93399 ], [ -77.14503, 38.93392 ], [ -77.14402, 38.93421 ], [ -77.14294, 38.93693 ], [ -77.14216, 38.93629 ], [ -77.14164, 38.93665 ], [ -77.14126, 38.93667 ], [ -77.14097, 38.93633 ], [ -77.14054, 38.93655 ], [ -77.1387, 38.93875 ], [ -77.13958, 38.93919 ], [ -77.13806, 38.94122 ], [ -77.13139, 38.93804 ], [ -77.13001, 38.94019 ], [ -77.12875, 38.94038 ], [ -77.12809, 38.9409 ], [ -77.12464, 38.93875 ], [ -77.11975, 38.93442 ], [ -77.15884, 38.90382 ] ] } },
{ "type": "Feature", "properties": { "year": 2026, "level": "ES", "name": "Kent Gardens" }, "geometry": { "type": "LineString", "coordinates": [ [ -77.173, 38.91181 ], [ -77.1777, 38.91142 ], [ -77.18378, 38.90902 ], [ -77.18454, 38.90903 ], [ -77.186, 38.90947 ], [ -77.1871, 38.90944 ], [ -77.18729, 38.91083 ], [ -77.18789, 38.91206 ], [ -77.19205, 38.91651 ], [ -77.19655, 38.92332 ], [ -77.19498, 38.92423 ], [ -77.19475, 38.92381 ], [ -77.19297, 38.92396 ], [ -77.19311, 38.92428 ], [ -77.19255, 38.92441 ], [ -77.19213, 38.9244 ], [ -77.19216, 38.92404 ], [ -77.19169, 38.92408 ], [ -77.19134, 38.92506 ], [ -77.19164, 38.92529 ], [ -77.18991, 38.92493 ], [ -77.18986, 38.9252 ], [ -77.18701, 38.92555 ], [ -77.18702, 38.92525 ], [ -77.18382, 38.92552 ], [ -77.18366, 38.92675 ], [ -77.18296, 38.92692 ], [ -77.18465, 38.92979 ], [ -77.18081, 38.93134 ], [ -77.17942, 38.92837 ], [ -77.17931, 38.92851 ], [ -77.17851, 38.92818 ], [ -77.17711, 38.92815 ], [ -77.17719, 38.92858 ], [ -77.17689, 38.92858 ], [ -77.17693, 38.92816 ], [ -77.17383, 38.92814 ], [ -77.17445, 38.92531 ], [ -77.17267, 38.92512 ], [ -77.17161, 38.92345 ], [ -77.17196, 38.92333 ], [ -77.1639, 38.91973 ], [ -77.16405, 38.91939 ], [ -77.16459, 38.91956 ], [ -77.16555, 38.91824 ], [ -77.16534, 38.91805 ], [ -77.16549, 38.91778 ], [ -77.16517, 38.91753 ], [ -77.16561, 38.9175 ], [ -77.1656, 38.91721 ], [ -77.16617, 38.91732 ], [ -77.16701, 38.91705 ], [ -77.16728, 38.91656 ], [ -77.16692, 38.91644 ], [ -77.16709, 38.91561 ], [ -77.16728, 38.91567 ], [ -77.16808, 38.91398 ], [ -77.16859, 38.91415 ], [ -77.16876, 38.91383 ], [ -77.1676, 38.91345 ], [ -77.16858, 38.91191 ], [ -77.1702, 38.91213 ], [ -77.173, 38.91181 ] ] } },
{ "type": "Feature", "properties": { "year": 2026, "level": "ES", "name": "Wolftrap" }, "geometry": { "type": "LineString", "coordinates": [ [ -77.25913, 38.91573 ], [ -77.26026, 38.91465 ], [ -77.26012, 38.91441 ], [ -77.26045, 38.91434 ], [ -77.25984, 38.91395 ], [ -77.26527, 38.90915 ], [ -77.2656, 38.90941 ], [ -77.26665, 38.90858 ], [ -77.26913, 38.91074 ], [ -77.27105, 38.90926 ], [ -77.27058, 38.90872 ], [ -77.27129, 38.90817 ], [ -77.27883, 38.91489 ], [ -77.28297, 38.91763 ], [ -77.284, 38.91862 ], [ -77.28526, 38.92036 ], [ -77.28726, 38.92453 ], [ -77.28886, 38.92636 ], [ -77.29093, 38.92771 ], [ -77.29865, 38.93127 ], [ -77.29838, 38.93142 ], [ -77.29803, 38.93129 ], [ -77.29726, 38.93172 ], [ -77.29616, 38.93174 ], [ -77.29531, 38.93282 ], [ -77.29541, 38.93322 ], [ -77.29376, 38.93348 ], [ -77.29397, 38.9342 ], [ -77.29335, 38.93531 ], [ -77.29398, 38.93576 ], [ -77.29434, 38.93571 ], [ -77.29469, 38.93651 ], [ -77.29544, 38.93687 ], [ -77.29562, 38.93724 ], [ -77.29715, 38.93795 ], [ -77.29731, 38.93854 ], [ -77.29823, 38.93936 ], [ -77.2983, 38.94012 ], [ -77.29742, 38.94017 ], [ -77.29624, 38.94196 ], [ -77.29537, 38.94167 ], [ -77.29492, 38.94244 ], [ -77.29404, 38.94231 ], [ -77.29398, 38.94275 ], [ -77.29344, 38.94293 ], [ -77.2934, 38.94378 ], [ -77.29291, 38.94423 ], [ -77.29294, 38.94546 ], [ -77.28833, 38.94344 ], [ -77.28579, 38.94264 ], [ -77.28244, 38.94207 ], [ -77.27629, 38.9416 ], [ -77.27354, 38.94087 ], [ -77.27125, 38.93961 ], [ -77.26545, 38.9346 ], [ -77.26202, 38.93291 ], [ -77.25973, 38.93236 ], [ -77.25726, 38.93211 ], [ -77.25259, 38.93257 ], [ -77.25171, 38.93098 ], [ -77.25106, 38.93059 ], [ -77.25098, 38.92933 ], [ -77.25157, 38.92914 ], [ -77.25184, 38.92963 ], [ -77.25257, 38.9294 ], [ -77.25327, 38.93071 ], [ -77.25805, 38.929 ], [ -77.25838, 38.93001 ], [ -77.25897, 38.92948 ], [ -77.25979, 38.9305 ], [ -77.26432, 38.92831 ], [ -77.26437, 38.92737 ], [ -77.26538, 38.92587 ], [ -77.2639, 38.92515 ], [ -77.26526, 38.92246 ], [ -77.26508, 38.92146 ], [ -77.26438, 38.92011 ], [ -77.26268, 38.91807 ], [ -77.26242, 38.91811 ], [ -77.26217, 38.91775 ], [ -77.26186, 38.91787 ], [ -77.26198, 38.91743 ], [ -77.26158, 38.91736 ], [ -77.26149, 38.91667 ], [ -77.26083, 38.91647 ], [ -77.26093, 38.9163 ], [ -77.26041, 38.91587 ], [ -77.25991, 38.91603 ], [ -77.25913, 38.91573 ] ] } },
{ "type": "Feature", "properties": { "year": 2026, "level": "ES", "name": "Westbriar" }, "geometry": { "type": "MultiLineString", "coordinates": [ [ [ -77.25779, 38.9075 ], [ -77.25797, 38.90815 ], [ -77.25721, 38.909 ], [ -77.25694, 38.91031 ], [ -77.25604, 38.91102 ], [ -77.25678, 38.91158 ], [ -77.25693, 38.91369 ], [ -77.25866, 38.91547 ], [ -77.25991, 38.91603 ], [ -77.26041, 38.91587 ], [ -77.26093, 38.9163 ], [ -77.26083, 38.91647 ], [ -77.26152, 38.91669 ], [ -77.26158, 38.91736 ], [ -77.26198, 38.91743 ], [ -77.26186, 38.91787 ], [ -77.26217, 38.91775 ], [ -77.26242, 38.91811 ], [ -77.26268, 38.91807 ], [ -77.26438, 38.92011 ], [ -77.26526, 38.92237 ], [ -77.2639, 38.92512 ], [ -77.26538, 38.92587 ], [ -77.26437, 38.92737 ], [ -77.26432, 38.92831 ], [ -77.25979, 38.9305 ], [ -77.25897, 38.92948 ], [ -77.25838, 38.93001 ], [ -77.25805, 38.929 ], [ -77.25327, 38.93071 ], [ -77.25257, 38.9294 ], [ -77.25184, 38.92963 ], [ -77.25157, 38.92914 ], [ -77.25098, 38.92933 ], [ -77.25106, 38.93059 ], [ -77.25171, 38.93098 ], [ -77.25259, 38.93257 ], [ -77.24647, 38.93414 ], [ -77.23649, 38.92387 ], [ -77.23233, 38.92588 ], [ -77.2283, 38.92847 ], [ -77.22733, 38.92874 ], [ -77.22537, 38.92878 ], [ -77.22292, 38.92792 ], [ -77.21773, 38.92418 ], [ -77.21782, 38.92371 ], [ -77.21906, 38.92283 ], [ -77.22179, 38.92207 ], [ -77.22171, 38.92032 ], [ -77.21924, 38.92061 ], [ -77.21611, 38.92182 ], [ -77.21764, 38.91648 ], [ -77.21788, 38.91063 ], [ -77.22525, 38.91483 ], [ -77.23136, 38.919 ], [ -77.23459, 38.91746 ], [ -77.24046, 38.91537 ], [ -77.25012, 38.91097 ], [ -77.25439, 38.91015 ], [ -77.25779, 38.9075 ] ], [ [ -77.28531, 38.95845 ], [ -77.28529, 38.95817 ], [ -77.28484, 38.95817 ], [ -77.28485, 38.95861 ], [ -77.28415, 38.95847 ], [ -77.28321, 38.95929 ], [ -77.28046, 38.95907 ], [ -77.28128, 38.95791 ], [ -77.27672, 38.957 ], [ -77.27868, 38.95446 ], [ -77.28194, 38.95218 ], [ -77.2838, 38.95153 ], [ -77.28449, 38.95072 ], [ -77.28309, 38.9502 ], [ -77.28159, 38.95042 ], [ -77.28098, 38.94956 ], [ -77.28143, 38.94777 ], [ -77.28001, 38.94737 ], [ -77.2798, 38.94773 ], [ -77.2795, 38.94772 ], [ -77.27956, 38.9472 ], [ -77.27927, 38.94698 ], [ -77.27946, 38.94646 ], [ -77.27821, 38.94657 ], [ -77.27782, 38.94632 ], [ -77.27655, 38.94627 ], [ -77.27618, 38.94602 ], [ -77.27618, 38.94529 ], [ -77.27577, 38.94504 ], [ -77.27565, 38.94449 ], [ -77.27469, 38.9445 ], [ -77.27373, 38.94415 ], [ -77.27287, 38.94314 ], [ -77.27283, 38.94265 ], [ -77.27235, 38.94279 ], [ -77.27253, 38.9421 ], [ -77.27185, 38.94166 ], [ -77.27265, 38.94047 ], [ -77.27604, 38.94156 ], [ -77.28244, 38.94207 ], [ -77.28626, 38.94276 ], [ -77.28833, 38.94344 ], [ -77.29397, 38.94586 ], [ -77.29804, 38.94708 ], [ -77.29834, 38.95532 ], [ -77.29501, 38.95498 ], [ -77.29326, 38.95454 ], [ -77.29204, 38.95398 ], [ -77.29136, 38.95326 ], [ -77.29031, 38.95398 ], [ -77.291, 38.95764 ], [ -77.29157, 38.95784 ], [ -77.29124, 38.95877 ], [ -77.29153, 38.95932 ], [ -77.29068, 38.95969 ], [ -77.28726, 38.95976 ], [ -77.28535, 38.95911 ], [ -77.28531, 38.95845 ] ] ] } },
{ "type": "Feature", "properties": { "year": 2026, "level": "ES", "name": "Oakton" }, "geometry": { "type": "LineString", "coordinates": [ [ -77.30906, 38.86866 ], [ -77.30906, 38.87122 ], [ -77.30841, 38.87358 ], [ -77.30764, 38.87512 ], [ -77.30586, 38.87711 ], [ -77.3065, 38.87732 ], [ -77.30685, 38.87819 ], [ -77.30774, 38.87827 ], [ -77.30794, 38.87931 ], [ -77.30898, 38.8793 ], [ -77.30973, 38.87901 ], [ -77.31002, 38.87917 ], [ -77.31255, 38.87902 ], [ -77.31279, 38.87961 ], [ -77.3124, 38.87969 ], [ -77.31473, 38.88072 ], [ -77.3179, 38.88307 ], [ -77.31683, 38.88408 ], [ -77.31788, 38.88486 ], [ -77.31699, 38.88604 ], [ -77.31805, 38.88685 ], [ -77.31615, 38.88886 ], [ -77.31806, 38.88953 ], [ -77.31806, 38.89035 ], [ -77.31887, 38.89093 ], [ -77.31872, 38.89244 ], [ -77.3204, 38.89294 ], [ -77.32328, 38.89137 ], [ -77.32537, 38.89228 ], [ -77.32197, 38.89476 ], [ -77.32018, 38.89566 ], [ -77.31996, 38.89679 ], [ -77.31965, 38.89713 ], [ -77.31974, 38.89768 ], [ -77.32015, 38.89778 ], [ -77.31952, 38.89895 ], [ -77.31871, 38.8992 ], [ -77.31868, 38.89965 ], [ -77.31825, 38.8999 ], [ -77.31662, 38.89912 ], [ -77.31703, 38.89813 ], [ -77.31682, 38.89804 ], [ -77.3164, 38.89864 ], [ -77.31629, 38.9027 ], [ -77.31862, 38.90366 ], [ -77.31978, 38.9034 ], [ -77.32106, 38.9035 ], [ -77.31881, 38.90805 ], [ -77.31856, 38.90923 ], [ -77.31866, 38.91078 ], [ -77.31811, 38.91184 ], [ -77.31797, 38.91336 ], [ -77.31805, 38.91363 ], [ -77.31836, 38.91366 ], [ -77.31805, 38.91417 ], [ -77.31939, 38.9165 ], [ -77.31745, 38.91691 ], [ -77.31702, 38.91683 ], [ -77.31678, 38.91704 ], [ -77.31627, 38.91694 ], [ -77.31637, 38.91837 ], [ -77.31671, 38.91916 ], [ -77.3172, 38.91952 ], [ -77.31696, 38.91976 ], [ -77.3167, 38.91962 ], [ -77.31691, 38.92006 ], [ -77.31634, 38.92046 ], [ -77.31633, 38.92074 ], [ -77.31577, 38.92096 ], [ -77.31538, 38.92072 ], [ -77.31442, 38.92105 ], [ -77.31398, 38.92097 ], [ -77.31369, 38.92219 ], [ -77.31286, 38.92321 ], [ -77.31247, 38.92361 ], [ -77.31204, 38.92342 ], [ -77.31171, 38.92408 ], [ -77.31078, 38.92468 ], [ -77.31085, 38.9252 ], [ -77.31011, 38.9252 ], [ -77.31032, 38.9255 ], [ -77.30988, 38.92569 ], [ -77.30988, 38.92611 ], [ -77.30959, 38.92633 ], [ -77.30967, 38.92655 ], [ -77.31015, 38.92657 ], [ -77.30967, 38.92696 ], [ -77.31004, 38.92741 ], [ -77.30939, 38.92829 ], [ -77.31034, 38.92921 ], [ -77.31058, 38.92982 ], [ -77.30926, 38.93023 ], [ -77.30792, 38.93036 ], [ -77.30512, 38.92994 ], [ -77.30484, 38.93154 ], [ -77.30501, 38.9325 ], [ -77.30749, 38.93341 ], [ -77.3108, 38.93548 ], [ -77.30994, 38.93731 ], [ -77.31271, 38.94258 ], [ -77.30928, 38.94247 ], [ -77.30678, 38.93975 ], [ -77.30627, 38.93979 ], [ -77.30606, 38.94203 ], [ -77.30443, 38.94251 ], [ -77.30403, 38.94374 ], [ -77.29882, 38.94507 ], [ -77.29629, 38.94181 ], [ -77.29742, 38.94017 ], [ -77.2983, 38.94012 ], [ -77.29823, 38.93936 ], [ -77.29731, 38.93854 ], [ -77.29715, 38.93795 ], [ -77.29562, 38.93724 ], [ -77.29544, 38.93687 ], [ -77.29469, 38.93651 ], [ -77.29434, 38.93571 ], [ -77.29398, 38.93576 ], [ -77.29334, 38.93517 ], [ -77.29365, 38.935 ], [ -77.29397, 38.9342 ], [ -77.29376, 38.93348 ], [ -77.29541, 38.93322 ], [ -77.29531, 38.93282 ], [ -77.29616, 38.93174 ], [ -77.29726, 38.93172 ], [ -77.29803, 38.93129 ], [ -77.29838, 38.93142 ], [ -77.29865, 38.93127 ], [ -77.28992, 38.92714 ], [ -77.28804, 38.92557 ], [ -77.2868, 38.92367 ], [ -77.29255, 38.92386 ], [ -77.29526, 38.9245 ], [ -77.29637, 38.9235 ], [ -77.303, 38.92513 ], [ -77.30309, 38.92465 ], [ -77.30258, 38.92397 ], [ -77.30287, 38.9236 ], [ -77.30248, 38.9224 ], [ -77.30199, 38.9224 ], [ -77.30224, 38.92198 ], [ -77.30194, 38.92157 ], [ -77.30185, 38.92009 ], [ -77.30149, 38.91996 ], [ -77.30147, 38.91953 ], [ -77.30248, 38.91821 ], [ -77.30284, 38.91649 ], [ -77.30139, 38.917 ], [ -77.30137, 38.91657 ], [ -77.30036, 38.9153 ], [ -77.3005, 38.91301 ], [ -77.29471, 38.91273 ], [ -77.29454, 38.91105 ], [ -77.2975, 38.91077 ], [ -77.29726, 38.90947 ], [ -77.29896, 38.90876 ], [ -77.29795, 38.90783 ], [ -77.29936, 38.90673 ], [ -77.30051, 38.90502 ], [ -77.30111, 38.90472 ], [ -77.30166, 38.90476 ], [ -77.30202, 38.90442 ], [ -77.30208, 38.90367 ], [ -77.30266, 38.90336 ], [ -77.30338, 38.90339 ], [ -77.30352, 38.90192 ], [ -77.29973, 38.90015 ], [ -77.30007, 38.89964 ], [ -77.29816, 38.89864 ], [ -77.29922, 38.89809 ], [ -77.30093, 38.89632 ], [ -77.30009, 38.89561 ], [ -77.30102, 38.89515 ], [ -77.29425, 38.88938 ], [ -77.2933, 38.88545 ], [ -77.29251, 38.88614 ], [ -77.29264, 38.88649 ], [ -77.29232, 38.88678 ], [ -77.29286, 38.88696 ], [ -77.29289, 38.88722 ], [ -77.29171, 38.88786 ], [ -77.28913, 38.8843 ], [ -77.29311, 38.88281 ], [ -77.29316, 38.88186 ], [ -77.29288, 38.88189 ], [ -77.29251, 38.88138 ], [ -77.29262, 38.88033 ], [ -77.29033, 38.87677 ], [ -77.28851, 38.87711 ], [ -77.28823, 38.87618 ], [ -77.28766, 38.87615 ], [ -77.28767, 38.87597 ], [ -77.28841, 38.87318 ], [ -77.29587, 38.87108 ], [ -77.30906, 38.86866 ] ] } },
{ "type": "Feature", "properties": { "year": 2026, "level": "ES", "name": "Mosaic" }, "geometry": { "type": "LineString", "coordinates": [ [ -77.27331, 38.86708 ], [ -77.27429, 38.86606 ], [ -77.27886, 38.86629 ], [ -77.27867, 38.86657 ], [ -77.29162, 38.86745 ], [ -77.29064, 38.871 ], [ -77.29187, 38.8711 ], [ -77.29268, 38.87193 ], [ -77.28841, 38.87318 ], [ -77.28766, 38.87615 ], [ -77.28823, 38.87618 ], [ -77.28851, 38.87711 ], [ -77.29033, 38.87677 ], [ -77.29262, 38.88033 ], [ -77.29251, 38.88138 ], [ -77.29288, 38.88189 ], [ -77.29316, 38.88186 ], [ -77.29311, 38.88281 ], [ -77.28574, 38.88563 ], [ -77.2846, 38.88624 ], [ -77.28406, 38.88551 ], [ -77.2844, 38.88529 ], [ -77.28357, 38.88422 ], [ -77.28067, 38.88556 ], [ -77.28053, 38.8851 ], [ -77.27977, 38.88528 ], [ -77.27972, 38.88485 ], [ -77.2785, 38.88495 ], [ -77.27825, 38.88256 ], [ -77.27464, 38.88258 ], [ -77.27367, 38.88168 ], [ -77.27448, 38.88131 ], [ -77.27491, 38.88055 ], [ -77.27448, 38.87916 ], [ -77.27491, 38.87694 ], [ -77.26985, 38.87779 ], [ -77.26971, 38.8766 ], [ -77.27059, 38.87692 ], [ -77.2725, 38.87671 ], [ -77.27358, 38.87557 ], [ -77.27518, 38.87565 ], [ -77.27531, 38.87488 ], [ -77.2746, 38.87369 ], [ -77.27375, 38.8733 ], [ -77.2723, 38.87363 ], [ -77.27169, 38.87348 ], [ -77.26954, 38.87018 ], [ -77.27082, 38.86892 ], [ -77.27331, 38.86708 ] ] } },
{ "type": "Feature", "properties": { "year": 2026, "level": "ES", "name": "Marshall Road" }, "geometry": { "type": "LineString", "coordinates": [ [ -77.26446, 38.87075 ], [ -77.26412, 38.86954 ], [ -77.26552, 38.86948 ], [ -77.26559, 38.86979 ], [ -77.26693, 38.86961 ], [ -77.26666, 38.86757 ], [ -77.26766, 38.86769 ], [ -77.26717, 38.86494 ], [ -77.27034, 38.86487 ], [ -77.27063, 38.86584 ], [ -77.27152, 38.86656 ], [ -77.27305, 38.86585 ], [ -77.27386, 38.86664 ], [ -77.27082, 38.86892 ], [ -77.26954, 38.87018 ], [ -77.27169, 38.87348 ], [ -77.2723, 38.87363 ], [ -77.27375, 38.8733 ], [ -77.2746, 38.87369 ], [ -77.27531, 38.87488 ], [ -77.27518, 38.87565 ], [ -77.27358, 38.87557 ], [ -77.2725, 38.87671 ], [ -77.27059, 38.87692 ], [ -77.26971, 38.8766 ], [ -77.26985, 38.87779 ], [ -77.27491, 38.87694 ], [ -77.27448, 38.87916 ], [ -77.27491, 38.88055 ], [ -77.27448, 38.88131 ], [ -77.27367, 38.88168 ], [ -77.27464, 38.88258 ], [ -77.27825, 38.88256 ], [ -77.2785, 38.88495 ], [ -77.27972, 38.88485 ], [ -77.27977, 38.88528 ], [ -77.28053, 38.8851 ], [ -77.28067, 38.88556 ], [ -77.28357, 38.88422 ], [ -77.2844, 38.88529 ], [ -77.28406, 38.88551 ], [ -77.2846, 38.88624 ], [ -77.26748, 38.89977 ], [ -77.26647, 38.89757 ], [ -77.26805, 38.89231 ], [ -77.2657, 38.89397 ], [ -77.26484, 38.89321 ], [ -77.26551, 38.8928 ], [ -77.26527, 38.89255 ], [ -77.26491, 38.89277 ], [ -77.26319, 38.89062 ], [ -77.26292, 38.89078 ], [ -77.26253, 38.8904 ], [ -77.26205, 38.89069 ], [ -77.26157, 38.8902 ], [ -77.26084, 38.89064 ], [ -77.26127, 38.89106 ], [ -77.26087, 38.89142 ], [ -77.26028, 38.89168 ], [ -77.25998, 38.89109 ], [ -77.2595, 38.8912 ], [ -77.25911, 38.88993 ], [ -77.25746, 38.88828 ], [ -77.255, 38.88714 ], [ -77.25311, 38.88523 ], [ -77.25313, 38.8845 ], [ -77.25352, 38.88408 ], [ -77.25327, 38.88314 ], [ -77.25217, 38.88177 ], [ -77.25217, 38.88125 ], [ -77.25312, 38.87918 ], [ -77.25286, 38.87911 ], [ -77.2672, 38.87819 ], [ -77.26215, 38.87269 ], [ -77.26211, 38.87234 ], [ -77.26438, 38.87194 ], [ -77.26446, 38.87075 ] ] } },
{ "type": "Feature", "properties": { "year": 2026, "level": "ES", "name": "Vienna" }, "geometry": { "type": "LineString", "coordinates": [ [ -77.26157, 38.8902 ], [ -77.26205, 38.89069 ], [ -77.26253, 38.8904 ], [ -77.26292, 38.89078 ], [ -77.26319, 38.89062 ], [ -77.26338, 38.89079 ], [ -77.26425, 38.89172 ], [ -77.264, 38.89186 ], [ -77.26491, 38.89277 ], [ -77.26527, 38.89255 ], [ -77.26551, 38.8928 ], [ -77.26484, 38.89321 ], [ -77.2657, 38.89397 ], [ -77.26805, 38.89231 ], [ -77.26752, 38.8935 ], [ -77.26649, 38.89787 ], [ -77.26748, 38.89977 ], [ -77.2699, 38.90331 ], [ -77.26933, 38.90377 ], [ -77.26946, 38.90404 ], [ -77.27042, 38.9048 ], [ -77.26921, 38.90634 ], [ -77.27129, 38.90817 ], [ -77.27058, 38.90872 ], [ -77.27105, 38.90926 ], [ -77.26913, 38.91074 ], [ -77.26665, 38.90858 ], [ -77.2656, 38.90941 ], [ -77.26527, 38.90915 ], [ -77.25984, 38.91395 ], [ -77.26045, 38.91434 ], [ -77.26012, 38.91441 ], [ -77.26026, 38.91465 ], [ -77.25913, 38.91573 ], [ -77.25798, 38.91495 ], [ -77.25776, 38.91443 ], [ -77.25693, 38.91369 ], [ -77.25678, 38.91158 ], [ -77.25604, 38.91102 ], [ -77.25694, 38.91031 ], [ -77.25721, 38.909 ], [ -77.25797, 38.90815 ], [ -77.25779, 38.9075 ], [ -77.25416, 38.91025 ], [ -77.25012, 38.91097 ], [ -77.25002, 38.91066 ], [ -77.24924, 38.91076 ], [ -77.24535, 38.9102 ], [ -77.24442, 38.90946 ], [ -77.2434, 38.90921 ], [ -77.24477, 38.90586 ], [ -77.24423, 38.90603 ], [ -77.24328, 38.90544 ], [ -77.2424, 38.90446 ], [ -77.24166, 38.90448 ], [ -77.24068, 38.904 ], [ -77.24054, 38.90419 ], [ -77.2399, 38.90399 ], [ -77.23943, 38.90423 ], [ -77.23934, 38.9018 ], [ -77.23673, 38.90138 ], [ -77.23779, 38.90099 ], [ -77.23747, 38.90029 ], [ -77.23749, 38.89935 ], [ -77.23892, 38.89946 ], [ -77.23958, 38.89824 ], [ -77.23876, 38.89809 ], [ -77.23959, 38.89637 ], [ -77.24204, 38.8974 ], [ -77.24689, 38.90054 ], [ -77.2488, 38.90119 ], [ -77.25099, 38.90154 ], [ -77.25162, 38.89991 ], [ -77.25489, 38.89738 ], [ -77.25293, 38.89588 ], [ -77.25385, 38.89515 ], [ -77.25422, 38.89544 ], [ -77.25512, 38.89479 ], [ -77.25769, 38.89275 ], [ -77.25758, 38.89263 ], [ -77.25803, 38.89236 ], [ -77.25773, 38.89207 ], [ -77.25808, 38.89182 ], [ -77.25835, 38.89209 ], [ -77.2592, 38.89172 ], [ -77.25899, 38.89137 ], [ -77.25998, 38.89109 ], [ -77.26028, 38.89168 ], [ -77.26087, 38.89142 ], [ -77.26127, 38.89106 ], [ -77.26084, 38.89064 ], [ -77.26157, 38.8902 ] ] } },
{ "type": "Feature", "properties": { "year": 2026, "level": "ES", "name": "Flint Hill" }, "geometry": { "type": "MultiLineString", "coordinates": [ [ [ -77.32106, 38.9035 ], [ -77.31978, 38.9034 ], [ -77.31862, 38.90366 ], [ -77.31629, 38.9027 ], [ -77.3164, 38.89864 ], [ -77.31682, 38.89804 ], [ -77.31703, 38.89813 ], [ -77.31662, 38.89912 ], [ -77.31825, 38.8999 ], [ -77.31868, 38.89965 ], [ -77.31871, 38.8992 ], [ -77.31952, 38.89895 ], [ -77.32015, 38.89778 ], [ -77.31974, 38.89768 ], [ -77.31965, 38.89713 ], [ -77.31996, 38.89679 ], [ -77.32018, 38.89566 ], [ -77.32197, 38.89476 ], [ -77.3246, 38.89297 ], [ -77.32537, 38.89219 ], [ -77.3279, 38.89308 ], [ -77.32818, 38.89457 ], [ -77.32908, 38.8947 ], [ -77.32921, 38.8967 ], [ -77.33504, 38.89616 ], [ -77.33753, 38.8983 ], [ -77.34111, 38.89637 ], [ -77.34422, 38.89983 ], [ -77.34619, 38.89904 ], [ -77.34605, 38.90013 ], [ -77.34924, 38.90064 ], [ -77.35194, 38.89936 ], [ -77.35261, 38.90021 ], [ -77.35072, 38.90081 ], [ -77.35152, 38.90137 ], [ -77.35089, 38.90246 ], [ -77.35089, 38.90323 ], [ -77.35194, 38.90312 ], [ -77.35198, 38.90372 ], [ -77.35167, 38.90396 ], [ -77.35199, 38.90417 ], [ -77.35256, 38.90372 ], [ -77.35315, 38.90358 ], [ -77.35242, 38.90308 ], [ -77.35445, 38.90178 ], [ -77.35574, 38.90234 ], [ -77.35617, 38.90202 ], [ -77.3603, 38.90778 ], [ -77.35632, 38.90971 ], [ -77.35505, 38.91062 ], [ -77.35418, 38.90978 ], [ -77.3521, 38.91136 ], [ -77.35185, 38.91118 ], [ -77.34829, 38.9128 ], [ -77.34533, 38.91707 ], [ -77.33858, 38.91625 ], [ -77.33808, 38.91576 ], [ -77.33712, 38.91606 ], [ -77.33646, 38.9154 ], [ -77.33342, 38.91632 ], [ -77.33388, 38.91728 ], [ -77.33261, 38.91814 ], [ -77.3333, 38.91922 ], [ -77.33104, 38.9199 ], [ -77.33049, 38.91913 ], [ -77.32914, 38.92038 ], [ -77.3285, 38.92068 ], [ -77.32751, 38.9194 ], [ -77.32608, 38.92038 ], [ -77.32553, 38.91968 ], [ -77.32492, 38.91942 ], [ -77.32587, 38.91874 ], [ -77.32533, 38.9183 ], [ -77.32494, 38.91897 ], [ -77.32398, 38.91907 ], [ -77.32366, 38.91929 ], [ -77.3238, 38.91947 ], [ -77.32343, 38.91955 ], [ -77.32348, 38.91989 ], [ -77.32315, 38.91976 ], [ -77.32268, 38.92018 ], [ -77.323, 38.92051 ], [ -77.32282, 38.92065 ], [ -77.32303, 38.92121 ], [ -77.32256, 38.92144 ], [ -77.32279, 38.92187 ], [ -77.32244, 38.92211 ], [ -77.31865, 38.92188 ], [ -77.31789, 38.92229 ], [ -77.3175, 38.92216 ], [ -77.31942, 38.91767 ], [ -77.31736, 38.91687 ], [ -77.31941, 38.91646 ], [ -77.3185, 38.91524 ], [ -77.31846, 38.9146 ], [ -77.31805, 38.91417 ], [ -77.31836, 38.91366 ], [ -77.31805, 38.91363 ], [ -77.31797, 38.91336 ], [ -77.31811, 38.91184 ], [ -77.31866, 38.91078 ], [ -77.31856, 38.90923 ], [ -77.31881, 38.90805 ], [ -77.32106, 38.9035 ] ], [ [ -77.28913, 38.8843 ], [ -77.29171, 38.88786 ], [ -77.29289, 38.88722 ], [ -77.29286, 38.88696 ], [ -77.29232, 38.88678 ], [ -77.29264, 38.88649 ], [ -77.29251, 38.88614 ], [ -77.2933, 38.88545 ], [ -77.29425, 38.88938 ], [ -77.30102, 38.89515 ], [ -77.30009, 38.89561 ], [ -77.30093, 38.89632 ], [ -77.29922, 38.89809 ], [ -77.29816, 38.89864 ], [ -77.30007, 38.89964 ], [ -77.29973, 38.90015 ], [ -77.30352, 38.90192 ], [ -77.30338, 38.90339 ], [ -77.30266, 38.90336 ], [ -77.30208, 38.90367 ], [ -77.30202, 38.90442 ], [ -77.30166, 38.90476 ], [ -77.30111, 38.90472 ], [ -77.30051, 38.90502 ], [ -77.29936, 38.90673 ], [ -77.29795, 38.90783 ], [ -77.29896, 38.90876 ], [ -77.29726, 38.90947 ], [ -77.2975, 38.91077 ], [ -77.29454, 38.91105 ], [ -77.29471, 38.91273 ], [ -77.3005, 38.91301 ], [ -77.30036, 38.9153 ], [ -77.30137, 38.91657 ], [ -77.30139, 38.917 ], [ -77.30284, 38.91649 ], [ -77.30248, 38.91821 ], [ -77.30147, 38.91953 ], [ -77.30149, 38.91996 ], [ -77.30185, 38.92009 ], [ -77.30194, 38.92157 ], [ -77.30224, 38.92198 ], [ -77.30199, 38.9224 ], [ -77.30248, 38.9224 ], [ -77.30287, 38.9236 ], [ -77.30258, 38.92397 ], [ -77.30309, 38.92465 ], [ -77.303, 38.92513 ], [ -77.29637, 38.9235 ], [ -77.29526, 38.9245 ], [ -77.29255, 38.92386 ], [ -77.2868, 38.92367 ], [ -77.28515, 38.92017 ], [ -77.28361, 38.91824 ], [ -77.28421, 38.91651 ], [ -77.28398, 38.91574 ], [ -77.28491, 38.91475 ], [ -77.28642, 38.91511 ], [ -77.28718, 38.91473 ], [ -77.28786, 38.91184 ], [ -77.28613, 38.91063 ], [ -77.28765, 38.90768 ], [ -77.2878, 38.90687 ], [ -77.28588, 38.90403 ], [ -77.28597, 38.9034 ], [ -77.2857, 38.90302 ], [ -77.28601, 38.90217 ], [ -77.28455, 38.90161 ], [ -77.28428, 38.90238 ], [ -77.28408, 38.90232 ], [ -77.28387, 38.90268 ], [ -77.28254, 38.90234 ], [ -77.28002, 38.90417 ], [ -77.27776, 38.90203 ], [ -77.27748, 38.90219 ], [ -77.27744, 38.90166 ], [ -77.27836, 38.90135 ], [ -77.27822, 38.90106 ], [ -77.27876, 38.90104 ], [ -77.27939, 38.90067 ], [ -77.27963, 38.90092 ], [ -77.2828, 38.89913 ], [ -77.28191, 38.89816 ], [ -77.28221, 38.89799 ], [ -77.28166, 38.89741 ], [ -77.27958, 38.89842 ], [ -77.27914, 38.8979 ], [ -77.27717, 38.89798 ], [ -77.27707, 38.89726 ], [ -77.27759, 38.89684 ], [ -77.2769, 38.89631 ], [ -77.27952, 38.89455 ], [ -77.27716, 38.89216 ], [ -77.28482, 38.88609 ], [ -77.28913, 38.8843 ] ] ] } },
{ "type": "Feature", "properties": { "year": 2026, "level": "ES", "name": "Stenwood" }, "geometry": { "type": "LineString", "coordinates": [ [ -77.23867, 38.88012 ], [ -77.23721, 38.88321 ], [ -77.23814, 38.88321 ], [ -77.23845, 38.883 ], [ -77.23977, 38.88524 ], [ -77.23934, 38.88565 ], [ -77.23669, 38.88471 ], [ -77.23572, 38.88601 ], [ -77.23856, 38.88703 ], [ -77.23707, 38.88886 ], [ -77.23634, 38.88861 ], [ -77.23611, 38.88874 ], [ -77.23586, 38.892 ], [ -77.23606, 38.8921 ], [ -77.23527, 38.89211 ], [ -77.23518, 38.89283 ], [ -77.23585, 38.89295 ], [ -77.23484, 38.89512 ], [ -77.23959, 38.89637 ], [ -77.23876, 38.89809 ], [ -77.23958, 38.89824 ], [ -77.23892, 38.89946 ], [ -77.23749, 38.89935 ], [ -77.23747, 38.90029 ], [ -77.23779, 38.90099 ], [ -77.23673, 38.90138 ], [ -77.23934, 38.9018 ], [ -77.23943, 38.90423 ], [ -77.23901, 38.90435 ], [ -77.2374, 38.90356 ], [ -77.23703, 38.90308 ], [ -77.23582, 38.90522 ], [ -77.23446, 38.90454 ], [ -77.23494, 38.9035 ], [ -77.23324, 38.90279 ], [ -77.23353, 38.90242 ], [ -77.23294, 38.90213 ], [ -77.23316, 38.90152 ], [ -77.23284, 38.90136 ], [ -77.23233, 38.90154 ], [ -77.23161, 38.90361 ], [ -77.23024, 38.90312 ], [ -77.23006, 38.90348 ], [ -77.22908, 38.90313 ], [ -77.22853, 38.90402 ], [ -77.22689, 38.90341 ], [ -77.2253, 38.90675 ], [ -77.2222, 38.90616 ], [ -77.22278, 38.90402 ], [ -77.21865, 38.90336 ], [ -77.2183, 38.90467 ], [ -77.21782, 38.90459 ], [ -77.21728, 38.90664 ], [ -77.21509, 38.89965 ], [ -77.21497, 38.8976 ], [ -77.21536, 38.89539 ], [ -77.21736, 38.89147 ], [ -77.22124, 38.88755 ], [ -77.22238, 38.88497 ], [ -77.22472, 38.8842 ], [ -77.22482, 38.88167 ], [ -77.22538, 38.88162 ], [ -77.22541, 38.88025 ], [ -77.22761, 38.88 ], [ -77.22754, 38.88156 ], [ -77.22803, 38.88318 ], [ -77.23867, 38.88012 ] ] } },
{ "type": "Feature", "properties": { "year": 2026, "level": "ES", "name": "Cunningham Park" }, "geometry": { "type": "LineString", "coordinates": [ [ -77.25286, 38.87911 ], [ -77.25312, 38.87918 ], [ -77.25217, 38.88125 ], [ -77.25217, 38.88177 ], [ -77.25327, 38.88314 ], [ -77.25352, 38.88408 ], [ -77.25313, 38.8845 ], [ -77.25311, 38.88523 ], [ -77.255, 38.88714 ], [ -77.25746, 38.88828 ], [ -77.25911, 38.88993 ], [ -77.2595, 38.8912 ], [ -77.25899, 38.89137 ], [ -77.2592, 38.89172 ], [ -77.25835, 38.89209 ], [ -77.25808, 38.89182 ], [ -77.25773, 38.89207 ], [ -77.25803, 38.89236 ], [ -77.25758, 38.89263 ], [ -77.25769, 38.89275 ], [ -77.25422, 38.89544 ], [ -77.25385, 38.89515 ], [ -77.25293, 38.89588 ], [ -77.25489, 38.89738 ], [ -77.25162, 38.89991 ], [ -77.25099, 38.90154 ], [ -77.24877, 38.90118 ], [ -77.2468, 38.9005 ], [ -77.24236, 38.89759 ], [ -77.2407, 38.89676 ], [ -77.23484, 38.89512 ], [ -77.23585, 38.89295 ], [ -77.23518, 38.89283 ], [ -77.23527, 38.89211 ], [ -77.23606, 38.8921 ], [ -77.23586, 38.892 ], [ -77.23611, 38.88874 ], [ -77.23634, 38.88861 ], [ -77.23707, 38.88886 ], [ -77.23856, 38.88703 ], [ -77.23572, 38.88601 ], [ -77.23669, 38.88471 ], [ -77.23934, 38.88565 ], [ -77.23977, 38.88524 ], [ -77.23845, 38.883 ], [ -77.23814, 38.88321 ], [ -77.23721, 38.88321 ], [ -77.23867, 38.88012 ], [ -77.24203, 38.87972 ], [ -77.25286, 38.87911 ] ] } },
{ "type": "Feature", "properties": { "year": 2026, "level": "ES", "name": "Louise Archer" }, "geometry": { "type": "LineString", "coordinates": [ [ -77.27412, 38.89457 ], [ -77.27716, 38.89216 ], [ -77.27952, 38.89455 ], [ -77.2769, 38.89631 ], [ -77.27759, 38.89684 ], [ -77.27707, 38.89726 ], [ -77.27717, 38.89798 ], [ -77.27914, 38.8979 ], [ -77.27958, 38.89842 ], [ -77.28166, 38.89741 ], [ -77.28221, 38.89799 ], [ -77.28191, 38.89816 ], [ -77.2828, 38.89913 ], [ -77.27963, 38.90092 ], [ -77.27939, 38.90067 ], [ -77.27876, 38.90104 ], [ -77.27822, 38.90106 ], [ -77.27836, 38.90135 ], [ -77.27744, 38.90166 ], [ -77.27748, 38.90219 ], [ -77.27776, 38.90203 ], [ -77.28002, 38.90417 ], [ -77.28254, 38.90234 ], [ -77.28387, 38.90268 ], [ -77.28408, 38.90232 ], [ -77.28428, 38.90238 ], [ -77.28455, 38.90161 ], [ -77.28601, 38.90217 ], [ -77.2857, 38.90302 ], [ -77.28597, 38.9034 ], [ -77.28588, 38.90403 ], [ -77.2878, 38.90687 ], [ -77.28765, 38.90768 ], [ -77.28613, 38.91063 ], [ -77.28786, 38.91184 ], [ -77.28718, 38.91473 ], [ -77.28642, 38.91511 ], [ -77.28491, 38.91475 ], [ -77.28398, 38.91574 ], [ -77.28421, 38.91651 ], [ -77.28361, 38.91824 ], [ -77.2788, 38.91487 ], [ -77.26921, 38.90634 ], [ -77.27042, 38.9048 ], [ -77.26946, 38.90404 ], [ -77.26933, 38.90377 ], [ -77.2699, 38.90331 ], [ -77.26748, 38.89977 ], [ -77.27412, 38.89457 ] ] } },
{ "type": "Feature", "properties": { "year": 2026, "level": "ES", "name": "Lemon Road" }, "geometry": { "type": "LineString", "coordinates": [ [ -77.18821, 38.91248 ], [ -77.18746, 38.91128 ], [ -77.18711, 38.90992 ], [ -77.18853, 38.90347 ], [ -77.18821, 38.90141 ], [ -77.18754, 38.90046 ], [ -77.19011, 38.90048 ], [ -77.19252, 38.90017 ], [ -77.19464, 38.8996 ], [ -77.19664, 38.89876 ], [ -77.20277, 38.90266 ], [ -77.20494, 38.9014 ], [ -77.20575, 38.90194 ], [ -77.2062, 38.9014 ], [ -77.20665, 38.90153 ], [ -77.2073, 38.90088 ], [ -77.20854, 38.90175 ], [ -77.20874, 38.90156 ], [ -77.2097, 38.90195 ], [ -77.21063, 38.90399 ], [ -77.21105, 38.90429 ], [ -77.21004, 38.90733 ], [ -77.20748, 38.90666 ], [ -77.20598, 38.90555 ], [ -77.2039, 38.90733 ], [ -77.20458, 38.90785 ], [ -77.20334, 38.90884 ], [ -77.20309, 38.90953 ], [ -77.2035, 38.90966 ], [ -77.20328, 38.91006 ], [ -77.20211, 38.90972 ], [ -77.20187, 38.91017 ], [ -77.20159, 38.91007 ], [ -77.20081, 38.91148 ], [ -77.19963, 38.91199 ], [ -77.20077, 38.91427 ], [ -77.19752, 38.91493 ], [ -77.19655, 38.91296 ], [ -77.19295, 38.91389 ], [ -77.19286, 38.91424 ], [ -77.19204, 38.91457 ], [ -77.19123, 38.9143 ], [ -77.19015, 38.91446 ], [ -77.18821, 38.91248 ] ] } },
{ "type": "Feature", "properties": { "year": 2026, "level": "ES", "name": "Westgate" }, "geometry": { "type": "LineString", "coordinates": [ [ -77.20077, 38.91427 ], [ -77.19963, 38.91199 ], [ -77.20081, 38.91148 ], [ -77.20159, 38.91007 ], [ -77.20187, 38.91017 ], [ -77.20211, 38.90972 ], [ -77.20328, 38.91006 ], [ -77.2035, 38.90966 ], [ -77.20309, 38.90953 ], [ -77.20334, 38.90884 ], [ -77.20458, 38.90785 ], [ -77.2039, 38.90733 ], [ -77.20598, 38.90555 ], [ -77.20761, 38.90672 ], [ -77.21353, 38.90825 ], [ -77.21788, 38.91063 ], [ -77.21789, 38.91411 ], [ -77.21746, 38.91738 ], [ -77.21602, 38.92204 ], [ -77.21423, 38.92601 ], [ -77.21425, 38.92994 ], [ -77.21385, 38.93114 ], [ -77.21309, 38.93224 ], [ -77.2017, 38.92809 ], [ -77.1991, 38.92649 ], [ -77.19773, 38.92507 ], [ -77.19219, 38.9167 ], [ -77.19015, 38.91446 ], [ -77.19123, 38.9143 ], [ -77.19204, 38.91457 ], [ -77.19286, 38.91424 ], [ -77.19295, 38.91389 ], [ -77.19655, 38.91296 ], [ -77.19752, 38.91493 ], [ -77.20077, 38.91427 ] ] } },
{ "type": "Feature", "properties": { "year": 2026, "level": "ES", "name": "Freedom Hill" }, "geometry": { "type": "LineString", "coordinates": [ [ -77.21579, 38.90948 ], [ -77.21353, 38.90825 ], [ -77.21004, 38.90733 ], [ -77.21105, 38.90429 ], [ -77.21063, 38.90399 ], [ -77.20962, 38.90189 ], [ -77.20874, 38.90156 ], [ -77.20854, 38.90175 ], [ -77.2073, 38.90088 ], [ -77.20665, 38.90153 ], [ -77.2062, 38.9014 ], [ -77.20575, 38.90194 ], [ -77.20494, 38.9014 ], [ -77.2059, 38.89941 ], [ -77.21129, 38.90019 ], [ -77.21269, 38.89865 ], [ -77.21372, 38.89895 ], [ -77.21417, 38.89799 ], [ -77.21495, 38.89822 ], [ -77.21525, 38.90029 ], [ -77.21728, 38.90664 ], [ -77.21782, 38.90459 ], [ -77.2183, 38.90467 ], [ -77.21865, 38.90336 ], [ -77.22278, 38.90402 ], [ -77.2222, 38.90616 ], [ -77.2253, 38.90675 ], [ -77.22689, 38.90341 ], [ -77.22853, 38.90402 ], [ -77.22908, 38.90313 ], [ -77.23006, 38.90348 ], [ -77.23024, 38.90312 ], [ -77.23161, 38.90361 ], [ -77.23233, 38.90154 ], [ -77.23284, 38.90136 ], [ -77.23316, 38.90152 ], [ -77.23294, 38.90213 ], [ -77.23353, 38.90242 ], [ -77.23324, 38.90279 ], [ -77.23494, 38.9035 ], [ -77.23446, 38.90454 ], [ -77.23583, 38.90522 ], [ -77.23703, 38.90308 ], [ -77.2374, 38.90356 ], [ -77.23901, 38.90435 ], [ -77.2399, 38.90399 ], [ -77.24054, 38.90419 ], [ -77.24068, 38.904 ], [ -77.24166, 38.90448 ], [ -77.2424, 38.90446 ], [ -77.24328, 38.90544 ], [ -77.24423, 38.90603 ], [ -77.24477, 38.90586 ], [ -77.2434, 38.90921 ], [ -77.24442, 38.90946 ], [ -77.24535, 38.9102 ], [ -77.24924, 38.91076 ], [ -77.25002, 38.91066 ], [ -77.25012, 38.91097 ], [ -77.24046, 38.91537 ], [ -77.23459, 38.91746 ], [ -77.23136, 38.919 ], [ -77.2287, 38.91704 ], [ -77.22314, 38.91353 ], [ -77.21579, 38.90948 ] ] } },
{ "type": "Feature", "properties": { "year": 2026, "level": "ES", "name": "Timber Lane" }, "geometry": { "type": "LineString", "coordinates": [ [ -77.19028, 38.87078 ], [ -77.19079, 38.87109 ], [ -77.1915, 38.87102 ], [ -77.19045, 38.87313 ], [ -77.19098, 38.87539 ], [ -77.19515, 38.87451 ], [ -77.19587, 38.87666 ], [ -77.20019, 38.87575 ], [ -77.20984, 38.87507 ], [ -77.20963, 38.8758 ], [ -77.20939, 38.87582 ], [ -77.20853, 38.87724 ], [ -77.20883, 38.87728 ], [ -77.20858, 38.8777 ], [ -77.21089, 38.878 ], [ -77.2099, 38.87968 ], [ -77.20531, 38.87912 ], [ -77.20352, 38.88205 ], [ -77.20149, 38.88182 ], [ -77.20073, 38.88275 ], [ -77.20445, 38.88534 ], [ -77.20416, 38.8857 ], [ -77.20315, 38.88628 ], [ -77.20189, 38.88631 ], [ -77.20123, 38.88704 ], [ -77.2009, 38.88672 ], [ -77.20067, 38.88696 ], [ -77.20088, 38.88708 ], [ -77.2002, 38.88731 ], [ -77.19963, 38.88792 ], [ -77.19915, 38.88793 ], [ -77.19886, 38.88881 ], [ -77.19661, 38.89123 ], [ -77.19353, 38.89142 ], [ -77.19214, 38.8928 ], [ -77.19093, 38.89238 ], [ -77.19426, 38.8861 ], [ -77.18974, 38.87811 ], [ -77.18825, 38.87869 ], [ -77.17952, 38.87919 ], [ -77.17906, 38.87943 ], [ -77.17325, 38.87861 ], [ -77.17335, 38.87771 ], [ -77.17437, 38.87615 ], [ -77.17448, 38.87406 ], [ -77.18757, 38.8733 ], [ -77.18801, 38.87137 ], [ -77.19008, 38.87116 ], [ -77.19028, 38.87078 ] ] } },
{ "type": "Feature", "properties": { "year": 2026, "level": "ES", "name": "Shrevewood" }, "geometry": { "type": "LineString", "coordinates": [ [ -77.22761, 38.88 ], [ -77.22541, 38.88025 ], [ -77.22538, 38.88162 ], [ -77.22482, 38.88167 ], [ -77.22472, 38.8842 ], [ -77.22238, 38.88497 ], [ -77.22124, 38.88755 ], [ -77.21736, 38.89147 ], [ -77.21555, 38.89486 ], [ -77.21495, 38.89822 ], [ -77.21417, 38.89799 ], [ -77.21372, 38.89895 ], [ -77.21269, 38.89865 ], [ -77.21129, 38.90019 ], [ -77.2059, 38.89941 ], [ -77.20494, 38.9014 ], [ -77.20277, 38.90266 ], [ -77.18982, 38.89447 ], [ -77.19069, 38.89283 ], [ -77.19098, 38.89289 ], [ -77.19073, 38.89317 ], [ -77.19144, 38.89357 ], [ -77.19353, 38.89142 ], [ -77.19661, 38.89123 ], [ -77.19886, 38.88881 ], [ -77.19915, 38.88793 ], [ -77.19963, 38.88792 ], [ -77.2002, 38.88731 ], [ -77.20088, 38.88708 ], [ -77.20067, 38.88696 ], [ -77.2009, 38.88672 ], [ -77.20123, 38.88704 ], [ -77.20189, 38.88631 ], [ -77.20315, 38.88628 ], [ -77.20409, 38.88577 ], [ -77.20445, 38.88534 ], [ -77.20073, 38.88275 ], [ -77.20149, 38.88182 ], [ -77.20352, 38.88205 ], [ -77.20531, 38.87912 ], [ -77.2099, 38.87968 ], [ -77.21089, 38.878 ], [ -77.20858, 38.8777 ], [ -77.20883, 38.87728 ], [ -77.20853, 38.87724 ], [ -77.20939, 38.87582 ], [ -77.20963, 38.8758 ], [ -77.20984, 38.87507 ], [ -77.21196, 38.87498 ], [ -77.21759, 38.87572 ], [ -77.22012, 38.87582 ], [ -77.22814, 38.87423 ], [ -77.23593, 38.87366 ], [ -77.23603, 38.87511 ], [ -77.23546, 38.87491 ], [ -77.23452, 38.8812 ], [ -77.22803, 38.88318 ], [ -77.22754, 38.88156 ], [ -77.22761, 38.88 ] ] } },
{ "type": "Feature", "properties": { "year": 2026, "level": "ES", "name": "Pine Spring" }, "geometry": { "type": "MultiLineString", "coordinates": [ [ [ -77.22926, 38.86552 ], [ -77.23106, 38.86554 ], [ -77.23164, 38.86647 ], [ -77.22743, 38.86792 ], [ -77.22684, 38.87453 ], [ -77.22044, 38.87579 ], [ -77.21759, 38.87572 ], [ -77.21131, 38.87497 ], [ -77.20019, 38.87575 ], [ -77.19587, 38.87666 ], [ -77.19515, 38.87451 ], [ -77.19096, 38.87537 ], [ -77.19043, 38.87328 ], [ -77.19106, 38.87187 ], [ -77.19157, 38.87226 ], [ -77.19568, 38.87189 ], [ -77.19577, 38.87076 ], [ -77.19725, 38.8706 ], [ -77.19724, 38.87046 ], [ -77.19826, 38.87055 ], [ -77.19824, 38.87035 ], [ -77.1996, 38.87021 ], [ -77.20086, 38.86604 ], [ -77.22926, 38.86552 ] ], [ [ -77.17762, 38.86912 ], [ -77.18387, 38.86807 ], [ -77.18406, 38.86868 ], [ -77.18352, 38.86877 ], [ -77.18357, 38.86896 ], [ -77.18411, 38.86886 ], [ -77.18426, 38.86944 ], [ -77.18372, 38.86953 ], [ -77.18332, 38.87092 ], [ -77.18361, 38.87354 ], [ -77.17788, 38.87387 ], [ -77.17824, 38.87067 ], [ -77.17762, 38.86912 ] ] ] } },
{ "type": "Feature", "properties": { "year": 2026, "level": "ES", "name": "Camelot" }, "geometry": { "type": "LineString", "coordinates": [ [ -77.21994, 38.84246 ], [ -77.2184, 38.83611 ], [ -77.21822, 38.83432 ], [ -77.22088, 38.83496 ], [ -77.22682, 38.83567 ], [ -77.23273, 38.836 ], [ -77.23284, 38.83896 ], [ -77.23261, 38.84006 ], [ -77.2328, 38.84148 ], [ -77.23303, 38.84159 ], [ -77.23127, 38.8431 ], [ -77.2324, 38.84333 ], [ -77.23304, 38.84319 ], [ -77.23427, 38.84374 ], [ -77.23453, 38.8441 ], [ -77.23433, 38.84468 ], [ -77.2345, 38.84482 ], [ -77.23406, 38.84527 ], [ -77.23464, 38.84593 ], [ -77.23454, 38.84623 ], [ -77.23495, 38.84637 ], [ -77.23651, 38.84555 ], [ -77.23788, 38.84585 ], [ -77.2377, 38.84612 ], [ -77.23814, 38.84619 ], [ -77.23909, 38.84684 ], [ -77.23876, 38.84722 ], [ -77.23882, 38.84783 ], [ -77.23977, 38.84923 ], [ -77.24054, 38.84946 ], [ -77.24049, 38.85045 ], [ -77.24136, 38.85098 ], [ -77.24146, 38.85151 ], [ -77.24208, 38.85182 ], [ -77.24186, 38.85235 ], [ -77.24254, 38.8523 ], [ -77.2431, 38.85305 ], [ -77.24473, 38.85339 ], [ -77.23898, 38.85818 ], [ -77.23354, 38.86232 ], [ -77.23537, 38.8627 ], [ -77.23395, 38.86549 ], [ -77.22032, 38.86571 ], [ -77.22021, 38.8457 ], [ -77.21994, 38.84246 ] ] } },
{ "type": "Feature", "properties": { "year": 2026, "level": "ES", "name": "Fairhill" }, "geometry": { "type": "LineString", "coordinates": [ [ -77.26717, 38.86494 ], [ -77.26766, 38.86769 ], [ -77.26666, 38.86757 ], [ -77.26693, 38.86961 ], [ -77.26559, 38.86979 ], [ -77.26552, 38.86948 ], [ -77.26412, 38.86954 ], [ -77.26446, 38.87075 ], [ -77.26438, 38.87194 ], [ -77.26211, 38.87234 ], [ -77.26231, 38.87299 ], [ -77.26454, 38.8751 ], [ -77.2672, 38.87819 ], [ -77.24134, 38.87978 ], [ -77.2378, 38.88028 ], [ -77.23452, 38.8812 ], [ -77.23546, 38.87491 ], [ -77.23603, 38.87511 ], [ -77.23593, 38.87366 ], [ -77.22854, 38.87417 ], [ -77.22684, 38.87453 ], [ -77.22743, 38.86792 ], [ -77.23164, 38.86647 ], [ -77.23106, 38.86554 ], [ -77.26717, 38.86494 ] ] } },
{ "type": "Feature", "properties": { "year": 2026, "level": "ES", "name": "Graham Road" }, "geometry": { "type": "LineString", "coordinates": [ [ -77.20086, 38.86604 ], [ -77.1996, 38.87021 ], [ -77.19824, 38.87035 ], [ -77.19826, 38.87055 ], [ -77.19724, 38.87046 ], [ -77.19725, 38.8706 ], [ -77.19577, 38.87076 ], [ -77.19568, 38.87189 ], [ -77.19157, 38.87226 ], [ -77.19106, 38.87187 ], [ -77.1915, 38.87102 ], [ -77.19079, 38.87109 ], [ -77.19028, 38.87078 ], [ -77.19008, 38.87116 ], [ -77.18801, 38.87137 ], [ -77.18757, 38.8733 ], [ -77.18361, 38.87354 ], [ -77.18332, 38.87092 ], [ -77.18372, 38.86953 ], [ -77.18426, 38.86944 ], [ -77.18411, 38.86886 ], [ -77.18357, 38.86896 ], [ -77.18352, 38.86877 ], [ -77.18406, 38.86868 ], [ -77.18387, 38.86807 ], [ -77.19484, 38.86624 ], [ -77.20086, 38.86604 ] ] } },
{ "type": "Feature", "properties": { "year": 2026, "level": "ES", "name": "Westlawn" }, "geometry": { "type": "LineString", "coordinates": [ [ -77.20161, 38.8534 ], [ -77.2054, 38.85406 ], [ -77.20557, 38.85445 ], [ -77.20632, 38.8548 ], [ -77.20675, 38.85474 ], [ -77.20701, 38.85499 ], [ -77.20677, 38.85588 ], [ -77.20722, 38.85585 ], [ -77.20805, 38.8563 ], [ -77.21013, 38.8566 ], [ -77.21174, 38.85739 ], [ -77.21196, 38.85769 ], [ -77.21444, 38.85808 ], [ -77.21568, 38.8578 ], [ -77.21573, 38.85735 ], [ -77.21595, 38.85765 ], [ -77.22018, 38.85766 ], [ -77.22032, 38.86571 ], [ -77.19484, 38.86624 ], [ -77.17464, 38.86962 ], [ -77.17472, 38.86687 ], [ -77.17727, 38.86227 ], [ -77.17879, 38.86097 ], [ -77.17877, 38.85876 ], [ -77.17935, 38.85798 ], [ -77.1801, 38.85772 ], [ -77.1865, 38.85683 ], [ -77.18954, 38.85586 ], [ -77.19287, 38.85401 ], [ -77.19718, 38.85336 ], [ -77.19665, 38.85454 ], [ -77.19822, 38.85489 ], [ -77.199, 38.85555 ], [ -77.19984, 38.8542 ], [ -77.20161, 38.8534 ] ] } },
{ "type": "Feature", "properties": { "year": 2026, "level": "ES", "name": "Beech Tree" }, "geometry": { "type": "LineString", "coordinates": [ [ -77.178, 38.8467 ], [ -77.18207, 38.84699 ], [ -77.18309, 38.84729 ], [ -77.18312, 38.84756 ], [ -77.18435, 38.84774 ], [ -77.18553, 38.84758 ], [ -77.18555, 38.84718 ], [ -77.18801, 38.84761 ], [ -77.18922, 38.84754 ], [ -77.18937, 38.84814 ], [ -77.18966, 38.84846 ], [ -77.19015, 38.8485 ], [ -77.19065, 38.84929 ], [ -77.19104, 38.84921 ], [ -77.19204, 38.84983 ], [ -77.19273, 38.84971 ], [ -77.19287, 38.85401 ], [ -77.18954, 38.85586 ], [ -77.18679, 38.85675 ], [ -77.17991, 38.85776 ], [ -77.17894, 38.85838 ], [ -77.17879, 38.86097 ], [ -77.17721, 38.86235 ], [ -77.17467, 38.86715 ], [ -77.17464, 38.86962 ], [ -77.17762, 38.86912 ], [ -77.17784, 38.86953 ], [ -77.17824, 38.8707 ], [ -77.17788, 38.87387 ], [ -77.17448, 38.87406 ], [ -77.17437, 38.87615 ], [ -77.17335, 38.87771 ], [ -77.17325, 38.87861 ], [ -77.15826, 38.87313 ], [ -77.15805, 38.87342 ], [ -77.15747, 38.87345 ], [ -77.15841, 38.87424 ], [ -77.15827, 38.87439 ], [ -77.15555, 38.87248 ], [ -77.15525, 38.87271 ], [ -77.15396, 38.87272 ], [ -77.15132, 38.87349 ], [ -77.14982, 38.8734 ], [ -77.1497, 38.87561 ], [ -77.14672, 38.8733 ], [ -77.14979, 38.87332 ], [ -77.15004, 38.87194 ], [ -77.14986, 38.87174 ], [ -77.14839, 38.87146 ], [ -77.14869, 38.8711 ], [ -77.14917, 38.87126 ], [ -77.14962, 38.87094 ], [ -77.15017, 38.87 ], [ -77.15495, 38.87195 ], [ -77.15581, 38.87197 ], [ -77.166, 38.86027 ], [ -77.16787, 38.86118 ], [ -77.17009, 38.86184 ], [ -77.17056, 38.86235 ], [ -77.17024, 38.86312 ], [ -77.17384, 38.86734 ], [ -77.17432, 38.86671 ], [ -77.174, 38.86653 ], [ -77.17469, 38.86603 ], [ -77.17489, 38.8655 ], [ -77.17459, 38.86537 ], [ -77.17495, 38.86468 ], [ -77.17577, 38.86372 ], [ -77.17603, 38.86381 ], [ -77.17646, 38.86293 ], [ -77.17616, 38.86286 ], [ -77.17636, 38.86155 ], [ -77.17699, 38.86132 ], [ -77.17687, 38.85972 ], [ -77.17678, 38.85871 ], [ -77.17635, 38.85874 ], [ -77.17581, 38.85842 ], [ -77.17456, 38.85925 ], [ -77.17362, 38.85821 ], [ -77.17281, 38.85826 ], [ -77.17283, 38.85549 ], [ -77.17292, 38.85501 ], [ -77.1732, 38.855 ], [ -77.17315, 38.85433 ], [ -77.17695, 38.8541 ], [ -77.17667, 38.85114 ], [ -77.17152, 38.85155 ], [ -77.17192, 38.85094 ], [ -77.17242, 38.85101 ], [ -77.1724, 38.85064 ], [ -77.17368, 38.85026 ], [ -77.17356, 38.85014 ], [ -77.17444, 38.8491 ], [ -77.175, 38.84912 ], [ -77.17502, 38.84849 ], [ -77.1754, 38.84845 ], [ -77.17546, 38.84778 ], [ -77.1781, 38.84745 ], [ -77.178, 38.8467 ] ] } },
{ "type": "Feature", "properties": { "year": 2026, "level": "ES", "name": "Parklawn" }, "geometry": { "type": "LineString", "coordinates": [ [ -77.143, 38.82047 ], [ -77.14269, 38.82196 ], [ -77.14326, 38.8225 ], [ -77.14631, 38.82736 ], [ -77.14988, 38.83038 ], [ -77.15522, 38.83384 ], [ -77.15748, 38.83586 ], [ -77.15776, 38.83644 ], [ -77.15652, 38.83689 ], [ -77.14804, 38.84192 ], [ -77.14615, 38.84253 ], [ -77.14502, 38.8426 ], [ -77.14563, 38.84116 ], [ -77.14482, 38.84087 ], [ -77.1422, 38.84123 ], [ -77.14169, 38.84094 ], [ -77.13964, 38.8406 ], [ -77.13884, 38.8396 ], [ -77.13805, 38.83933 ], [ -77.13452, 38.84129 ], [ -77.13478, 38.84159 ], [ -77.13432, 38.84183 ], [ -77.13476, 38.84232 ], [ -77.13366, 38.84305 ], [ -77.13383, 38.84325 ], [ -77.13291, 38.84375 ], [ -77.13268, 38.84349 ], [ -77.13075, 38.84452 ], [ -77.13005, 38.84387 ], [ -77.12886, 38.84465 ], [ -77.13187, 38.84627 ], [ -77.1321, 38.84686 ], [ -77.13053, 38.84695 ], [ -77.12762, 38.84804 ], [ -77.12875, 38.84923 ], [ -77.12868, 38.84958 ], [ -77.12815, 38.84979 ], [ -77.12558, 38.84862 ], [ -77.11883, 38.84626 ], [ -77.11929, 38.84546 ], [ -77.11962, 38.84537 ], [ -77.11876, 38.84361 ], [ -77.11836, 38.84206 ], [ -77.11876, 38.84195 ], [ -77.11837, 38.84114 ], [ -77.1213, 38.84024 ], [ -77.12165, 38.84136 ], [ -77.12448, 38.8408 ], [ -77.12462, 38.8413 ], [ -77.12535, 38.84086 ], [ -77.12572, 38.84062 ], [ -77.12512, 38.83956 ], [ -77.12598, 38.83933 ], [ -77.12481, 38.83759 ], [ -77.12791, 38.83695 ], [ -77.13139, 38.83334 ], [ -77.13528, 38.83217 ], [ -77.13491, 38.83082 ], [ -77.14092, 38.82709 ], [ -77.14192, 38.82567 ], [ -77.14176, 38.82476 ], [ -77.14216, 38.82382 ], [ -77.13852, 38.82389 ], [ -77.13719, 38.82151 ], [ -77.13958, 38.81957 ], [ -77.13845, 38.81872 ], [ -77.13975, 38.81711 ], [ -77.14105, 38.81755 ], [ -77.14116, 38.81741 ], [ -77.14437, 38.81867 ], [ -77.14916, 38.8194 ], [ -77.14857, 38.82405 ], [ -77.14473, 38.82317 ], [ -77.14513, 38.82101 ], [ -77.143, 38.82047 ] ] } },
{ "type": "Feature", "properties": { "year": 2026, "level": "ES", "name": "Bailey's" }, "geometry": { "type": "LineString", "coordinates": [ [ -77.14059, 38.84544 ], [ -77.14114, 38.84498 ], [ -77.14194, 38.84361 ], [ -77.14309, 38.84363 ], [ -77.14959, 38.84678 ], [ -77.1535, 38.84914 ], [ -77.15243, 38.85138 ], [ -77.15345, 38.8528 ], [ -77.15684, 38.8543 ], [ -77.15779, 38.85441 ], [ -77.15927, 38.85569 ], [ -77.15876, 38.85637 ], [ -77.15807, 38.85604 ], [ -77.15787, 38.85642 ], [ -77.15838, 38.85687 ], [ -77.15268, 38.86433 ], [ -77.15287, 38.86442 ], [ -77.15128, 38.8656 ], [ -77.15088, 38.86571 ], [ -77.14568, 38.8593 ], [ -77.1295, 38.85051 ], [ -77.14059, 38.84544 ] ] } },
{ "type": "Feature", "properties": { "year": 2026, "level": "ES", "name": "Glen Forest" }, "geometry": { "type": "LineString", "coordinates": [ [ -77.11837, 38.84114 ], [ -77.11876, 38.84195 ], [ -77.11836, 38.84206 ], [ -77.11876, 38.84361 ], [ -77.11962, 38.84537 ], [ -77.11929, 38.84546 ], [ -77.11883, 38.84626 ], [ -77.12651, 38.84898 ], [ -77.133, 38.85229 ], [ -77.1461, 38.85965 ], [ -77.14937, 38.86379 ], [ -77.14658, 38.86608 ], [ -77.14677, 38.8663 ], [ -77.146, 38.86694 ], [ -77.14575, 38.86675 ], [ -77.1446, 38.86769 ], [ -77.14099, 38.8663 ], [ -77.1375, 38.8661 ], [ -77.11019, 38.8448 ], [ -77.1106, 38.84351 ], [ -77.11837, 38.84114 ] ] } },
{ "type": "Feature", "properties": { "year": 2026, "level": "ES", "name": "Sleepy Hollow" }, "geometry": { "type": "LineString", "coordinates": [ [ -77.15927, 38.85569 ], [ -77.15779, 38.85441 ], [ -77.15684, 38.8543 ], [ -77.15345, 38.8528 ], [ -77.15243, 38.85138 ], [ -77.1535, 38.84914 ], [ -77.14959, 38.84678 ], [ -77.1484, 38.8463 ], [ -77.15316, 38.84323 ], [ -77.15452, 38.84323 ], [ -77.15449, 38.84491 ], [ -77.15768, 38.84563 ], [ -77.1608, 38.84477 ], [ -77.16215, 38.84611 ], [ -77.1639, 38.8463 ], [ -77.16603, 38.84592 ], [ -77.16785, 38.84644 ], [ -77.16902, 38.84599 ], [ -77.169, 38.84661 ], [ -77.17079, 38.84582 ], [ -77.17606, 38.84669 ], [ -77.178, 38.8467 ], [ -77.1781, 38.84745 ], [ -77.17546, 38.84778 ], [ -77.1754, 38.84845 ], [ -77.17502, 38.84849 ], [ -77.175, 38.84912 ], [ -77.17444, 38.8491 ], [ -77.17356, 38.85014 ], [ -77.17368, 38.85026 ], [ -77.1724, 38.85064 ], [ -77.17242, 38.85101 ], [ -77.17192, 38.85094 ], [ -77.17152, 38.85155 ], [ -77.17667, 38.85114 ], [ -77.17695, 38.8541 ], [ -77.17315, 38.85433 ], [ -77.1732, 38.855 ], [ -77.17292, 38.85501 ], [ -77.17283, 38.85549 ], [ -77.17281, 38.85826 ], [ -77.17362, 38.85821 ], [ -77.17456, 38.85925 ], [ -77.17581, 38.85842 ], [ -77.17635, 38.85874 ], [ -77.17678, 38.85871 ], [ -77.17687, 38.85972 ], [ -77.17699, 38.86132 ], [ -77.17636, 38.86155 ], [ -77.17616, 38.86286 ], [ -77.17646, 38.86293 ], [ -77.17603, 38.86381 ], [ -77.17577, 38.86372 ], [ -77.17495, 38.86468 ], [ -77.17459, 38.86537 ], [ -77.17489, 38.8655 ], [ -77.17469, 38.86603 ], [ -77.174, 38.86653 ], [ -77.17432, 38.86671 ], [ -77.17384, 38.86734 ], [ -77.17024, 38.86312 ], [ -77.17056, 38.86235 ], [ -77.17009, 38.86184 ], [ -77.16787, 38.86118 ], [ -77.166, 38.86027 ], [ -77.15581, 38.87197 ], [ -77.15495, 38.87195 ], [ -77.15017, 38.87 ], [ -77.14962, 38.87094 ], [ -77.14917, 38.87126 ], [ -77.14869, 38.8711 ], [ -77.14839, 38.87146 ], [ -77.14999, 38.87186 ], [ -77.14979, 38.87332 ], [ -77.14672, 38.8733 ], [ -77.1375, 38.8661 ], [ -77.14099, 38.8663 ], [ -77.1446, 38.86769 ], [ -77.14575, 38.86675 ], [ -77.146, 38.86694 ], [ -77.14677, 38.8663 ], [ -77.14658, 38.86608 ], [ -77.14937, 38.86379 ], [ -77.15088, 38.86571 ], [ -77.15128, 38.8656 ], [ -77.15287, 38.86442 ], [ -77.15268, 38.86433 ], [ -77.15838, 38.85687 ], [ -77.15787, 38.85642 ], [ -77.15807, 38.85604 ], [ -77.15876, 38.85637 ], [ -77.15927, 38.85569 ] ] } },
{ "type": "Feature", "properties": { "year": 2026, "level": "ES", "name": "Weyanoke" }, "geometry": { "type": "LineString", "coordinates": [ [ -77.15809, 38.80616 ], [ -77.15864, 38.80661 ], [ -77.15934, 38.80642 ], [ -77.15919, 38.80832 ], [ -77.16001, 38.80885 ], [ -77.16024, 38.80833 ], [ -77.16137, 38.80862 ], [ -77.16173, 38.80935 ], [ -77.16277, 38.80829 ], [ -77.16272, 38.80887 ], [ -77.16317, 38.80882 ], [ -77.16319, 38.80919 ], [ -77.16385, 38.80963 ], [ -77.16445, 38.81106 ], [ -77.1653, 38.81187 ], [ -77.16599, 38.81211 ], [ -77.1667, 38.81314 ], [ -77.16713, 38.81309 ], [ -77.16714, 38.81371 ], [ -77.16843, 38.81426 ], [ -77.16819, 38.81465 ], [ -77.16945, 38.81535 ], [ -77.17005, 38.81474 ], [ -77.17085, 38.81319 ], [ -77.17181, 38.81226 ], [ -77.17298, 38.81199 ], [ -77.17515, 38.81188 ], [ -77.17599, 38.8198 ], [ -77.17689, 38.81974 ], [ -77.17698, 38.82057 ], [ -77.17564, 38.82065 ], [ -77.17693, 38.82219 ], [ -77.17415, 38.8253 ], [ -77.15168, 38.81984 ], [ -77.14437, 38.81867 ], [ -77.14116, 38.81741 ], [ -77.14355, 38.81429 ], [ -77.14368, 38.81339 ], [ -77.15194, 38.80976 ], [ -77.15809, 38.80616 ] ] } },
{ "type": "Feature", "properties": { "year": 2026, "level": "ES", "name": "Bren Mar Park" }, "geometry": { "type": "LineString", "coordinates": [ [ -77.17056, 38.78993 ], [ -77.17388, 38.79027 ], [ -77.17727, 38.79122 ], [ -77.18624, 38.79494 ], [ -77.18525, 38.79977 ], [ -77.18392, 38.80344 ], [ -77.18446, 38.80638 ], [ -77.18647, 38.81183 ], [ -77.17437, 38.81188 ], [ -77.17218, 38.81212 ], [ -77.17095, 38.81307 ], [ -77.17001, 38.8148 ], [ -77.16945, 38.81535 ], [ -77.16819, 38.81465 ], [ -77.16843, 38.81426 ], [ -77.16714, 38.81371 ], [ -77.16713, 38.81309 ], [ -77.1667, 38.81314 ], [ -77.16599, 38.81211 ], [ -77.1653, 38.81187 ], [ -77.16445, 38.81106 ], [ -77.16385, 38.80963 ], [ -77.16319, 38.80919 ], [ -77.16317, 38.80882 ], [ -77.16272, 38.80887 ], [ -77.16277, 38.80829 ], [ -77.16173, 38.80935 ], [ -77.16137, 38.80862 ], [ -77.16024, 38.80833 ], [ -77.16001, 38.80885 ], [ -77.15919, 38.80832 ], [ -77.15934, 38.80642 ], [ -77.15864, 38.80661 ], [ -77.15809, 38.80616 ], [ -77.15194, 38.80976 ], [ -77.14368, 38.81339 ], [ -77.14385, 38.81043 ], [ -77.14436, 38.81037 ], [ -77.14321, 38.80563 ], [ -77.14235, 38.80577 ], [ -77.13986, 38.80021 ], [ -77.13774, 38.80077 ], [ -77.13754, 38.7979 ], [ -77.14792, 38.79638 ], [ -77.15093, 38.79517 ], [ -77.15316, 38.79333 ], [ -77.15567, 38.79286 ], [ -77.16135, 38.79134 ], [ -77.16843, 38.79005 ], [ -77.17056, 38.78993 ] ] } },
{ "type": "Feature", "properties": { "year": 2026, "level": "ES", "name": "Franconia" }, "geometry": { "type": "LineString", "coordinates": [ [ -77.15098, 38.76373 ], [ -77.15258, 38.7642 ], [ -77.15558, 38.76555 ], [ -77.16213, 38.76673 ], [ -77.16497, 38.76748 ], [ -77.16282, 38.76853 ], [ -77.16057, 38.77021 ], [ -77.159, 38.77194 ], [ -77.15776, 38.77408 ], [ -77.15712, 38.7761 ], [ -77.1547, 38.79042 ], [ -77.15366, 38.79269 ], [ -77.15308, 38.79342 ], [ -77.14527, 38.79466 ], [ -77.14433, 38.7912 ], [ -77.1463, 38.79079 ], [ -77.1462, 38.78825 ], [ -77.14288, 38.78852 ], [ -77.14149, 38.7847 ], [ -77.14097, 38.78426 ], [ -77.14064, 38.78331 ], [ -77.1362, 38.78415 ], [ -77.13567, 38.78237 ], [ -77.13553, 38.77705 ], [ -77.13528, 38.77579 ], [ -77.13433, 38.77426 ], [ -77.1331, 38.77327 ], [ -77.13529, 38.7716 ], [ -77.14856, 38.76424 ], [ -77.14993, 38.7638 ], [ -77.15098, 38.76373 ] ] } },
{ "type": "Feature", "properties": { "year": 2026, "level": "ES", "name": "Bush Hill" }, "geometry": { "type": "LineString", "coordinates": [ [ -77.12786, 38.78089 ], [ -77.12779, 38.7802 ], [ -77.12971, 38.77956 ], [ -77.12987, 38.78091 ], [ -77.13087, 38.7809 ], [ -77.13068, 38.77899 ], [ -77.13435, 38.77936 ], [ -77.13558, 38.77923 ], [ -77.13569, 38.78258 ], [ -77.1362, 38.78415 ], [ -77.14064, 38.78331 ], [ -77.14097, 38.78426 ], [ -77.14149, 38.7847 ], [ -77.14288, 38.78852 ], [ -77.1462, 38.78825 ], [ -77.1463, 38.79079 ], [ -77.14433, 38.7912 ], [ -77.14527, 38.79466 ], [ -77.15308, 38.79342 ], [ -77.15069, 38.79531 ], [ -77.1476, 38.79645 ], [ -77.13754, 38.7979 ], [ -77.13756, 38.79818 ], [ -77.1202, 38.8007 ], [ -77.12, 38.79705 ], [ -77.11953, 38.79687 ], [ -77.11818, 38.79702 ], [ -77.11797, 38.79632 ], [ -77.11842, 38.79623 ], [ -77.11859, 38.79597 ], [ -77.11811, 38.79437 ], [ -77.11731, 38.7937 ], [ -77.11734, 38.79346 ], [ -77.11677, 38.79373 ], [ -77.11622, 38.79306 ], [ -77.11724, 38.79246 ], [ -77.1172, 38.7898 ], [ -77.11599, 38.78945 ], [ -77.11724, 38.78909 ], [ -77.12097, 38.78655 ], [ -77.12303, 38.78611 ], [ -77.12421, 38.7854 ], [ -77.1233, 38.78109 ], [ -77.12788, 38.78103 ], [ -77.12786, 38.78089 ] ] } },
{ "type": "Feature", "properties": { "year": 2026, "level": "ES", "name": "Lane" }, "geometry": { "type": "LineString", "coordinates": [ [ -77.14366, 38.75484 ], [ -77.14609, 38.75109 ], [ -77.14713, 38.75145 ], [ -77.14771, 38.7504 ], [ -77.14756, 38.74976 ], [ -77.14852, 38.74883 ], [ -77.14938, 38.74924 ], [ -77.15239, 38.74964 ], [ -77.15258, 38.74883 ], [ -77.15325, 38.74892 ], [ -77.15337, 38.74835 ], [ -77.15273, 38.74826 ], [ -77.15307, 38.74687 ], [ -77.16132, 38.74796 ], [ -77.16513, 38.74783 ], [ -77.16521, 38.74829 ], [ -77.16458, 38.74942 ], [ -77.16712, 38.75018 ], [ -77.16278, 38.75765 ], [ -77.17193, 38.76317 ], [ -77.17208, 38.76382 ], [ -77.16978, 38.76545 ], [ -77.16497, 38.76748 ], [ -77.16213, 38.76673 ], [ -77.15558, 38.76555 ], [ -77.15258, 38.7642 ], [ -77.15127, 38.76389 ], [ -77.15129, 38.76374 ], [ -77.14927, 38.76396 ], [ -77.13606, 38.77116 ], [ -77.1331, 38.77327 ], [ -77.13433, 38.77426 ], [ -77.13519, 38.77557 ], [ -77.1355, 38.77677 ], [ -77.13558, 38.77923 ], [ -77.13435, 38.77936 ], [ -77.13068, 38.77899 ], [ -77.13087, 38.7809 ], [ -77.12987, 38.78091 ], [ -77.12971, 38.77956 ], [ -77.12779, 38.7802 ], [ -77.12788, 38.78103 ], [ -77.12195, 38.78113 ], [ -77.12599, 38.77058 ], [ -77.12809, 38.77119 ], [ -77.12952, 38.77131 ], [ -77.13124, 38.77103 ], [ -77.13367, 38.76686 ], [ -77.13542, 38.76555 ], [ -77.13816, 38.76792 ], [ -77.14004, 38.76691 ], [ -77.14079, 38.76774 ], [ -77.14207, 38.76701 ], [ -77.14015, 38.76483 ], [ -77.14139, 38.76344 ], [ -77.14326, 38.76209 ], [ -77.14409, 38.75845 ], [ -77.14577, 38.75661 ], [ -77.14366, 38.75484 ] ] } },
{ "type": "Feature", "properties": { "year": 2026, "level": "ES", "name": "Wakefield Forest" }, "geometry": { "type": "LineString", "coordinates": [ [ -77.2285, 38.81106 ], [ -77.23489, 38.81094 ], [ -77.23504, 38.81432 ], [ -77.23638, 38.81857 ], [ -77.24357, 38.81884 ], [ -77.24333, 38.82274 ], [ -77.24425, 38.82278 ], [ -77.24558, 38.82409 ], [ -77.24623, 38.82369 ], [ -77.24642, 38.82424 ], [ -77.24794, 38.82361 ], [ -77.2485, 38.82359 ], [ -77.24851, 38.82437 ], [ -77.25008, 38.82435 ], [ -77.25005, 38.82402 ], [ -77.25043, 38.82368 ], [ -77.25126, 38.82386 ], [ -77.25125, 38.82324 ], [ -77.25314, 38.82297 ], [ -77.25313, 38.82256 ], [ -77.25363, 38.82255 ], [ -77.25364, 38.82297 ], [ -77.25434, 38.82311 ], [ -77.25429, 38.82445 ], [ -77.25927, 38.82451 ], [ -77.2587, 38.82599 ], [ -77.25619, 38.83034 ], [ -77.25438, 38.83223 ], [ -77.26104, 38.83317 ], [ -77.25947, 38.83658 ], [ -77.25855, 38.83943 ], [ -77.23462, 38.83618 ], [ -77.22801, 38.83579 ], [ -77.22088, 38.83496 ], [ -77.21822, 38.83432 ], [ -77.2188, 38.8304 ], [ -77.22191, 38.82388 ], [ -77.22246, 38.82052 ], [ -77.22214, 38.81822 ], [ -77.2213, 38.81613 ], [ -77.21792, 38.81123 ], [ -77.2285, 38.81106 ] ] } },
{ "type": "Feature", "properties": { "year": 2026, "level": "ES", "name": "Little Run" }, "geometry": { "type": "LineString", "coordinates": [ [ -77.26621, 38.81152 ], [ -77.26748, 38.81066 ], [ -77.27123, 38.81041 ], [ -77.27089, 38.81351 ], [ -77.27126, 38.81448 ], [ -77.27102, 38.81442 ], [ -77.27025, 38.8152 ], [ -77.27082, 38.81555 ], [ -77.27042, 38.82005 ], [ -77.27006, 38.82003 ], [ -77.27002, 38.82054 ], [ -77.27037, 38.82056 ], [ -77.26967, 38.82781 ], [ -77.27004, 38.82852 ], [ -77.26751, 38.8285 ], [ -77.26762, 38.83479 ], [ -77.26641, 38.84039 ], [ -77.25855, 38.83943 ], [ -77.25947, 38.83658 ], [ -77.26104, 38.83317 ], [ -77.25438, 38.83223 ], [ -77.25619, 38.83034 ], [ -77.25883, 38.82572 ], [ -77.25975, 38.82323 ], [ -77.26477, 38.81776 ], [ -77.26561, 38.81509 ], [ -77.26567, 38.8137 ], [ -77.26197, 38.81393 ], [ -77.26204, 38.81071 ], [ -77.26438, 38.81096 ], [ -77.26621, 38.81152 ] ] } },
{ "type": "Feature", "properties": { "year": 2026, "level": "ES", "name": "Olde Creek" }, "geometry": { "type": "LineString", "coordinates": [ [ -77.26996, 38.82471 ], [ -77.27037, 38.82056 ], [ -77.27002, 38.82054 ], [ -77.27006, 38.82003 ], [ -77.27042, 38.82005 ], [ -77.27082, 38.81555 ], [ -77.27473, 38.81775 ], [ -77.28363, 38.82536 ], [ -77.28501, 38.82596 ], [ -77.28828, 38.82639 ], [ -77.28882, 38.83362 ], [ -77.28834, 38.83442 ], [ -77.28829, 38.83615 ], [ -77.28726, 38.83613 ], [ -77.28735, 38.83864 ], [ -77.28647, 38.83862 ], [ -77.28638, 38.84172 ], [ -77.28206, 38.84118 ], [ -77.28094, 38.84127 ], [ -77.27854, 38.84099 ], [ -77.27856, 38.84198 ], [ -77.26641, 38.84039 ], [ -77.26762, 38.83479 ], [ -77.26751, 38.8285 ], [ -77.27004, 38.82852 ], [ -77.26967, 38.82781 ], [ -77.26996, 38.82471 ] ] } },
{ "type": "Feature", "properties": { "year": 2026, "level": "ES", "name": "Eagle View" }, "geometry": { "type": "LineString", "coordinates": [ [ -77.39599, 38.8406 ], [ -77.3965, 38.84154 ], [ -77.39343, 38.84381 ], [ -77.39141, 38.84488 ], [ -77.39196, 38.8456 ], [ -77.39032, 38.84636 ], [ -77.3888, 38.84611 ], [ -77.38668, 38.8471 ], [ -77.386, 38.84954 ], [ -77.38546, 38.84983 ], [ -77.38762, 38.85269 ], [ -77.38834, 38.85437 ], [ -77.36345, 38.85889 ], [ -77.36391, 38.85915 ], [ -77.36379, 38.86042 ], [ -77.36586, 38.86065 ], [ -77.36878, 38.86456 ], [ -77.36552, 38.86667 ], [ -77.36486, 38.86751 ], [ -77.36476, 38.86832 ], [ -77.34586, 38.86125 ], [ -77.34667, 38.86086 ], [ -77.34792, 38.85778 ], [ -77.34794, 38.85706 ], [ -77.34739, 38.85658 ], [ -77.34704, 38.85656 ], [ -77.34705, 38.85605 ], [ -77.34685, 38.85618 ], [ -77.34667, 38.85579 ], [ -77.34938, 38.85594 ], [ -77.35001, 38.85523 ], [ -77.34964, 38.85242 ], [ -77.35089, 38.85198 ], [ -77.3529, 38.85071 ], [ -77.35249, 38.84913 ], [ -77.35926, 38.84815 ], [ -77.36881, 38.84635 ], [ -77.39599, 38.8406 ] ] } },
{ "type": "Feature", "properties": { "year": 2026, "level": "ES", "name": "Mantua" }, "geometry": { "type": "LineString", "coordinates": [ [ -77.23866, 38.84657 ], [ -77.23765, 38.84608 ], [ -77.23788, 38.84585 ], [ -77.23651, 38.84555 ], [ -77.23495, 38.84637 ], [ -77.23454, 38.84623 ], [ -77.23464, 38.84593 ], [ -77.23406, 38.84527 ], [ -77.2345, 38.84482 ], [ -77.23433, 38.84468 ], [ -77.23453, 38.8441 ], [ -77.23427, 38.84374 ], [ -77.23304, 38.84319 ], [ -77.2324, 38.84333 ], [ -77.23127, 38.8431 ], [ -77.23303, 38.84159 ], [ -77.2328, 38.84148 ], [ -77.23261, 38.84006 ], [ -77.23284, 38.83896 ], [ -77.23273, 38.836 ], [ -77.27052, 38.84092 ], [ -77.26998, 38.84335 ], [ -77.27175, 38.8485 ], [ -77.27096, 38.85138 ], [ -77.26926, 38.85182 ], [ -77.26891, 38.85239 ], [ -77.26917, 38.85379 ], [ -77.26879, 38.85448 ], [ -77.26979, 38.85566 ], [ -77.26863, 38.85999 ], [ -77.26878, 38.86287 ], [ -77.26954, 38.86413 ], [ -77.27003, 38.86412 ], [ -77.27013, 38.86487 ], [ -77.23395, 38.86549 ], [ -77.23537, 38.8627 ], [ -77.23354, 38.86232 ], [ -77.23898, 38.85818 ], [ -77.24473, 38.85339 ], [ -77.2431, 38.85305 ], [ -77.24254, 38.8523 ], [ -77.24186, 38.85235 ], [ -77.24208, 38.85182 ], [ -77.24146, 38.85151 ], [ -77.24136, 38.85098 ], [ -77.24049, 38.85045 ], [ -77.24054, 38.84946 ], [ -77.23977, 38.84923 ], [ -77.23912, 38.84838 ], [ -77.23876, 38.84722 ], [ -77.23909, 38.84684 ], [ -77.23866, 38.84657 ] ] } },
{ "type": "Feature", "properties": { "year": 2026, "level": "ES", "name": "North Springfield" }, "geometry": { "type": "LineString", "coordinates": [ [ -77.21788, 38.7928 ], [ -77.21853, 38.79388 ], [ -77.21627, 38.79434 ], [ -77.21513, 38.79504 ], [ -77.21508, 38.79532 ], [ -77.21463, 38.79546 ], [ -77.21421, 38.79608 ], [ -77.21429, 38.79636 ], [ -77.21329, 38.79762 ], [ -77.2143, 38.79913 ], [ -77.21344, 38.80113 ], [ -77.21216, 38.80219 ], [ -77.21191, 38.80317 ], [ -77.21792, 38.81123 ], [ -77.18647, 38.81183 ], [ -77.18446, 38.80638 ], [ -77.18392, 38.80344 ], [ -77.18579, 38.79757 ], [ -77.18894, 38.79808 ], [ -77.19186, 38.79785 ], [ -77.20203, 38.79395 ], [ -77.20435, 38.79337 ], [ -77.21788, 38.7928 ] ] } },
{ "type": "Feature", "properties": { "year": 2026, "level": "ES", "name": "Ravensworth" }, "geometry": { "type": "MultiLineString", "coordinates": [ [ [ -77.21853, 38.79388 ], [ -77.21959, 38.79561 ], [ -77.22251, 38.79677 ], [ -77.22721, 38.79551 ], [ -77.22863, 38.79489 ], [ -77.22917, 38.79518 ], [ -77.23016, 38.79789 ], [ -77.22955, 38.79844 ], [ -77.22917, 38.79955 ], [ -77.22935, 38.80066 ], [ -77.22913, 38.80187 ], [ -77.23068, 38.80271 ], [ -77.23191, 38.80385 ], [ -77.23237, 38.80486 ], [ -77.23333, 38.80596 ], [ -77.23319, 38.80686 ], [ -77.23274, 38.8075 ], [ -77.23173, 38.80825 ], [ -77.23142, 38.80905 ], [ -77.23038, 38.8099 ], [ -77.23015, 38.81036 ], [ -77.23028, 38.81106 ], [ -77.21792, 38.81123 ], [ -77.21191, 38.80317 ], [ -77.21216, 38.80219 ], [ -77.21344, 38.80113 ], [ -77.2143, 38.79915 ], [ -77.21329, 38.79762 ], [ -77.21429, 38.79636 ], [ -77.21421, 38.79608 ], [ -77.21463, 38.79546 ], [ -77.21625, 38.79435 ], [ -77.21853, 38.79388 ] ], [ [ -77.26352, 38.79378 ], [ -77.26345, 38.79409 ], [ -77.26837, 38.79647 ], [ -77.26223, 38.80299 ], [ -77.25494, 38.80791 ], [ -77.24894, 38.79906 ], [ -77.24787, 38.79594 ], [ -77.25454, 38.79569 ], [ -77.26101, 38.79405 ], [ -77.26352, 38.79378 ] ] ] } },
{ "type": "Feature", "properties": { "year": 2026, "level": "ES", "name": "Annandale Terrace" }, "geometry": { "type": "LineString", "coordinates": [ [ -77.18842, 38.82682 ], [ -77.18846, 38.82647 ], [ -77.189, 38.82651 ], [ -77.18918, 38.8252 ], [ -77.18764, 38.82508 ], [ -77.188, 38.82402 ], [ -77.18929, 38.82431 ], [ -77.18952, 38.82259 ], [ -77.18891, 38.82249 ], [ -77.18927, 38.82138 ], [ -77.18918, 38.8207 ], [ -77.18836, 38.82075 ], [ -77.18746, 38.822 ], [ -77.1867, 38.8217 ], [ -77.18628, 38.82224 ], [ -77.18397, 38.8216 ], [ -77.18397, 38.82105 ], [ -77.18469, 38.82079 ], [ -77.1857, 38.81938 ], [ -77.18477, 38.81946 ], [ -77.18518, 38.81937 ], [ -77.18505, 38.81883 ], [ -77.18377, 38.81924 ], [ -77.18297, 38.81184 ], [ -77.18647, 38.81183 ], [ -77.18684, 38.81533 ], [ -77.18969, 38.81878 ], [ -77.1924, 38.82347 ], [ -77.19806, 38.82155 ], [ -77.19939, 38.82019 ], [ -77.20261, 38.82244 ], [ -77.2027, 38.82228 ], [ -77.20427, 38.82294 ], [ -77.20503, 38.82186 ], [ -77.20608, 38.8223 ], [ -77.2063, 38.82199 ], [ -77.20664, 38.82242 ], [ -77.21038, 38.82399 ], [ -77.21305, 38.82405 ], [ -77.2132, 38.82541 ], [ -77.21098, 38.82925 ], [ -77.21381, 38.83039 ], [ -77.2151, 38.83007 ], [ -77.21561, 38.82898 ], [ -77.21757, 38.82871 ], [ -77.21802, 38.82909 ], [ -77.21921, 38.82929 ], [ -77.21844, 38.83177 ], [ -77.21822, 38.83432 ], [ -77.21234, 38.83286 ], [ -77.20194, 38.83141 ], [ -77.18865, 38.82917 ], [ -77.1889, 38.82734 ], [ -77.18836, 38.82729 ], [ -77.18842, 38.82682 ] ] } },
{ "type": "Feature", "properties": { "year": 2026, "level": "ES", "name": "Braddock" }, "geometry": { "type": "LineString", "coordinates": [ [ -77.21792, 38.81123 ], [ -77.22047, 38.81468 ], [ -77.22195, 38.81764 ], [ -77.22245, 38.82023 ], [ -77.22224, 38.82277 ], [ -77.22168, 38.82445 ], [ -77.21921, 38.82929 ], [ -77.21802, 38.82909 ], [ -77.21757, 38.82871 ], [ -77.21561, 38.82898 ], [ -77.2151, 38.83007 ], [ -77.21381, 38.83039 ], [ -77.21098, 38.82925 ], [ -77.2132, 38.82541 ], [ -77.21305, 38.82405 ], [ -77.21038, 38.82399 ], [ -77.20664, 38.82242 ], [ -77.2063, 38.82199 ], [ -77.20608, 38.8223 ], [ -77.20503, 38.82186 ], [ -77.20427, 38.82294 ], [ -77.2027, 38.82228 ], [ -77.20261, 38.82244 ], [ -77.19939, 38.82019 ], [ -77.19806, 38.82155 ], [ -77.1924, 38.82347 ], [ -77.1899, 38.8191 ], [ -77.18667, 38.8149 ], [ -77.18647, 38.81183 ], [ -77.21792, 38.81123 ] ] } },
{ "type": "Feature", "properties": { "year": 2026, "level": "ES", "name": "West Springfield" }, "geometry": { "type": "LineString", "coordinates": [ [ -77.21728, 38.75906 ], [ -77.22063, 38.76173 ], [ -77.22133, 38.76319 ], [ -77.22166, 38.76471 ], [ -77.22237, 38.76577 ], [ -77.22628, 38.76839 ], [ -77.2293, 38.76932 ], [ -77.23174, 38.7708 ], [ -77.23199, 38.77124 ], [ -77.23196, 38.77232 ], [ -77.23144, 38.77548 ], [ -77.23339, 38.77928 ], [ -77.22754, 38.78052 ], [ -77.22504, 38.78058 ], [ -77.22249, 38.77985 ], [ -77.218, 38.77676 ], [ -77.21231, 38.77466 ], [ -77.20987, 38.77428 ], [ -77.20735, 38.77433 ], [ -77.20487, 38.77479 ], [ -77.20345, 38.77531 ], [ -77.20336, 38.77474 ], [ -77.2038, 38.77452 ], [ -77.20381, 38.77404 ], [ -77.20299, 38.77348 ], [ -77.20295, 38.77284 ], [ -77.20378, 38.77116 ], [ -77.2043, 38.77108 ], [ -77.2056, 38.77028 ], [ -77.20705, 38.76828 ], [ -77.20736, 38.76751 ], [ -77.20695, 38.76607 ], [ -77.20701, 38.76539 ], [ -77.20828, 38.76387 ], [ -77.20882, 38.76236 ], [ -77.20809, 38.76185 ], [ -77.21075, 38.76063 ], [ -77.21479, 38.7599 ], [ -77.21728, 38.75906 ] ] } },
{ "type": "Feature", "properties": { "year": 2026, "level": "ES", "name": "Cardinal Forest" }, "geometry": { "type": "LineString", "coordinates": [ [ -77.23816, 38.78515 ], [ -77.2461, 38.77779 ], [ -77.24835, 38.77982 ], [ -77.25039, 38.77794 ], [ -77.25431, 38.78143 ], [ -77.25492, 38.78281 ], [ -77.24591, 38.79365 ], [ -77.24787, 38.79594 ], [ -77.23987, 38.79617 ], [ -77.23793, 38.79617 ], [ -77.23656, 38.79589 ], [ -77.23026, 38.79299 ], [ -77.2288, 38.79254 ], [ -77.21888, 38.79277 ], [ -77.21679, 38.79069 ], [ -77.21689, 38.79035 ], [ -77.21609, 38.78989 ], [ -77.21515, 38.78885 ], [ -77.21301, 38.78773 ], [ -77.21133, 38.78753 ], [ -77.20788, 38.78625 ], [ -77.20701, 38.78514 ], [ -77.20619, 38.78488 ], [ -77.20584, 38.78417 ], [ -77.20622, 38.78365 ], [ -77.20621, 38.78302 ], [ -77.20716, 38.78155 ], [ -77.20836, 38.78053 ], [ -77.20931, 38.78012 ], [ -77.20986, 38.78061 ], [ -77.20961, 38.78068 ], [ -77.21021, 38.78064 ], [ -77.21071, 38.77977 ], [ -77.21135, 38.7804 ], [ -77.21242, 38.78085 ], [ -77.21278, 38.78189 ], [ -77.2134, 38.78211 ], [ -77.21433, 38.78194 ], [ -77.21431, 38.78283 ], [ -77.21496, 38.78389 ], [ -77.21628, 38.78463 ], [ -77.21731, 38.78488 ], [ -77.21789, 38.78568 ], [ -77.21939, 38.78593 ], [ -77.22007, 38.78644 ], [ -77.22045, 38.78629 ], [ -77.22127, 38.78655 ], [ -77.22186, 38.78607 ], [ -77.22364, 38.78561 ], [ -77.22431, 38.78627 ], [ -77.22569, 38.78627 ], [ -77.2261, 38.78606 ], [ -77.22879, 38.78701 ], [ -77.22894, 38.786 ], [ -77.23036, 38.786 ], [ -77.23035, 38.78515 ], [ -77.22975, 38.78515 ], [ -77.22991, 38.78401 ], [ -77.22957, 38.78366 ], [ -77.22926, 38.78366 ], [ -77.22934, 38.78307 ], [ -77.22617, 38.78309 ], [ -77.22614, 38.78064 ], [ -77.22754, 38.78052 ], [ -77.23339, 38.77928 ], [ -77.23492, 38.78172 ], [ -77.23816, 38.78515 ] ] } },
{ "type": "Feature", "properties": { "year": 2026, "level": "ES", "name": "Rolling Valley" }, "geometry": { "type": "LineString", "coordinates": [ [ -77.22108, 38.76256 ], [ -77.22051, 38.76161 ], [ -77.21728, 38.75906 ], [ -77.21992, 38.7582 ], [ -77.22381, 38.7584 ], [ -77.22686, 38.75753 ], [ -77.22738, 38.75799 ], [ -77.22692, 38.75921 ], [ -77.22743, 38.76126 ], [ -77.22778, 38.76139 ], [ -77.22924, 38.761 ], [ -77.23026, 38.76009 ], [ -77.23151, 38.7602 ], [ -77.23141, 38.76132 ], [ -77.23162, 38.76191 ], [ -77.23135, 38.76217 ], [ -77.23138, 38.76299 ], [ -77.23258, 38.76304 ], [ -77.23404, 38.7627 ], [ -77.23446, 38.76291 ], [ -77.23486, 38.76371 ], [ -77.23422, 38.76501 ], [ -77.2346, 38.76583 ], [ -77.23558, 38.76562 ], [ -77.23675, 38.76602 ], [ -77.23857, 38.76602 ], [ -77.24026, 38.76699 ], [ -77.24062, 38.76737 ], [ -77.24047, 38.76799 ], [ -77.24005, 38.76883 ], [ -77.23954, 38.76917 ], [ -77.23941, 38.76901 ], [ -77.239, 38.76921 ], [ -77.23904, 38.76982 ], [ -77.23927, 38.77006 ], [ -77.24086, 38.77016 ], [ -77.24098, 38.77094 ], [ -77.24171, 38.77219 ], [ -77.24274, 38.7734 ], [ -77.24411, 38.77423 ], [ -77.24441, 38.77518 ], [ -77.24537, 38.77499 ], [ -77.24585, 38.77524 ], [ -77.24669, 38.77484 ], [ -77.25039, 38.77794 ], [ -77.24835, 38.77982 ], [ -77.24601, 38.77782 ], [ -77.23816, 38.78515 ], [ -77.23428, 38.78089 ], [ -77.23156, 38.77582 ], [ -77.23146, 38.77513 ], [ -77.23196, 38.77232 ], [ -77.23182, 38.7709 ], [ -77.22972, 38.76951 ], [ -77.22628, 38.76839 ], [ -77.22237, 38.76577 ], [ -77.22166, 38.76471 ], [ -77.22108, 38.76256 ] ] } },
{ "type": "Feature", "properties": { "year": 2026, "level": "ES", "name": "Keene Mill" }, "geometry": { "type": "MultiLineString", "coordinates": [ [ [ -77.21071, 38.77977 ], [ -77.20925, 38.77773 ], [ -77.20819, 38.77684 ], [ -77.20777, 38.77675 ], [ -77.20694, 38.77676 ], [ -77.20669, 38.77695 ], [ -77.20662, 38.77781 ], [ -77.20609, 38.77864 ], [ -77.20493, 38.77946 ], [ -77.20426, 38.77962 ], [ -77.20376, 38.77916 ], [ -77.20421, 38.77799 ], [ -77.20462, 38.77767 ], [ -77.20453, 38.77718 ], [ -77.20399, 38.77585 ], [ -77.20345, 38.77531 ], [ -77.20646, 38.77446 ], [ -77.20987, 38.77428 ], [ -77.21292, 38.77482 ], [ -77.21689, 38.77629 ], [ -77.21899, 38.77732 ], [ -77.22249, 38.77985 ], [ -77.22428, 38.78045 ], [ -77.22614, 38.78064 ], [ -77.22617, 38.78309 ], [ -77.22934, 38.78307 ], [ -77.22926, 38.78366 ], [ -77.22957, 38.78366 ], [ -77.22991, 38.78401 ], [ -77.22975, 38.78515 ], [ -77.23035, 38.78515 ], [ -77.23036, 38.786 ], [ -77.22894, 38.786 ], [ -77.22879, 38.78701 ], [ -77.2261, 38.78606 ], [ -77.22569, 38.78627 ], [ -77.22431, 38.78627 ], [ -77.22364, 38.78561 ], [ -77.22186, 38.78607 ], [ -77.22127, 38.78655 ], [ -77.22045, 38.78629 ], [ -77.22007, 38.78644 ], [ -77.21939, 38.78593 ], [ -77.21789, 38.78568 ], [ -77.21731, 38.78488 ], [ -77.21628, 38.78463 ], [ -77.215, 38.78391 ], [ -77.21431, 38.78283 ], [ -77.21435, 38.78196 ], [ -77.2134, 38.78211 ], [ -77.21278, 38.78189 ], [ -77.21242, 38.78085 ], [ -77.21135, 38.7804 ], [ -77.21071, 38.77977 ] ], [ [ -77.25846, 38.77871 ], [ -77.25492, 38.78281 ], [ -77.25431, 38.78143 ], [ -77.24669, 38.77484 ], [ -77.24911, 38.77421 ], [ -77.25482, 38.77319 ], [ -77.25739, 38.77323 ], [ -77.25988, 38.77381 ], [ -77.26223, 38.77484 ], [ -77.25958, 38.77802 ], [ -77.25976, 38.77815 ], [ -77.25894, 38.77912 ], [ -77.25846, 38.77871 ] ] ] } },
{ "type": "Feature", "properties": { "year": 2026, "level": "ES", "name": "Garfield" }, "geometry": { "type": "LineString", "coordinates": [ [ -77.19465, 38.76457 ], [ -77.20351, 38.76456 ], [ -77.20573, 38.76382 ], [ -77.20809, 38.76185 ], [ -77.2087, 38.7622 ], [ -77.20828, 38.76387 ], [ -77.20701, 38.76539 ], [ -77.20695, 38.76607 ], [ -77.20736, 38.76751 ], [ -77.20666, 38.76906 ], [ -77.2056, 38.77028 ], [ -77.2043, 38.77108 ], [ -77.20378, 38.77116 ], [ -77.20295, 38.77284 ], [ -77.20299, 38.77348 ], [ -77.20381, 38.77404 ], [ -77.2038, 38.77452 ], [ -77.20336, 38.77474 ], [ -77.20345, 38.77531 ], [ -77.1991, 38.77711 ], [ -77.18909, 38.77874 ], [ -77.18465, 38.77928 ], [ -77.18088, 38.77884 ], [ -77.18283, 38.76957 ], [ -77.18453, 38.76843 ], [ -77.18713, 38.76551 ], [ -77.18834, 38.76483 ], [ -77.18966, 38.76454 ], [ -77.19465, 38.76457 ] ] } },
{ "type": "Feature", "properties": { "year": 2026, "level": "ES", "name": "Springfield Estates" }, "geometry": { "type": "LineString", "coordinates": [ [ -77.16982, 38.77783 ], [ -77.17665, 38.77824 ], [ -77.18088, 38.77884 ], [ -77.1785, 38.78541 ], [ -77.17536, 38.79065 ], [ -77.17169, 38.78997 ], [ -77.16843, 38.79005 ], [ -77.16135, 38.79134 ], [ -77.15567, 38.79286 ], [ -77.15316, 38.79333 ], [ -77.15408, 38.79202 ], [ -77.1547, 38.79042 ], [ -77.15645, 38.7801 ], [ -77.16982, 38.77783 ] ] } },
{ "type": "Feature", "properties": { "year": 2026, "level": "ES", "name": "Lynbrook" }, "geometry": { "type": "LineString", "coordinates": [ [ -77.17783, 38.78673 ], [ -77.17917, 38.78393 ], [ -77.18088, 38.77884 ], [ -77.1839, 38.77926 ], [ -77.18585, 38.7792 ], [ -77.1872, 38.78533 ], [ -77.18737, 38.78889 ], [ -77.18708, 38.79107 ], [ -77.19038, 38.79149 ], [ -77.19399, 38.79314 ], [ -77.1959, 38.7935 ], [ -77.19548, 38.79458 ], [ -77.19423, 38.79423 ], [ -77.19306, 38.79625 ], [ -77.19289, 38.79677 ], [ -77.19421, 38.79706 ], [ -77.19215, 38.79778 ], [ -77.19015, 38.79808 ], [ -77.18813, 38.79802 ], [ -77.18579, 38.79757 ], [ -77.18624, 38.79494 ], [ -77.18223, 38.79339 ], [ -77.17853, 38.79166 ], [ -77.17536, 38.79064 ], [ -77.17783, 38.78673 ] ] } },
{ "type": "Feature", "properties": { "year": 2026, "level": "ES", "name": "Forestdale" }, "geometry": { "type": "LineString", "coordinates": [ [ -77.17428, 38.76072 ], [ -77.17795, 38.75481 ], [ -77.18399, 38.75433 ], [ -77.1835, 38.75743 ], [ -77.18943, 38.75919 ], [ -77.19832, 38.75841 ], [ -77.20399, 38.75632 ], [ -77.20575, 38.75842 ], [ -77.20632, 38.75871 ], [ -77.20598, 38.75925 ], [ -77.20515, 38.75946 ], [ -77.20497, 38.76001 ], [ -77.20579, 38.76157 ], [ -77.20616, 38.76192 ], [ -77.20774, 38.76164 ], [ -77.20809, 38.76185 ], [ -77.20573, 38.76382 ], [ -77.20351, 38.76456 ], [ -77.18966, 38.76454 ], [ -77.18763, 38.76518 ], [ -77.1865, 38.76613 ], [ -77.18453, 38.76843 ], [ -77.18283, 38.76957 ], [ -77.18088, 38.77884 ], [ -77.17665, 38.77824 ], [ -77.16923, 38.77783 ], [ -77.15645, 38.7801 ], [ -77.15752, 38.77467 ], [ -77.15849, 38.7727 ], [ -77.1598, 38.77098 ], [ -77.16143, 38.76949 ], [ -77.16335, 38.76822 ], [ -77.16949, 38.7656 ], [ -77.17107, 38.76467 ], [ -77.17274, 38.76309 ], [ -77.17428, 38.76072 ] ] } },
{ "type": "Feature", "properties": { "year": 2026, "level": "ES", "name": "Crestwood" }, "geometry": { "type": "LineString", "coordinates": [ [ -77.20345, 38.77531 ], [ -77.20399, 38.77585 ], [ -77.20453, 38.77718 ], [ -77.20462, 38.77767 ], [ -77.20421, 38.77799 ], [ -77.20376, 38.77916 ], [ -77.20426, 38.77962 ], [ -77.20493, 38.77946 ], [ -77.20609, 38.77864 ], [ -77.20662, 38.77781 ], [ -77.20669, 38.77695 ], [ -77.20694, 38.77676 ], [ -77.20777, 38.77675 ], [ -77.20819, 38.77684 ], [ -77.20925, 38.77773 ], [ -77.21071, 38.77977 ], [ -77.21021, 38.78064 ], [ -77.20968, 38.78071 ], [ -77.20961, 38.78068 ], [ -77.20986, 38.78061 ], [ -77.20931, 38.78012 ], [ -77.20836, 38.78053 ], [ -77.20716, 38.78155 ], [ -77.20621, 38.78302 ], [ -77.20622, 38.78365 ], [ -77.20584, 38.78417 ], [ -77.20619, 38.78488 ], [ -77.20701, 38.78514 ], [ -77.20759, 38.78608 ], [ -77.20885, 38.78669 ], [ -77.21137, 38.78754 ], [ -77.21301, 38.78773 ], [ -77.21515, 38.78885 ], [ -77.21609, 38.78989 ], [ -77.21689, 38.79035 ], [ -77.21679, 38.79069 ], [ -77.21888, 38.79277 ], [ -77.20435, 38.79337 ], [ -77.20203, 38.79395 ], [ -77.19421, 38.79706 ], [ -77.19289, 38.79677 ], [ -77.19423, 38.79423 ], [ -77.19548, 38.79458 ], [ -77.1959, 38.7935 ], [ -77.19399, 38.79314 ], [ -77.19038, 38.79149 ], [ -77.18708, 38.79107 ], [ -77.18737, 38.78889 ], [ -77.1872, 38.78533 ], [ -77.18585, 38.7792 ], [ -77.1991, 38.77711 ], [ -77.20345, 38.77531 ] ] } },
{ "type": "Feature", "properties": { "year": 2026, "level": "ES", "name": "Fairfax Villa" }, "geometry": { "type": "LineString", "coordinates": [ [ -77.33759, 38.83357 ], [ -77.33834, 38.83163 ], [ -77.34118, 38.83197 ], [ -77.34292, 38.82786 ], [ -77.34748, 38.82973 ], [ -77.34934, 38.82548 ], [ -77.35015, 38.82653 ], [ -77.35048, 38.82502 ], [ -77.36203, 38.82492 ], [ -77.36176, 38.82548 ], [ -77.36297, 38.82614 ], [ -77.36261, 38.82701 ], [ -77.36281, 38.82764 ], [ -77.36258, 38.82863 ], [ -77.36211, 38.829 ], [ -77.36215, 38.82998 ], [ -77.36365, 38.83319 ], [ -77.36293, 38.83414 ], [ -77.3639, 38.83629 ], [ -77.36372, 38.83704 ], [ -77.36302, 38.83718 ], [ -77.36733, 38.84662 ], [ -77.35893, 38.8482 ], [ -77.3396, 38.8508 ], [ -77.33991, 38.85262 ], [ -77.33942, 38.85268 ], [ -77.33931, 38.8532 ], [ -77.33823, 38.85309 ], [ -77.3381, 38.85393 ], [ -77.33919, 38.85402 ], [ -77.34085, 38.85452 ], [ -77.34097, 38.85423 ], [ -77.34227, 38.85443 ], [ -77.34191, 38.85533 ], [ -77.34286, 38.85559 ], [ -77.34458, 38.85375 ], [ -77.34527, 38.85371 ], [ -77.34742, 38.85288 ], [ -77.34964, 38.85242 ], [ -77.35001, 38.85523 ], [ -77.34938, 38.85594 ], [ -77.34667, 38.85579 ], [ -77.34685, 38.85618 ], [ -77.34705, 38.85605 ], [ -77.34704, 38.85656 ], [ -77.34739, 38.85658 ], [ -77.34794, 38.85706 ], [ -77.34792, 38.85778 ], [ -77.34667, 38.86086 ], [ -77.34586, 38.86125 ], [ -77.33333, 38.85643 ], [ -77.33481, 38.85372 ], [ -77.33503, 38.85266 ], [ -77.3348, 38.85136 ], [ -77.3318, 38.8517 ], [ -77.33137, 38.85122 ], [ -77.33054, 38.84886 ], [ -77.33033, 38.84884 ], [ -77.33032, 38.84779 ], [ -77.33095, 38.84732 ], [ -77.32588, 38.84698 ], [ -77.32269, 38.8432 ], [ -77.31876, 38.84202 ], [ -77.31869, 38.83466 ], [ -77.31623, 38.83642 ], [ -77.31411, 38.83583 ], [ -77.31398, 38.83604 ], [ -77.31274, 38.83631 ], [ -77.31261, 38.83571 ], [ -77.31175, 38.83572 ], [ -77.31241, 38.83438 ], [ -77.31462, 38.83224 ], [ -77.31572, 38.83066 ], [ -77.31906, 38.83213 ], [ -77.3194, 38.83165 ], [ -77.32131, 38.83274 ], [ -77.32514, 38.82989 ], [ -77.32672, 38.83015 ], [ -77.3293, 38.831 ], [ -77.33353, 38.83162 ], [ -77.33337, 38.83224 ], [ -77.33405, 38.83252 ], [ -77.33379, 38.83287 ], [ -77.33528, 38.83539 ], [ -77.33724, 38.83456 ], [ -77.33762, 38.83413 ], [ -77.33759, 38.83357 ] ] } },
{ "type": "Feature", "properties": { "year": 2026, "level": "ES", "name": "Hayfield" }, "geometry": { "type": "LineString", "coordinates": [ [ -77.12246, 38.74939 ], [ -77.12595, 38.74581 ], [ -77.12831, 38.74603 ], [ -77.13217, 38.74257 ], [ -77.13288, 38.74125 ], [ -77.14301, 38.74862 ], [ -77.14988, 38.74436 ], [ -77.15366, 38.74342 ], [ -77.1537, 38.74553 ], [ -77.15414, 38.74576 ], [ -77.15389, 38.74698 ], [ -77.15307, 38.74687 ], [ -77.15273, 38.74826 ], [ -77.15337, 38.74835 ], [ -77.15325, 38.74892 ], [ -77.15258, 38.74883 ], [ -77.15239, 38.74964 ], [ -77.14938, 38.74924 ], [ -77.14852, 38.74883 ], [ -77.14756, 38.74976 ], [ -77.14771, 38.7504 ], [ -77.14713, 38.75145 ], [ -77.14609, 38.75109 ], [ -77.14366, 38.75484 ], [ -77.14577, 38.75661 ], [ -77.14409, 38.75845 ], [ -77.14326, 38.76209 ], [ -77.14139, 38.76344 ], [ -77.14015, 38.76483 ], [ -77.14207, 38.76701 ], [ -77.14079, 38.76774 ], [ -77.14004, 38.76691 ], [ -77.13816, 38.76792 ], [ -77.13542, 38.76555 ], [ -77.13367, 38.76686 ], [ -77.13124, 38.77103 ], [ -77.12952, 38.77131 ], [ -77.12809, 38.77119 ], [ -77.12599, 38.77058 ], [ -77.12245, 38.77987 ], [ -77.12159, 38.77956 ], [ -77.12049, 38.77996 ], [ -77.12039, 38.77838 ], [ -77.11864, 38.77609 ], [ -77.1188, 38.776 ], [ -77.11845, 38.77567 ], [ -77.11797, 38.77312 ], [ -77.11648, 38.77179 ], [ -77.11705, 38.7714 ], [ -77.11671, 38.77105 ], [ -77.12152, 38.76713 ], [ -77.12087, 38.7667 ], [ -77.12049, 38.76607 ], [ -77.12053, 38.76556 ], [ -77.12015, 38.7649 ], [ -77.12062, 38.76459 ], [ -77.12012, 38.76364 ], [ -77.12027, 38.76319 ], [ -77.12001, 38.76274 ], [ -77.12014, 38.76224 ], [ -77.12038, 38.76232 ], [ -77.12043, 38.76203 ], [ -77.12139, 38.76137 ], [ -77.1214, 38.76111 ], [ -77.12185, 38.76105 ], [ -77.12187, 38.76072 ], [ -77.12234, 38.7605 ], [ -77.12231, 38.75958 ], [ -77.12292, 38.75807 ], [ -77.12354, 38.75769 ], [ -77.12366, 38.75729 ], [ -77.12347, 38.75719 ], [ -77.12378, 38.75704 ], [ -77.1236, 38.75676 ], [ -77.12393, 38.75673 ], [ -77.12393, 38.75634 ], [ -77.12309, 38.75608 ], [ -77.12307, 38.75544 ], [ -77.12203, 38.75439 ], [ -77.12192, 38.75322 ], [ -77.12262, 38.75019 ], [ -77.12246, 38.74939 ] ] } },
{ "type": "Feature", "properties": { "year": 2026, "level": "ES", "name": "Cameron" }, "geometry": { "type": "LineString", "coordinates": [ [ -77.06648, 38.78802 ], [ -77.06977, 38.78558 ], [ -77.07284, 38.78427 ], [ -77.07143, 38.78682 ], [ -77.07662, 38.78902 ], [ -77.07639, 38.79082 ], [ -77.07714, 38.79263 ], [ -77.08228, 38.79488 ], [ -77.08248, 38.7952 ], [ -77.08385, 38.79328 ], [ -77.08459, 38.79309 ], [ -77.08554, 38.79502 ], [ -77.08612, 38.79498 ], [ -77.08615, 38.79553 ], [ -77.08709, 38.79575 ], [ -77.0897, 38.79575 ], [ -77.0898, 38.7951 ], [ -77.0925, 38.79472 ], [ -77.09236, 38.7969 ], [ -77.09287, 38.79715 ], [ -77.09364, 38.79708 ], [ -77.09415, 38.79809 ], [ -77.09387, 38.79952 ], [ -77.09711, 38.80042 ], [ -77.09751, 38.7998 ], [ -77.0981, 38.79969 ], [ -77.10431, 38.80072 ], [ -77.10431, 38.80168 ], [ -77.10232, 38.80174 ], [ -77.10167, 38.8027 ], [ -77.10164, 38.80352 ], [ -77.09935, 38.80342 ], [ -77.07575, 38.8006 ], [ -77.07297, 38.80005 ], [ -77.07001, 38.79915 ], [ -77.06304, 38.79643 ], [ -77.06362, 38.79536 ], [ -77.05993, 38.79409 ], [ -77.05681, 38.7926 ], [ -77.05787, 38.79195 ], [ -77.06514, 38.78893 ], [ -77.06648, 38.78802 ] ] } },
{ "type": "Feature", "properties": { "year": 2026, "level": "ES", "name": "Clermont" }, "geometry": { "type": "LineString", "coordinates": [ [ -77.08564, 38.78325 ], [ -77.08409, 38.78167 ], [ -77.08529, 38.78036 ], [ -77.08459, 38.78006 ], [ -77.08652, 38.77968 ], [ -77.08709, 38.7802 ], [ -77.09049, 38.77999 ], [ -77.09219, 38.77822 ], [ -77.09243, 38.77867 ], [ -77.09208, 38.77938 ], [ -77.0925, 38.77977 ], [ -77.09164, 38.78118 ], [ -77.092, 38.78189 ], [ -77.09279, 38.78215 ], [ -77.09099, 38.78519 ], [ -77.09116, 38.78648 ], [ -77.09174, 38.78651 ], [ -77.09465, 38.78555 ], [ -77.10238, 38.7826 ], [ -77.10383, 38.78184 ], [ -77.10498, 38.78082 ], [ -77.10808, 38.78406 ], [ -77.10774, 38.7845 ], [ -77.11044, 38.7854 ], [ -77.10911, 38.7867 ], [ -77.10843, 38.78844 ], [ -77.10773, 38.78831 ], [ -77.10733, 38.78853 ], [ -77.10841, 38.79016 ], [ -77.11149, 38.78896 ], [ -77.11283, 38.78877 ], [ -77.1172, 38.7898 ], [ -77.11724, 38.79246 ], [ -77.11622, 38.79306 ], [ -77.11677, 38.79373 ], [ -77.11734, 38.79346 ], [ -77.11731, 38.7937 ], [ -77.11811, 38.79437 ], [ -77.11859, 38.79597 ], [ -77.11842, 38.79623 ], [ -77.11797, 38.79632 ], [ -77.11818, 38.79702 ], [ -77.11953, 38.79687 ], [ -77.12, 38.79705 ], [ -77.1202, 38.8007 ], [ -77.11675, 38.80157 ], [ -77.11301, 38.803 ], [ -77.11229, 38.80207 ], [ -77.10715, 38.80318 ], [ -77.10164, 38.80352 ], [ -77.10167, 38.8027 ], [ -77.10232, 38.80174 ], [ -77.10431, 38.80168 ], [ -77.10431, 38.80072 ], [ -77.0981, 38.79969 ], [ -77.09751, 38.7998 ], [ -77.09711, 38.80042 ], [ -77.09387, 38.79952 ], [ -77.09415, 38.79809 ], [ -77.09364, 38.79708 ], [ -77.09287, 38.79715 ], [ -77.09236, 38.7969 ], [ -77.0925, 38.79472 ], [ -77.0898, 38.7951 ], [ -77.0897, 38.79575 ], [ -77.08709, 38.79575 ], [ -77.08615, 38.79553 ], [ -77.08612, 38.79498 ], [ -77.08554, 38.79502 ], [ -77.08459, 38.79309 ], [ -77.08385, 38.79328 ], [ -77.08504, 38.79162 ], [ -77.08135, 38.79108 ], [ -77.08133, 38.78987 ], [ -77.08079, 38.78964 ], [ -77.08312, 38.78625 ], [ -77.08235, 38.78555 ], [ -77.08292, 38.78514 ], [ -77.08158, 38.7843 ], [ -77.08242, 38.78314 ], [ -77.08312, 38.78358 ], [ -77.08459, 38.78343 ], [ -77.08488, 38.78526 ], [ -77.0863, 38.78497 ], [ -77.08564, 38.78325 ] ] } },
{ "type": "Feature", "properties": { "year": 2026, "level": "ES", "name": "Rose Hill" }, "geometry": { "type": "LineString", "coordinates": [ [ -77.11126, 38.7618 ], [ -77.12013, 38.7626 ], [ -77.12012, 38.76364 ], [ -77.12062, 38.76459 ], [ -77.12015, 38.7649 ], [ -77.12053, 38.76556 ], [ -77.12049, 38.76607 ], [ -77.12087, 38.7667 ], [ -77.12152, 38.76713 ], [ -77.11671, 38.77105 ], [ -77.11705, 38.7714 ], [ -77.11648, 38.77179 ], [ -77.11797, 38.77312 ], [ -77.11845, 38.77567 ], [ -77.1188, 38.776 ], [ -77.11864, 38.77609 ], [ -77.12039, 38.77838 ], [ -77.12049, 38.77996 ], [ -77.12159, 38.77956 ], [ -77.12245, 38.77987 ], [ -77.12195, 38.78113 ], [ -77.1233, 38.78109 ], [ -77.12421, 38.7854 ], [ -77.12303, 38.78611 ], [ -77.12069, 38.78669 ], [ -77.1166, 38.78936 ], [ -77.11551, 38.78942 ], [ -77.11338, 38.7888 ], [ -77.11247, 38.78879 ], [ -77.11129, 38.78903 ], [ -77.10841, 38.79016 ], [ -77.10733, 38.78853 ], [ -77.10773, 38.78831 ], [ -77.10843, 38.78844 ], [ -77.10911, 38.7867 ], [ -77.11044, 38.7854 ], [ -77.10774, 38.7845 ], [ -77.10808, 38.78406 ], [ -77.10498, 38.78082 ], [ -77.10383, 38.78184 ], [ -77.10238, 38.7826 ], [ -77.09465, 38.78555 ], [ -77.09174, 38.78651 ], [ -77.09116, 38.78648 ], [ -77.09099, 38.78519 ], [ -77.09279, 38.78215 ], [ -77.092, 38.78189 ], [ -77.09164, 38.78118 ], [ -77.0925, 38.77977 ], [ -77.09208, 38.77938 ], [ -77.09243, 38.77867 ], [ -77.09192, 38.77691 ], [ -77.09254, 38.77641 ], [ -77.08987, 38.77433 ], [ -77.11412, 38.76914 ], [ -77.11126, 38.7618 ] ] } },
{ "type": "Feature", "properties": { "year": 2026, "level": "ES", "name": "Fort Belvoir Primary" }, "geometry": { "type": "MultiLineString", "coordinates": [ [ [ -77.13605, 38.67342 ], [ -77.13571, 38.67372 ], [ -77.13561, 38.6745 ], [ -77.13596, 38.67395 ], [ -77.1365, 38.67377 ], [ -77.13697, 38.67376 ], [ -77.13781, 38.67438 ], [ -77.13899, 38.67433 ], [ -77.13889, 38.67387 ], [ -77.13848, 38.67359 ], [ -77.13662, 38.67337 ], [ -77.13647, 38.67307 ], [ -77.13686, 38.67294 ], [ -77.13987, 38.67367 ], [ -77.14132, 38.67445 ], [ -77.14261, 38.67432 ], [ -77.14322, 38.67404 ], [ -77.14379, 38.67502 ], [ -77.14631, 38.67685 ], [ -77.14644, 38.67717 ], [ -77.14733, 38.67706 ], [ -77.14839, 38.67792 ], [ -77.14982, 38.67786 ], [ -77.15128, 38.67843 ], [ -77.15221, 38.67915 ], [ -77.15422, 38.679 ], [ -77.15371, 38.68045 ], [ -77.1538, 38.68151 ], [ -77.15412, 38.68184 ], [ -77.1551, 38.68198 ], [ -77.15668, 38.68266 ], [ -77.15745, 38.68409 ], [ -77.15679, 38.68451 ], [ -77.15644, 38.68435 ], [ -77.15632, 38.68492 ], [ -77.15578, 38.68515 ], [ -77.15516, 38.68616 ], [ -77.15472, 38.6863 ], [ -77.15393, 38.68795 ], [ -77.15414, 38.68856 ], [ -77.15391, 38.68944 ], [ -77.15469, 38.69007 ], [ -77.15527, 38.69021 ], [ -77.15493, 38.6909 ], [ -77.15511, 38.6915 ], [ -77.15735, 38.69193 ], [ -77.15765, 38.69252 ], [ -77.15756, 38.69333 ], [ -77.15799, 38.6932 ], [ -77.15792, 38.69348 ], [ -77.15842, 38.69338 ], [ -77.15822, 38.69317 ], [ -77.15831, 38.6919 ], [ -77.1578, 38.68897 ], [ -77.15906, 38.68708 ], [ -77.159, 38.68672 ], [ -77.15851, 38.6865 ], [ -77.15865, 38.686 ], [ -77.15903, 38.68603 ], [ -77.15951, 38.6857 ], [ -77.16062, 38.6863 ], [ -77.16049, 38.6866 ], [ -77.16073, 38.68705 ], [ -77.16043, 38.68726 ], [ -77.16012, 38.68714 ], [ -77.16005, 38.68736 ], [ -77.16045, 38.68841 ], [ -77.15979, 38.68951 ], [ -77.15995, 38.69006 ], [ -77.16057, 38.68956 ], [ -77.1616, 38.68977 ], [ -77.16247, 38.68955 ], [ -77.16295, 38.68866 ], [ -77.16354, 38.68859 ], [ -77.1632, 38.68824 ], [ -77.16394, 38.68742 ], [ -77.16361, 38.68716 ], [ -77.16321, 38.68577 ], [ -77.16411, 38.68551 ], [ -77.16396, 38.68489 ], [ -77.16548, 38.68333 ], [ -77.16586, 38.68336 ], [ -77.16614, 38.68531 ], [ -77.16712, 38.68585 ], [ -77.16804, 38.68569 ], [ -77.17015, 38.6846 ], [ -77.17141, 38.68466 ], [ -77.17192, 38.68488 ], [ -77.17242, 38.68465 ], [ -77.17224, 38.68282 ], [ -77.1726, 38.68341 ], [ -77.17332, 38.68375 ], [ -77.17295, 38.68421 ], [ -77.17307, 38.68457 ], [ -77.17378, 38.68485 ], [ -77.1739, 38.68459 ], [ -77.1755, 38.68443 ], [ -77.17632, 38.68399 ], [ -77.17681, 38.6849 ], [ -77.17798, 38.68494 ], [ -77.17853, 38.68434 ], [ -77.17823, 38.68393 ], [ -77.17871, 38.68378 ], [ -77.17957, 38.68423 ], [ -77.18049, 38.68423 ], [ -77.18063, 38.68461 ], [ -77.18121, 38.68454 ], [ -77.18131, 38.68432 ], [ -77.18201, 38.68439 ], [ -77.18228, 38.68496 ], [ -77.18247, 38.68427 ], [ -77.18284, 38.68407 ], [ -77.18426, 38.68469 ], [ -77.18389, 38.68415 ], [ -77.18395, 38.68334 ], [ -77.18321, 38.68288 ], [ -77.18254, 38.68132 ], [ -77.18086, 38.68079 ], [ -77.17934, 38.68101 ], [ -77.18135, 38.68047 ], [ -77.18257, 38.68068 ], [ -77.18371, 38.68135 ], [ -77.1841, 38.68232 ], [ -77.18575, 38.68325 ], [ -77.18726, 38.68509 ], [ -77.18988, 38.68571 ], [ -77.19128, 38.68702 ], [ -77.19259, 38.68776 ], [ -77.19308, 38.68872 ], [ -77.19331, 38.68877 ], [ -77.19472, 38.6879 ], [ -77.19812, 38.68934 ], [ -77.19871, 38.6893 ], [ -77.19939, 38.68888 ], [ -77.20044, 38.68943 ], [ -77.20058, 38.69042 ], [ -77.20151, 38.69075 ], [ -77.20194, 38.69137 ], [ -77.20055, 38.69188 ], [ -77.20105, 38.69364 ], [ -77.2001, 38.69414 ], [ -77.1991, 38.6961 ], [ -77.19914, 38.69651 ], [ -77.19986, 38.69647 ], [ -77.20038, 38.69676 ], [ -77.20023, 38.69702 ], [ -77.20046, 38.69759 ], [ -77.20132, 38.69822 ], [ -77.20112, 38.69912 ], [ -77.20069, 38.6996 ], [ -77.19819, 38.70084 ], [ -77.19702, 38.69946 ], [ -77.19519, 38.70016 ], [ -77.19522, 38.70196 ], [ -77.19611, 38.70188 ], [ -77.19684, 38.70151 ], [ -77.19651, 38.70328 ], [ -77.19397, 38.70686 ], [ -77.19298, 38.70911 ], [ -77.18576, 38.70739 ], [ -77.17982, 38.70746 ], [ -77.18328, 38.71081 ], [ -77.18834, 38.71367 ], [ -77.18903, 38.71604 ], [ -77.18776, 38.71654 ], [ -77.18833, 38.71791 ], [ -77.19137, 38.7198 ], [ -77.18888, 38.72203 ], [ -77.1853, 38.72328 ], [ -77.18329, 38.72447 ], [ -77.18101, 38.72289 ], [ -77.17403, 38.72126 ], [ -77.1735, 38.72361 ], [ -77.17395, 38.72418 ], [ -77.17247, 38.7264 ], [ -77.17229, 38.72731 ], [ -77.17196, 38.72754 ], [ -77.17169, 38.72919 ], [ -77.1707, 38.72959 ], [ -77.16726, 38.73187 ], [ -77.17081, 38.73357 ], [ -77.16886, 38.7359 ], [ -77.16823, 38.73736 ], [ -77.16757, 38.7381 ], [ -77.16458, 38.7392 ], [ -77.16212, 38.74095 ], [ -77.15848, 38.74246 ], [ -77.15014, 38.74424 ], [ -77.14301, 38.74862 ], [ -77.13288, 38.74125 ], [ -77.13224, 38.73984 ], [ -77.12758, 38.74078 ], [ -77.12653, 38.73752 ], [ -77.12496, 38.7379 ], [ -77.12237, 38.72974 ], [ -77.13095, 38.72753 ], [ -77.13236, 38.72662 ], [ -77.13653, 38.72315 ], [ -77.1396, 38.71608 ], [ -77.14102, 38.71519 ], [ -77.1404, 38.7139 ], [ -77.1398, 38.7139 ], [ -77.13979, 38.71335 ], [ -77.13746, 38.71336 ], [ -77.13704, 38.71151 ], [ -77.13571, 38.71205 ], [ -77.13432, 38.7117 ], [ -77.13322, 38.71209 ], [ -77.13123, 38.71193 ], [ -77.13003, 38.71238 ], [ -77.12934, 38.71128 ], [ -77.12842, 38.71043 ], [ -77.1271, 38.70963 ], [ -77.12539, 38.70907 ], [ -77.12579, 38.70823 ], [ -77.12807, 38.70529 ], [ -77.12941, 38.70511 ], [ -77.12966, 38.70532 ], [ -77.12947, 38.70582 ], [ -77.13003, 38.70626 ], [ -77.13108, 38.70792 ], [ -77.13124, 38.70878 ], [ -77.13219, 38.70946 ], [ -77.13252, 38.70928 ], [ -77.13176, 38.70864 ], [ -77.13173, 38.7079 ], [ -77.13124, 38.70737 ], [ -77.13088, 38.70598 ], [ -77.13007, 38.70488 ], [ -77.13072, 38.70387 ], [ -77.13042, 38.70318 ], [ -77.12911, 38.70212 ], [ -77.12833, 38.70202 ], [ -77.12711, 38.70248 ], [ -77.1275, 38.70118 ], [ -77.12698, 38.70017 ], [ -77.12714, 38.69959 ], [ -77.12693, 38.69872 ], [ -77.12666, 38.69851 ], [ -77.12578, 38.69854 ], [ -77.12524, 38.698 ], [ -77.12362, 38.69451 ], [ -77.12336, 38.69343 ], [ -77.12289, 38.69312 ], [ -77.12293, 38.6914 ], [ -77.12186, 38.68843 ], [ -77.12202, 38.68644 ], [ -77.12242, 38.6855 ], [ -77.12426, 38.68289 ], [ -77.12482, 38.68143 ], [ -77.12597, 38.68054 ], [ -77.12725, 38.67858 ], [ -77.13229, 38.67415 ], [ -77.13573, 38.67326 ], [ -77.13605, 38.67342 ] ], [ [ -77.16299, 38.70812 ], [ -77.1582, 38.70874 ], [ -77.15667, 38.70876 ], [ -77.15689, 38.70991 ], [ -77.1585, 38.70992 ], [ -77.15898, 38.71288 ], [ -77.1601, 38.71285 ], [ -77.15995, 38.71229 ], [ -77.16041, 38.7108 ], [ -77.16082, 38.7103 ], [ -77.16116, 38.71049 ], [ -77.16297, 38.70951 ], [ -77.16241, 38.70915 ], [ -77.16275, 38.70902 ], [ -77.16267, 38.7088 ], [ -77.16307, 38.70846 ], [ -77.16299, 38.70812 ] ] ] } },
{ "type": "Feature", "properties": { "year": 2026, "level": "ES", "name": "Belle View" }, "geometry": { "type": "LineString", "coordinates": [ [ -77.0496, 38.75435 ], [ -77.04971, 38.75389 ], [ -77.05039, 38.75402 ], [ -77.05045, 38.75373 ], [ -77.05144, 38.75387 ], [ -77.05151, 38.75303 ], [ -77.05194, 38.75285 ], [ -77.05254, 38.75349 ], [ -77.05261, 38.7531 ], [ -77.05727, 38.75298 ], [ -77.05753, 38.75686 ], [ -77.05938, 38.76031 ], [ -77.0595, 38.761 ], [ -77.06293, 38.76038 ], [ -77.06498, 38.76093 ], [ -77.0658, 38.76091 ], [ -77.06639, 38.76243 ], [ -77.0671, 38.76238 ], [ -77.06789, 38.76339 ], [ -77.06827, 38.76341 ], [ -77.06879, 38.76401 ], [ -77.06929, 38.76421 ], [ -77.06953, 38.76584 ], [ -77.0688, 38.76572 ], [ -77.06853, 38.76606 ], [ -77.06807, 38.76586 ], [ -77.0684, 38.76541 ], [ -77.06764, 38.76495 ], [ -77.06704, 38.76554 ], [ -77.06739, 38.76598 ], [ -77.06694, 38.76617 ], [ -77.06753, 38.76647 ], [ -77.06761, 38.76858 ], [ -77.06805, 38.76883 ], [ -77.06847, 38.76865 ], [ -77.06871, 38.76898 ], [ -77.06924, 38.77266 ], [ -77.07285, 38.77164 ], [ -77.0731, 38.77218 ], [ -77.07378, 38.77199 ], [ -77.07353, 38.77145 ], [ -77.07427, 38.77125 ], [ -77.07406, 38.77047 ], [ -77.07495, 38.77032 ], [ -77.08121, 38.77233 ], [ -77.07948, 38.77944 ], [ -77.07881, 38.78092 ], [ -77.07778, 38.78204 ], [ -77.07626, 38.78292 ], [ -77.06977, 38.78558 ], [ -77.06514, 38.78893 ], [ -77.05787, 38.79195 ], [ -77.05681, 38.7926 ], [ -77.0526, 38.79073 ], [ -77.0513, 38.78991 ], [ -77.05275, 38.78812 ], [ -77.0541, 38.78585 ], [ -77.05457, 38.7836 ], [ -77.05428, 38.7819 ], [ -77.0525, 38.7793 ], [ -77.0517, 38.77707 ], [ -77.05205, 38.77366 ], [ -77.05356, 38.76846 ], [ -77.05329, 38.76835 ], [ -77.05331, 38.76667 ], [ -77.05274, 38.76512 ], [ -77.04947, 38.76132 ], [ -77.04899, 38.7604 ], [ -77.04856, 38.75734 ], [ -77.0496, 38.75435 ] ] } },
{ "type": "Feature", "properties": { "year": 2026, "level": "ES", "name": "Mount Eagle" }, "geometry": { "type": "LineString", "coordinates": [ [ -77.08242, 38.78314 ], [ -77.08158, 38.7843 ], [ -77.08292, 38.78514 ], [ -77.08235, 38.78555 ], [ -77.08312, 38.78625 ], [ -77.08079, 38.78964 ], [ -77.08133, 38.78987 ], [ -77.08135, 38.79108 ], [ -77.08504, 38.79162 ], [ -77.08248, 38.7952 ], [ -77.08228, 38.79488 ], [ -77.07714, 38.79263 ], [ -77.07639, 38.79082 ], [ -77.07662, 38.78902 ], [ -77.07143, 38.78682 ], [ -77.07284, 38.78427 ], [ -77.07662, 38.78276 ], [ -77.07853, 38.78128 ], [ -77.07898, 38.78151 ], [ -77.08987, 38.77433 ], [ -77.09254, 38.77641 ], [ -77.09192, 38.77691 ], [ -77.09219, 38.77822 ], [ -77.09189, 38.77872 ], [ -77.09049, 38.77999 ], [ -77.08709, 38.7802 ], [ -77.08652, 38.77968 ], [ -77.08459, 38.78006 ], [ -77.08529, 38.78036 ], [ -77.08409, 38.78167 ], [ -77.08564, 38.78325 ], [ -77.0863, 38.78497 ], [ -77.08488, 38.78526 ], [ -77.08459, 38.78343 ], [ -77.08312, 38.78358 ], [ -77.08242, 38.78314 ] ] } },
{ "type": "Feature", "properties": { "year": 2026, "level": "ES", "name": "Groveton" }, "geometry": { "type": "LineString", "coordinates": [ [ -77.09212, 38.76234 ], [ -77.09067, 38.76218 ], [ -77.09106, 38.75987 ], [ -77.11126, 38.7618 ], [ -77.11412, 38.76914 ], [ -77.09002, 38.77426 ], [ -77.07898, 38.78151 ], [ -77.07853, 38.78128 ], [ -77.07911, 38.78041 ], [ -77.07992, 38.77816 ], [ -77.08159, 38.7702 ], [ -77.08388, 38.76587 ], [ -77.08417, 38.76373 ], [ -77.09173, 38.76437 ], [ -77.09212, 38.76234 ] ] } },
{ "type": "Feature", "properties": { "year": 2026, "level": "ES", "name": "Hybla Valley" }, "geometry": { "type": "LineString", "coordinates": [ [ -77.09096, 38.7402 ], [ -77.09397, 38.74043 ], [ -77.0949, 38.74094 ], [ -77.09556, 38.74095 ], [ -77.09508, 38.74198 ], [ -77.09477, 38.74187 ], [ -77.09411, 38.74229 ], [ -77.09349, 38.74226 ], [ -77.09358, 38.74277 ], [ -77.09257, 38.7427 ], [ -77.0925, 38.74374 ], [ -77.09566, 38.74716 ], [ -77.0941, 38.74746 ], [ -77.09139, 38.75784 ], [ -77.09067, 38.76218 ], [ -77.09212, 38.76234 ], [ -77.09173, 38.76437 ], [ -77.08417, 38.76373 ], [ -77.08298, 38.74953 ], [ -77.08327, 38.74637 ], [ -77.08415, 38.74413 ], [ -77.08745, 38.74516 ], [ -77.09096, 38.7402 ] ] } },
{ "type": "Feature", "properties": { "year": 2026, "level": "ES", "name": "Bucknell" }, "geometry": { "type": "LineString", "coordinates": [ [ -77.07871, 38.7611 ], [ -77.0798, 38.75819 ], [ -77.08378, 38.75911 ], [ -77.08409, 38.76519 ], [ -77.08175, 38.76972 ], [ -77.08121, 38.77233 ], [ -77.07495, 38.77032 ], [ -77.07406, 38.77047 ], [ -77.07427, 38.77125 ], [ -77.07353, 38.77145 ], [ -77.07378, 38.77199 ], [ -77.0731, 38.77218 ], [ -77.07285, 38.77164 ], [ -77.06924, 38.77266 ], [ -77.06871, 38.76898 ], [ -77.06847, 38.76865 ], [ -77.06805, 38.76883 ], [ -77.06761, 38.76858 ], [ -77.06753, 38.76647 ], [ -77.06694, 38.76623 ], [ -77.06739, 38.76598 ], [ -77.06711, 38.76544 ], [ -77.06764, 38.76495 ], [ -77.0684, 38.76541 ], [ -77.06807, 38.76586 ], [ -77.06853, 38.76606 ], [ -77.0688, 38.76572 ], [ -77.06953, 38.76584 ], [ -77.06929, 38.76421 ], [ -77.06988, 38.76377 ], [ -77.07207, 38.76436 ], [ -77.07194, 38.76242 ], [ -77.07302, 38.76133 ], [ -77.07258, 38.76098 ], [ -77.07298, 38.76069 ], [ -77.07389, 38.76125 ], [ -77.07435, 38.76063 ], [ -77.07437, 38.75994 ], [ -77.07509, 38.76008 ], [ -77.0754, 38.75925 ], [ -77.0773, 38.75953 ], [ -77.07747, 38.76003 ], [ -77.0769, 38.76029 ], [ -77.07787, 38.76108 ], [ -77.07766, 38.76188 ], [ -77.07835, 38.76214 ], [ -77.07871, 38.7611 ] ] } },
{ "type": "Feature", "properties": { "year": 2026, "level": "ES", "name": "Stratford Landing" }, "geometry": { "type": "LineString", "coordinates": [ [ -77.0608, 38.722 ], [ -77.06881, 38.72331 ], [ -77.06843, 38.72489 ], [ -77.07948, 38.72631 ], [ -77.08076, 38.72797 ], [ -77.081, 38.72997 ], [ -77.07858, 38.73165 ], [ -77.08135, 38.73197 ], [ -77.08151, 38.7315 ], [ -77.08225, 38.73289 ], [ -77.0833, 38.73354 ], [ -77.08367, 38.7343 ], [ -77.08354, 38.73467 ], [ -77.08381, 38.73487 ], [ -77.08452, 38.73484 ], [ -77.08498, 38.73543 ], [ -77.08558, 38.7356 ], [ -77.08573, 38.73603 ], [ -77.08643, 38.73609 ], [ -77.08686, 38.7364 ], [ -77.08738, 38.73729 ], [ -77.08781, 38.7374 ], [ -77.08776, 38.7381 ], [ -77.08858, 38.73938 ], [ -77.08532, 38.74202 ], [ -77.08112, 38.74343 ], [ -77.08268, 38.74014 ], [ -77.08091, 38.73964 ], [ -77.08108, 38.7392 ], [ -77.07911, 38.73878 ], [ -77.07931, 38.73811 ], [ -77.0771, 38.73761 ], [ -77.07679, 38.73776 ], [ -77.07598, 38.73649 ], [ -77.07284, 38.7377 ], [ -77.05568, 38.73335 ], [ -77.05851, 38.72624 ], [ -77.06019, 38.72418 ], [ -77.0608, 38.722 ] ] } },
{ "type": "Feature", "properties": { "year": 2026, "level": "ES", "name": "Waynewood" }, "geometry": { "type": "LineString", "coordinates": [ [ -77.04247, 38.72163 ], [ -77.04305, 38.71909 ], [ -77.04353, 38.719 ], [ -77.04452, 38.71939 ], [ -77.04462, 38.71832 ], [ -77.045, 38.71759 ], [ -77.04661, 38.71645 ], [ -77.04806, 38.71663 ], [ -77.0507, 38.71769 ], [ -77.06143, 38.7193 ], [ -77.06019, 38.72418 ], [ -77.05851, 38.72624 ], [ -77.05568, 38.73335 ], [ -77.06843, 38.73653 ], [ -77.06857, 38.73705 ], [ -77.06896, 38.73695 ], [ -77.0692, 38.73814 ], [ -77.06945, 38.74391 ], [ -77.06904, 38.7431 ], [ -77.06752, 38.74307 ], [ -77.06645, 38.7435 ], [ -77.06515, 38.74322 ], [ -77.06466, 38.7435 ], [ -77.06448, 38.74374 ], [ -77.06482, 38.74402 ], [ -77.06312, 38.74486 ], [ -77.0636, 38.7457 ], [ -77.06455, 38.74569 ], [ -77.0646, 38.74593 ], [ -77.0636, 38.74595 ], [ -77.06362, 38.74641 ], [ -77.06463, 38.74642 ], [ -77.06485, 38.74696 ], [ -77.06361, 38.74699 ], [ -77.06387, 38.74801 ], [ -77.05727, 38.75258 ], [ -77.05727, 38.75298 ], [ -77.05261, 38.7531 ], [ -77.05254, 38.75349 ], [ -77.05194, 38.75285 ], [ -77.05151, 38.75303 ], [ -77.05144, 38.75387 ], [ -77.05045, 38.75373 ], [ -77.05039, 38.75402 ], [ -77.04971, 38.75389 ], [ -77.04987, 38.75198 ], [ -77.04918, 38.75022 ], [ -77.04639, 38.751 ], [ -77.04641, 38.75065 ], [ -77.04699, 38.7505 ], [ -77.04737, 38.74965 ], [ -77.04796, 38.75013 ], [ -77.0478, 38.74949 ], [ -77.04736, 38.7492 ], [ -77.04628, 38.74735 ], [ -77.04485, 38.74564 ], [ -77.04466, 38.74504 ], [ -77.04377, 38.74456 ], [ -77.04408, 38.74419 ], [ -77.04343, 38.74378 ], [ -77.04256, 38.74276 ], [ -77.04225, 38.74088 ], [ -77.04334, 38.7391 ], [ -77.04155, 38.73688 ], [ -77.04146, 38.72618 ], [ -77.04247, 38.72163 ] ] } },
{ "type": "Feature", "properties": { "year": 2026, "level": "ES", "name": "Hollin Meadows" }, "geometry": { "type": "LineString", "coordinates": [ [ -77.0805, 38.73903 ], [ -77.08108, 38.7392 ], [ -77.08091, 38.73964 ], [ -77.08268, 38.74014 ], [ -77.08112, 38.74343 ], [ -77.08532, 38.74202 ], [ -77.08617, 38.74142 ], [ -77.08411, 38.74419 ], [ -77.08345, 38.74574 ], [ -77.08302, 38.74767 ], [ -77.08378, 38.75911 ], [ -77.0798, 38.75819 ], [ -77.07835, 38.76214 ], [ -77.07766, 38.76188 ], [ -77.07787, 38.76108 ], [ -77.0769, 38.76029 ], [ -77.07747, 38.76003 ], [ -77.0773, 38.75953 ], [ -77.0754, 38.75925 ], [ -77.07509, 38.76008 ], [ -77.07437, 38.75994 ], [ -77.07435, 38.76063 ], [ -77.07389, 38.76125 ], [ -77.07298, 38.76069 ], [ -77.07258, 38.76098 ], [ -77.07302, 38.76133 ], [ -77.07194, 38.76242 ], [ -77.07207, 38.76436 ], [ -77.06988, 38.76377 ], [ -77.06929, 38.76421 ], [ -77.06879, 38.76401 ], [ -77.06827, 38.76341 ], [ -77.06789, 38.76339 ], [ -77.0671, 38.76238 ], [ -77.06639, 38.76243 ], [ -77.06565, 38.76084 ], [ -77.06498, 38.76093 ], [ -77.06293, 38.76038 ], [ -77.0595, 38.761 ], [ -77.05938, 38.76031 ], [ -77.05753, 38.75686 ], [ -77.05727, 38.75258 ], [ -77.06387, 38.74801 ], [ -77.06361, 38.74699 ], [ -77.06485, 38.74696 ], [ -77.06463, 38.74642 ], [ -77.06362, 38.74641 ], [ -77.0636, 38.74595 ], [ -77.0646, 38.74593 ], [ -77.06455, 38.74569 ], [ -77.0636, 38.7457 ], [ -77.06312, 38.74486 ], [ -77.06482, 38.74402 ], [ -77.06448, 38.74374 ], [ -77.06466, 38.7435 ], [ -77.06515, 38.74322 ], [ -77.06645, 38.7435 ], [ -77.06752, 38.74307 ], [ -77.06904, 38.7431 ], [ -77.06945, 38.74391 ], [ -77.0692, 38.73814 ], [ -77.06896, 38.73695 ], [ -77.06857, 38.73705 ], [ -77.06843, 38.73653 ], [ -77.07284, 38.7377 ], [ -77.07598, 38.73649 ], [ -77.07679, 38.73776 ], [ -77.0771, 38.73761 ], [ -77.07931, 38.73811 ], [ -77.07911, 38.73878 ], [ -77.0805, 38.73903 ] ] } },
{ "type": "Feature", "properties": { "year": 2026, "level": "ES", "name": "Fort Hunt" }, "geometry": { "type": "LineString", "coordinates": [ [ -77.04305, 38.71909 ], [ -77.04327, 38.71833 ], [ -77.04601, 38.71451 ], [ -77.04686, 38.71397 ], [ -77.04792, 38.71283 ], [ -77.0516, 38.71114 ], [ -77.05322, 38.70965 ], [ -77.05406, 38.70961 ], [ -77.05648, 38.71007 ], [ -77.0622, 38.70969 ], [ -77.07139, 38.71007 ], [ -77.07294, 38.71075 ], [ -77.07423, 38.71194 ], [ -77.07418, 38.71266 ], [ -77.07339, 38.71332 ], [ -77.07343, 38.71554 ], [ -77.07592, 38.71825 ], [ -77.07675, 38.71949 ], [ -77.07805, 38.71855 ], [ -77.07977, 38.72054 ], [ -77.0811, 38.72148 ], [ -77.08107, 38.72306 ], [ -77.08195, 38.72429 ], [ -77.07948, 38.72631 ], [ -77.06843, 38.72489 ], [ -77.06881, 38.72331 ], [ -77.0608, 38.722 ], [ -77.06143, 38.7193 ], [ -77.0507, 38.71769 ], [ -77.04713, 38.71645 ], [ -77.04661, 38.71645 ], [ -77.045, 38.71759 ], [ -77.04462, 38.71832 ], [ -77.04452, 38.71939 ], [ -77.04353, 38.719 ], [ -77.04305, 38.71909 ] ] } },
{ "type": "Feature", "properties": { "year": 2026, "level": "ES", "name": "Washington Mill" }, "geometry": { "type": "MultiLineString", "coordinates": [ [ [ -77.10423, 38.69729 ], [ -77.10498, 38.69709 ], [ -77.11194, 38.69823 ], [ -77.11893, 38.70002 ], [ -77.11985, 38.6985 ], [ -77.12177, 38.69923 ], [ -77.12032, 38.70155 ], [ -77.12059, 38.70305 ], [ -77.12238, 38.70406 ], [ -77.12391, 38.70554 ], [ -77.12669, 38.70501 ], [ -77.12721, 38.70537 ], [ -77.12793, 38.70549 ], [ -77.12579, 38.70823 ], [ -77.12539, 38.70907 ], [ -77.1271, 38.70963 ], [ -77.12842, 38.71043 ], [ -77.12934, 38.71128 ], [ -77.13003, 38.71238 ], [ -77.13123, 38.71193 ], [ -77.13322, 38.71209 ], [ -77.13432, 38.7117 ], [ -77.13571, 38.71205 ], [ -77.13704, 38.71151 ], [ -77.13746, 38.71336 ], [ -77.13979, 38.71335 ], [ -77.1398, 38.7139 ], [ -77.1404, 38.7139 ], [ -77.14102, 38.71519 ], [ -77.1396, 38.71608 ], [ -77.13653, 38.72315 ], [ -77.13124, 38.72741 ], [ -77.12618, 38.72881 ], [ -77.12471, 38.72376 ], [ -77.1236, 38.72133 ], [ -77.12195, 38.72215 ], [ -77.12091, 38.72089 ], [ -77.12017, 38.71871 ], [ -77.12013, 38.71785 ], [ -77.11822, 38.71838 ], [ -77.10081, 38.7141 ], [ -77.09814, 38.71575 ], [ -77.09615, 38.71615 ], [ -77.09601, 38.71699 ], [ -77.08522, 38.71683 ], [ -77.08387, 38.71777 ], [ -77.08073, 38.71871 ], [ -77.08009, 38.7194 ], [ -77.08009, 38.72058 ], [ -77.07977, 38.72054 ], [ -77.07805, 38.71855 ], [ -77.07675, 38.71949 ], [ -77.07592, 38.71825 ], [ -77.07343, 38.71554 ], [ -77.07339, 38.71332 ], [ -77.07424, 38.71252 ], [ -77.074, 38.71164 ], [ -77.07989, 38.70914 ], [ -77.07993, 38.7089 ], [ -77.08172, 38.70777 ], [ -77.08332, 38.707 ], [ -77.0857, 38.70644 ], [ -77.08835, 38.70509 ], [ -77.08898, 38.70499 ], [ -77.09105, 38.70342 ], [ -77.09256, 38.70299 ], [ -77.09331, 38.70252 ], [ -77.0949, 38.70148 ], [ -77.09565, 38.70064 ], [ -77.09835, 38.69888 ], [ -77.10091, 38.698 ], [ -77.10298, 38.69801 ], [ -77.10423, 38.69729 ] ], [ [ -77.15667, 38.70876 ], [ -77.1582, 38.70874 ], [ -77.16299, 38.70812 ], [ -77.16311, 38.70834 ], [ -77.16267, 38.7088 ], [ -77.16275, 38.70902 ], [ -77.16241, 38.70915 ], [ -77.16297, 38.70951 ], [ -77.16116, 38.71049 ], [ -77.16082, 38.7103 ], [ -77.16051, 38.71063 ], [ -77.15995, 38.71231 ], [ -77.16012, 38.71281 ], [ -77.15949, 38.71298 ], [ -77.15898, 38.71288 ], [ -77.15879, 38.71259 ], [ -77.1585, 38.70992 ], [ -77.15689, 38.70991 ], [ -77.15667, 38.70876 ] ] ] } },
{ "type": "Feature", "properties": { "year": 2026, "level": "ES", "name": "Mount Vernon Woods" }, "geometry": { "type": "LineString", "coordinates": [ [ -77.10298, 38.73551 ], [ -77.10398, 38.73499 ], [ -77.10742, 38.7402 ], [ -77.10809, 38.74265 ], [ -77.1088, 38.74252 ], [ -77.10942, 38.74451 ], [ -77.09566, 38.74716 ], [ -77.0925, 38.74374 ], [ -77.09257, 38.7427 ], [ -77.09358, 38.74277 ], [ -77.09349, 38.74226 ], [ -77.09411, 38.74229 ], [ -77.09477, 38.74187 ], [ -77.09508, 38.74198 ], [ -77.09556, 38.74095 ], [ -77.0949, 38.74094 ], [ -77.09397, 38.74043 ], [ -77.08984, 38.74006 ], [ -77.08858, 38.73938 ], [ -77.08901, 38.7391 ], [ -77.08986, 38.73955 ], [ -77.09283, 38.73933 ], [ -77.09572, 38.73872 ], [ -77.10298, 38.73551 ] ] } },
{ "type": "Feature", "properties": { "year": 2026, "level": "ES", "name": "Riverside" }, "geometry": { "type": "MultiLineString", "coordinates": [ [ [ -77.08858, 38.73938 ], [ -77.08776, 38.7381 ], [ -77.08781, 38.7374 ], [ -77.08738, 38.73729 ], [ -77.08686, 38.7364 ], [ -77.08643, 38.73609 ], [ -77.08573, 38.73603 ], [ -77.08558, 38.7356 ], [ -77.08498, 38.73543 ], [ -77.08452, 38.73484 ], [ -77.08381, 38.73487 ], [ -77.08354, 38.73467 ], [ -77.08367, 38.7343 ], [ -77.0833, 38.73354 ], [ -77.08225, 38.73289 ], [ -77.08151, 38.7315 ], [ -77.08135, 38.73197 ], [ -77.07858, 38.73165 ], [ -77.081, 38.72997 ], [ -77.08076, 38.72797 ], [ -77.07948, 38.72631 ], [ -77.08195, 38.72429 ], [ -77.09026, 38.72269 ], [ -77.09093, 38.72706 ], [ -77.0915, 38.72713 ], [ -77.09107, 38.72401 ], [ -77.09494, 38.72396 ], [ -77.09456, 38.72571 ], [ -77.09586, 38.72594 ], [ -77.09609, 38.72522 ], [ -77.0966, 38.72532 ], [ -77.09682, 38.72462 ], [ -77.10129, 38.72547 ], [ -77.10094, 38.7266 ], [ -77.10158, 38.72672 ], [ -77.1014, 38.72732 ], [ -77.09988, 38.72704 ], [ -77.09986, 38.72771 ], [ -77.09862, 38.72802 ], [ -77.09856, 38.72835 ], [ -77.09807, 38.72859 ], [ -77.09849, 38.72928 ], [ -77.09777, 38.72913 ], [ -77.09763, 38.72956 ], [ -77.09794, 38.72962 ], [ -77.09774, 38.7303 ], [ -77.09696, 38.73016 ], [ -77.09688, 38.73046 ], [ -77.09766, 38.73061 ], [ -77.09704, 38.73231 ], [ -77.09625, 38.73217 ], [ -77.09616, 38.7325 ], [ -77.0964, 38.73261 ], [ -77.09616, 38.73338 ], [ -77.09468, 38.73311 ], [ -77.09465, 38.73374 ], [ -77.09548, 38.73387 ], [ -77.09562, 38.73358 ], [ -77.09606, 38.73371 ], [ -77.09591, 38.73401 ], [ -77.0965, 38.73421 ], [ -77.09652, 38.73516 ], [ -77.10734, 38.72934 ], [ -77.10617, 38.73117 ], [ -77.11045, 38.73174 ], [ -77.11073, 38.73268 ], [ -77.10901, 38.73311 ], [ -77.10993, 38.73602 ], [ -77.10936, 38.73619 ], [ -77.10714, 38.73463 ], [ -77.10678, 38.73495 ], [ -77.10548, 38.73403 ], [ -77.10507, 38.73442 ], [ -77.10464, 38.73413 ], [ -77.1037, 38.73517 ], [ -77.09637, 38.73853 ], [ -77.09299, 38.73931 ], [ -77.09007, 38.73957 ], [ -77.08901, 38.7391 ], [ -77.08858, 38.73938 ] ], [ [ -77.08858, 38.73938 ], [ -77.08984, 38.74006 ], [ -77.09096, 38.7402 ], [ -77.08745, 38.74516 ], [ -77.08415, 38.74413 ], [ -77.08561, 38.742 ], [ -77.08858, 38.73938 ] ] ] } },
{ "type": "Feature", "properties": { "year": 2026, "level": "ES", "name": "Woodlawn" }, "geometry": { "type": "LineString", "coordinates": [ [ -77.1236, 38.72133 ], [ -77.12471, 38.72376 ], [ -77.12618, 38.72881 ], [ -77.12237, 38.72974 ], [ -77.12496, 38.7379 ], [ -77.12653, 38.73752 ], [ -77.12758, 38.74078 ], [ -77.13224, 38.73984 ], [ -77.13288, 38.74125 ], [ -77.13217, 38.74257 ], [ -77.12831, 38.74603 ], [ -77.12595, 38.74581 ], [ -77.12246, 38.74939 ], [ -77.12262, 38.75019 ], [ -77.12192, 38.75322 ], [ -77.12203, 38.75439 ], [ -77.12307, 38.75544 ], [ -77.12309, 38.75608 ], [ -77.12393, 38.75634 ], [ -77.12393, 38.75673 ], [ -77.1236, 38.75676 ], [ -77.12378, 38.75704 ], [ -77.12347, 38.75719 ], [ -77.12366, 38.75729 ], [ -77.12354, 38.75769 ], [ -77.12292, 38.75807 ], [ -77.12231, 38.75958 ], [ -77.12234, 38.7605 ], [ -77.12187, 38.76072 ], [ -77.12185, 38.76105 ], [ -77.1214, 38.76111 ], [ -77.12139, 38.76137 ], [ -77.12043, 38.76203 ], [ -77.12038, 38.76232 ], [ -77.12014, 38.76224 ], [ -77.12013, 38.7626 ], [ -77.09108, 38.75987 ], [ -77.09139, 38.75784 ], [ -77.0941, 38.74746 ], [ -77.10942, 38.74451 ], [ -77.1088, 38.74252 ], [ -77.10809, 38.74265 ], [ -77.10742, 38.7402 ], [ -77.10398, 38.73499 ], [ -77.10464, 38.73413 ], [ -77.10507, 38.73442 ], [ -77.10548, 38.73403 ], [ -77.10678, 38.73495 ], [ -77.10714, 38.73463 ], [ -77.10936, 38.73619 ], [ -77.10993, 38.73602 ], [ -77.10901, 38.73311 ], [ -77.11073, 38.73268 ], [ -77.11045, 38.73174 ], [ -77.10617, 38.73117 ], [ -77.10734, 38.72934 ], [ -77.10942, 38.72832 ], [ -77.10989, 38.72987 ], [ -77.1124, 38.72868 ], [ -77.11191, 38.72708 ], [ -77.1236, 38.72133 ] ] } },
{ "type": "Feature", "properties": { "year": 2026, "level": "ES", "name": "Woodley Hills" }, "geometry": { "type": "LineString", "coordinates": [ [ -77.09456, 38.72571 ], [ -77.09494, 38.72396 ], [ -77.09107, 38.72401 ], [ -77.0915, 38.72713 ], [ -77.09093, 38.72706 ], [ -77.09026, 38.72269 ], [ -77.08195, 38.72429 ], [ -77.08107, 38.72306 ], [ -77.0811, 38.72148 ], [ -77.08009, 38.72058 ], [ -77.08009, 38.7194 ], [ -77.08073, 38.71871 ], [ -77.08387, 38.71777 ], [ -77.08522, 38.71683 ], [ -77.09601, 38.71699 ], [ -77.09615, 38.71615 ], [ -77.09814, 38.71575 ], [ -77.10081, 38.7141 ], [ -77.11822, 38.71838 ], [ -77.12013, 38.71785 ], [ -77.12017, 38.71871 ], [ -77.12091, 38.72089 ], [ -77.12195, 38.72215 ], [ -77.11191, 38.72708 ], [ -77.1124, 38.72868 ], [ -77.10989, 38.72987 ], [ -77.10942, 38.72832 ], [ -77.09652, 38.73516 ], [ -77.0965, 38.73421 ], [ -77.09591, 38.73401 ], [ -77.09606, 38.73371 ], [ -77.09562, 38.73358 ], [ -77.09548, 38.73387 ], [ -77.09465, 38.73374 ], [ -77.09468, 38.73311 ], [ -77.09616, 38.73338 ], [ -77.0964, 38.73261 ], [ -77.09616, 38.7325 ], [ -77.09625, 38.73217 ], [ -77.09704, 38.73231 ], [ -77.09766, 38.73061 ], [ -77.09688, 38.73046 ], [ -77.09696, 38.73016 ], [ -77.09774, 38.7303 ], [ -77.09794, 38.72962 ], [ -77.09763, 38.72956 ], [ -77.09777, 38.72913 ], [ -77.09849, 38.72928 ], [ -77.09807, 38.72859 ], [ -77.09856, 38.72835 ], [ -77.09862, 38.72802 ], [ -77.09986, 38.72771 ], [ -77.09988, 38.72704 ], [ -77.1014, 38.72732 ], [ -77.10158, 38.72672 ], [ -77.10094, 38.7266 ], [ -77.10129, 38.72547 ], [ -77.09682, 38.72462 ], [ -77.0966, 38.72532 ], [ -77.09609, 38.72522 ], [ -77.09586, 38.72594 ], [ -77.09456, 38.72571 ] ] } },
{ "type": "Feature", "properties": { "year": 2026, "level": "ES", "name": "Virginia Run" }, "geometry": { "type": "LineString", "coordinates": [ [ -77.49232, 38.84695 ], [ -77.49256, 38.84774 ], [ -77.49469, 38.84402 ], [ -77.49942, 38.84548 ], [ -77.49433, 38.85066 ], [ -77.4985, 38.85212 ], [ -77.49855, 38.85273 ], [ -77.50023, 38.85347 ], [ -77.50229, 38.85513 ], [ -77.50486, 38.85538 ], [ -77.50427, 38.85671 ], [ -77.50454, 38.8617 ], [ -77.50492, 38.86178 ], [ -77.50355, 38.86551 ], [ -77.51487, 38.86775 ], [ -77.51481, 38.8689 ], [ -77.47327, 38.91105 ], [ -77.43953, 38.89744 ], [ -77.44883, 38.88354 ], [ -77.44949, 38.88083 ], [ -77.44893, 38.87816 ], [ -77.4513, 38.8793 ], [ -77.45265, 38.87952 ], [ -77.4538, 38.88187 ], [ -77.45847, 38.88543 ], [ -77.46322, 38.88401 ], [ -77.47023, 38.88227 ], [ -77.47101, 38.878 ], [ -77.47254, 38.87544 ], [ -77.47691, 38.87752 ], [ -77.47726, 38.8784 ], [ -77.47863, 38.87832 ], [ -77.4828, 38.87359 ], [ -77.48435, 38.87444 ], [ -77.48925, 38.86886 ], [ -77.48875, 38.86875 ], [ -77.48816, 38.86754 ], [ -77.4873, 38.86739 ], [ -77.48634, 38.86799 ], [ -77.4859, 38.86795 ], [ -77.48537, 38.86713 ], [ -77.48511, 38.866 ], [ -77.48421, 38.86505 ], [ -77.48236, 38.86507 ], [ -77.48101, 38.86461 ], [ -77.48116, 38.86433 ], [ -77.48076, 38.86343 ], [ -77.48151, 38.86294 ], [ -77.48206, 38.86164 ], [ -77.48182, 38.86114 ], [ -77.48134, 38.86116 ], [ -77.48072, 38.86154 ], [ -77.47962, 38.86143 ], [ -77.47857, 38.86023 ], [ -77.47817, 38.8592 ], [ -77.47799, 38.85474 ], [ -77.47727, 38.8501 ], [ -77.475, 38.84612 ], [ -77.47421, 38.84591 ], [ -77.47331, 38.84628 ], [ -77.47262, 38.84798 ], [ -77.47226, 38.84831 ], [ -77.47029, 38.84811 ], [ -77.46837, 38.84733 ], [ -77.46541, 38.84547 ], [ -77.46424, 38.84339 ], [ -77.46339, 38.84246 ], [ -77.46375, 38.84156 ], [ -77.46415, 38.84133 ], [ -77.46481, 38.84141 ], [ -77.46483, 38.841 ], [ -77.46309, 38.84023 ], [ -77.46279, 38.83974 ], [ -77.4632, 38.83919 ], [ -77.46421, 38.83894 ], [ -77.46441, 38.83807 ], [ -77.46364, 38.83692 ], [ -77.46411, 38.83587 ], [ -77.4653, 38.83502 ], [ -77.46596, 38.83412 ], [ -77.46343, 38.83317 ], [ -77.48677, 38.82779 ], [ -77.48865, 38.83113 ], [ -77.48981, 38.83209 ], [ -77.48918, 38.83288 ], [ -77.49195, 38.83806 ], [ -77.48999, 38.84025 ], [ -77.49232, 38.84695 ] ] } },
{ "type": "Feature", "properties": { "year": 2026, "level": "ES", "name": "Deer Park" }, "geometry": { "type": "LineString", "coordinates": [ [ -77.44844, 38.84335 ], [ -77.44939, 38.84197 ], [ -77.45073, 38.83617 ], [ -77.45298, 38.83563 ], [ -77.45127, 38.84186 ], [ -77.45143, 38.8423 ], [ -77.4519, 38.84259 ], [ -77.45451, 38.84306 ], [ -77.45351, 38.8468 ], [ -77.45553, 38.84698 ], [ -77.45742, 38.84754 ], [ -77.45995, 38.8464 ], [ -77.46157, 38.84694 ], [ -77.46257, 38.8491 ], [ -77.46303, 38.84933 ], [ -77.46308, 38.85024 ], [ -77.46351, 38.84989 ], [ -77.46391, 38.85005 ], [ -77.46512, 38.8494 ], [ -77.46527, 38.84955 ], [ -77.46541, 38.84873 ], [ -77.46513, 38.84811 ], [ -77.46561, 38.84811 ], [ -77.46534, 38.84778 ], [ -77.46575, 38.84781 ], [ -77.46596, 38.84704 ], [ -77.4662, 38.84693 ], [ -77.46556, 38.84627 ], [ -77.46598, 38.84614 ], [ -77.46581, 38.8458 ], [ -77.46837, 38.84733 ], [ -77.47029, 38.84811 ], [ -77.47226, 38.84831 ], [ -77.47262, 38.84798 ], [ -77.47331, 38.84628 ], [ -77.47421, 38.84591 ], [ -77.475, 38.84612 ], [ -77.47727, 38.8501 ], [ -77.47799, 38.85474 ], [ -77.47817, 38.8592 ], [ -77.47857, 38.86023 ], [ -77.47962, 38.86143 ], [ -77.47879, 38.86191 ], [ -77.47839, 38.86263 ], [ -77.47775, 38.86281 ], [ -77.47744, 38.8637 ], [ -77.47651, 38.86414 ], [ -77.47225, 38.86147 ], [ -77.46379, 38.86445 ], [ -77.46357, 38.86275 ], [ -77.46245, 38.86108 ], [ -77.46221, 38.86106 ], [ -77.45928, 38.86354 ], [ -77.45154, 38.85718 ], [ -77.44649, 38.85256 ], [ -77.44748, 38.85076 ], [ -77.44586, 38.85027 ], [ -77.44634, 38.84984 ], [ -77.44681, 38.8499 ], [ -77.44676, 38.84958 ], [ -77.44789, 38.84889 ], [ -77.44869, 38.84735 ], [ -77.44901, 38.84735 ], [ -77.44858, 38.84637 ], [ -77.44779, 38.84631 ], [ -77.44686, 38.84522 ], [ -77.44844, 38.84335 ] ] } },
{ "type": "Feature", "properties": { "year": 2026, "level": "ES", "name": "Cub Run" }, "geometry": { "type": "LineString", "coordinates": [ [ -77.43294, 38.85229 ], [ -77.433, 38.85153 ], [ -77.43412, 38.85126 ], [ -77.43476, 38.85053 ], [ -77.43513, 38.84709 ], [ -77.43566, 38.84669 ], [ -77.43647, 38.84668 ], [ -77.43961, 38.84893 ], [ -77.44363, 38.8512 ], [ -77.4463, 38.85238 ], [ -77.45154, 38.85718 ], [ -77.45928, 38.86354 ], [ -77.46221, 38.86106 ], [ -77.46245, 38.86108 ], [ -77.46357, 38.86275 ], [ -77.46379, 38.86445 ], [ -77.47225, 38.86147 ], [ -77.47651, 38.86414 ], [ -77.47744, 38.8637 ], [ -77.47775, 38.86281 ], [ -77.47839, 38.86263 ], [ -77.47879, 38.86191 ], [ -77.47962, 38.86143 ], [ -77.48072, 38.86154 ], [ -77.48134, 38.86116 ], [ -77.48182, 38.86114 ], [ -77.48206, 38.86164 ], [ -77.48151, 38.86294 ], [ -77.48076, 38.86343 ], [ -77.48116, 38.86433 ], [ -77.48101, 38.86461 ], [ -77.48236, 38.86507 ], [ -77.48421, 38.86505 ], [ -77.48511, 38.866 ], [ -77.48537, 38.86713 ], [ -77.4859, 38.86795 ], [ -77.48634, 38.86799 ], [ -77.4873, 38.86739 ], [ -77.48816, 38.86754 ], [ -77.48875, 38.86875 ], [ -77.48925, 38.86886 ], [ -77.48435, 38.87444 ], [ -77.4828, 38.87359 ], [ -77.47863, 38.87832 ], [ -77.47726, 38.8784 ], [ -77.47691, 38.87752 ], [ -77.47254, 38.87544 ], [ -77.47101, 38.878 ], [ -77.47023, 38.88227 ], [ -77.46322, 38.88401 ], [ -77.45847, 38.88543 ], [ -77.4538, 38.88187 ], [ -77.45265, 38.87952 ], [ -77.4513, 38.8793 ], [ -77.44893, 38.87816 ], [ -77.44949, 38.88083 ], [ -77.44883, 38.88354 ], [ -77.43953, 38.89744 ], [ -77.4313, 38.89412 ], [ -77.43476, 38.88658 ], [ -77.43685, 38.88544 ], [ -77.43785, 38.88403 ], [ -77.43834, 38.88245 ], [ -77.43814, 38.88101 ], [ -77.43855, 38.88019 ], [ -77.43494, 38.87842 ], [ -77.43209, 38.87636 ], [ -77.4303, 38.87449 ], [ -77.42955, 38.87187 ], [ -77.42882, 38.86719 ], [ -77.42978, 38.86169 ], [ -77.42972, 38.85903 ], [ -77.43035, 38.85749 ], [ -77.42984, 38.8554 ], [ -77.43119, 38.85425 ], [ -77.43154, 38.85306 ], [ -77.43241, 38.85233 ], [ -77.43294, 38.85229 ] ] } },
{ "type": "Feature", "properties": { "year": 2026, "level": "ES", "name": "London Towne" }, "geometry": { "type": "MultiLineString", "coordinates": [ [ [ -77.46343, 38.83317 ], [ -77.46596, 38.83412 ], [ -77.4653, 38.83502 ], [ -77.46411, 38.83587 ], [ -77.46364, 38.83692 ], [ -77.46441, 38.83807 ], [ -77.46421, 38.83894 ], [ -77.4632, 38.83919 ], [ -77.46279, 38.83981 ], [ -77.46309, 38.84023 ], [ -77.46483, 38.841 ], [ -77.46481, 38.84141 ], [ -77.46415, 38.84133 ], [ -77.46375, 38.84156 ], [ -77.46339, 38.84248 ], [ -77.46597, 38.84604 ], [ -77.46556, 38.84627 ], [ -77.4662, 38.84693 ], [ -77.46596, 38.84704 ], [ -77.46575, 38.84781 ], [ -77.46534, 38.84778 ], [ -77.46561, 38.84811 ], [ -77.46513, 38.84811 ], [ -77.46541, 38.84873 ], [ -77.46527, 38.84955 ], [ -77.46512, 38.8494 ], [ -77.46391, 38.85005 ], [ -77.46351, 38.84989 ], [ -77.46308, 38.85024 ], [ -77.46303, 38.84933 ], [ -77.46257, 38.8491 ], [ -77.46157, 38.84694 ], [ -77.45995, 38.8464 ], [ -77.45742, 38.84754 ], [ -77.45553, 38.84698 ], [ -77.45351, 38.8468 ], [ -77.45451, 38.84306 ], [ -77.4519, 38.84259 ], [ -77.45143, 38.8423 ], [ -77.45127, 38.84186 ], [ -77.45298, 38.83563 ], [ -77.46343, 38.83317 ] ], [ [ -77.45073, 38.83617 ], [ -77.44939, 38.84197 ], [ -77.44766, 38.84448 ], [ -77.44686, 38.84522 ], [ -77.44779, 38.84631 ], [ -77.44858, 38.84637 ], [ -77.44901, 38.84735 ], [ -77.44869, 38.84735 ], [ -77.44789, 38.84889 ], [ -77.44676, 38.84958 ], [ -77.44681, 38.8499 ], [ -77.44634, 38.84984 ], [ -77.44586, 38.85027 ], [ -77.44748, 38.85076 ], [ -77.44649, 38.85256 ], [ -77.43961, 38.84893 ], [ -77.43779, 38.84748 ], [ -77.4362, 38.84662 ], [ -77.43548, 38.84677 ], [ -77.43508, 38.84719 ], [ -77.43462, 38.85078 ], [ -77.43388, 38.85138 ], [ -77.433, 38.85153 ], [ -77.43309, 38.84913 ], [ -77.43235, 38.84637 ], [ -77.43613, 38.84537 ], [ -77.43936, 38.8439 ], [ -77.44121, 38.84274 ], [ -77.44312, 38.84116 ], [ -77.44689, 38.83709 ], [ -77.45073, 38.83617 ] ] ] } },
{ "type": "Feature", "properties": { "year": 2026, "level": "ES", "name": "Lees Corner" }, "geometry": { "type": "LineString", "coordinates": [ [ -77.40375, 38.88872 ], [ -77.40474, 38.88377 ], [ -77.43657, 38.89625 ], [ -77.43648, 38.89812 ], [ -77.43501, 38.89807 ], [ -77.4347, 38.90042 ], [ -77.42976, 38.90037 ], [ -77.42969, 38.90568 ], [ -77.4287, 38.90619 ], [ -77.4257, 38.90636 ], [ -77.42578, 38.9065 ], [ -77.42312, 38.90603 ], [ -77.42154, 38.91094 ], [ -77.42055, 38.91039 ], [ -77.41727, 38.90413 ], [ -77.40994, 38.90554 ], [ -77.4076, 38.90286 ], [ -77.40272, 38.90216 ], [ -77.40308, 38.89838 ], [ -77.39927, 38.89821 ], [ -77.40179, 38.89028 ], [ -77.39901, 38.88902 ], [ -77.40375, 38.88872 ] ] } },
{ "type": "Feature", "properties": { "year": 2026, "level": "ES", "name": "Greenbriar East" }, "geometry": { "type": "LineString", "coordinates": [ [ -77.39283, 38.85358 ], [ -77.39307, 38.85418 ], [ -77.39389, 38.8548 ], [ -77.39398, 38.85517 ], [ -77.39378, 38.85524 ], [ -77.39426, 38.85567 ], [ -77.3945, 38.85646 ], [ -77.39618, 38.85622 ], [ -77.39641, 38.85658 ], [ -77.39729, 38.85698 ], [ -77.39787, 38.85633 ], [ -77.39863, 38.85593 ], [ -77.39964, 38.85572 ], [ -77.40058, 38.85581 ], [ -77.40099, 38.86199 ], [ -77.39385, 38.86373 ], [ -77.39436, 38.86379 ], [ -77.39445, 38.8641 ], [ -77.3954, 38.86386 ], [ -77.39608, 38.86437 ], [ -77.39606, 38.86459 ], [ -77.39644, 38.86462 ], [ -77.39643, 38.86501 ], [ -77.39696, 38.86551 ], [ -77.39829, 38.86587 ], [ -77.39852, 38.86668 ], [ -77.40041, 38.86723 ], [ -77.40041, 38.87178 ], [ -77.40087, 38.87193 ], [ -77.40061, 38.87259 ], [ -77.40014, 38.87252 ], [ -77.40002, 38.87302 ], [ -77.3995, 38.87304 ], [ -77.39945, 38.8734 ], [ -77.39601, 38.87346 ], [ -77.39607, 38.87427 ], [ -77.39658, 38.87424 ], [ -77.39685, 38.8778 ], [ -77.39627, 38.87758 ], [ -77.39486, 38.87992 ], [ -77.36476, 38.86832 ], [ -77.36486, 38.86751 ], [ -77.36552, 38.86667 ], [ -77.36878, 38.86456 ], [ -77.36586, 38.86065 ], [ -77.36379, 38.86042 ], [ -77.36391, 38.85915 ], [ -77.36345, 38.85889 ], [ -77.39283, 38.85358 ] ] } },
{ "type": "Feature", "properties": { "year": 2026, "level": "ES", "name": "Greenbriar West" }, "geometry": { "type": "LineString", "coordinates": [ [ -77.40291, 38.85172 ], [ -77.41369, 38.84976 ], [ -77.40994, 38.85359 ], [ -77.41137, 38.85622 ], [ -77.4089, 38.85828 ], [ -77.40528, 38.86029 ], [ -77.40755, 38.86816 ], [ -77.40896, 38.87875 ], [ -77.4082, 38.88059 ], [ -77.4059, 38.88423 ], [ -77.39486, 38.87992 ], [ -77.39627, 38.87758 ], [ -77.39685, 38.8778 ], [ -77.39658, 38.87424 ], [ -77.39607, 38.87427 ], [ -77.39601, 38.87346 ], [ -77.39945, 38.8734 ], [ -77.3995, 38.87304 ], [ -77.40002, 38.87302 ], [ -77.40014, 38.87252 ], [ -77.40061, 38.87259 ], [ -77.40087, 38.87193 ], [ -77.40041, 38.87178 ], [ -77.40041, 38.86723 ], [ -77.39852, 38.86668 ], [ -77.39829, 38.86587 ], [ -77.39696, 38.86551 ], [ -77.39643, 38.86501 ], [ -77.39644, 38.86462 ], [ -77.39606, 38.86459 ], [ -77.39608, 38.86437 ], [ -77.3954, 38.86386 ], [ -77.39445, 38.8641 ], [ -77.39436, 38.86379 ], [ -77.39385, 38.86373 ], [ -77.40099, 38.86199 ], [ -77.40058, 38.85581 ], [ -77.39964, 38.85572 ], [ -77.39863, 38.85593 ], [ -77.39787, 38.85633 ], [ -77.39729, 38.85698 ], [ -77.39641, 38.85658 ], [ -77.39618, 38.85622 ], [ -77.3945, 38.85646 ], [ -77.39426, 38.85567 ], [ -77.39378, 38.85524 ], [ -77.39398, 38.85517 ], [ -77.39389, 38.8548 ], [ -77.39307, 38.85418 ], [ -77.39283, 38.85357 ], [ -77.40291, 38.85172 ] ] } },
{ "type": "Feature", "properties": { "year": 2026, "level": "ES", "name": "Brookfield" }, "geometry": { "type": "LineString", "coordinates": [ [ -77.42925, 38.87023 ], [ -77.42968, 38.87249 ], [ -77.43049, 38.87477 ], [ -77.43219, 38.87645 ], [ -77.43484, 38.87836 ], [ -77.43855, 38.88019 ], [ -77.43814, 38.88101 ], [ -77.43834, 38.88245 ], [ -77.43785, 38.88403 ], [ -77.43685, 38.88544 ], [ -77.43476, 38.88658 ], [ -77.4313, 38.89412 ], [ -77.40827, 38.88512 ], [ -77.41039, 38.87882 ], [ -77.41079, 38.87875 ], [ -77.41132, 38.88038 ], [ -77.41133, 38.88157 ], [ -77.41213, 38.87853 ], [ -77.41679, 38.8777 ], [ -77.41669, 38.87523 ], [ -77.42051, 38.87543 ], [ -77.42925, 38.87023 ] ] } },
{ "type": "Feature", "properties": { "year": 2026, "level": "ES", "name": "Poplar Tree" }, "geometry": { "type": "LineString", "coordinates": [ [ -77.43235, 38.84637 ], [ -77.43309, 38.84913 ], [ -77.43294, 38.85229 ], [ -77.43241, 38.85233 ], [ -77.43154, 38.85306 ], [ -77.43119, 38.85425 ], [ -77.42984, 38.8554 ], [ -77.43035, 38.85749 ], [ -77.42972, 38.85903 ], [ -77.42978, 38.86169 ], [ -77.42885, 38.8668 ], [ -77.42925, 38.87023 ], [ -77.42051, 38.87543 ], [ -77.41669, 38.87523 ], [ -77.41679, 38.8777 ], [ -77.41213, 38.87853 ], [ -77.41133, 38.88157 ], [ -77.41132, 38.88038 ], [ -77.41079, 38.87875 ], [ -77.41039, 38.87882 ], [ -77.40827, 38.88512 ], [ -77.4059, 38.88423 ], [ -77.4082, 38.88059 ], [ -77.40896, 38.87875 ], [ -77.40755, 38.86816 ], [ -77.40528, 38.86029 ], [ -77.4089, 38.85828 ], [ -77.41137, 38.85622 ], [ -77.40994, 38.85359 ], [ -77.41369, 38.84976 ], [ -77.43235, 38.84637 ] ] } },
{ "type": "Feature", "properties": { "year": 2026, "level": "ES", "name": "Dranesville" }, "geometry": { "type": "LineString", "coordinates": [ [ -77.38844, 38.97416 ], [ -77.39147, 38.9764 ], [ -77.39132, 38.97664 ], [ -77.39355, 38.97829 ], [ -77.39331, 38.97962 ], [ -77.39353, 38.97999 ], [ -77.39267, 38.98061 ], [ -77.39192, 38.98082 ], [ -77.39096, 38.98067 ], [ -77.39093, 38.98042 ], [ -77.39055, 38.9805 ], [ -77.3906, 38.981 ], [ -77.39012, 38.98111 ], [ -77.3901, 38.98129 ], [ -77.38903, 38.9814 ], [ -77.38869, 38.98193 ], [ -77.38823, 38.9819 ], [ -77.38725, 38.98352 ], [ -77.38683, 38.98501 ], [ -77.38619, 38.98551 ], [ -77.38623, 38.98587 ], [ -77.38577, 38.98599 ], [ -77.38552, 38.98579 ], [ -77.385, 38.98629 ], [ -77.38483, 38.98687 ], [ -77.38523, 38.98748 ], [ -77.38469, 38.98791 ], [ -77.3843, 38.98793 ], [ -77.38438, 38.98843 ], [ -77.39068, 38.9904 ], [ -77.3943, 38.99106 ], [ -77.37111, 39.01448 ], [ -77.36865, 39.01323 ], [ -77.36866, 39.01231 ], [ -77.36817, 39.0118 ], [ -77.36907, 39.01117 ], [ -77.36938, 39.01144 ], [ -77.37047, 39.01132 ], [ -77.37122, 39.01109 ], [ -77.37157, 39.01061 ], [ -77.37315, 39.01018 ], [ -77.37322, 39.0099 ], [ -77.37237, 39.00896 ], [ -77.37274, 39.00827 ], [ -77.37334, 39.00787 ], [ -77.37348, 39.00741 ], [ -77.37327, 39.00713 ], [ -77.37376, 39.00667 ], [ -77.37245, 39.00557 ], [ -77.37204, 39.0047 ], [ -77.37109, 39.00426 ], [ -77.37123, 39.00362 ], [ -77.3709, 39.00271 ], [ -77.37024, 39.00228 ], [ -77.37011, 39.00186 ], [ -77.37031, 39.00034 ], [ -77.37066, 38.99987 ], [ -77.37228, 38.99935 ], [ -77.37221, 38.99827 ], [ -77.37133, 38.99787 ], [ -77.36953, 38.99773 ], [ -77.36847, 38.99733 ], [ -77.36853, 38.99564 ], [ -77.3695, 38.99253 ], [ -77.36898, 38.99258 ], [ -77.3684, 38.99172 ], [ -77.36492, 38.99013 ], [ -77.36497, 38.98936 ], [ -77.36565, 38.98798 ], [ -77.36508, 38.98742 ], [ -77.36525, 38.98688 ], [ -77.36649, 38.98691 ], [ -77.36654, 38.98615 ], [ -77.36702, 38.98599 ], [ -77.36671, 38.98382 ], [ -77.36711, 38.98301 ], [ -77.36661, 38.98266 ], [ -77.36672, 38.98174 ], [ -77.37757, 38.98579 ], [ -77.37747, 38.98621 ], [ -77.37901, 38.9865 ], [ -77.38342, 38.9884 ], [ -77.384, 38.98606 ], [ -77.38534, 38.98292 ], [ -77.38679, 38.98261 ], [ -77.38773, 38.98144 ], [ -77.38752, 38.98127 ], [ -77.38741, 38.97988 ], [ -77.38758, 38.97631 ], [ -77.38693, 38.97582 ], [ -77.38653, 38.97456 ], [ -77.38676, 38.9742 ], [ -77.38813, 38.97443 ], [ -77.38844, 38.97416 ] ] } },
{ "type": "Feature", "properties": { "year": 2026, "level": "ES", "name": "Herndon" }, "geometry": { "type": "LineString", "coordinates": [ [ -77.38322, 38.9526 ], [ -77.38725, 38.95292 ], [ -77.39689, 38.95446 ], [ -77.40051, 38.95539 ], [ -77.40445, 38.95677 ], [ -77.40107, 38.96009 ], [ -77.3947, 38.96891 ], [ -77.39359, 38.96924 ], [ -77.38782, 38.96955 ], [ -77.3878, 38.97167 ], [ -77.39534, 38.97717 ], [ -77.39375, 38.97797 ], [ -77.39355, 38.97829 ], [ -77.39132, 38.97664 ], [ -77.39147, 38.9764 ], [ -77.38845, 38.97416 ], [ -77.38813, 38.97443 ], [ -77.38735, 38.97417 ], [ -77.38658, 38.97424 ], [ -77.38668, 38.97533 ], [ -77.38758, 38.97631 ], [ -77.38741, 38.97988 ], [ -77.38752, 38.98127 ], [ -77.38773, 38.98144 ], [ -77.38679, 38.98261 ], [ -77.38534, 38.98292 ], [ -77.384, 38.98606 ], [ -77.38342, 38.9884 ], [ -77.37901, 38.9865 ], [ -77.37747, 38.98621 ], [ -77.37757, 38.98579 ], [ -77.36672, 38.98174 ], [ -77.36735, 38.97052 ], [ -77.36973, 38.97122 ], [ -77.36995, 38.97041 ], [ -77.3706, 38.97055 ], [ -77.37032, 38.97126 ], [ -77.37356, 38.97148 ], [ -77.3737, 38.97045 ], [ -77.37772, 38.97082 ], [ -77.378, 38.96838 ], [ -77.36999, 38.96655 ], [ -77.36497, 38.96614 ], [ -77.36964, 38.95904 ], [ -77.37402, 38.95306 ], [ -77.38322, 38.9526 ] ] } },
{ "type": "Feature", "properties": { "year": 2026, "level": "ES", "name": "Clearview" }, "geometry": { "type": "LineString", "coordinates": [ [ -77.39518, 38.96832 ], [ -77.3974, 38.96517 ], [ -77.39888, 38.96577 ], [ -77.40076, 38.96769 ], [ -77.40055, 38.97058 ], [ -77.40473, 38.97387 ], [ -77.40555, 38.97552 ], [ -77.40857, 38.9766 ], [ -77.3943, 38.99106 ], [ -77.39098, 38.99048 ], [ -77.38676, 38.98922 ], [ -77.38438, 38.98843 ], [ -77.3843, 38.98793 ], [ -77.38469, 38.98791 ], [ -77.38523, 38.98748 ], [ -77.38483, 38.98687 ], [ -77.385, 38.98629 ], [ -77.38552, 38.98579 ], [ -77.38577, 38.98599 ], [ -77.38623, 38.98587 ], [ -77.38619, 38.98551 ], [ -77.38683, 38.98501 ], [ -77.38725, 38.98352 ], [ -77.38823, 38.9819 ], [ -77.38869, 38.98193 ], [ -77.38903, 38.9814 ], [ -77.3901, 38.98129 ], [ -77.39012, 38.98111 ], [ -77.3906, 38.981 ], [ -77.39055, 38.9805 ], [ -77.39093, 38.98042 ], [ -77.39096, 38.98067 ], [ -77.39192, 38.98082 ], [ -77.39267, 38.98061 ], [ -77.39353, 38.97999 ], [ -77.39338, 38.97887 ], [ -77.39375, 38.97797 ], [ -77.39534, 38.97717 ], [ -77.3878, 38.97167 ], [ -77.38782, 38.96955 ], [ -77.39396, 38.9692 ], [ -77.3947, 38.96891 ], [ -77.39518, 38.96832 ] ] } },
{ "type": "Feature", "properties": { "year": 2026, "level": "ES", "name": "Coates" }, "geometry": { "type": "LineString", "coordinates": [ [ -77.41673, 38.94184 ], [ -77.41802, 38.94208 ], [ -77.42121, 38.94358 ], [ -77.42973, 38.94831 ], [ -77.42965, 38.95461 ], [ -77.43015, 38.95477 ], [ -77.42266, 38.96234 ], [ -77.41804, 38.96153 ], [ -77.40445, 38.95677 ], [ -77.40724, 38.95382 ], [ -77.41098, 38.95103 ], [ -77.41274, 38.94919 ], [ -77.41322, 38.94789 ], [ -77.41406, 38.94208 ], [ -77.41673, 38.94184 ] ] } },
{ "type": "Feature", "properties": { "year": 2026, "level": "ES", "name": "Floris" }, "geometry": { "type": "LineString", "coordinates": [ [ -77.44735, 38.90063 ], [ -77.47327, 38.91105 ], [ -77.43015, 38.95477 ], [ -77.42965, 38.95461 ], [ -77.42973, 38.94831 ], [ -77.4214, 38.94368 ], [ -77.41787, 38.94202 ], [ -77.41673, 38.94184 ], [ -77.41382, 38.94208 ], [ -77.41119, 38.94153 ], [ -77.40951, 38.94148 ], [ -77.40411, 38.94295 ], [ -77.40121, 38.94092 ], [ -77.39992, 38.94185 ], [ -77.3989, 38.94367 ], [ -77.39983, 38.94435 ], [ -77.39697, 38.94563 ], [ -77.39521, 38.94583 ], [ -77.39354, 38.9454 ], [ -77.38421, 38.93983 ], [ -77.38814, 38.93414 ], [ -77.39184, 38.93607 ], [ -77.39268, 38.93515 ], [ -77.39387, 38.93579 ], [ -77.40161, 38.93172 ], [ -77.40072, 38.93067 ], [ -77.40258, 38.92967 ], [ -77.40101, 38.92671 ], [ -77.39975, 38.92694 ], [ -77.39964, 38.92653 ], [ -77.39832, 38.92675 ], [ -77.39884, 38.92516 ], [ -77.40381, 38.9253 ], [ -77.40709, 38.92408 ], [ -77.40723, 38.9247 ], [ -77.40776, 38.92477 ], [ -77.40821, 38.92525 ], [ -77.4087, 38.92522 ], [ -77.40938, 38.92468 ], [ -77.40927, 38.92446 ], [ -77.40959, 38.92408 ], [ -77.41051, 38.92379 ], [ -77.41104, 38.92388 ], [ -77.41126, 38.92426 ], [ -77.41184, 38.92412 ], [ -77.41246, 38.92439 ], [ -77.41235, 38.92509 ], [ -77.41267, 38.92522 ], [ -77.41237, 38.92578 ], [ -77.413, 38.92616 ], [ -77.41279, 38.92675 ], [ -77.41346, 38.92692 ], [ -77.41347, 38.92743 ], [ -77.4141, 38.928 ], [ -77.41445, 38.92799 ], [ -77.41438, 38.92855 ], [ -77.41529, 38.92885 ], [ -77.41708, 38.92305 ], [ -77.42015, 38.91537 ], [ -77.42312, 38.90603 ], [ -77.42578, 38.9065 ], [ -77.4257, 38.90636 ], [ -77.4287, 38.90619 ], [ -77.42969, 38.90568 ], [ -77.42976, 38.90037 ], [ -77.4347, 38.90042 ], [ -77.43501, 38.89807 ], [ -77.43648, 38.89812 ], [ -77.43657, 38.89625 ], [ -77.44735, 38.90063 ] ] } },
{ "type": "Feature", "properties": { "year": 2026, "level": "ES", "name": "Hutchison" }, "geometry": { "type": "LineString", "coordinates": [ [ -77.40046, 38.96093 ], [ -77.40445, 38.95677 ], [ -77.41804, 38.96153 ], [ -77.42266, 38.96234 ], [ -77.40857, 38.9766 ], [ -77.40555, 38.97552 ], [ -77.40473, 38.97387 ], [ -77.40055, 38.97058 ], [ -77.40067, 38.96751 ], [ -77.39894, 38.96582 ], [ -77.3974, 38.96517 ], [ -77.40046, 38.96093 ] ] } },
{ "type": "Feature", "properties": { "year": 2026, "level": "ES", "name": "Forestville" }, "geometry": { "type": "LineString", "coordinates": [ [ -77.32646, 38.98788 ], [ -77.32713, 38.98708 ], [ -77.32737, 38.98555 ], [ -77.32571, 38.98517 ], [ -77.32457, 38.9843 ], [ -77.32377, 38.98304 ], [ -77.32319, 38.98258 ], [ -77.32315, 38.9817 ], [ -77.32493, 38.98133 ], [ -77.32119, 38.97949 ], [ -77.32787, 38.97808 ], [ -77.33038, 38.97848 ], [ -77.3305, 38.97995 ], [ -77.33209, 38.9799 ], [ -77.33111, 38.98757 ], [ -77.33184, 38.9876 ], [ -77.33178, 38.98877 ], [ -77.33577, 38.98897 ], [ -77.33686, 38.98741 ], [ -77.33924, 38.98906 ], [ -77.33765, 38.99132 ], [ -77.33808, 38.9915 ], [ -77.33714, 38.99369 ], [ -77.3363, 38.99468 ], [ -77.3403, 38.99751 ], [ -77.34374, 38.99255 ], [ -77.34506, 38.99309 ], [ -77.34675, 38.99325 ], [ -77.34455, 38.99667 ], [ -77.34599, 38.99695 ], [ -77.34525, 38.99806 ], [ -77.34395, 38.99751 ], [ -77.34369, 38.99799 ], [ -77.34438, 38.99825 ], [ -77.3438, 38.99907 ], [ -77.3463, 39.00042 ], [ -77.34586, 39.00096 ], [ -77.35702, 39.0069 ], [ -77.35888, 39.00344 ], [ -77.35325, 39.00165 ], [ -77.35183, 39.00092 ], [ -77.35149, 38.9968 ], [ -77.35355, 38.99737 ], [ -77.35409, 38.99599 ], [ -77.35195, 38.99528 ], [ -77.35147, 38.99551 ], [ -77.35142, 38.99597 ], [ -77.35072, 38.99593 ], [ -77.35089, 38.99372 ], [ -77.35131, 38.9939 ], [ -77.35128, 38.99339 ], [ -77.35459, 38.9947 ], [ -77.35438, 38.99525 ], [ -77.35494, 38.99536 ], [ -77.35561, 38.9951 ], [ -77.35647, 38.99408 ], [ -77.35797, 38.99114 ], [ -77.3648, 38.99246 ], [ -77.36524, 38.9934 ], [ -77.3653, 38.99447 ], [ -77.36401, 38.99706 ], [ -77.36333, 38.99941 ], [ -77.36578, 38.99985 ], [ -77.36687, 38.99922 ], [ -77.36924, 38.9987 ], [ -77.37025, 38.99911 ], [ -77.3708, 38.9998 ], [ -77.37031, 39.00034 ], [ -77.37011, 39.00186 ], [ -77.37024, 39.00228 ], [ -77.3709, 39.00271 ], [ -77.37123, 39.00362 ], [ -77.37109, 39.00426 ], [ -77.37204, 39.0047 ], [ -77.37245, 39.00557 ], [ -77.37376, 39.00667 ], [ -77.37327, 39.00713 ], [ -77.37348, 39.00741 ], [ -77.37334, 39.00787 ], [ -77.37274, 39.00827 ], [ -77.37237, 39.00896 ], [ -77.37322, 39.01003 ], [ -77.37157, 39.01061 ], [ -77.37122, 39.01109 ], [ -77.36975, 39.01147 ], [ -77.36907, 39.01117 ], [ -77.36817, 39.0118 ], [ -77.36866, 39.01231 ], [ -77.36865, 39.01323 ], [ -77.37111, 39.01448 ], [ -77.35178, 39.034 ], [ -77.34843, 39.03368 ], [ -77.34135, 39.03239 ], [ -77.34244, 39.02692 ], [ -77.32478, 39.02504 ], [ -77.3239, 39.02652 ], [ -77.32445, 39.0273 ], [ -77.32349, 39.0271 ], [ -77.32114, 39.03024 ], [ -77.31915, 39.03039 ], [ -77.31729, 39.02993 ], [ -77.31612, 39.0301 ], [ -77.31552, 39.03062 ], [ -77.31489, 39.02955 ], [ -77.31503, 39.02814 ], [ -77.31202, 39.02752 ], [ -77.31309, 39.02353 ], [ -77.3133, 39.02352 ], [ -77.31381, 39.02237 ], [ -77.31327, 39.02232 ], [ -77.31464, 39.01745 ], [ -77.31972, 39.01788 ], [ -77.31861, 39.01128 ], [ -77.31881, 39.00538 ], [ -77.31947, 39.00345 ], [ -77.31779, 39.00325 ], [ -77.31812, 38.99929 ], [ -77.31029, 38.99896 ], [ -77.31037, 38.99782 ], [ -77.31122, 38.99621 ], [ -77.31076, 38.99496 ], [ -77.31439, 38.99478 ], [ -77.31439, 38.99417 ], [ -77.31545, 38.99459 ], [ -77.31544, 38.99498 ], [ -77.31648, 38.99525 ], [ -77.31685, 38.99415 ], [ -77.31656, 38.99391 ], [ -77.3156, 38.99079 ], [ -77.31552, 38.98928 ], [ -77.31588, 38.98876 ], [ -77.3157, 38.98879 ], [ -77.31544, 38.98623 ], [ -77.3154, 38.98562 ], [ -77.31559, 38.98555 ], [ -77.31494, 38.9852 ], [ -77.31452, 38.98421 ], [ -77.31395, 38.98437 ], [ -77.31493, 38.98326 ], [ -77.31524, 38.98331 ], [ -77.31486, 38.98178 ], [ -77.31783, 38.98099 ], [ -77.31884, 38.98009 ], [ -77.32036, 38.98168 ], [ -77.32306, 38.98543 ], [ -77.32458, 38.98676 ], [ -77.32646, 38.98788 ] ] } },
{ "type": "Feature", "properties": { "year": 2026, "level": "ES", "name": "Great Falls" }, "geometry": { "type": "LineString", "coordinates": [ [ -77.23664, 38.97738 ], [ -77.23613, 38.97686 ], [ -77.23557, 38.97673 ], [ -77.23498, 38.97604 ], [ -77.23517, 38.97493 ], [ -77.23628, 38.97447 ], [ -77.2373, 38.97452 ], [ -77.23862, 38.97614 ], [ -77.23982, 38.9768 ], [ -77.24079, 38.97695 ], [ -77.24153, 38.97746 ], [ -77.24268, 38.97748 ], [ -77.244, 38.97711 ], [ -77.24466, 38.97658 ], [ -77.24495, 38.97587 ], [ -77.24525, 38.97579 ], [ -77.24606, 38.97595 ], [ -77.24693, 38.97691 ], [ -77.24853, 38.97773 ], [ -77.24885, 38.97851 ], [ -77.25063, 38.97842 ], [ -77.25311, 38.97785 ], [ -77.25403, 38.97859 ], [ -77.25576, 38.98117 ], [ -77.26728, 38.98773 ], [ -77.27442, 38.99137 ], [ -77.27442, 38.991 ], [ -77.27516, 38.99112 ], [ -77.27535, 38.99088 ], [ -77.27604, 38.99122 ], [ -77.2772, 38.98984 ], [ -77.27785, 38.99015 ], [ -77.27803, 38.98995 ], [ -77.27845, 38.99033 ], [ -77.27991, 38.98905 ], [ -77.28054, 38.98906 ], [ -77.28171, 38.98914 ], [ -77.28167, 38.99144 ], [ -77.28508, 38.99156 ], [ -77.28464, 38.98694 ], [ -77.28099, 38.98681 ], [ -77.28138, 38.98591 ], [ -77.28158, 38.98242 ], [ -77.28444, 38.98257 ], [ -77.28463, 38.98234 ], [ -77.28714, 38.98336 ], [ -77.28788, 38.98328 ], [ -77.28763, 38.98424 ], [ -77.28849, 38.98459 ], [ -77.28838, 38.98475 ], [ -77.28886, 38.98506 ], [ -77.28898, 38.98546 ], [ -77.29051, 38.98636 ], [ -77.29108, 38.98609 ], [ -77.29167, 38.98626 ], [ -77.29433, 38.98896 ], [ -77.29591, 38.98911 ], [ -77.29579, 38.98927 ], [ -77.29714, 38.99106 ], [ -77.29771, 38.99237 ], [ -77.29873, 38.99271 ], [ -77.29958, 38.99255 ], [ -77.30032, 38.99417 ], [ -77.30252, 38.99328 ], [ -77.3055, 38.99274 ], [ -77.30556, 38.98952 ], [ -77.31351, 38.99275 ], [ -77.31396, 38.99323 ], [ -77.31384, 38.99411 ], [ -77.31439, 38.99415 ], [ -77.31439, 38.99478 ], [ -77.31076, 38.99496 ], [ -77.31122, 38.99621 ], [ -77.31037, 38.99782 ], [ -77.31029, 38.99896 ], [ -77.31812, 38.99929 ], [ -77.31779, 39.00325 ], [ -77.31947, 39.00345 ], [ -77.31881, 39.00538 ], [ -77.31861, 39.01128 ], [ -77.31972, 39.01788 ], [ -77.31464, 39.01745 ], [ -77.31327, 39.02232 ], [ -77.31381, 39.02237 ], [ -77.3133, 39.02352 ], [ -77.31309, 39.02353 ], [ -77.31202, 39.02752 ], [ -77.31503, 39.02814 ], [ -77.31489, 39.02955 ], [ -77.31552, 39.03062 ], [ -77.31612, 39.0301 ], [ -77.31729, 39.02993 ], [ -77.31915, 39.03039 ], [ -77.32114, 39.03024 ], [ -77.32349, 39.0271 ], [ -77.32445, 39.0273 ], [ -77.3239, 39.02652 ], [ -77.32478, 39.02504 ], [ -77.34244, 39.02692 ], [ -77.34135, 39.03239 ], [ -77.34843, 39.03368 ], [ -77.35178, 39.034 ], [ -77.32833, 39.05769 ], [ -77.32646, 39.05749 ], [ -77.32368, 39.05598 ], [ -77.3213, 39.05579 ], [ -77.31926, 39.05511 ], [ -77.31454, 39.05224 ], [ -77.31074, 39.05202 ], [ -77.309, 39.05228 ], [ -77.30774, 39.05223 ], [ -77.30605, 39.05195 ], [ -77.30427, 39.0513 ], [ -77.30023, 39.04928 ], [ -77.29488, 39.0474 ], [ -77.29201, 39.046 ], [ -77.28904, 39.04405 ], [ -77.28606, 39.0414 ], [ -77.28307, 39.03956 ], [ -77.28206, 39.0392 ], [ -77.27689, 39.03544 ], [ -77.2752, 39.03446 ], [ -77.27379, 39.03396 ], [ -77.27296, 39.03393 ], [ -77.26808, 39.03232 ], [ -77.26052, 39.03137 ], [ -77.25491, 39.02988 ], [ -77.25155, 39.02814 ], [ -77.25022, 39.02714 ], [ -77.24832, 39.02659 ], [ -77.24703, 39.02562 ], [ -77.24599, 39.0244 ], [ -77.24463, 39.0211 ], [ -77.24538, 39.01754 ], [ -77.24629, 39.01646 ], [ -77.24709, 39.01463 ], [ -77.25118, 39.0119 ], [ -77.25326, 39.00917 ], [ -77.25425, 39.00718 ], [ -77.25442, 39.00631 ], [ -77.25531, 39.00493 ], [ -77.25576, 39.00178 ], [ -77.25498, 39.00078 ], [ -77.25462, 38.99977 ], [ -77.25473, 38.99936 ], [ -77.25423, 38.9983 ], [ -77.25363, 38.99782 ], [ -77.25352, 38.99681 ], [ -77.25293, 38.9959 ], [ -77.25296, 38.99547 ], [ -77.24996, 38.99464 ], [ -77.24995, 38.99404 ], [ -77.24939, 38.99373 ], [ -77.24865, 38.9927 ], [ -77.24805, 38.99038 ], [ -77.24541, 38.98424 ], [ -77.24503, 38.98269 ], [ -77.24407, 38.98212 ], [ -77.24392, 38.98236 ], [ -77.24173, 38.98171 ], [ -77.23995, 38.98076 ], [ -77.23984, 38.98038 ], [ -77.23845, 38.97933 ], [ -77.23664, 38.97738 ] ] } },
{ "type": "Feature", "properties": { "year": 2026, "level": "ES", "name": "Forest Edge" }, "geometry": { "type": "LineString", "coordinates": [ [ -77.33464, 38.95564 ], [ -77.33459, 38.95754 ], [ -77.33402, 38.95964 ], [ -77.33319, 38.96138 ], [ -77.33377, 38.963 ], [ -77.33273, 38.96551 ], [ -77.33313, 38.96549 ], [ -77.33323, 38.9657 ], [ -77.33349, 38.96553 ], [ -77.33489, 38.96556 ], [ -77.33533, 38.96642 ], [ -77.33614, 38.96659 ], [ -77.33645, 38.96704 ], [ -77.33765, 38.96768 ], [ -77.33893, 38.96934 ], [ -77.33964, 38.96941 ], [ -77.34038, 38.97019 ], [ -77.34103, 38.97028 ], [ -77.34146, 38.97102 ], [ -77.33717, 38.9729 ], [ -77.33041, 38.97394 ], [ -77.33151, 38.97755 ], [ -77.33038, 38.97848 ], [ -77.32787, 38.97808 ], [ -77.32138, 38.97946 ], [ -77.32101, 38.97853 ], [ -77.31888, 38.97781 ], [ -77.31914, 38.97756 ], [ -77.3171, 38.97563 ], [ -77.31515, 38.97778 ], [ -77.31343, 38.97707 ], [ -77.30584, 38.97487 ], [ -77.30821, 38.96644 ], [ -77.30886, 38.96619 ], [ -77.30898, 38.96575 ], [ -77.30961, 38.96561 ], [ -77.31017, 38.96859 ], [ -77.31169, 38.97179 ], [ -77.31448, 38.97036 ], [ -77.31367, 38.96931 ], [ -77.31276, 38.96503 ], [ -77.31386, 38.96485 ], [ -77.31403, 38.96444 ], [ -77.31484, 38.964 ], [ -77.31596, 38.96479 ], [ -77.31676, 38.96462 ], [ -77.31748, 38.96473 ], [ -77.31797, 38.96372 ], [ -77.31932, 38.96439 ], [ -77.31993, 38.96528 ], [ -77.32097, 38.96524 ], [ -77.32168, 38.9655 ], [ -77.32279, 38.96521 ], [ -77.32339, 38.96453 ], [ -77.32329, 38.96201 ], [ -77.32394, 38.96205 ], [ -77.32374, 38.9601 ], [ -77.32439, 38.9597 ], [ -77.32422, 38.95959 ], [ -77.3247, 38.95919 ], [ -77.32475, 38.95855 ], [ -77.32621, 38.95778 ], [ -77.32663, 38.95788 ], [ -77.3265, 38.95803 ], [ -77.32706, 38.95844 ], [ -77.32741, 38.95834 ], [ -77.32747, 38.9585 ], [ -77.33117, 38.95592 ], [ -77.33174, 38.9564 ], [ -77.33342, 38.95626 ], [ -77.33464, 38.95564 ] ] } },
{ "type": "Feature", "properties": { "year": 2026, "level": "ES", "name": "Armstrong" }, "geometry": { "type": "LineString", "coordinates": [ [ -77.35779, 38.97349 ], [ -77.35875, 38.97401 ], [ -77.35915, 38.97493 ], [ -77.35968, 38.97528 ], [ -77.36084, 38.97534 ], [ -77.3621, 38.97496 ], [ -77.36215, 38.97716 ], [ -77.36249, 38.97713 ], [ -77.3626, 38.97803 ], [ -77.36313, 38.97811 ], [ -77.36518, 38.97925 ], [ -77.36577, 38.98147 ], [ -77.36556, 38.98192 ], [ -77.36667, 38.98228 ], [ -77.36661, 38.98266 ], [ -77.36711, 38.98301 ], [ -77.36671, 38.98382 ], [ -77.36702, 38.98599 ], [ -77.36654, 38.98615 ], [ -77.36649, 38.98691 ], [ -77.36525, 38.98688 ], [ -77.36508, 38.98742 ], [ -77.36565, 38.98798 ], [ -77.36497, 38.98936 ], [ -77.36492, 38.99013 ], [ -77.3684, 38.99172 ], [ -77.36898, 38.99258 ], [ -77.3695, 38.99253 ], [ -77.36853, 38.99564 ], [ -77.36847, 38.99733 ], [ -77.36953, 38.99773 ], [ -77.37133, 38.99787 ], [ -77.37206, 38.99813 ], [ -77.37233, 38.99881 ], [ -77.37228, 38.99935 ], [ -77.3708, 38.9998 ], [ -77.37025, 38.99911 ], [ -77.36924, 38.9987 ], [ -77.36687, 38.99922 ], [ -77.36578, 38.99985 ], [ -77.36333, 38.99941 ], [ -77.36401, 38.99706 ], [ -77.3653, 38.99447 ], [ -77.36524, 38.9934 ], [ -77.3648, 38.99246 ], [ -77.35797, 38.99114 ], [ -77.35647, 38.99408 ], [ -77.35561, 38.9951 ], [ -77.35494, 38.99536 ], [ -77.35438, 38.99525 ], [ -77.35459, 38.9947 ], [ -77.35128, 38.99339 ], [ -77.35131, 38.9939 ], [ -77.35089, 38.99372 ], [ -77.35072, 38.99593 ], [ -77.35142, 38.99597 ], [ -77.35147, 38.99551 ], [ -77.35195, 38.99528 ], [ -77.35409, 38.99599 ], [ -77.35355, 38.99737 ], [ -77.35149, 38.9968 ], [ -77.35183, 39.00092 ], [ -77.35325, 39.00165 ], [ -77.35888, 39.00344 ], [ -77.35702, 39.0069 ], [ -77.34586, 39.00096 ], [ -77.3463, 39.00042 ], [ -77.3438, 38.99907 ], [ -77.34438, 38.99825 ], [ -77.34369, 38.99799 ], [ -77.34395, 38.99751 ], [ -77.34525, 38.99806 ], [ -77.34599, 38.99695 ], [ -77.34455, 38.99667 ], [ -77.34675, 38.99325 ], [ -77.34506, 38.99309 ], [ -77.34374, 38.99255 ], [ -77.3444, 38.99159 ], [ -77.34522, 38.98723 ], [ -77.34553, 38.98723 ], [ -77.34526, 38.98589 ], [ -77.34541, 38.98504 ], [ -77.34511, 38.98498 ], [ -77.34732, 38.98238 ], [ -77.3479, 38.9791 ], [ -77.34909, 38.97776 ], [ -77.35162, 38.97376 ], [ -77.35283, 38.97413 ], [ -77.35487, 38.97387 ], [ -77.35663, 38.97413 ], [ -77.35738, 38.9739 ], [ -77.35779, 38.97349 ] ] } },
{ "type": "Feature", "properties": { "year": 2026, "level": "ES", "name": "Aldrin" }, "geometry": { "type": "LineString", "coordinates": [ [ -77.35162, 38.97376 ], [ -77.34909, 38.97776 ], [ -77.3479, 38.9791 ], [ -77.34732, 38.98238 ], [ -77.34511, 38.98498 ], [ -77.34541, 38.98504 ], [ -77.34526, 38.98589 ], [ -77.34553, 38.98723 ], [ -77.34522, 38.98723 ], [ -77.3444, 38.99159 ], [ -77.3403, 38.99751 ], [ -77.3363, 38.99468 ], [ -77.33714, 38.99369 ], [ -77.33808, 38.9915 ], [ -77.33765, 38.99132 ], [ -77.33924, 38.98906 ], [ -77.33686, 38.98741 ], [ -77.33577, 38.98897 ], [ -77.33178, 38.98877 ], [ -77.33184, 38.9876 ], [ -77.33111, 38.98757 ], [ -77.33209, 38.9799 ], [ -77.3305, 38.97995 ], [ -77.33038, 38.97848 ], [ -77.33151, 38.97755 ], [ -77.33041, 38.97394 ], [ -77.33717, 38.9729 ], [ -77.34693, 38.96859 ], [ -77.3581, 38.96613 ], [ -77.36364, 38.96607 ], [ -77.36896, 38.96641 ], [ -77.378, 38.96838 ], [ -77.37772, 38.97082 ], [ -77.3737, 38.97045 ], [ -77.37356, 38.97148 ], [ -77.37032, 38.97126 ], [ -77.3706, 38.97055 ], [ -77.36995, 38.97041 ], [ -77.36973, 38.97122 ], [ -77.36735, 38.97052 ], [ -77.36667, 38.98228 ], [ -77.36556, 38.98192 ], [ -77.36577, 38.98147 ], [ -77.36518, 38.97925 ], [ -77.36313, 38.97811 ], [ -77.3626, 38.97803 ], [ -77.36249, 38.97713 ], [ -77.36215, 38.97716 ], [ -77.3621, 38.97496 ], [ -77.36084, 38.97534 ], [ -77.35968, 38.97528 ], [ -77.35915, 38.97493 ], [ -77.35875, 38.97401 ], [ -77.35779, 38.97349 ], [ -77.35738, 38.9739 ], [ -77.35663, 38.97413 ], [ -77.35487, 38.97387 ], [ -77.35283, 38.97413 ], [ -77.35162, 38.97376 ] ] } },
{ "type": "Feature", "properties": { "year": 2026, "level": "ES", "name": "Lake Anne" }, "geometry": { "type": "LineString", "coordinates": [ [ -77.34135, 38.95566 ], [ -77.34478, 38.95221 ], [ -77.34753, 38.95003 ], [ -77.35317, 38.95148 ], [ -77.35956, 38.9526 ], [ -77.3672, 38.95317 ], [ -77.37402, 38.95306 ], [ -77.36964, 38.95904 ], [ -77.36497, 38.96614 ], [ -77.36004, 38.96606 ], [ -77.35733, 38.96626 ], [ -77.34693, 38.96859 ], [ -77.34146, 38.97102 ], [ -77.34103, 38.97028 ], [ -77.34038, 38.97019 ], [ -77.33964, 38.96941 ], [ -77.33893, 38.96934 ], [ -77.33765, 38.96768 ], [ -77.33645, 38.96704 ], [ -77.33614, 38.96659 ], [ -77.33533, 38.96642 ], [ -77.33489, 38.96556 ], [ -77.33349, 38.96553 ], [ -77.33323, 38.9657 ], [ -77.33313, 38.96549 ], [ -77.33273, 38.96551 ], [ -77.33377, 38.963 ], [ -77.3332, 38.96128 ], [ -77.33402, 38.95964 ], [ -77.33468, 38.95719 ], [ -77.33719, 38.95708 ], [ -77.33775, 38.95747 ], [ -77.33792, 38.95795 ], [ -77.33936, 38.95666 ], [ -77.34135, 38.95566 ] ] } },
{ "type": "Feature", "properties": { "year": 2026, "level": "ES", "name": "Terraset" }, "geometry": { "type": "LineString", "coordinates": [ [ -77.34294, 38.92578 ], [ -77.34681, 38.9266 ], [ -77.35045, 38.92681 ], [ -77.35169, 38.92757 ], [ -77.35226, 38.92897 ], [ -77.35274, 38.92941 ], [ -77.35551, 38.9301 ], [ -77.35513, 38.93445 ], [ -77.3569, 38.93473 ], [ -77.35688, 38.9354 ], [ -77.35776, 38.93615 ], [ -77.35774, 38.93642 ], [ -77.3583, 38.93671 ], [ -77.35767, 38.93746 ], [ -77.35796, 38.93951 ], [ -77.35665, 38.94063 ], [ -77.35603, 38.94045 ], [ -77.35591, 38.94084 ], [ -77.35697, 38.9421 ], [ -77.35752, 38.9433 ], [ -77.35737, 38.9438 ], [ -77.35787, 38.94389 ], [ -77.35783, 38.94571 ], [ -77.35932, 38.94602 ], [ -77.35736, 38.94903 ], [ -77.35642, 38.95211 ], [ -77.35115, 38.95101 ], [ -77.35242, 38.9487 ], [ -77.34952, 38.94766 ], [ -77.34697, 38.94555 ], [ -77.34696, 38.9453 ], [ -77.34533, 38.94416 ], [ -77.34387, 38.94357 ], [ -77.34316, 38.94366 ], [ -77.34051, 38.94196 ], [ -77.33947, 38.94166 ], [ -77.33906, 38.94115 ], [ -77.3395, 38.94084 ], [ -77.33875, 38.94016 ], [ -77.33828, 38.93918 ], [ -77.33101, 38.93648 ], [ -77.33189, 38.93547 ], [ -77.33066, 38.9357 ], [ -77.33022, 38.93546 ], [ -77.32869, 38.93357 ], [ -77.32842, 38.93304 ], [ -77.32861, 38.93239 ], [ -77.32835, 38.93064 ], [ -77.3319, 38.92983 ], [ -77.33184, 38.93 ], [ -77.33429, 38.92882 ], [ -77.33927, 38.92871 ], [ -77.34273, 38.93043 ], [ -77.34304, 38.93009 ], [ -77.34198, 38.92867 ], [ -77.34301, 38.92801 ], [ -77.34271, 38.92638 ], [ -77.34294, 38.92578 ] ] } },
{ "type": "Feature", "properties": { "year": 2026, "level": "ES", "name": "Sunrise Valley" }, "geometry": { "type": "LineString", "coordinates": [ [ -77.30501, 38.9325 ], [ -77.30484, 38.93154 ], [ -77.30512, 38.92994 ], [ -77.30792, 38.93036 ], [ -77.30926, 38.93023 ], [ -77.31058, 38.92982 ], [ -77.31034, 38.92921 ], [ -77.30939, 38.92829 ], [ -77.31004, 38.92741 ], [ -77.30967, 38.92696 ], [ -77.31019, 38.92672 ], [ -77.30959, 38.92633 ], [ -77.30988, 38.92611 ], [ -77.30988, 38.92569 ], [ -77.31032, 38.9255 ], [ -77.31011, 38.9252 ], [ -77.31085, 38.9252 ], [ -77.31078, 38.92468 ], [ -77.31171, 38.92408 ], [ -77.31204, 38.92342 ], [ -77.31247, 38.92361 ], [ -77.31342, 38.92253 ], [ -77.31398, 38.92097 ], [ -77.31442, 38.92105 ], [ -77.31538, 38.92072 ], [ -77.31577, 38.92096 ], [ -77.31633, 38.92074 ], [ -77.31634, 38.92046 ], [ -77.31691, 38.92006 ], [ -77.3167, 38.91962 ], [ -77.31696, 38.91976 ], [ -77.3172, 38.91952 ], [ -77.31671, 38.91916 ], [ -77.31637, 38.91837 ], [ -77.31627, 38.91694 ], [ -77.31745, 38.91691 ], [ -77.31942, 38.91767 ], [ -77.31756, 38.92223 ], [ -77.3183, 38.9222 ], [ -77.31865, 38.92188 ], [ -77.32244, 38.92211 ], [ -77.32279, 38.92187 ], [ -77.32256, 38.92144 ], [ -77.32303, 38.92121 ], [ -77.32282, 38.92065 ], [ -77.323, 38.92051 ], [ -77.32268, 38.92018 ], [ -77.32315, 38.91976 ], [ -77.32348, 38.91989 ], [ -77.32343, 38.91955 ], [ -77.3238, 38.91947 ], [ -77.32366, 38.91929 ], [ -77.32398, 38.91907 ], [ -77.32494, 38.91897 ], [ -77.32533, 38.9183 ], [ -77.32587, 38.91874 ], [ -77.32492, 38.91942 ], [ -77.32553, 38.91968 ], [ -77.32608, 38.92038 ], [ -77.32751, 38.9194 ], [ -77.3285, 38.92068 ], [ -77.32914, 38.92038 ], [ -77.33049, 38.91913 ], [ -77.33231, 38.92174 ], [ -77.33539, 38.92147 ], [ -77.33596, 38.92282 ], [ -77.34063, 38.92296 ], [ -77.3447, 38.92221 ], [ -77.34544, 38.92259 ], [ -77.3443, 38.92386 ], [ -77.34461, 38.92531 ], [ -77.34441, 38.9261 ], [ -77.34294, 38.92578 ], [ -77.34271, 38.92638 ], [ -77.34301, 38.92801 ], [ -77.34198, 38.92867 ], [ -77.34304, 38.93009 ], [ -77.34273, 38.93043 ], [ -77.33927, 38.92871 ], [ -77.33429, 38.92882 ], [ -77.33184, 38.93 ], [ -77.3319, 38.92983 ], [ -77.32835, 38.93064 ], [ -77.32861, 38.93239 ], [ -77.32842, 38.93304 ], [ -77.33022, 38.93546 ], [ -77.33066, 38.9357 ], [ -77.33189, 38.93547 ], [ -77.33101, 38.93648 ], [ -77.33828, 38.93918 ], [ -77.33875, 38.94016 ], [ -77.3395, 38.94084 ], [ -77.33906, 38.94115 ], [ -77.33947, 38.94166 ], [ -77.34051, 38.94196 ], [ -77.34316, 38.94366 ], [ -77.34387, 38.94357 ], [ -77.34533, 38.94416 ], [ -77.34696, 38.9453 ], [ -77.34697, 38.94555 ], [ -77.34952, 38.94766 ], [ -77.35242, 38.9487 ], [ -77.35115, 38.95101 ], [ -77.34753, 38.95003 ], [ -77.34478, 38.95221 ], [ -77.34135, 38.95566 ], [ -77.33936, 38.95666 ], [ -77.33792, 38.95795 ], [ -77.33775, 38.95747 ], [ -77.33719, 38.95708 ], [ -77.33468, 38.95719 ], [ -77.33464, 38.95564 ], [ -77.33342, 38.95626 ], [ -77.33174, 38.9564 ], [ -77.33117, 38.95592 ], [ -77.32747, 38.9585 ], [ -77.32741, 38.95834 ], [ -77.32706, 38.95844 ], [ -77.3265, 38.95803 ], [ -77.32663, 38.95788 ], [ -77.32621, 38.95778 ], [ -77.32593, 38.95808 ], [ -77.32533, 38.95818 ], [ -77.32475, 38.95855 ], [ -77.3243, 38.95984 ], [ -77.32374, 38.9601 ], [ -77.32394, 38.96205 ], [ -77.32329, 38.96201 ], [ -77.32339, 38.96453 ], [ -77.32279, 38.96521 ], [ -77.32168, 38.9655 ], [ -77.32097, 38.96524 ], [ -77.31993, 38.96528 ], [ -77.31932, 38.96439 ], [ -77.31797, 38.96372 ], [ -77.31748, 38.96473 ], [ -77.31676, 38.96462 ], [ -77.31596, 38.96479 ], [ -77.31484, 38.964 ], [ -77.31403, 38.96444 ], [ -77.31386, 38.96485 ], [ -77.31276, 38.96503 ], [ -77.31367, 38.96931 ], [ -77.31448, 38.97036 ], [ -77.31169, 38.97179 ], [ -77.31017, 38.96859 ], [ -77.30961, 38.96561 ], [ -77.30898, 38.96575 ], [ -77.30886, 38.96619 ], [ -77.30779, 38.9667 ], [ -77.30753, 38.96721 ], [ -77.30699, 38.96743 ], [ -77.30684, 38.96716 ], [ -77.30633, 38.96733 ], [ -77.30608, 38.96714 ], [ -77.30631, 38.96693 ], [ -77.30623, 38.96615 ], [ -77.30583, 38.96626 ], [ -77.30577, 38.96595 ], [ -77.30532, 38.96576 ], [ -77.30494, 38.96586 ], [ -77.3048, 38.96549 ], [ -77.30408, 38.96573 ], [ -77.30363, 38.96548 ], [ -77.30304, 38.96578 ], [ -77.30222, 38.96553 ], [ -77.30243, 38.96412 ], [ -77.2986, 38.9627 ], [ -77.29986, 38.96066 ], [ -77.29871, 38.96023 ], [ -77.29804, 38.96059 ], [ -77.29724, 38.96028 ], [ -77.29754, 38.96102 ], [ -77.29675, 38.96201 ], [ -77.29163, 38.96012 ], [ -77.29198, 38.95952 ], [ -77.29156, 38.95938 ], [ -77.29124, 38.95877 ], [ -77.29157, 38.95784 ], [ -77.291, 38.95764 ], [ -77.29031, 38.95398 ], [ -77.29136, 38.95326 ], [ -77.29204, 38.95398 ], [ -77.29326, 38.95454 ], [ -77.29501, 38.95498 ], [ -77.29834, 38.95532 ], [ -77.29804, 38.94708 ], [ -77.29294, 38.94546 ], [ -77.29291, 38.94423 ], [ -77.2934, 38.94378 ], [ -77.29344, 38.94293 ], [ -77.29398, 38.94275 ], [ -77.29404, 38.94231 ], [ -77.29492, 38.94244 ], [ -77.29537, 38.94167 ], [ -77.29624, 38.94196 ], [ -77.29629, 38.94181 ], [ -77.29882, 38.94507 ], [ -77.30403, 38.94374 ], [ -77.30443, 38.94251 ], [ -77.30606, 38.94203 ], [ -77.30627, 38.93979 ], [ -77.30678, 38.93975 ], [ -77.30928, 38.94247 ], [ -77.31271, 38.94258 ], [ -77.30994, 38.93731 ], [ -77.3108, 38.93548 ], [ -77.30749, 38.93341 ], [ -77.30501, 38.9325 ] ] } },
{ "type": "Feature", "properties": { "year": 2026, "level": "ES", "name": "Hunters Woods" }, "geometry": { "type": "LineString", "coordinates": [ [ -77.33104, 38.9199 ], [ -77.3333, 38.91922 ], [ -77.33261, 38.91814 ], [ -77.33388, 38.91728 ], [ -77.33342, 38.91632 ], [ -77.33646, 38.9154 ], [ -77.33712, 38.91606 ], [ -77.33808, 38.91576 ], [ -77.33858, 38.91625 ], [ -77.34533, 38.91707 ], [ -77.34829, 38.9128 ], [ -77.35185, 38.91118 ], [ -77.3521, 38.91136 ], [ -77.35418, 38.90978 ], [ -77.35505, 38.91061 ], [ -77.35306, 38.91205 ], [ -77.35442, 38.91304 ], [ -77.34953, 38.92105 ], [ -77.35509, 38.92262 ], [ -77.35968, 38.92286 ], [ -77.36644, 38.91661 ], [ -77.37208, 38.92458 ], [ -77.37356, 38.92497 ], [ -77.37315, 38.92625 ], [ -77.36495, 38.93795 ], [ -77.36554, 38.93855 ], [ -77.36638, 38.93891 ], [ -77.36644, 38.94008 ], [ -77.3671, 38.94097 ], [ -77.36684, 38.94122 ], [ -77.36489, 38.94088 ], [ -77.36497, 38.94074 ], [ -77.36426, 38.94019 ], [ -77.36367, 38.93981 ], [ -77.36354, 38.93999 ], [ -77.36123, 38.93821 ], [ -77.35774, 38.93642 ], [ -77.35776, 38.93615 ], [ -77.35688, 38.9354 ], [ -77.3569, 38.93473 ], [ -77.35513, 38.93445 ], [ -77.35551, 38.9301 ], [ -77.35259, 38.92932 ], [ -77.35183, 38.92774 ], [ -77.35128, 38.9272 ], [ -77.35013, 38.92674 ], [ -77.34737, 38.92667 ], [ -77.34441, 38.9261 ], [ -77.34461, 38.92531 ], [ -77.3443, 38.92386 ], [ -77.34544, 38.92259 ], [ -77.3447, 38.92221 ], [ -77.34063, 38.92296 ], [ -77.33596, 38.92282 ], [ -77.33539, 38.92147 ], [ -77.33231, 38.92174 ], [ -77.33104, 38.9199 ] ] } },
{ "type": "Feature", "properties": { "year": 2026, "level": "ES", "name": "Navy" }, "geometry": { "type": "MultiLineString", "coordinates": [ [ [ -77.36744, 38.874 ], [ -77.36718, 38.87299 ], [ -77.36616, 38.87147 ], [ -77.36476, 38.86832 ], [ -77.40474, 38.88377 ], [ -77.40375, 38.88872 ], [ -77.39901, 38.88902 ], [ -77.40179, 38.89028 ], [ -77.39927, 38.89821 ], [ -77.39908, 38.8982 ], [ -77.39959, 38.89875 ], [ -77.40056, 38.89909 ], [ -77.40111, 38.90051 ], [ -77.39999, 38.90114 ], [ -77.39835, 38.90123 ], [ -77.39809, 38.90152 ], [ -77.39749, 38.90142 ], [ -77.39842, 38.90038 ], [ -77.39846, 38.90001 ], [ -77.39673, 38.9 ], [ -77.39565, 38.89896 ], [ -77.39527, 38.89927 ], [ -77.39597, 38.89982 ], [ -77.39521, 38.90057 ], [ -77.39027, 38.89683 ], [ -77.38788, 38.89808 ], [ -77.39023, 38.90201 ], [ -77.38143, 38.90033 ], [ -77.38129, 38.89819 ], [ -77.38078, 38.8967 ], [ -77.37952, 38.89725 ], [ -77.37926, 38.89684 ], [ -77.37832, 38.89706 ], [ -77.37799, 38.89657 ], [ -77.37709, 38.89703 ], [ -77.37754, 38.8981 ], [ -77.37292, 38.90007 ], [ -77.37279, 38.90114 ], [ -77.37172, 38.90161 ], [ -77.37114, 38.90083 ], [ -77.36051, 38.90537 ], [ -77.35988, 38.90441 ], [ -77.35838, 38.90507 ], [ -77.35488, 38.90023 ], [ -77.36437, 38.89614 ], [ -77.36374, 38.89518 ], [ -77.36388, 38.89503 ], [ -77.3644, 38.89489 ], [ -77.36499, 38.89414 ], [ -77.36679, 38.89428 ], [ -77.36734, 38.89404 ], [ -77.36783, 38.89361 ], [ -77.36771, 38.89324 ], [ -77.36828, 38.89261 ], [ -77.36884, 38.8926 ], [ -77.3691, 38.89282 ], [ -77.36939, 38.89276 ], [ -77.36935, 38.89255 ], [ -77.37048, 38.89244 ], [ -77.37103, 38.89209 ], [ -77.37182, 38.89232 ], [ -77.37188, 38.89211 ], [ -77.3733, 38.89216 ], [ -77.37396, 38.89187 ], [ -77.37402, 38.89157 ], [ -77.37127, 38.89136 ], [ -77.37119, 38.89107 ], [ -77.37274, 38.88947 ], [ -77.37257, 38.88897 ], [ -77.36069, 38.89182 ], [ -77.3616, 38.89107 ], [ -77.36183, 38.89052 ], [ -77.36172, 38.88926 ], [ -77.3622, 38.8887 ], [ -77.36319, 38.88875 ], [ -77.36371, 38.88843 ], [ -77.36451, 38.88856 ], [ -77.36638, 38.88819 ], [ -77.36725, 38.88778 ], [ -77.37039, 38.88499 ], [ -77.3684, 38.88356 ], [ -77.37035, 38.88188 ], [ -77.37103, 38.88233 ], [ -77.37169, 38.88172 ], [ -77.37088, 38.8812 ], [ -77.37158, 38.88053 ], [ -77.37128, 38.88005 ], [ -77.37029, 38.88033 ], [ -77.3701, 38.87994 ], [ -77.37112, 38.87965 ], [ -77.37081, 38.87886 ], [ -77.36974, 38.87917 ], [ -77.36944, 38.87838 ], [ -77.36856, 38.87864 ], [ -77.36758, 38.8757 ], [ -77.36744, 38.874 ] ], [ [ -77.40037, 38.90693 ], [ -77.40152, 38.90693 ], [ -77.40281, 38.90662 ], [ -77.40286, 38.90557 ], [ -77.40517, 38.90408 ], [ -77.40571, 38.90338 ], [ -77.40577, 38.90261 ], [ -77.40622, 38.90268 ], [ -77.40672, 38.90394 ], [ -77.40659, 38.90539 ], [ -77.4031, 38.91092 ], [ -77.40151, 38.90986 ], [ -77.39808, 38.913 ], [ -77.3946, 38.9115 ], [ -77.39505, 38.91086 ], [ -77.39401, 38.91042 ], [ -77.39416, 38.90812 ], [ -77.39494, 38.90625 ], [ -77.39486, 38.90473 ], [ -77.39751, 38.90523 ], [ -77.39903, 38.90644 ], [ -77.40037, 38.90693 ] ] ] } },
{ "type": "Feature", "properties": { "year": 2026, "level": "ES", "name": "Oak Hill" }, "geometry": { "type": "LineString", "coordinates": [ [ -77.4031, 38.91092 ], [ -77.40659, 38.90539 ], [ -77.40672, 38.90394 ], [ -77.40622, 38.90268 ], [ -77.4076, 38.90286 ], [ -77.40994, 38.90554 ], [ -77.41727, 38.90413 ], [ -77.42055, 38.91039 ], [ -77.42154, 38.91094 ], [ -77.42003, 38.91571 ], [ -77.41708, 38.92305 ], [ -77.41529, 38.92885 ], [ -77.41438, 38.92855 ], [ -77.41445, 38.92799 ], [ -77.4141, 38.928 ], [ -77.41347, 38.92743 ], [ -77.41346, 38.92692 ], [ -77.41279, 38.92675 ], [ -77.413, 38.92616 ], [ -77.41237, 38.92578 ], [ -77.41267, 38.92522 ], [ -77.41235, 38.92509 ], [ -77.41246, 38.92439 ], [ -77.41184, 38.92412 ], [ -77.41126, 38.92426 ], [ -77.41104, 38.92388 ], [ -77.41051, 38.92379 ], [ -77.40959, 38.92408 ], [ -77.40927, 38.92446 ], [ -77.40938, 38.92468 ], [ -77.40885, 38.92517 ], [ -77.40821, 38.92525 ], [ -77.40776, 38.92477 ], [ -77.40723, 38.9247 ], [ -77.40709, 38.92408 ], [ -77.40425, 38.92522 ], [ -77.40321, 38.92537 ], [ -77.39883, 38.92516 ], [ -77.39913, 38.92425 ], [ -77.3985, 38.92426 ], [ -77.39742, 38.92478 ], [ -77.39671, 38.92544 ], [ -77.39454, 38.92461 ], [ -77.39853, 38.91804 ], [ -77.40236, 38.91247 ], [ -77.4031, 38.91092 ] ] } },
{ "type": "Feature", "properties": { "year": 2026, "level": "ES", "name": "Fox Mill" }, "geometry": { "type": "LineString", "coordinates": [ [ -77.37523, 38.92009 ], [ -77.37587, 38.91859 ], [ -77.37658, 38.91771 ], [ -77.37784, 38.9183 ], [ -77.37892, 38.9169 ], [ -77.38489, 38.9197 ], [ -77.38435, 38.92075 ], [ -77.39671, 38.92544 ], [ -77.39742, 38.92478 ], [ -77.3985, 38.92426 ], [ -77.39913, 38.92425 ], [ -77.39832, 38.92675 ], [ -77.39964, 38.92653 ], [ -77.39975, 38.92694 ], [ -77.40101, 38.92671 ], [ -77.40258, 38.92967 ], [ -77.40072, 38.93067 ], [ -77.40161, 38.93172 ], [ -77.39387, 38.93579 ], [ -77.39268, 38.93515 ], [ -77.39184, 38.93607 ], [ -77.38814, 38.93414 ], [ -77.38421, 38.93983 ], [ -77.38338, 38.93918 ], [ -77.37979, 38.93497 ], [ -77.37803, 38.93612 ], [ -77.37728, 38.93717 ], [ -77.37658, 38.93655 ], [ -77.37278, 38.93832 ], [ -77.37133, 38.93651 ], [ -77.37284, 38.93552 ], [ -77.37826, 38.93311 ], [ -77.37495, 38.92855 ], [ -77.37366, 38.92756 ], [ -77.37259, 38.92706 ], [ -77.37344, 38.9257 ], [ -77.37374, 38.92372 ], [ -77.37523, 38.92009 ] ] } },
{ "type": "Feature", "properties": { "year": 2026, "level": "ES", "name": "McNair" }, "geometry": { "type": "LineString", "coordinates": [ [ -77.40026, 38.9416 ], [ -77.40121, 38.94092 ], [ -77.40411, 38.94295 ], [ -77.40951, 38.94148 ], [ -77.41119, 38.94153 ], [ -77.41406, 38.94208 ], [ -77.41322, 38.94789 ], [ -77.41274, 38.94919 ], [ -77.41098, 38.95103 ], [ -77.40724, 38.95382 ], [ -77.40445, 38.95677 ], [ -77.40051, 38.95539 ], [ -77.39733, 38.95455 ], [ -77.3861, 38.95277 ], [ -77.38152, 38.9526 ], [ -77.37402, 38.95306 ], [ -77.37698, 38.94821 ], [ -77.37794, 38.94855 ], [ -77.37993, 38.94991 ], [ -77.383, 38.95038 ], [ -77.38451, 38.94999 ], [ -77.38602, 38.94858 ], [ -77.38731, 38.94802 ], [ -77.39027, 38.94782 ], [ -77.39185, 38.94823 ], [ -77.39323, 38.9452 ], [ -77.39462, 38.94575 ], [ -77.39612, 38.94581 ], [ -77.39747, 38.94545 ], [ -77.39983, 38.94435 ], [ -77.3989, 38.94367 ], [ -77.40026, 38.9416 ] ] } },
{ "type": "Feature", "properties": { "year": 2026, "level": "ES", "name": "Dogwood" }, "geometry": { "type": "LineString", "coordinates": [ [ -77.36603, 38.93641 ], [ -77.37259, 38.92706 ], [ -77.37321, 38.92732 ], [ -77.37503, 38.92864 ], [ -77.37826, 38.93311 ], [ -77.37284, 38.93552 ], [ -77.37133, 38.93651 ], [ -77.37278, 38.93832 ], [ -77.37658, 38.93655 ], [ -77.37728, 38.93717 ], [ -77.37803, 38.93612 ], [ -77.37979, 38.93497 ], [ -77.38387, 38.93963 ], [ -77.39323, 38.9452 ], [ -77.39185, 38.94823 ], [ -77.39027, 38.94782 ], [ -77.38731, 38.94802 ], [ -77.38602, 38.94858 ], [ -77.38451, 38.94999 ], [ -77.383, 38.95038 ], [ -77.37993, 38.94991 ], [ -77.37794, 38.94855 ], [ -77.37698, 38.94821 ], [ -77.37402, 38.95306 ], [ -77.36519, 38.95309 ], [ -77.35642, 38.95211 ], [ -77.35736, 38.94903 ], [ -77.35932, 38.94602 ], [ -77.35783, 38.94571 ], [ -77.35787, 38.94389 ], [ -77.35737, 38.9438 ], [ -77.35752, 38.9433 ], [ -77.35697, 38.9421 ], [ -77.35591, 38.94084 ], [ -77.35603, 38.94045 ], [ -77.35665, 38.94063 ], [ -77.35796, 38.93951 ], [ -77.35767, 38.93746 ], [ -77.3583, 38.93671 ], [ -77.36123, 38.93821 ], [ -77.36354, 38.93999 ], [ -77.36367, 38.93981 ], [ -77.36426, 38.94019 ], [ -77.36497, 38.94074 ], [ -77.36489, 38.94088 ], [ -77.36684, 38.94122 ], [ -77.3671, 38.94097 ], [ -77.36644, 38.94008 ], [ -77.36638, 38.93891 ], [ -77.36554, 38.93855 ], [ -77.36495, 38.93795 ], [ -77.36603, 38.93641 ] ] } },
{ "type": "Feature", "properties": { "year": 2026, "level": "ES", "name": "Crossfield" }, "geometry": { "type": "LineString", "coordinates": [ [ -77.3603, 38.90778 ], [ -77.35838, 38.90507 ], [ -77.35988, 38.90441 ], [ -77.36051, 38.90537 ], [ -77.37114, 38.90083 ], [ -77.37172, 38.90161 ], [ -77.37279, 38.90114 ], [ -77.37292, 38.90007 ], [ -77.37754, 38.8981 ], [ -77.37709, 38.89703 ], [ -77.37799, 38.89657 ], [ -77.37832, 38.89706 ], [ -77.37926, 38.89684 ], [ -77.37952, 38.89725 ], [ -77.38078, 38.8967 ], [ -77.38129, 38.89819 ], [ -77.38143, 38.90033 ], [ -77.39023, 38.90201 ], [ -77.38788, 38.89808 ], [ -77.39027, 38.89683 ], [ -77.39521, 38.90057 ], [ -77.39597, 38.89982 ], [ -77.39527, 38.89927 ], [ -77.39565, 38.89896 ], [ -77.39673, 38.9 ], [ -77.39846, 38.90001 ], [ -77.39842, 38.90038 ], [ -77.39749, 38.90142 ], [ -77.39809, 38.90152 ], [ -77.39835, 38.90123 ], [ -77.39999, 38.90114 ], [ -77.40111, 38.90051 ], [ -77.40056, 38.89909 ], [ -77.39959, 38.89875 ], [ -77.39908, 38.8982 ], [ -77.40308, 38.89838 ], [ -77.40272, 38.90216 ], [ -77.40577, 38.90261 ], [ -77.40571, 38.90338 ], [ -77.40517, 38.90408 ], [ -77.40286, 38.90557 ], [ -77.40281, 38.90662 ], [ -77.40171, 38.9069 ], [ -77.39977, 38.9068 ], [ -77.39761, 38.90527 ], [ -77.39486, 38.90473 ], [ -77.39494, 38.90625 ], [ -77.39416, 38.90812 ], [ -77.39401, 38.91042 ], [ -77.39505, 38.91086 ], [ -77.3946, 38.9115 ], [ -77.39808, 38.913 ], [ -77.40151, 38.90986 ], [ -77.4031, 38.91092 ], [ -77.40236, 38.91247 ], [ -77.39853, 38.91804 ], [ -77.39454, 38.92461 ], [ -77.38435, 38.92075 ], [ -77.38489, 38.9197 ], [ -77.37892, 38.9169 ], [ -77.37784, 38.9183 ], [ -77.37658, 38.91771 ], [ -77.376, 38.91838 ], [ -77.37385, 38.92336 ], [ -77.37356, 38.92497 ], [ -77.37208, 38.92458 ], [ -77.36644, 38.91661 ], [ -77.35968, 38.92286 ], [ -77.35509, 38.92262 ], [ -77.34953, 38.92105 ], [ -77.35442, 38.91304 ], [ -77.35306, 38.91205 ], [ -77.35632, 38.90971 ], [ -77.3603, 38.90778 ] ] } },
{ "type": "Feature", "properties": { "year": 2026, "level": "ES", "name": "Lorton Station" }, "geometry": { "type": "LineString", "coordinates": [ [ -77.21002, 38.70117 ], [ -77.21425, 38.69715 ], [ -77.21694, 38.70156 ], [ -77.21914, 38.70053 ], [ -77.21956, 38.70115 ], [ -77.22011, 38.70094 ], [ -77.22025, 38.70114 ], [ -77.21842, 38.70218 ], [ -77.2184, 38.70416 ], [ -77.22109, 38.70527 ], [ -77.21966, 38.70962 ], [ -77.21848, 38.71159 ], [ -77.20905, 38.71985 ], [ -77.20791, 38.71922 ], [ -77.2073, 38.71765 ], [ -77.20463, 38.71512 ], [ -77.19953, 38.7125 ], [ -77.19784, 38.71101 ], [ -77.19718, 38.71029 ], [ -77.19709, 38.70985 ], [ -77.19894, 38.70932 ], [ -77.2031, 38.70756 ], [ -77.21002, 38.70117 ] ] } },
{ "type": "Feature", "properties": { "year": 2026, "level": "ES", "name": "Gunston" }, "geometry": { "type": "LineString", "coordinates": [ [ -77.13047, 38.63481 ], [ -77.1347, 38.63523 ], [ -77.13899, 38.63522 ], [ -77.14254, 38.63585 ], [ -77.14341, 38.6355 ], [ -77.14513, 38.63559 ], [ -77.14701, 38.63515 ], [ -77.14878, 38.63502 ], [ -77.15459, 38.6359 ], [ -77.15721, 38.63726 ], [ -77.16061, 38.6331 ], [ -77.16006, 38.6319 ], [ -77.16151, 38.63201 ], [ -77.16636, 38.62754 ], [ -77.16773, 38.62658 ], [ -77.16871, 38.62542 ], [ -77.17049, 38.62513 ], [ -77.17248, 38.6244 ], [ -77.17611, 38.62416 ], [ -77.17966, 38.62338 ], [ -77.18259, 38.62159 ], [ -77.18503, 38.62157 ], [ -77.18952, 38.62053 ], [ -77.19044, 38.61956 ], [ -77.1915, 38.61915 ], [ -77.19651, 38.61953 ], [ -77.19956, 38.61912 ], [ -77.20144, 38.61805 ], [ -77.2018, 38.61738 ], [ -77.20225, 38.61732 ], [ -77.20403, 38.61814 ], [ -77.20519, 38.61972 ], [ -77.20535, 38.62073 ], [ -77.20483, 38.62341 ], [ -77.20548, 38.62569 ], [ -77.20675, 38.62701 ], [ -77.21102, 38.62999 ], [ -77.21112, 38.6304 ], [ -77.21328, 38.63284 ], [ -77.21372, 38.63371 ], [ -77.21367, 38.63495 ], [ -77.21406, 38.63601 ], [ -77.21627, 38.63755 ], [ -77.21259, 38.63771 ], [ -77.20895, 38.63739 ], [ -77.2073, 38.63784 ], [ -77.20562, 38.63878 ], [ -77.20487, 38.63882 ], [ -77.20285, 38.64037 ], [ -77.2009, 38.64233 ], [ -77.19736, 38.64715 ], [ -77.19622, 38.64822 ], [ -77.19548, 38.64835 ], [ -77.19355, 38.65016 ], [ -77.19366, 38.65133 ], [ -77.19424, 38.65251 ], [ -77.19401, 38.65316 ], [ -77.19527, 38.65432 ], [ -77.19626, 38.65478 ], [ -77.19747, 38.65596 ], [ -77.19969, 38.6575 ], [ -77.20094, 38.65808 ], [ -77.20185, 38.65798 ], [ -77.20311, 38.6584 ], [ -77.20495, 38.65808 ], [ -77.20696, 38.6572 ], [ -77.20801, 38.65719 ], [ -77.2094, 38.65671 ], [ -77.21118, 38.65642 ], [ -77.21208, 38.65643 ], [ -77.21421, 38.65706 ], [ -77.21534, 38.657 ], [ -77.21957, 38.65767 ], [ -77.22303, 38.65766 ], [ -77.22409, 38.65736 ], [ -77.22461, 38.65762 ], [ -77.22472, 38.65801 ], [ -77.22364, 38.65955 ], [ -77.22493, 38.66086 ], [ -77.22573, 38.66052 ], [ -77.22818, 38.66055 ], [ -77.2285, 38.6615 ], [ -77.22942, 38.66233 ], [ -77.23245, 38.66251 ], [ -77.23395, 38.6634 ], [ -77.2343, 38.66396 ], [ -77.23502, 38.66332 ], [ -77.23637, 38.66427 ], [ -77.23561, 38.66506 ], [ -77.23572, 38.66495 ], [ -77.23763, 38.66608 ], [ -77.23936, 38.66765 ], [ -77.24008, 38.66717 ], [ -77.24033, 38.66744 ], [ -77.23201, 38.67305 ], [ -77.23035, 38.67454 ], [ -77.22922, 38.67633 ], [ -77.22871, 38.67811 ], [ -77.22745, 38.67875 ], [ -77.2263, 38.67983 ], [ -77.21825, 38.69317 ], [ -77.21745, 38.6941 ], [ -77.20386, 38.70699 ], [ -77.20234, 38.70797 ], [ -77.19709, 38.70985 ], [ -77.19718, 38.71029 ], [ -77.19784, 38.71101 ], [ -77.19953, 38.7125 ], [ -77.20463, 38.71512 ], [ -77.2073, 38.71765 ], [ -77.20791, 38.71922 ], [ -77.20905, 38.71985 ], [ -77.2067, 38.72151 ], [ -77.20423, 38.72278 ], [ -77.19182, 38.72764 ], [ -77.19029, 38.72855 ], [ -77.18901, 38.72967 ], [ -77.18329, 38.72447 ], [ -77.1853, 38.72328 ], [ -77.18888, 38.72203 ], [ -77.19142, 38.71974 ], [ -77.18833, 38.71791 ], [ -77.18776, 38.71654 ], [ -77.18903, 38.71604 ], [ -77.18834, 38.71367 ], [ -77.18328, 38.71081 ], [ -77.17982, 38.70746 ], [ -77.18576, 38.70739 ], [ -77.19298, 38.70911 ], [ -77.19397, 38.70686 ], [ -77.19651, 38.70328 ], [ -77.19684, 38.70151 ], [ -77.19611, 38.70188 ], [ -77.19522, 38.70196 ], [ -77.19519, 38.70016 ], [ -77.19702, 38.69946 ], [ -77.19819, 38.70084 ], [ -77.20069, 38.6996 ], [ -77.20112, 38.69912 ], [ -77.20132, 38.69822 ], [ -77.20046, 38.69759 ], [ -77.20023, 38.69702 ], [ -77.20038, 38.69676 ], [ -77.19986, 38.69647 ], [ -77.19914, 38.69651 ], [ -77.1991, 38.6961 ], [ -77.2001, 38.69414 ], [ -77.20105, 38.69364 ], [ -77.20055, 38.69188 ], [ -77.20194, 38.69137 ], [ -77.20151, 38.69075 ], [ -77.20058, 38.69042 ], [ -77.20044, 38.68943 ], [ -77.19939, 38.68888 ], [ -77.19871, 38.6893 ], [ -77.19812, 38.68934 ], [ -77.19472, 38.6879 ], [ -77.19331, 38.68877 ], [ -77.19308, 38.68872 ], [ -77.19259, 38.68776 ], [ -77.19128, 38.68702 ], [ -77.18988, 38.68571 ], [ -77.18726, 38.68509 ], [ -77.18575, 38.68325 ], [ -77.1841, 38.68232 ], [ -77.18371, 38.68135 ], [ -77.18257, 38.68068 ], [ -77.18017, 38.68044 ], [ -77.1791, 38.68066 ], [ -77.179, 38.67972 ], [ -77.17846, 38.6791 ], [ -77.17665, 38.67851 ], [ -77.1757, 38.67872 ], [ -77.17487, 38.67971 ], [ -77.17397, 38.67978 ], [ -77.17295, 38.67852 ], [ -77.17167, 38.67809 ], [ -77.17135, 38.67823 ], [ -77.17056, 38.67808 ], [ -77.1702, 38.67751 ], [ -77.16973, 38.67744 ], [ -77.16925, 38.67697 ], [ -77.16808, 38.67713 ], [ -77.16799, 38.67639 ], [ -77.16728, 38.6758 ], [ -77.16555, 38.67533 ], [ -77.16484, 38.67292 ], [ -77.16328, 38.67227 ], [ -77.16291, 38.6716 ], [ -77.16053, 38.67095 ], [ -77.15855, 38.67093 ], [ -77.15791, 38.67036 ], [ -77.15785, 38.66955 ], [ -77.15741, 38.66897 ], [ -77.15497, 38.6679 ], [ -77.15458, 38.66723 ], [ -77.15391, 38.66679 ], [ -77.15137, 38.66629 ], [ -77.15049, 38.66572 ], [ -77.15006, 38.6652 ], [ -77.14965, 38.66394 ], [ -77.14969, 38.66309 ], [ -77.15007, 38.66293 ], [ -77.15036, 38.66134 ], [ -77.15008, 38.65947 ], [ -77.15024, 38.6589 ], [ -77.14992, 38.6583 ], [ -77.14848, 38.65708 ], [ -77.14737, 38.65717 ], [ -77.14519, 38.65646 ], [ -77.14343, 38.65513 ], [ -77.14174, 38.65316 ], [ -77.13971, 38.65184 ], [ -77.13801, 38.65115 ], [ -77.13735, 38.65054 ], [ -77.13629, 38.65021 ], [ -77.13621, 38.64709 ], [ -77.13549, 38.64638 ], [ -77.13346, 38.64522 ], [ -77.13291, 38.64461 ], [ -77.13298, 38.64335 ], [ -77.13347, 38.6427 ], [ -77.13311, 38.64224 ], [ -77.13295, 38.64113 ], [ -77.13191, 38.6399 ], [ -77.13204, 38.63961 ], [ -77.13141, 38.63848 ], [ -77.13088, 38.63637 ], [ -77.12985, 38.63497 ], [ -77.12987, 38.6347 ], [ -77.13047, 38.63481 ] ] } },
{ "type": "Feature", "properties": { "year": 2026, "level": "ES", "name": "Newington Forest" }, "geometry": { "type": "LineString", "coordinates": [ [ -77.21611, 38.72652 ], [ -77.21566, 38.72539 ], [ -77.21557, 38.7241 ], [ -77.21525, 38.72349 ], [ -77.2139, 38.72225 ], [ -77.21395, 38.72138 ], [ -77.21168, 38.7199 ], [ -77.21405, 38.71918 ], [ -77.21426, 38.71987 ], [ -77.21499, 38.72065 ], [ -77.21713, 38.72102 ], [ -77.21681, 38.71995 ], [ -77.21716, 38.71951 ], [ -77.21667, 38.71846 ], [ -77.21714, 38.71769 ], [ -77.21914, 38.71854 ], [ -77.22035, 38.71825 ], [ -77.22066, 38.71769 ], [ -77.22084, 38.71777 ], [ -77.22093, 38.71862 ], [ -77.22066, 38.71931 ], [ -77.21962, 38.72056 ], [ -77.21904, 38.72069 ], [ -77.21929, 38.72232 ], [ -77.21911, 38.72294 ], [ -77.21952, 38.72365 ], [ -77.22009, 38.72369 ], [ -77.22044, 38.72474 ], [ -77.22033, 38.72538 ], [ -77.22131, 38.72623 ], [ -77.22134, 38.72678 ], [ -77.22017, 38.72744 ], [ -77.21987, 38.72798 ], [ -77.22068, 38.72814 ], [ -77.22115, 38.72967 ], [ -77.22226, 38.73029 ], [ -77.22207, 38.73129 ], [ -77.23108, 38.72189 ], [ -77.23204, 38.72179 ], [ -77.23261, 38.72241 ], [ -77.23306, 38.72253 ], [ -77.23504, 38.72246 ], [ -77.23484, 38.72293 ], [ -77.23563, 38.72321 ], [ -77.23531, 38.72462 ], [ -77.23575, 38.72467 ], [ -77.23557, 38.72562 ], [ -77.24015, 38.72633 ], [ -77.23926, 38.72819 ], [ -77.2373, 38.72741 ], [ -77.23654, 38.72873 ], [ -77.23685, 38.72909 ], [ -77.23832, 38.72946 ], [ -77.23874, 38.7305 ], [ -77.23954, 38.73033 ], [ -77.24043, 38.73259 ], [ -77.24097, 38.73241 ], [ -77.24104, 38.7326 ], [ -77.24161, 38.73262 ], [ -77.24286, 38.73211 ], [ -77.24448, 38.73255 ], [ -77.24454, 38.73303 ], [ -77.24489, 38.73323 ], [ -77.24463, 38.73369 ], [ -77.24496, 38.73503 ], [ -77.24582, 38.73521 ], [ -77.24628, 38.73501 ], [ -77.24702, 38.73525 ], [ -77.24734, 38.73493 ], [ -77.24732, 38.73446 ], [ -77.24825, 38.73415 ], [ -77.24807, 38.73363 ], [ -77.24829, 38.73289 ], [ -77.25015, 38.73326 ], [ -77.25191, 38.73555 ], [ -77.25225, 38.73635 ], [ -77.25248, 38.73863 ], [ -77.25143, 38.74047 ], [ -77.25075, 38.74288 ], [ -77.25059, 38.74469 ], [ -77.25086, 38.74555 ], [ -77.2489, 38.74615 ], [ -77.24803, 38.74517 ], [ -77.24403, 38.74297 ], [ -77.24332, 38.74278 ], [ -77.24218, 38.74289 ], [ -77.23912, 38.74392 ], [ -77.23673, 38.74383 ], [ -77.23417, 38.74334 ], [ -77.2342, 38.745 ], [ -77.23197, 38.745 ], [ -77.23166, 38.74426 ], [ -77.22931, 38.74397 ], [ -77.22926, 38.74424 ], [ -77.2247, 38.74372 ], [ -77.22572, 38.74316 ], [ -77.22584, 38.74264 ], [ -77.22541, 38.74092 ], [ -77.22585, 38.73993 ], [ -77.22555, 38.73903 ], [ -77.22609, 38.73886 ], [ -77.225, 38.73801 ], [ -77.22428, 38.73707 ], [ -77.22433, 38.73628 ], [ -77.22281, 38.73528 ], [ -77.2218, 38.73399 ], [ -77.22114, 38.73404 ], [ -77.22088, 38.73259 ], [ -77.22016, 38.73185 ], [ -77.21938, 38.73146 ], [ -77.21883, 38.73037 ], [ -77.21824, 38.72998 ], [ -77.21801, 38.72944 ], [ -77.217, 38.72843 ], [ -77.21611, 38.72652 ] ] } },
{ "type": "Feature", "properties": { "year": 2026, "level": "ES", "name": "Saratoga" }, "geometry": { "type": "LineString", "coordinates": [ [ -77.17795, 38.75481 ], [ -77.18113, 38.74962 ], [ -77.18318, 38.74562 ], [ -77.18478, 38.74138 ], [ -77.18748, 38.73211 ], [ -77.18815, 38.73076 ], [ -77.18925, 38.72942 ], [ -77.19052, 38.72839 ], [ -77.19211, 38.72751 ], [ -77.20474, 38.72255 ], [ -77.20716, 38.72122 ], [ -77.20905, 38.71985 ], [ -77.21023, 38.72068 ], [ -77.21168, 38.7199 ], [ -77.21328, 38.72079 ], [ -77.21395, 38.72138 ], [ -77.2139, 38.72225 ], [ -77.21525, 38.72349 ], [ -77.21557, 38.7241 ], [ -77.21581, 38.72599 ], [ -77.217, 38.72843 ], [ -77.21801, 38.72944 ], [ -77.21824, 38.72998 ], [ -77.21883, 38.73037 ], [ -77.21938, 38.73146 ], [ -77.22016, 38.73185 ], [ -77.22088, 38.73259 ], [ -77.22114, 38.73404 ], [ -77.2218, 38.73399 ], [ -77.22281, 38.73528 ], [ -77.22433, 38.73628 ], [ -77.22428, 38.73707 ], [ -77.225, 38.73801 ], [ -77.22609, 38.73886 ], [ -77.22555, 38.73903 ], [ -77.22585, 38.73993 ], [ -77.22541, 38.74092 ], [ -77.22584, 38.74264 ], [ -77.22572, 38.74316 ], [ -77.22393, 38.74405 ], [ -77.22331, 38.74544 ], [ -77.22274, 38.74586 ], [ -77.22261, 38.74806 ], [ -77.22283, 38.74878 ], [ -77.22113, 38.74936 ], [ -77.22133, 38.74988 ], [ -77.22379, 38.75088 ], [ -77.2231, 38.75221 ], [ -77.2233, 38.75241 ], [ -77.22539, 38.75252 ], [ -77.22665, 38.75336 ], [ -77.22666, 38.75393 ], [ -77.22533, 38.75518 ], [ -77.22508, 38.75589 ], [ -77.22557, 38.75657 ], [ -77.22686, 38.75753 ], [ -77.22381, 38.7584 ], [ -77.21953, 38.75827 ], [ -77.21513, 38.75981 ], [ -77.21075, 38.76063 ], [ -77.20809, 38.76185 ], [ -77.20774, 38.76164 ], [ -77.20616, 38.76192 ], [ -77.20497, 38.76001 ], [ -77.20515, 38.75946 ], [ -77.20598, 38.75925 ], [ -77.20632, 38.75871 ], [ -77.20575, 38.75842 ], [ -77.20399, 38.75632 ], [ -77.19832, 38.75841 ], [ -77.18943, 38.75919 ], [ -77.1835, 38.75743 ], [ -77.18399, 38.75433 ], [ -77.17795, 38.75481 ] ] } },
{ "type": "Feature", "properties": { "year": 2026, "level": "ES", "name": "Halley" }, "geometry": { "type": "MultiLineString", "coordinates": [ [ [ -77.25541, 38.68284 ], [ -77.25678, 38.6841 ], [ -77.2584, 38.68494 ], [ -77.25994, 38.68535 ], [ -77.26223, 38.6864 ], [ -77.26334, 38.68655 ], [ -77.26355, 38.68616 ], [ -77.26517, 38.68693 ], [ -77.26748, 38.68901 ], [ -77.26989, 38.68976 ], [ -77.27237, 38.6914 ], [ -77.27446, 38.69344 ], [ -77.27651, 38.69482 ], [ -77.2781, 38.69527 ], [ -77.28008, 38.69515 ], [ -77.28084, 38.6953 ], [ -77.28455, 38.69716 ], [ -77.28644, 38.69884 ], [ -77.28847, 38.70003 ], [ -77.29487, 38.70264 ], [ -77.29881, 38.70396 ], [ -77.29996, 38.7049 ], [ -77.30099, 38.70715 ], [ -77.30193, 38.70801 ], [ -77.30306, 38.7082 ], [ -77.30608, 38.70756 ], [ -77.3066, 38.70931 ], [ -77.30631, 38.71035 ], [ -77.30552, 38.71126 ], [ -77.30548, 38.71178 ], [ -77.30666, 38.71359 ], [ -77.30661, 38.71454 ], [ -77.30526, 38.71901 ], [ -77.30479, 38.71951 ], [ -77.30366, 38.71996 ], [ -77.30347, 38.7205 ], [ -77.30365, 38.72153 ], [ -77.30295, 38.72153 ], [ -77.30194, 38.72278 ], [ -77.30218, 38.72373 ], [ -77.30258, 38.72408 ], [ -77.30253, 38.72454 ], [ -77.30292, 38.72459 ], [ -77.30285, 38.72505 ], [ -77.30229, 38.72477 ], [ -77.30203, 38.72535 ], [ -77.30218, 38.72567 ], [ -77.30553, 38.72543 ], [ -77.30528, 38.73268 ], [ -77.30453, 38.73273 ], [ -77.30348, 38.73332 ], [ -77.30221, 38.73342 ], [ -77.30159, 38.7339 ], [ -77.30141, 38.73354 ], [ -77.29887, 38.7317 ], [ -77.29347, 38.7255 ], [ -77.29441, 38.72642 ], [ -77.29518, 38.72683 ], [ -77.29736, 38.72616 ], [ -77.29824, 38.7251 ], [ -77.29825, 38.72471 ], [ -77.29574, 38.72263 ], [ -77.29265, 38.72445 ], [ -77.28987, 38.72104 ], [ -77.28729, 38.72173 ], [ -77.28674, 38.72225 ], [ -77.27946, 38.71846 ], [ -77.2763, 38.71951 ], [ -77.27198, 38.71898 ], [ -77.27187, 38.71921 ], [ -77.27471, 38.72118 ], [ -77.27386, 38.72188 ], [ -77.27322, 38.72152 ], [ -77.27253, 38.72151 ], [ -77.27174, 38.7219 ], [ -77.27091, 38.72197 ], [ -77.27044, 38.72234 ], [ -77.2692, 38.72211 ], [ -77.26837, 38.72251 ], [ -77.26763, 38.72346 ], [ -77.26681, 38.72398 ], [ -77.26515, 38.72326 ], [ -77.26347, 38.7213 ], [ -77.25979, 38.71958 ], [ -77.25571, 38.72453 ], [ -77.25254, 38.72281 ], [ -77.25223, 38.72307 ], [ -77.25313, 38.72358 ], [ -77.24658, 38.72551 ], [ -77.24669, 38.72722 ], [ -77.24289, 38.72525 ], [ -77.23993, 38.72195 ], [ -77.23892, 38.72045 ], [ -77.23575, 38.7177 ], [ -77.23775, 38.71619 ], [ -77.23921, 38.71572 ], [ -77.23909, 38.7154 ], [ -77.23796, 38.71469 ], [ -77.23955, 38.71261 ], [ -77.24013, 38.71022 ], [ -77.23966, 38.70924 ], [ -77.23856, 38.70896 ], [ -77.23415, 38.70916 ], [ -77.23381, 38.70867 ], [ -77.23247, 38.70927 ], [ -77.22958, 38.70471 ], [ -77.22764, 38.70456 ], [ -77.22385, 38.70517 ], [ -77.22541, 38.69874 ], [ -77.22517, 38.69743 ], [ -77.22415, 38.69581 ], [ -77.22681, 38.68758 ], [ -77.22912, 38.67657 ], [ -77.23002, 38.67496 ], [ -77.23151, 38.67342 ], [ -77.24033, 38.66744 ], [ -77.24442, 38.67161 ], [ -77.25037, 38.67416 ], [ -77.25212, 38.67787 ], [ -77.25478, 38.68118 ], [ -77.25416, 38.68151 ], [ -77.25541, 38.68284 ] ], [ [ -77.21495, 38.69648 ], [ -77.21541, 38.69604 ], [ -77.21643, 38.69611 ], [ -77.21914, 38.70053 ], [ -77.21694, 38.70156 ], [ -77.21425, 38.69715 ], [ -77.21495, 38.69648 ] ] ] } },
{ "type": "Feature", "properties": { "year": 2026, "level": "ES", "name": "Fairview" }, "geometry": { "type": "LineString", "coordinates": [ [ -77.3351, 38.72312 ], [ -77.33552, 38.72302 ], [ -77.3356, 38.72235 ], [ -77.33652, 38.72235 ], [ -77.33736, 38.71987 ], [ -77.34127, 38.72003 ], [ -77.3449, 38.72123 ], [ -77.34841, 38.72117 ], [ -77.35106, 38.72163 ], [ -77.35268, 38.72246 ], [ -77.35541, 38.72516 ], [ -77.35598, 38.72546 ], [ -77.3566, 38.72543 ], [ -77.35856, 38.72416 ], [ -77.36007, 38.7226 ], [ -77.36162, 38.71984 ], [ -77.36319, 38.71563 ], [ -77.3642, 38.71494 ], [ -77.3664, 38.71444 ], [ -77.36736, 38.71395 ], [ -77.36793, 38.71309 ], [ -77.36837, 38.71105 ], [ -77.36878, 38.71059 ], [ -77.36939, 38.71035 ], [ -77.37098, 38.71047 ], [ -77.37362, 38.71169 ], [ -77.37757, 38.71598 ], [ -77.37967, 38.71926 ], [ -77.38046, 38.72264 ], [ -77.37996, 38.72571 ], [ -77.37748, 38.72945 ], [ -77.37821, 38.73427 ], [ -77.3791, 38.73591 ], [ -77.38056, 38.7375 ], [ -77.38241, 38.7388 ], [ -77.38417, 38.74047 ], [ -77.38723, 38.74186 ], [ -77.38609, 38.74332 ], [ -77.38402, 38.74408 ], [ -77.38325, 38.74624 ], [ -77.38318, 38.74739 ], [ -77.37912, 38.74831 ], [ -77.37806, 38.74915 ], [ -77.38012, 38.75067 ], [ -77.377, 38.75019 ], [ -77.37335, 38.75559 ], [ -77.37526, 38.75966 ], [ -77.37649, 38.76148 ], [ -77.37653, 38.76206 ], [ -77.37597, 38.76344 ], [ -77.3761, 38.76331 ], [ -77.37865, 38.76382 ], [ -77.37881, 38.7636 ], [ -77.37922, 38.76384 ], [ -77.3783, 38.76702 ], [ -77.3793, 38.76719 ], [ -77.37842, 38.77013 ], [ -77.37682, 38.77065 ], [ -77.37861, 38.77371 ], [ -77.38154, 38.77536 ], [ -77.38279, 38.77727 ], [ -77.38294, 38.77771 ], [ -77.38074, 38.77872 ], [ -77.38111, 38.77904 ], [ -77.38059, 38.77942 ], [ -77.38131, 38.78039 ], [ -77.38205, 38.78038 ], [ -77.38222, 38.78301 ], [ -77.38078, 38.78329 ], [ -77.3795, 38.78327 ], [ -77.375, 38.78196 ], [ -77.37299, 38.78192 ], [ -77.37094, 38.78261 ], [ -77.36706, 38.7851 ], [ -77.36551, 38.7832 ], [ -77.3646, 38.78301 ], [ -77.3635, 38.78339 ], [ -77.36234, 38.78213 ], [ -77.3581, 38.78412 ], [ -77.35884, 38.78499 ], [ -77.35488, 38.78792 ], [ -77.34912, 38.7857 ], [ -77.34786, 38.78762 ], [ -77.34165, 38.78509 ], [ -77.34167, 38.78396 ], [ -77.34039, 38.7841 ], [ -77.33968, 38.78836 ], [ -77.32763, 38.78389 ], [ -77.32624, 38.79258 ], [ -77.32553, 38.80071 ], [ -77.31451, 38.80043 ], [ -77.31398, 38.79815 ], [ -77.31518, 38.79803 ], [ -77.31612, 38.79719 ], [ -77.31447, 38.79611 ], [ -77.31072, 38.79303 ], [ -77.30686, 38.791 ], [ -77.30472, 38.78891 ], [ -77.30259, 38.78753 ], [ -77.30323, 38.78606 ], [ -77.30374, 38.78174 ], [ -77.30346, 38.78193 ], [ -77.30246, 38.78185 ], [ -77.30272, 38.77947 ], [ -77.30019, 38.77842 ], [ -77.29694, 38.77645 ], [ -77.29847, 38.77599 ], [ -77.29786, 38.77489 ], [ -77.29885, 38.77494 ], [ -77.30038, 38.77409 ], [ -77.29905, 38.77284 ], [ -77.2984, 38.77319 ], [ -77.29763, 38.77312 ], [ -77.29638, 38.77111 ], [ -77.29601, 38.76996 ], [ -77.29608, 38.76877 ], [ -77.2971, 38.76603 ], [ -77.29883, 38.764 ], [ -77.29931, 38.76297 ], [ -77.29891, 38.76124 ], [ -77.29753, 38.75968 ], [ -77.29594, 38.75864 ], [ -77.29561, 38.7576 ], [ -77.29611, 38.75694 ], [ -77.29697, 38.7567 ], [ -77.30115, 38.75643 ], [ -77.30119, 38.75619 ], [ -77.30369, 38.75446 ], [ -77.30269, 38.75378 ], [ -77.30515, 38.75261 ], [ -77.30769, 38.75226 ], [ -77.30781, 38.75334 ], [ -77.30903, 38.75325 ], [ -77.3089, 38.75218 ], [ -77.31459, 38.75173 ], [ -77.31519, 38.75291 ], [ -77.31736, 38.75223 ], [ -77.31732, 38.75259 ], [ -77.31815, 38.75261 ], [ -77.31785, 38.75484 ], [ -77.32967, 38.75792 ], [ -77.32925, 38.75235 ], [ -77.32739, 38.7498 ], [ -77.32661, 38.75014 ], [ -77.32496, 38.74804 ], [ -77.32684, 38.74771 ], [ -77.33317, 38.74393 ], [ -77.33103, 38.74011 ], [ -77.32731, 38.73606 ], [ -77.32618, 38.73733 ], [ -77.32409, 38.73645 ], [ -77.32281, 38.73618 ], [ -77.32168, 38.73558 ], [ -77.32034, 38.73664 ], [ -77.3193, 38.73552 ], [ -77.31916, 38.73498 ], [ -77.32011, 38.73324 ], [ -77.32043, 38.73204 ], [ -77.32026, 38.73068 ], [ -77.32064, 38.7289 ], [ -77.32029, 38.72801 ], [ -77.32595, 38.72829 ], [ -77.32701, 38.72872 ], [ -77.32995, 38.73206 ], [ -77.3322, 38.72855 ], [ -77.33535, 38.72478 ], [ -77.33536, 38.72334 ], [ -77.33496, 38.72328 ], [ -77.3351, 38.72312 ] ] } },
{ "type": "Feature", "properties": { "year": 2026, "level": "ES", "name": "Cherry Run" }, "geometry": { "type": "LineString", "coordinates": [ [ -77.28908, 38.77876 ], [ -77.28795, 38.77892 ], [ -77.28412, 38.78131 ], [ -77.28468, 38.78182 ], [ -77.28418, 38.78296 ], [ -77.2847, 38.78343 ], [ -77.28335, 38.78427 ], [ -77.28348, 38.78509 ], [ -77.28125, 38.78311 ], [ -77.27985, 38.78384 ], [ -77.278, 38.78231 ], [ -77.27678, 38.77968 ], [ -77.27615, 38.77752 ], [ -77.27168, 38.77091 ], [ -77.27212, 38.76919 ], [ -77.27202, 38.76549 ], [ -77.27328, 38.76264 ], [ -77.27292, 38.75971 ], [ -77.27358, 38.75864 ], [ -77.27496, 38.75766 ], [ -77.2769, 38.75558 ], [ -77.27906, 38.75834 ], [ -77.28167, 38.76071 ], [ -77.28284, 38.76298 ], [ -77.28582, 38.76143 ], [ -77.28717, 38.7627 ], [ -77.28787, 38.76262 ], [ -77.28777, 38.76164 ], [ -77.29086, 38.75852 ], [ -77.2929, 38.75331 ], [ -77.29542, 38.75396 ], [ -77.29838, 38.75102 ], [ -77.30369, 38.75446 ], [ -77.30119, 38.75619 ], [ -77.30115, 38.75643 ], [ -77.29697, 38.7567 ], [ -77.29611, 38.75694 ], [ -77.29561, 38.7576 ], [ -77.29594, 38.75864 ], [ -77.29753, 38.75968 ], [ -77.29891, 38.76124 ], [ -77.29931, 38.76297 ], [ -77.29883, 38.764 ], [ -77.2971, 38.76603 ], [ -77.29608, 38.76877 ], [ -77.29601, 38.76996 ], [ -77.29638, 38.77111 ], [ -77.29763, 38.77312 ], [ -77.2984, 38.77319 ], [ -77.29905, 38.77284 ], [ -77.30038, 38.77409 ], [ -77.29885, 38.77494 ], [ -77.29786, 38.77489 ], [ -77.29847, 38.77599 ], [ -77.29694, 38.77645 ], [ -77.29862, 38.77749 ], [ -77.29733, 38.77864 ], [ -77.29451, 38.77768 ], [ -77.29304, 38.77889 ], [ -77.28908, 38.77876 ] ] } },
{ "type": "Feature", "properties": { "year": 2026, "level": "ES", "name": "Orange Hunt" }, "geometry": { "type": "LineString", "coordinates": [ [ -77.24667, 38.75601 ], [ -77.24698, 38.75564 ], [ -77.24681, 38.7527 ], [ -77.24458, 38.75304 ], [ -77.24437, 38.75292 ], [ -77.24502, 38.75198 ], [ -77.24517, 38.75125 ], [ -77.2442, 38.74981 ], [ -77.24788, 38.74672 ], [ -77.25049, 38.74561 ], [ -77.25301, 38.74541 ], [ -77.25557, 38.74596 ], [ -77.25698, 38.74667 ], [ -77.26017, 38.74903 ], [ -77.26688, 38.75164 ], [ -77.26587, 38.75374 ], [ -77.26368, 38.75578 ], [ -77.26314, 38.75764 ], [ -77.26439, 38.75925 ], [ -77.26422, 38.75981 ], [ -77.26459, 38.76023 ], [ -77.26417, 38.76071 ], [ -77.2648, 38.76049 ], [ -77.26533, 38.76095 ], [ -77.26633, 38.76262 ], [ -77.26681, 38.76444 ], [ -77.26714, 38.76493 ], [ -77.26775, 38.76521 ], [ -77.26223, 38.77484 ], [ -77.25894, 38.77353 ], [ -77.25586, 38.77315 ], [ -77.25397, 38.7733 ], [ -77.24797, 38.77444 ], [ -77.24585, 38.77524 ], [ -77.24537, 38.77499 ], [ -77.24441, 38.77518 ], [ -77.24411, 38.77423 ], [ -77.24274, 38.7734 ], [ -77.24171, 38.77219 ], [ -77.24098, 38.77094 ], [ -77.24309, 38.77085 ], [ -77.24538, 38.7698 ], [ -77.24695, 38.76806 ], [ -77.24772, 38.76658 ], [ -77.24941, 38.76759 ], [ -77.24896, 38.76192 ], [ -77.25007, 38.76214 ], [ -77.25168, 38.75692 ], [ -77.24667, 38.75601 ] ] } },
{ "type": "Feature", "properties": { "year": 2026, "level": "ES", "name": "Silverbrook" }, "geometry": { "type": "LineString", "coordinates": [ [ -77.27198, 38.71898 ], [ -77.27732, 38.71974 ], [ -77.27857, 38.72033 ], [ -77.27984, 38.72166 ], [ -77.28108, 38.72449 ], [ -77.28142, 38.72687 ], [ -77.28111, 38.72886 ], [ -77.27957, 38.73327 ], [ -77.27971, 38.73465 ], [ -77.28057, 38.73603 ], [ -77.28423, 38.73823 ], [ -77.28536, 38.73915 ], [ -77.285, 38.73933 ], [ -77.27968, 38.74655 ], [ -77.2787, 38.74624 ], [ -77.27838, 38.74588 ], [ -77.27797, 38.74604 ], [ -77.27678, 38.74558 ], [ -77.27663, 38.74514 ], [ -77.27703, 38.74421 ], [ -77.27677, 38.74333 ], [ -77.27588, 38.74281 ], [ -77.27436, 38.74261 ], [ -77.27384, 38.74283 ], [ -77.27231, 38.74289 ], [ -77.27208, 38.74341 ], [ -77.27002, 38.74285 ], [ -77.26929, 38.74321 ], [ -77.26811, 38.74316 ], [ -77.26614, 38.74356 ], [ -77.26539, 38.74331 ], [ -77.26475, 38.74233 ], [ -77.26401, 38.74215 ], [ -77.26422, 38.74255 ], [ -77.26328, 38.74228 ], [ -77.26185, 38.7413 ], [ -77.26127, 38.74066 ], [ -77.26144, 38.74017 ], [ -77.26111, 38.73947 ], [ -77.26028, 38.73905 ], [ -77.25893, 38.73938 ], [ -77.25767, 38.73935 ], [ -77.25642, 38.73889 ], [ -77.2549, 38.73898 ], [ -77.25504, 38.73868 ], [ -77.25453, 38.73766 ], [ -77.25367, 38.73672 ], [ -77.25223, 38.73627 ], [ -77.25015, 38.73326 ], [ -77.24829, 38.73289 ], [ -77.24807, 38.73363 ], [ -77.24825, 38.73415 ], [ -77.24732, 38.73446 ], [ -77.24709, 38.73521 ], [ -77.24496, 38.73503 ], [ -77.24463, 38.73369 ], [ -77.24489, 38.73323 ], [ -77.24454, 38.73303 ], [ -77.24448, 38.73255 ], [ -77.24286, 38.73211 ], [ -77.24161, 38.73262 ], [ -77.24104, 38.7326 ], [ -77.24097, 38.73241 ], [ -77.24043, 38.73259 ], [ -77.23954, 38.73033 ], [ -77.23874, 38.7305 ], [ -77.23832, 38.72946 ], [ -77.23685, 38.72909 ], [ -77.23654, 38.72873 ], [ -77.2373, 38.72741 ], [ -77.23926, 38.72819 ], [ -77.24015, 38.72633 ], [ -77.2391, 38.72617 ], [ -77.24037, 38.72353 ], [ -77.24097, 38.72314 ], [ -77.24322, 38.72551 ], [ -77.24669, 38.72722 ], [ -77.24658, 38.72551 ], [ -77.25313, 38.72358 ], [ -77.25223, 38.72307 ], [ -77.25254, 38.72281 ], [ -77.25571, 38.72453 ], [ -77.25979, 38.71958 ], [ -77.26347, 38.7213 ], [ -77.26515, 38.72326 ], [ -77.26681, 38.72398 ], [ -77.26763, 38.72346 ], [ -77.26837, 38.72251 ], [ -77.2692, 38.72211 ], [ -77.27044, 38.72234 ], [ -77.27091, 38.72197 ], [ -77.27174, 38.7219 ], [ -77.27253, 38.72151 ], [ -77.27322, 38.72152 ], [ -77.27388, 38.72187 ], [ -77.27471, 38.72118 ], [ -77.27187, 38.71921 ], [ -77.27198, 38.71898 ] ] } },
{ "type": "Feature", "properties": { "year": 2026, "level": "ES", "name": "Sangster" }, "geometry": { "type": "MultiLineString", "coordinates": [ [ [ -77.324, 38.70719 ], [ -77.31985, 38.70918 ], [ -77.31976, 38.71079 ], [ -77.32043, 38.71194 ], [ -77.32148, 38.71259 ], [ -77.32268, 38.71273 ], [ -77.326, 38.71153 ], [ -77.33102, 38.71066 ], [ -77.33244, 38.71084 ], [ -77.33304, 38.71138 ], [ -77.33318, 38.71222 ], [ -77.33283, 38.71341 ], [ -77.33151, 38.71584 ], [ -77.33161, 38.71754 ], [ -77.33246, 38.71835 ], [ -77.33403, 38.71906 ], [ -77.33736, 38.71987 ], [ -77.33652, 38.72235 ], [ -77.3356, 38.72235 ], [ -77.33552, 38.72302 ], [ -77.33496, 38.72328 ], [ -77.33536, 38.72334 ], [ -77.33535, 38.72478 ], [ -77.3322, 38.72855 ], [ -77.32995, 38.73206 ], [ -77.32701, 38.72872 ], [ -77.32595, 38.72829 ], [ -77.32029, 38.72801 ], [ -77.32064, 38.7289 ], [ -77.32026, 38.73068 ], [ -77.32043, 38.73204 ], [ -77.32011, 38.73324 ], [ -77.31915, 38.73503 ], [ -77.32002, 38.73643 ], [ -77.32034, 38.73664 ], [ -77.32168, 38.73558 ], [ -77.32281, 38.73618 ], [ -77.32409, 38.73645 ], [ -77.32618, 38.73733 ], [ -77.32731, 38.73606 ], [ -77.33103, 38.74011 ], [ -77.33317, 38.74393 ], [ -77.32684, 38.74771 ], [ -77.32496, 38.74804 ], [ -77.32661, 38.75014 ], [ -77.32739, 38.7498 ], [ -77.32925, 38.75235 ], [ -77.32967, 38.75792 ], [ -77.31785, 38.75484 ], [ -77.31815, 38.75261 ], [ -77.31732, 38.75259 ], [ -77.31736, 38.75223 ], [ -77.31519, 38.75291 ], [ -77.31459, 38.75173 ], [ -77.3089, 38.75218 ], [ -77.30903, 38.75325 ], [ -77.30781, 38.75334 ], [ -77.30769, 38.75226 ], [ -77.3068, 38.75231 ], [ -77.30515, 38.75261 ], [ -77.30269, 38.75378 ], [ -77.29838, 38.75102 ], [ -77.29542, 38.75396 ], [ -77.2929, 38.75331 ], [ -77.29086, 38.75852 ], [ -77.28777, 38.76164 ], [ -77.28787, 38.76262 ], [ -77.28717, 38.7627 ], [ -77.28582, 38.76143 ], [ -77.28284, 38.76298 ], [ -77.28167, 38.76071 ], [ -77.27906, 38.75834 ], [ -77.2769, 38.75558 ], [ -77.27496, 38.75766 ], [ -77.27358, 38.75864 ], [ -77.27302, 38.75942 ], [ -77.27286, 38.76018 ], [ -77.27328, 38.76264 ], [ -77.27202, 38.76549 ], [ -77.27202, 38.76984 ], [ -77.27194, 38.77007 ], [ -77.27005, 38.77053 ], [ -77.26937, 38.76858 ], [ -77.26969, 38.76831 ], [ -77.26763, 38.766 ], [ -77.26759, 38.7656 ], [ -77.26792, 38.76537 ], [ -77.26714, 38.76493 ], [ -77.26681, 38.76444 ], [ -77.26639, 38.76277 ], [ -77.26555, 38.76123 ], [ -77.2648, 38.76049 ], [ -77.26417, 38.76071 ], [ -77.26459, 38.76023 ], [ -77.26422, 38.75981 ], [ -77.26439, 38.75925 ], [ -77.26314, 38.75764 ], [ -77.26368, 38.75578 ], [ -77.26587, 38.75374 ], [ -77.26688, 38.75164 ], [ -77.26017, 38.74903 ], [ -77.25698, 38.74667 ], [ -77.25557, 38.74596 ], [ -77.25335, 38.74544 ], [ -77.25086, 38.74555 ], [ -77.25059, 38.74469 ], [ -77.25075, 38.74288 ], [ -77.25143, 38.74047 ], [ -77.25246, 38.73877 ], [ -77.25223, 38.73627 ], [ -77.25367, 38.73672 ], [ -77.25462, 38.73777 ], [ -77.25504, 38.73868 ], [ -77.2549, 38.73898 ], [ -77.25642, 38.73889 ], [ -77.25767, 38.73935 ], [ -77.25893, 38.73938 ], [ -77.26028, 38.73905 ], [ -77.26111, 38.73947 ], [ -77.26144, 38.74017 ], [ -77.26127, 38.74066 ], [ -77.26185, 38.7413 ], [ -77.26328, 38.74228 ], [ -77.26422, 38.74255 ], [ -77.26401, 38.74215 ], [ -77.26475, 38.74233 ], [ -77.26539, 38.74331 ], [ -77.26603, 38.74353 ], [ -77.26811, 38.74316 ], [ -77.26929, 38.74321 ], [ -77.27002, 38.74285 ], [ -77.27208, 38.74341 ], [ -77.27231, 38.74289 ], [ -77.27384, 38.74283 ], [ -77.27436, 38.74261 ], [ -77.27588, 38.74281 ], [ -77.27677, 38.74333 ], [ -77.27703, 38.74421 ], [ -77.27663, 38.74514 ], [ -77.27678, 38.74558 ], [ -77.27797, 38.74604 ], [ -77.27838, 38.74588 ], [ -77.2787, 38.74624 ], [ -77.27968, 38.74655 ], [ -77.285, 38.73933 ], [ -77.28536, 38.73915 ], [ -77.28423, 38.73823 ], [ -77.28106, 38.73642 ], [ -77.27989, 38.7351 ], [ -77.27957, 38.73327 ], [ -77.28111, 38.72886 ], [ -77.2814, 38.72732 ], [ -77.28132, 38.72539 ], [ -77.28081, 38.72376 ], [ -77.27951, 38.72118 ], [ -77.27802, 38.72003 ], [ -77.2763, 38.71951 ], [ -77.27946, 38.71846 ], [ -77.28674, 38.72225 ], [ -77.28729, 38.72173 ], [ -77.28987, 38.72104 ], [ -77.29265, 38.72445 ], [ -77.29574, 38.72263 ], [ -77.29825, 38.72471 ], [ -77.29824, 38.7251 ], [ -77.29736, 38.72616 ], [ -77.29518, 38.72683 ], [ -77.29441, 38.72642 ], [ -77.29347, 38.7255 ], [ -77.29887, 38.7317 ], [ -77.30141, 38.73354 ], [ -77.30159, 38.7339 ], [ -77.30183, 38.73386 ], [ -77.30221, 38.73342 ], [ -77.30348, 38.73332 ], [ -77.30453, 38.73273 ], [ -77.30528, 38.73268 ], [ -77.30553, 38.72543 ], [ -77.30218, 38.72567 ], [ -77.30203, 38.72535 ], [ -77.30229, 38.72477 ], [ -77.30285, 38.72505 ], [ -77.30292, 38.72459 ], [ -77.30253, 38.72454 ], [ -77.30258, 38.72408 ], [ -77.30218, 38.72373 ], [ -77.30194, 38.72278 ], [ -77.30295, 38.72153 ], [ -77.30365, 38.72153 ], [ -77.30347, 38.7205 ], [ -77.30366, 38.71996 ], [ -77.30479, 38.71951 ], [ -77.30526, 38.71901 ], [ -77.30661, 38.71454 ], [ -77.30666, 38.71359 ], [ -77.30548, 38.71178 ], [ -77.30552, 38.71126 ], [ -77.30631, 38.71035 ], [ -77.3066, 38.70931 ], [ -77.30608, 38.70756 ], [ -77.30841, 38.70699 ], [ -77.31003, 38.7061 ], [ -77.31111, 38.7049 ], [ -77.31192, 38.70287 ], [ -77.31292, 38.70224 ], [ -77.31543, 38.70157 ], [ -77.31839, 38.70154 ], [ -77.32144, 38.70081 ], [ -77.32328, 38.70102 ], [ -77.32575, 38.70164 ], [ -77.32688, 38.70224 ], [ -77.32734, 38.70287 ], [ -77.32736, 38.70386 ], [ -77.32676, 38.70496 ], [ -77.3256, 38.70612 ], [ -77.324, 38.70719 ] ], [ [ -77.24293, 38.74984 ], [ -77.24034, 38.74362 ], [ -77.24209, 38.74291 ], [ -77.24313, 38.74276 ], [ -77.24403, 38.74297 ], [ -77.24803, 38.74517 ], [ -77.2489, 38.74615 ], [ -77.24733, 38.74712 ], [ -77.2442, 38.74981 ], [ -77.24445, 38.75003 ], [ -77.24309, 38.75024 ], [ -77.24293, 38.74984 ] ] ] } },
{ "type": "Feature", "properties": { "year": 2026, "level": "ES", "name": "Hunt Valley" }, "geometry": { "type": "LineString", "coordinates": [ [ -77.22764, 38.74406 ], [ -77.22926, 38.74424 ], [ -77.22931, 38.74397 ], [ -77.23166, 38.74426 ], [ -77.23197, 38.745 ], [ -77.2342, 38.745 ], [ -77.23417, 38.74334 ], [ -77.23857, 38.74394 ], [ -77.24034, 38.74362 ], [ -77.24309, 38.75024 ], [ -77.24445, 38.75003 ], [ -77.24511, 38.75096 ], [ -77.24507, 38.75188 ], [ -77.24437, 38.75292 ], [ -77.24458, 38.75304 ], [ -77.24681, 38.7527 ], [ -77.24698, 38.75564 ], [ -77.24667, 38.75601 ], [ -77.25168, 38.75692 ], [ -77.25007, 38.76214 ], [ -77.24896, 38.76192 ], [ -77.24941, 38.76759 ], [ -77.24772, 38.76658 ], [ -77.24695, 38.76806 ], [ -77.24538, 38.7698 ], [ -77.24309, 38.77085 ], [ -77.24098, 38.77094 ], [ -77.24086, 38.77016 ], [ -77.23927, 38.77006 ], [ -77.23904, 38.76982 ], [ -77.239, 38.76921 ], [ -77.23941, 38.76901 ], [ -77.23954, 38.76917 ], [ -77.24005, 38.76883 ], [ -77.24062, 38.76737 ], [ -77.23894, 38.76619 ], [ -77.23815, 38.76595 ], [ -77.23675, 38.76602 ], [ -77.23558, 38.76562 ], [ -77.2346, 38.76583 ], [ -77.23422, 38.76501 ], [ -77.23486, 38.76371 ], [ -77.23446, 38.76291 ], [ -77.23404, 38.7627 ], [ -77.23258, 38.76304 ], [ -77.23138, 38.76299 ], [ -77.23135, 38.76217 ], [ -77.23162, 38.76191 ], [ -77.23141, 38.76132 ], [ -77.23151, 38.7602 ], [ -77.23026, 38.76009 ], [ -77.22924, 38.761 ], [ -77.22778, 38.76139 ], [ -77.22743, 38.76126 ], [ -77.22692, 38.75921 ], [ -77.22735, 38.75792 ], [ -77.22557, 38.75657 ], [ -77.22508, 38.75589 ], [ -77.22533, 38.75518 ], [ -77.22666, 38.75393 ], [ -77.22672, 38.75348 ], [ -77.22605, 38.7528 ], [ -77.22539, 38.75252 ], [ -77.2233, 38.75241 ], [ -77.2231, 38.75221 ], [ -77.22379, 38.75088 ], [ -77.22133, 38.74988 ], [ -77.22113, 38.74936 ], [ -77.22283, 38.74878 ], [ -77.22261, 38.74806 ], [ -77.22274, 38.74586 ], [ -77.22331, 38.74544 ], [ -77.22393, 38.74405 ], [ -77.2247, 38.74372 ], [ -77.22764, 38.74406 ] ] } },
{ "type": "Feature", "properties": { "year": 2026, "level": "ES", "name": "Terra Centre" }, "geometry": { "type": "LineString", "coordinates": [ [ -77.28908, 38.77876 ], [ -77.29304, 38.77889 ], [ -77.29451, 38.77768 ], [ -77.29733, 38.77864 ], [ -77.29863, 38.77749 ], [ -77.30019, 38.77842 ], [ -77.30272, 38.77947 ], [ -77.30246, 38.78185 ], [ -77.30346, 38.78193 ], [ -77.30374, 38.78174 ], [ -77.30323, 38.78606 ], [ -77.30259, 38.78753 ], [ -77.29791, 38.78617 ], [ -77.2956, 38.78594 ], [ -77.29577, 38.78708 ], [ -77.29514, 38.78919 ], [ -77.29593, 38.78973 ], [ -77.29626, 38.79348 ], [ -77.29615, 38.79461 ], [ -77.29575, 38.7946 ], [ -77.29599, 38.79503 ], [ -77.29554, 38.79667 ], [ -77.29609, 38.79763 ], [ -77.28569, 38.79818 ], [ -77.28432, 38.78996 ], [ -77.27597, 38.78956 ], [ -77.27652, 38.78864 ], [ -77.27828, 38.78884 ], [ -77.27838, 38.78783 ], [ -77.28162, 38.78798 ], [ -77.28153, 38.78744 ], [ -77.2839, 38.78753 ], [ -77.28374, 38.78649 ], [ -77.28157, 38.78525 ], [ -77.27985, 38.78384 ], [ -77.28125, 38.78311 ], [ -77.28348, 38.78509 ], [ -77.28335, 38.78427 ], [ -77.2847, 38.78343 ], [ -77.28418, 38.78296 ], [ -77.28468, 38.78182 ], [ -77.28412, 38.78131 ], [ -77.28795, 38.77892 ], [ -77.28908, 38.77876 ] ] } },
{ "type": "Feature", "properties": { "year": 2026, "level": "ES", "name": "White Oaks" }, "geometry": { "type": "LineString", "coordinates": [ [ -77.26782, 38.7653 ], [ -77.26765, 38.76603 ], [ -77.26969, 38.76831 ], [ -77.26937, 38.76858 ], [ -77.27005, 38.77053 ], [ -77.27194, 38.77007 ], [ -77.27173, 38.77103 ], [ -77.27615, 38.77752 ], [ -77.27678, 38.77968 ], [ -77.27795, 38.78225 ], [ -77.28157, 38.78525 ], [ -77.28374, 38.78649 ], [ -77.2839, 38.78753 ], [ -77.28153, 38.78744 ], [ -77.28162, 38.78798 ], [ -77.27838, 38.78783 ], [ -77.27828, 38.78884 ], [ -77.27652, 38.78864 ], [ -77.27597, 38.78956 ], [ -77.28432, 38.78996 ], [ -77.28569, 38.79818 ], [ -77.27778, 38.79853 ], [ -77.27622, 38.79816 ], [ -77.27309, 38.7968 ], [ -77.27279, 38.79666 ], [ -77.27341, 38.79545 ], [ -77.27347, 38.79264 ], [ -77.27138, 38.79132 ], [ -77.26972, 38.78909 ], [ -77.26979, 38.78848 ], [ -77.26867, 38.78821 ], [ -77.26569, 38.78688 ], [ -77.26506, 38.78642 ], [ -77.26267, 38.78545 ], [ -77.262, 38.78482 ], [ -77.25881, 38.78514 ], [ -77.25781, 38.78453 ], [ -77.25599, 38.78455 ], [ -77.25394, 38.78395 ], [ -77.25846, 38.77871 ], [ -77.25894, 38.77912 ], [ -77.25976, 38.77815 ], [ -77.25958, 38.77802 ], [ -77.26274, 38.77424 ], [ -77.26374, 38.77202 ], [ -77.26782, 38.7653 ] ] } },
{ "type": "Feature", "properties": { "year": 2026, "level": "ES", "name": "Oak View" }, "geometry": { "type": "MultiLineString", "coordinates": [ [ [ -77.37408, 38.78186 ], [ -77.37539, 38.78204 ], [ -77.37965, 38.78329 ], [ -77.38127, 38.78323 ], [ -77.38308, 38.78275 ], [ -77.38384, 38.78377 ], [ -77.3805, 38.7861 ], [ -77.38042, 38.78755 ], [ -77.37891, 38.79031 ], [ -77.38018, 38.79085 ], [ -77.38055, 38.79054 ], [ -77.38099, 38.79087 ], [ -77.38237, 38.79243 ], [ -77.38316, 38.79271 ], [ -77.38307, 38.79354 ], [ -77.3824, 38.79494 ], [ -77.38111, 38.79497 ], [ -77.3812, 38.79619 ], [ -77.37701, 38.79555 ], [ -77.37646, 38.79557 ], [ -77.37592, 38.79619 ], [ -77.37512, 38.79825 ], [ -77.37539, 38.79969 ], [ -77.37501, 38.80122 ], [ -77.37495, 38.80432 ], [ -77.37468, 38.80536 ], [ -77.3718, 38.80626 ], [ -77.37104, 38.80474 ], [ -77.36139, 38.80801 ], [ -77.36301, 38.80866 ], [ -77.36298, 38.80971 ], [ -77.36357, 38.81096 ], [ -77.36414, 38.81103 ], [ -77.36483, 38.81175 ], [ -77.36487, 38.8125 ], [ -77.3659, 38.8131 ], [ -77.36604, 38.81416 ], [ -77.36548, 38.81558 ], [ -77.36481, 38.81613 ], [ -77.36481, 38.8164 ], [ -77.36595, 38.81754 ], [ -77.36607, 38.81797 ], [ -77.36663, 38.81806 ], [ -77.36342, 38.81877 ], [ -77.36385, 38.81984 ], [ -77.36253, 38.82102 ], [ -77.3633, 38.82493 ], [ -77.35048, 38.82502 ], [ -77.35015, 38.82653 ], [ -77.34934, 38.82548 ], [ -77.34748, 38.82973 ], [ -77.34292, 38.82786 ], [ -77.34118, 38.83197 ], [ -77.33834, 38.83163 ], [ -77.33759, 38.83357 ], [ -77.33762, 38.83413 ], [ -77.33724, 38.83456 ], [ -77.33528, 38.83539 ], [ -77.33379, 38.83287 ], [ -77.33405, 38.83252 ], [ -77.33337, 38.83224 ], [ -77.33353, 38.83162 ], [ -77.3293, 38.831 ], [ -77.32672, 38.83015 ], [ -77.32514, 38.82989 ], [ -77.32131, 38.83274 ], [ -77.3194, 38.83165 ], [ -77.31906, 38.83213 ], [ -77.31572, 38.83066 ], [ -77.31462, 38.83224 ], [ -77.31205, 38.83488 ], [ -77.31174, 38.83589 ], [ -77.31198, 38.83678 ], [ -77.31043, 38.83694 ], [ -77.31036, 38.83666 ], [ -77.30805, 38.83689 ], [ -77.30786, 38.83575 ], [ -77.30406, 38.83608 ], [ -77.30307, 38.83282 ], [ -77.30133, 38.83311 ], [ -77.30179, 38.83475 ], [ -77.30224, 38.8349 ], [ -77.30229, 38.83535 ], [ -77.30022, 38.83521 ], [ -77.30024, 38.83505 ], [ -77.29715, 38.83497 ], [ -77.29673, 38.83598 ], [ -77.29674, 38.83733 ], [ -77.29063, 38.83652 ], [ -77.2884, 38.83653 ], [ -77.28834, 38.83447 ], [ -77.28883, 38.83348 ], [ -77.28828, 38.82639 ], [ -77.29488, 38.82654 ], [ -77.29928, 38.82626 ], [ -77.3007, 38.82594 ], [ -77.3036, 38.82477 ], [ -77.30646, 38.82407 ], [ -77.30785, 38.82396 ], [ -77.30795, 38.82359 ], [ -77.3041, 38.82036 ], [ -77.30284, 38.82074 ], [ -77.30086, 38.81762 ], [ -77.30095, 38.81566 ], [ -77.30239, 38.81328 ], [ -77.30323, 38.81006 ], [ -77.30459, 38.80823 ], [ -77.30777, 38.80883 ], [ -77.30919, 38.80936 ], [ -77.32152, 38.81589 ], [ -77.32289, 38.81404 ], [ -77.32512, 38.81175 ], [ -77.32621, 38.8094 ], [ -77.32678, 38.80946 ], [ -77.32673, 38.80986 ], [ -77.3331, 38.81073 ], [ -77.33316, 38.80768 ], [ -77.33811, 38.80853 ], [ -77.34006, 38.8091 ], [ -77.33985, 38.80872 ], [ -77.34018, 38.80784 ], [ -77.34076, 38.80777 ], [ -77.34171, 38.80588 ], [ -77.34199, 38.80592 ], [ -77.34147, 38.80458 ], [ -77.34166, 38.80381 ], [ -77.34211, 38.80399 ], [ -77.34189, 38.80422 ], [ -77.34208, 38.80432 ], [ -77.34247, 38.80384 ], [ -77.34307, 38.80365 ], [ -77.34473, 38.80641 ], [ -77.3495, 38.80879 ], [ -77.35769, 38.80565 ], [ -77.35739, 38.80407 ], [ -77.35794, 38.80321 ], [ -77.35744, 38.80291 ], [ -77.35734, 38.8018 ], [ -77.35682, 38.80164 ], [ -77.35644, 38.80082 ], [ -77.35721, 38.79982 ], [ -77.35621, 38.79946 ], [ -77.35559, 38.79885 ], [ -77.35513, 38.79752 ], [ -77.35673, 38.79667 ], [ -77.35697, 38.79623 ], [ -77.35724, 38.79639 ], [ -77.35818, 38.79475 ], [ -77.35798, 38.79417 ], [ -77.35856, 38.7941 ], [ -77.35946, 38.79337 ], [ -77.35949, 38.793 ], [ -77.35917, 38.79275 ], [ -77.35933, 38.79229 ], [ -77.35906, 38.79212 ], [ -77.35182, 38.79684 ], [ -77.3501, 38.7975 ], [ -77.34752, 38.79786 ], [ -77.34306, 38.79784 ], [ -77.33808, 38.79923 ], [ -77.33367, 38.799 ], [ -77.33195, 38.7991 ], [ -77.32553, 38.80071 ], [ -77.32624, 38.79258 ], [ -77.32763, 38.78389 ], [ -77.33968, 38.78836 ], [ -77.34039, 38.7841 ], [ -77.34167, 38.78396 ], [ -77.34165, 38.78509 ], [ -77.34786, 38.78762 ], [ -77.34912, 38.7857 ], [ -77.35488, 38.78792 ], [ -77.35884, 38.78499 ], [ -77.3581, 38.78412 ], [ -77.36234, 38.78213 ], [ -77.3635, 38.78339 ], [ -77.3646, 38.78301 ], [ -77.36551, 38.7832 ], [ -77.36706, 38.7851 ], [ -77.37146, 38.78235 ], [ -77.37268, 38.78197 ], [ -77.37408, 38.78186 ] ], [ [ -77.28892, 38.80265 ], [ -77.28837, 38.80166 ], [ -77.29317, 38.79931 ], [ -77.29548, 38.79899 ], [ -77.2972, 38.80416 ], [ -77.29714, 38.8065 ], [ -77.30448, 38.8082 ], [ -77.30373, 38.80889 ], [ -77.30314, 38.80876 ], [ -77.30205, 38.80974 ], [ -77.29955, 38.80935 ], [ -77.29922, 38.80974 ], [ -77.29796, 38.8097 ], [ -77.29793, 38.80943 ], [ -77.29696, 38.80885 ], [ -77.29636, 38.80805 ], [ -77.29607, 38.8081 ], [ -77.29552, 38.80762 ], [ -77.29476, 38.80603 ], [ -77.29356, 38.80579 ], [ -77.29254, 38.80528 ], [ -77.29202, 38.80457 ], [ -77.29101, 38.80477 ], [ -77.29083, 38.80449 ], [ -77.29102, 38.80417 ], [ -77.29074, 38.80379 ], [ -77.28892, 38.80265 ] ] ] } },
{ "type": "Feature", "properties": { "year": 2026, "level": "ES", "name": "Laurel Ridge" }, "geometry": { "type": "LineString", "coordinates": [ [ -77.27743, 38.81066 ], [ -77.28012, 38.80668 ], [ -77.28173, 38.80545 ], [ -77.28241, 38.80462 ], [ -77.2844, 38.80342 ], [ -77.28677, 38.80277 ], [ -77.28837, 38.80166 ], [ -77.28892, 38.80265 ], [ -77.29074, 38.80379 ], [ -77.29102, 38.80417 ], [ -77.29083, 38.80449 ], [ -77.29101, 38.80477 ], [ -77.29202, 38.80457 ], [ -77.29254, 38.80528 ], [ -77.29356, 38.80579 ], [ -77.29476, 38.80603 ], [ -77.29552, 38.80762 ], [ -77.29607, 38.8081 ], [ -77.29636, 38.80805 ], [ -77.29696, 38.80885 ], [ -77.29793, 38.80943 ], [ -77.29796, 38.8097 ], [ -77.29922, 38.80974 ], [ -77.29955, 38.80935 ], [ -77.30205, 38.80974 ], [ -77.30314, 38.80876 ], [ -77.30373, 38.80889 ], [ -77.30459, 38.80823 ], [ -77.30323, 38.81006 ], [ -77.30239, 38.81328 ], [ -77.30095, 38.81566 ], [ -77.30086, 38.81762 ], [ -77.30284, 38.82074 ], [ -77.3041, 38.82036 ], [ -77.30795, 38.82359 ], [ -77.30785, 38.82396 ], [ -77.30646, 38.82407 ], [ -77.3036, 38.82477 ], [ -77.3007, 38.82594 ], [ -77.29928, 38.82626 ], [ -77.29488, 38.82654 ], [ -77.2875, 38.82637 ], [ -77.28434, 38.82573 ], [ -77.28278, 38.82474 ], [ -77.27405, 38.8173 ], [ -77.27493, 38.81527 ], [ -77.27532, 38.81299 ], [ -77.27743, 38.81066 ] ] } },
{ "type": "Feature", "properties": { "year": 2026, "level": "ES", "name": "Bonnie Brae" }, "geometry": { "type": "LineString", "coordinates": [ [ -77.29601, 38.79093 ], [ -77.29593, 38.78973 ], [ -77.29514, 38.78919 ], [ -77.29577, 38.78708 ], [ -77.2956, 38.78594 ], [ -77.29746, 38.78608 ], [ -77.30193, 38.78727 ], [ -77.30423, 38.78852 ], [ -77.30686, 38.791 ], [ -77.31118, 38.79334 ], [ -77.31411, 38.79584 ], [ -77.31612, 38.79719 ], [ -77.31518, 38.79803 ], [ -77.31398, 38.79815 ], [ -77.31451, 38.80043 ], [ -77.31769, 38.8004 ], [ -77.32416, 38.80077 ], [ -77.32626, 38.80059 ], [ -77.33195, 38.7991 ], [ -77.33367, 38.799 ], [ -77.33808, 38.79923 ], [ -77.34306, 38.79784 ], [ -77.34752, 38.79786 ], [ -77.34987, 38.79756 ], [ -77.35182, 38.79684 ], [ -77.35906, 38.79212 ], [ -77.35933, 38.79229 ], [ -77.35917, 38.79275 ], [ -77.35949, 38.793 ], [ -77.35946, 38.79337 ], [ -77.35856, 38.7941 ], [ -77.35798, 38.79417 ], [ -77.35818, 38.79475 ], [ -77.35724, 38.79639 ], [ -77.35697, 38.79623 ], [ -77.35673, 38.79667 ], [ -77.35513, 38.79752 ], [ -77.35559, 38.79885 ], [ -77.35621, 38.79946 ], [ -77.35721, 38.79982 ], [ -77.35644, 38.80082 ], [ -77.35682, 38.80164 ], [ -77.35734, 38.8018 ], [ -77.35744, 38.80291 ], [ -77.35794, 38.80321 ], [ -77.35739, 38.80407 ], [ -77.35769, 38.80565 ], [ -77.3495, 38.80879 ], [ -77.34473, 38.80641 ], [ -77.34307, 38.80365 ], [ -77.34247, 38.80384 ], [ -77.34208, 38.80432 ], [ -77.34189, 38.80422 ], [ -77.34211, 38.80399 ], [ -77.34166, 38.80381 ], [ -77.34147, 38.80458 ], [ -77.34199, 38.80592 ], [ -77.34171, 38.80588 ], [ -77.34076, 38.80777 ], [ -77.34018, 38.80784 ], [ -77.33985, 38.80872 ], [ -77.34006, 38.8091 ], [ -77.33811, 38.80853 ], [ -77.33316, 38.80768 ], [ -77.3331, 38.81073 ], [ -77.32673, 38.80986 ], [ -77.32678, 38.80946 ], [ -77.32621, 38.8094 ], [ -77.32512, 38.81175 ], [ -77.32289, 38.81404 ], [ -77.32152, 38.81589 ], [ -77.31184, 38.81064 ], [ -77.30799, 38.80889 ], [ -77.29714, 38.8065 ], [ -77.2972, 38.80416 ], [ -77.29548, 38.79899 ], [ -77.29783, 38.79852 ], [ -77.29872, 38.79854 ], [ -77.29899, 38.79826 ], [ -77.30127, 38.79753 ], [ -77.29609, 38.79763 ], [ -77.29554, 38.79667 ], [ -77.29599, 38.79503 ], [ -77.29575, 38.7946 ], [ -77.29615, 38.79461 ], [ -77.29626, 38.79348 ], [ -77.29601, 38.79093 ] ] } },
{ "type": "Feature", "properties": { "year": 2026, "level": "ES", "name": "Providence" }, "geometry": { "type": "MultiLineString", "coordinates": [ [ [ -77.31876, 38.84202 ], [ -77.32269, 38.8432 ], [ -77.32588, 38.84698 ], [ -77.33095, 38.84732 ], [ -77.33035, 38.84772 ], [ -77.33029, 38.84858 ], [ -77.33137, 38.85122 ], [ -77.3318, 38.8517 ], [ -77.3348, 38.85136 ], [ -77.33503, 38.85266 ], [ -77.3347, 38.85396 ], [ -77.33333, 38.85643 ], [ -77.33374, 38.8566 ], [ -77.33333, 38.85643 ], [ -77.32882, 38.8639 ], [ -77.32935, 38.86411 ], [ -77.32877, 38.86488 ], [ -77.3226, 38.86596 ], [ -77.31951, 38.86929 ], [ -77.32082, 38.86944 ], [ -77.32025, 38.87054 ], [ -77.32117, 38.87094 ], [ -77.323, 38.87116 ], [ -77.32206, 38.87298 ], [ -77.32465, 38.87342 ], [ -77.32084, 38.87645 ], [ -77.31931, 38.87868 ], [ -77.31838, 38.87772 ], [ -77.31618, 38.87916 ], [ -77.31279, 38.87961 ], [ -77.31255, 38.87902 ], [ -77.31177, 38.87913 ], [ -77.31168, 38.87896 ], [ -77.30794, 38.87931 ], [ -77.30774, 38.87827 ], [ -77.30685, 38.87819 ], [ -77.3065, 38.87732 ], [ -77.30586, 38.87711 ], [ -77.30764, 38.87512 ], [ -77.30841, 38.87358 ], [ -77.30906, 38.87122 ], [ -77.30906, 38.86866 ], [ -77.29732, 38.87079 ], [ -77.29268, 38.87193 ], [ -77.29187, 38.8711 ], [ -77.29064, 38.871 ], [ -77.29162, 38.86745 ], [ -77.27867, 38.86657 ], [ -77.27886, 38.86629 ], [ -77.27429, 38.86606 ], [ -77.27492, 38.86518 ], [ -77.27486, 38.86462 ], [ -77.2876, 38.86316 ], [ -77.28735, 38.86229 ], [ -77.29083, 38.86189 ], [ -77.29062, 38.86166 ], [ -77.29099, 38.86158 ], [ -77.29133, 38.86184 ], [ -77.29216, 38.86082 ], [ -77.29197, 38.86043 ], [ -77.29328, 38.8604 ], [ -77.29322, 38.86074 ], [ -77.29487, 38.86142 ], [ -77.29528, 38.86098 ], [ -77.296, 38.86105 ], [ -77.29644, 38.86054 ], [ -77.30576, 38.85729 ], [ -77.30615, 38.85803 ], [ -77.30749, 38.8576 ], [ -77.30744, 38.85382 ], [ -77.30784, 38.85066 ], [ -77.30662, 38.84981 ], [ -77.30623, 38.8477 ], [ -77.30709, 38.84505 ], [ -77.30877, 38.84285 ], [ -77.31649, 38.845 ], [ -77.31646, 38.84437 ], [ -77.31875, 38.84506 ], [ -77.31876, 38.84202 ] ], [ [ -77.31759, 38.84141 ], [ -77.31576, 38.84123 ], [ -77.31061, 38.84015 ], [ -77.31212, 38.83793 ], [ -77.31175, 38.83572 ], [ -77.31261, 38.83571 ], [ -77.31274, 38.83631 ], [ -77.31398, 38.83604 ], [ -77.31411, 38.83583 ], [ -77.31623, 38.83642 ], [ -77.31869, 38.83466 ], [ -77.31875, 38.84166 ], [ -77.31759, 38.84141 ] ] ] } },
{ "type": "Feature", "properties": { "year": 2026, "level": "ES", "name": "Daniels Run" }, "geometry": { "type": "LineString", "coordinates": [ [ -77.30307, 38.83282 ], [ -77.30406, 38.83608 ], [ -77.30786, 38.83575 ], [ -77.30805, 38.83689 ], [ -77.31036, 38.83666 ], [ -77.31043, 38.83694 ], [ -77.31198, 38.83678 ], [ -77.31207, 38.83806 ], [ -77.31061, 38.84015 ], [ -77.31875, 38.84166 ], [ -77.31875, 38.84506 ], [ -77.31646, 38.84437 ], [ -77.31649, 38.845 ], [ -77.30877, 38.84285 ], [ -77.30709, 38.84505 ], [ -77.30623, 38.8477 ], [ -77.30662, 38.84981 ], [ -77.30784, 38.85066 ], [ -77.30744, 38.85382 ], [ -77.30749, 38.8576 ], [ -77.30615, 38.85803 ], [ -77.30576, 38.85729 ], [ -77.29644, 38.86054 ], [ -77.296, 38.86105 ], [ -77.29528, 38.86098 ], [ -77.29487, 38.86142 ], [ -77.29322, 38.86074 ], [ -77.29328, 38.8604 ], [ -77.29197, 38.86043 ], [ -77.29216, 38.86082 ], [ -77.29133, 38.86184 ], [ -77.29099, 38.86158 ], [ -77.29062, 38.86166 ], [ -77.29083, 38.86189 ], [ -77.28735, 38.86229 ], [ -77.2876, 38.86316 ], [ -77.27486, 38.86462 ], [ -77.27492, 38.86518 ], [ -77.27386, 38.86664 ], [ -77.27305, 38.86585 ], [ -77.27152, 38.86656 ], [ -77.27111, 38.86633 ], [ -77.27054, 38.86568 ], [ -77.27034, 38.86487 ], [ -77.27013, 38.86487 ], [ -77.27003, 38.86412 ], [ -77.26954, 38.86413 ], [ -77.26878, 38.86287 ], [ -77.26863, 38.85999 ], [ -77.26979, 38.85566 ], [ -77.26879, 38.85448 ], [ -77.26917, 38.85379 ], [ -77.26891, 38.85239 ], [ -77.26926, 38.85182 ], [ -77.27096, 38.85138 ], [ -77.27175, 38.8485 ], [ -77.26998, 38.84335 ], [ -77.27052, 38.84092 ], [ -77.27856, 38.84198 ], [ -77.27854, 38.84099 ], [ -77.28094, 38.84127 ], [ -77.28206, 38.84118 ], [ -77.28638, 38.84172 ], [ -77.28647, 38.83862 ], [ -77.28735, 38.83864 ], [ -77.28726, 38.83613 ], [ -77.28828, 38.83615 ], [ -77.2884, 38.83653 ], [ -77.29063, 38.83652 ], [ -77.29674, 38.83733 ], [ -77.29673, 38.83598 ], [ -77.29715, 38.83497 ], [ -77.30024, 38.83505 ], [ -77.30022, 38.83521 ], [ -77.30229, 38.83535 ], [ -77.30224, 38.8349 ], [ -77.30179, 38.83475 ], [ -77.30133, 38.83311 ], [ -77.30307, 38.83282 ] ] } },
{ "type": "Feature", "properties": { "year": 2026, "level": "ES", "name": "Canterbury Woods" }, "geometry": { "type": "LineString", "coordinates": [ [ -77.24971, 38.81054 ], [ -77.26204, 38.81071 ], [ -77.26197, 38.81393 ], [ -77.26567, 38.8137 ], [ -77.26561, 38.81509 ], [ -77.26472, 38.81786 ], [ -77.25983, 38.82313 ], [ -77.25927, 38.82451 ], [ -77.25429, 38.82445 ], [ -77.25434, 38.82311 ], [ -77.25364, 38.82297 ], [ -77.25363, 38.82255 ], [ -77.25313, 38.82256 ], [ -77.25314, 38.82297 ], [ -77.25125, 38.82324 ], [ -77.25126, 38.82386 ], [ -77.25043, 38.82368 ], [ -77.25005, 38.82402 ], [ -77.25008, 38.82435 ], [ -77.24851, 38.82437 ], [ -77.2485, 38.82359 ], [ -77.24794, 38.82361 ], [ -77.24642, 38.82424 ], [ -77.24623, 38.82369 ], [ -77.24558, 38.82409 ], [ -77.24425, 38.82278 ], [ -77.24333, 38.82274 ], [ -77.24357, 38.81884 ], [ -77.23638, 38.81857 ], [ -77.23504, 38.81432 ], [ -77.23489, 38.81094 ], [ -77.24971, 38.81054 ] ] } },
{ "type": "Feature", "properties": { "year": 2026, "level": "ES", "name": "Laurel Hill" }, "geometry": { "type": "LineString", "coordinates": [ [ -77.22865, 38.67813 ], [ -77.22681, 38.68758 ], [ -77.22415, 38.69581 ], [ -77.22517, 38.69743 ], [ -77.22541, 38.69874 ], [ -77.22385, 38.70517 ], [ -77.22764, 38.70456 ], [ -77.22958, 38.70471 ], [ -77.23247, 38.70927 ], [ -77.23381, 38.70867 ], [ -77.23415, 38.70916 ], [ -77.23856, 38.70896 ], [ -77.23966, 38.70924 ], [ -77.24013, 38.71022 ], [ -77.23955, 38.71261 ], [ -77.23796, 38.71469 ], [ -77.23909, 38.7154 ], [ -77.23921, 38.71572 ], [ -77.23775, 38.71619 ], [ -77.23575, 38.7177 ], [ -77.23892, 38.72045 ], [ -77.24097, 38.72314 ], [ -77.24037, 38.72353 ], [ -77.2391, 38.72617 ], [ -77.23557, 38.72562 ], [ -77.23575, 38.72467 ], [ -77.23531, 38.72462 ], [ -77.23563, 38.72321 ], [ -77.23484, 38.72293 ], [ -77.23504, 38.72246 ], [ -77.23306, 38.72253 ], [ -77.23261, 38.72241 ], [ -77.23204, 38.72179 ], [ -77.23108, 38.72189 ], [ -77.22207, 38.73129 ], [ -77.22226, 38.73029 ], [ -77.22115, 38.72967 ], [ -77.22068, 38.72814 ], [ -77.21987, 38.72798 ], [ -77.22017, 38.72744 ], [ -77.22134, 38.72678 ], [ -77.22131, 38.72623 ], [ -77.22033, 38.72538 ], [ -77.22044, 38.72474 ], [ -77.22009, 38.72369 ], [ -77.21952, 38.72365 ], [ -77.21911, 38.72294 ], [ -77.21929, 38.72232 ], [ -77.21904, 38.72069 ], [ -77.21962, 38.72056 ], [ -77.22066, 38.71931 ], [ -77.22093, 38.71862 ], [ -77.22079, 38.71771 ], [ -77.22035, 38.71825 ], [ -77.21914, 38.71854 ], [ -77.21714, 38.71769 ], [ -77.21667, 38.71846 ], [ -77.21716, 38.71951 ], [ -77.21681, 38.71995 ], [ -77.21713, 38.72102 ], [ -77.21499, 38.72065 ], [ -77.21426, 38.71987 ], [ -77.21405, 38.71918 ], [ -77.21218, 38.7197 ], [ -77.21023, 38.72068 ], [ -77.20905, 38.71985 ], [ -77.21763, 38.71247 ], [ -77.21945, 38.7101 ], [ -77.22109, 38.70527 ], [ -77.2184, 38.70416 ], [ -77.21842, 38.70218 ], [ -77.22025, 38.70114 ], [ -77.22011, 38.70094 ], [ -77.21956, 38.70115 ], [ -77.21643, 38.69611 ], [ -77.21541, 38.69604 ], [ -77.21825, 38.69317 ], [ -77.2263, 38.67983 ], [ -77.22745, 38.67875 ], [ -77.22865, 38.67813 ] ] } },
{ "type": "Feature", "properties": { "year": 2026, "level": "ES", "name": "Kings Park" }, "geometry": { "type": "LineString", "coordinates": [ [ -77.25394, 38.78395 ], [ -77.25599, 38.78455 ], [ -77.25781, 38.78453 ], [ -77.25881, 38.78514 ], [ -77.262, 38.78482 ], [ -77.26267, 38.78545 ], [ -77.26506, 38.78642 ], [ -77.26569, 38.78688 ], [ -77.26867, 38.78821 ], [ -77.26979, 38.78848 ], [ -77.26972, 38.78909 ], [ -77.27138, 38.79132 ], [ -77.27347, 38.79264 ], [ -77.27341, 38.79545 ], [ -77.27279, 38.79666 ], [ -77.27668, 38.79832 ], [ -77.2787, 38.79855 ], [ -77.29968, 38.79744 ], [ -77.30127, 38.79753 ], [ -77.29899, 38.79826 ], [ -77.29872, 38.79854 ], [ -77.29783, 38.79852 ], [ -77.29317, 38.79931 ], [ -77.28808, 38.8018 ], [ -77.28674, 38.80279 ], [ -77.2844, 38.80342 ], [ -77.28241, 38.80462 ], [ -77.28173, 38.80545 ], [ -77.28012, 38.80668 ], [ -77.27751, 38.81056 ], [ -77.2754, 38.81286 ], [ -77.27493, 38.81527 ], [ -77.27405, 38.8173 ], [ -77.27025, 38.8152 ], [ -77.27102, 38.81442 ], [ -77.27126, 38.81448 ], [ -77.27089, 38.81351 ], [ -77.27123, 38.81041 ], [ -77.26748, 38.81066 ], [ -77.26621, 38.81152 ], [ -77.26438, 38.81096 ], [ -77.26239, 38.81071 ], [ -77.24971, 38.81054 ], [ -77.23028, 38.81106 ], [ -77.23015, 38.81036 ], [ -77.23038, 38.8099 ], [ -77.23142, 38.80905 ], [ -77.23173, 38.80825 ], [ -77.23274, 38.8075 ], [ -77.23319, 38.80686 ], [ -77.23333, 38.80596 ], [ -77.23237, 38.80486 ], [ -77.23191, 38.80385 ], [ -77.23068, 38.80271 ], [ -77.22913, 38.80187 ], [ -77.22935, 38.80066 ], [ -77.22917, 38.79955 ], [ -77.22955, 38.79844 ], [ -77.23016, 38.79789 ], [ -77.22917, 38.79518 ], [ -77.22863, 38.79489 ], [ -77.22721, 38.79551 ], [ -77.22251, 38.79677 ], [ -77.21959, 38.79561 ], [ -77.21788, 38.7928 ], [ -77.22846, 38.7925 ], [ -77.23007, 38.79291 ], [ -77.23601, 38.79567 ], [ -77.23746, 38.79611 ], [ -77.24787, 38.79594 ], [ -77.24894, 38.79906 ], [ -77.25494, 38.80791 ], [ -77.26223, 38.80299 ], [ -77.26837, 38.79647 ], [ -77.26345, 38.79409 ], [ -77.26352, 38.79378 ], [ -77.26101, 38.79405 ], [ -77.25454, 38.79569 ], [ -77.24787, 38.79594 ], [ -77.24591, 38.79365 ], [ -77.25394, 38.78395 ] ] } },
{ "type": "Feature", "properties": { "year": 2026, "level": "ES", "name": "Union Mill" }, "geometry": { "type": "LineString", "coordinates": [ [ -77.37842, 38.77013 ], [ -77.3793, 38.76719 ], [ -77.3783, 38.76702 ], [ -77.37922, 38.76384 ], [ -77.37881, 38.7636 ], [ -77.37865, 38.76382 ], [ -77.3761, 38.76331 ], [ -77.37597, 38.76344 ], [ -77.37653, 38.76206 ], [ -77.37649, 38.76148 ], [ -77.37526, 38.75966 ], [ -77.37335, 38.75559 ], [ -77.377, 38.75019 ], [ -77.38012, 38.75067 ], [ -77.37806, 38.74915 ], [ -77.37912, 38.74831 ], [ -77.38318, 38.74739 ], [ -77.38325, 38.74624 ], [ -77.38402, 38.74408 ], [ -77.38609, 38.74332 ], [ -77.38723, 38.74186 ], [ -77.38934, 38.74268 ], [ -77.38984, 38.74315 ], [ -77.38992, 38.74396 ], [ -77.38808, 38.74721 ], [ -77.38794, 38.74835 ], [ -77.38833, 38.74896 ], [ -77.38904, 38.74916 ], [ -77.39174, 38.74918 ], [ -77.39399, 38.74977 ], [ -77.39586, 38.74972 ], [ -77.39795, 38.74919 ], [ -77.39857, 38.75004 ], [ -77.40042, 38.75164 ], [ -77.40189, 38.75239 ], [ -77.40274, 38.75226 ], [ -77.404, 38.75168 ], [ -77.40507, 38.74989 ], [ -77.4046, 38.74803 ], [ -77.40374, 38.74673 ], [ -77.40396, 38.74606 ], [ -77.4074, 38.74602 ], [ -77.40811, 38.74533 ], [ -77.40885, 38.74499 ], [ -77.41106, 38.7447 ], [ -77.41181, 38.74499 ], [ -77.41205, 38.74544 ], [ -77.41192, 38.74695 ], [ -77.41071, 38.74929 ], [ -77.40691, 38.7524 ], [ -77.40638, 38.75331 ], [ -77.40692, 38.75414 ], [ -77.4143, 38.75767 ], [ -77.41564, 38.75792 ], [ -77.41731, 38.76091 ], [ -77.41703, 38.76137 ], [ -77.41528, 38.76217 ], [ -77.41463, 38.7622 ], [ -77.41387, 38.76188 ], [ -77.41339, 38.76199 ], [ -77.41281, 38.7627 ], [ -77.41293, 38.76542 ], [ -77.41388, 38.76633 ], [ -77.41554, 38.76671 ], [ -77.41583, 38.76744 ], [ -77.41513, 38.76979 ], [ -77.4127, 38.77125 ], [ -77.41259, 38.7717 ], [ -77.41724, 38.7745 ], [ -77.41987, 38.7753 ], [ -77.42052, 38.7758 ], [ -77.42146, 38.77604 ], [ -77.42213, 38.77715 ], [ -77.42659, 38.7789 ], [ -77.42985, 38.7811 ], [ -77.43103, 38.78092 ], [ -77.43175, 38.78016 ], [ -77.43246, 38.77983 ], [ -77.43299, 38.77973 ], [ -77.43336, 38.77995 ], [ -77.43358, 38.78084 ], [ -77.43306, 38.787 ], [ -77.43414, 38.78834 ], [ -77.43591, 38.78978 ], [ -77.43673, 38.79102 ], [ -77.43644, 38.79254 ], [ -77.43603, 38.79319 ], [ -77.43547, 38.79323 ], [ -77.43518, 38.79384 ], [ -77.43424, 38.79446 ], [ -77.43412, 38.79486 ], [ -77.43451, 38.79489 ], [ -77.43448, 38.79525 ], [ -77.4356, 38.79621 ], [ -77.43552, 38.79648 ], [ -77.43634, 38.79759 ], [ -77.43622, 38.79913 ], [ -77.43649, 38.79918 ], [ -77.43652, 38.7995 ], [ -77.43621, 38.79988 ], [ -77.43619, 38.80045 ], [ -77.43586, 38.80079 ], [ -77.43434, 38.8011 ], [ -77.43461, 38.80046 ], [ -77.43385, 38.8002 ], [ -77.43241, 38.80131 ], [ -77.43066, 38.80204 ], [ -77.43002, 38.80376 ], [ -77.42966, 38.80397 ], [ -77.42947, 38.80377 ], [ -77.4283, 38.80444 ], [ -77.42938, 38.80543 ], [ -77.42975, 38.80657 ], [ -77.43336, 38.80996 ], [ -77.43299, 38.81032 ], [ -77.43414, 38.81155 ], [ -77.43403, 38.81234 ], [ -77.43371, 38.81278 ], [ -77.43232, 38.81291 ], [ -77.43096, 38.81361 ], [ -77.43035, 38.81565 ], [ -77.43064, 38.81618 ], [ -77.43005, 38.81688 ], [ -77.43005, 38.81773 ], [ -77.42969, 38.81851 ], [ -77.4299, 38.81917 ], [ -77.42841, 38.81947 ], [ -77.42765, 38.81992 ], [ -77.42669, 38.82114 ], [ -77.42675, 38.82201 ], [ -77.42639, 38.82201 ], [ -77.42654, 38.82361 ], [ -77.42593, 38.82478 ], [ -77.42386, 38.82526 ], [ -77.42226, 38.826 ], [ -77.42145, 38.82666 ], [ -77.42791, 38.82948 ], [ -77.42626, 38.83217 ], [ -77.42918, 38.83327 ], [ -77.42862, 38.83419 ], [ -77.4302, 38.83479 ], [ -77.42988, 38.83521 ], [ -77.43065, 38.83555 ], [ -77.43027, 38.83605 ], [ -77.42695, 38.83475 ], [ -77.42711, 38.83452 ], [ -77.42443, 38.83353 ], [ -77.42347, 38.8359 ], [ -77.41916, 38.83497 ], [ -77.41785, 38.83449 ], [ -77.41758, 38.83671 ], [ -77.41545, 38.83907 ], [ -77.40798, 38.8399 ], [ -77.40463, 38.84 ], [ -77.40593, 38.83454 ], [ -77.40562, 38.83257 ], [ -77.39891, 38.82481 ], [ -77.39801, 38.82332 ], [ -77.39756, 38.82192 ], [ -77.39808, 38.80714 ], [ -77.39426, 38.80698 ], [ -77.39391, 38.80797 ], [ -77.39094, 38.80895 ], [ -77.38893, 38.80922 ], [ -77.38808, 38.80985 ], [ -77.38391, 38.81164 ], [ -77.3842, 38.81105 ], [ -77.38366, 38.81003 ], [ -77.38409, 38.80914 ], [ -77.38374, 38.80796 ], [ -77.38308, 38.8073 ], [ -77.38276, 38.80596 ], [ -77.38196, 38.80503 ], [ -77.38125, 38.80477 ], [ -77.38, 38.80357 ], [ -77.38001, 38.80277 ], [ -77.37908, 38.79986 ], [ -77.3785, 38.79922 ], [ -77.37875, 38.79896 ], [ -77.37677, 38.79717 ], [ -77.37563, 38.79684 ], [ -77.37646, 38.79557 ], [ -77.3812, 38.79619 ], [ -77.38111, 38.79497 ], [ -77.3824, 38.79494 ], [ -77.38317, 38.79288 ], [ -77.38237, 38.79243 ], [ -77.38173, 38.79154 ], [ -77.38055, 38.79054 ], [ -77.38018, 38.79085 ], [ -77.37891, 38.79031 ], [ -77.38042, 38.78755 ], [ -77.3805, 38.7861 ], [ -77.38384, 38.78377 ], [ -77.38303, 38.7827 ], [ -77.38222, 38.78301 ], [ -77.38205, 38.78038 ], [ -77.38131, 38.78039 ], [ -77.38059, 38.77942 ], [ -77.38111, 38.77904 ], [ -77.38074, 38.77872 ], [ -77.38294, 38.77771 ], [ -77.3827, 38.7771 ], [ -77.38154, 38.77536 ], [ -77.37861, 38.77371 ], [ -77.37682, 38.77065 ], [ -77.37842, 38.77013 ] ] } },
{ "type": "Feature", "properties": { "year": 2026, "level": "ES", "name": "Willow Springs" }, "geometry": { "type": "MultiLineString", "coordinates": [ [ [ -77.36663, 38.81806 ], [ -77.36607, 38.81797 ], [ -77.36595, 38.81754 ], [ -77.36481, 38.8164 ], [ -77.36481, 38.81613 ], [ -77.36548, 38.81558 ], [ -77.36604, 38.81416 ], [ -77.3659, 38.8131 ], [ -77.36487, 38.8125 ], [ -77.36483, 38.81175 ], [ -77.36414, 38.81103 ], [ -77.36357, 38.81096 ], [ -77.36298, 38.80971 ], [ -77.36301, 38.80866 ], [ -77.36139, 38.80801 ], [ -77.37104, 38.80474 ], [ -77.3718, 38.80626 ], [ -77.37468, 38.80536 ], [ -77.37495, 38.80432 ], [ -77.37501, 38.80122 ], [ -77.37539, 38.79969 ], [ -77.37512, 38.79825 ], [ -77.37563, 38.79684 ], [ -77.37677, 38.79717 ], [ -77.37875, 38.79896 ], [ -77.3785, 38.79922 ], [ -77.37908, 38.79986 ], [ -77.38001, 38.80277 ], [ -77.38, 38.80357 ], [ -77.38125, 38.80477 ], [ -77.38196, 38.80503 ], [ -77.38276, 38.80596 ], [ -77.38308, 38.8073 ], [ -77.38374, 38.80796 ], [ -77.38409, 38.80914 ], [ -77.38366, 38.81003 ], [ -77.3842, 38.81105 ], [ -77.38391, 38.81164 ], [ -77.38808, 38.80985 ], [ -77.38893, 38.80922 ], [ -77.39094, 38.80895 ], [ -77.39391, 38.80797 ], [ -77.39426, 38.80698 ], [ -77.39808, 38.80714 ], [ -77.39756, 38.82192 ], [ -77.39801, 38.82332 ], [ -77.39891, 38.82481 ], [ -77.40562, 38.83257 ], [ -77.40593, 38.83454 ], [ -77.40463, 38.84 ], [ -77.39717, 38.84035 ], [ -77.36733, 38.84662 ], [ -77.36302, 38.83718 ], [ -77.36372, 38.83704 ], [ -77.3639, 38.83629 ], [ -77.36293, 38.83414 ], [ -77.36365, 38.83319 ], [ -77.36215, 38.82998 ], [ -77.36211, 38.829 ], [ -77.36258, 38.82863 ], [ -77.36281, 38.82764 ], [ -77.36261, 38.82701 ], [ -77.36297, 38.82614 ], [ -77.36226, 38.82588 ], [ -77.36175, 38.82524 ], [ -77.36203, 38.82492 ], [ -77.3633, 38.82493 ], [ -77.36253, 38.82102 ], [ -77.36385, 38.81984 ], [ -77.36342, 38.81877 ], [ -77.36663, 38.81806 ] ], [ [ -77.34628, 38.84996 ], [ -77.35249, 38.84913 ], [ -77.3529, 38.85071 ], [ -77.35021, 38.85228 ], [ -77.34742, 38.85288 ], [ -77.34527, 38.85371 ], [ -77.34458, 38.85375 ], [ -77.34286, 38.85559 ], [ -77.34191, 38.85533 ], [ -77.34227, 38.85443 ], [ -77.34097, 38.85423 ], [ -77.34085, 38.85452 ], [ -77.33919, 38.85402 ], [ -77.3381, 38.85393 ], [ -77.33823, 38.85309 ], [ -77.33931, 38.8532 ], [ -77.33942, 38.85268 ], [ -77.33991, 38.85262 ], [ -77.3396, 38.8508 ], [ -77.34628, 38.84996 ] ] ] } },
{ "type": "Feature", "properties": { "year": 2026, "level": "ES", "name": "Island Creek" }, "geometry": { "type": "LineString", "coordinates": [ [ -77.18329, 38.72447 ], [ -77.18901, 38.72967 ], [ -77.18748, 38.73211 ], [ -77.18454, 38.74212 ], [ -77.18248, 38.7471 ], [ -77.17382, 38.76147 ], [ -77.17208, 38.76382 ], [ -77.17193, 38.76317 ], [ -77.16278, 38.75765 ], [ -77.16712, 38.75018 ], [ -77.16458, 38.74942 ], [ -77.16521, 38.74829 ], [ -77.16513, 38.74783 ], [ -77.16132, 38.74796 ], [ -77.15389, 38.74698 ], [ -77.15414, 38.74576 ], [ -77.1537, 38.74553 ], [ -77.15366, 38.74342 ], [ -77.15848, 38.74246 ], [ -77.16212, 38.74095 ], [ -77.16458, 38.7392 ], [ -77.16729, 38.73832 ], [ -77.16798, 38.73769 ], [ -77.16886, 38.7359 ], [ -77.17081, 38.73357 ], [ -77.16726, 38.73187 ], [ -77.1707, 38.72959 ], [ -77.17169, 38.72919 ], [ -77.17196, 38.72754 ], [ -77.17229, 38.72731 ], [ -77.17247, 38.7264 ], [ -77.17395, 38.72418 ], [ -77.1735, 38.72361 ], [ -77.17403, 38.72126 ], [ -77.18101, 38.72289 ], [ -77.18329, 38.72447 ] ] } },
{ "type": "Feature", "properties": { "year": 2026, "level": "ES", "name": "Powell" }, "geometry": { "type": "LineString", "coordinates": [ [ -77.43162, 38.83872 ], [ -77.43125, 38.84244 ], [ -77.43235, 38.84637 ], [ -77.38834, 38.85437 ], [ -77.38762, 38.85269 ], [ -77.38546, 38.84983 ], [ -77.386, 38.84954 ], [ -77.38668, 38.8471 ], [ -77.3888, 38.84611 ], [ -77.39032, 38.84636 ], [ -77.39196, 38.8456 ], [ -77.39141, 38.84488 ], [ -77.39343, 38.84381 ], [ -77.3965, 38.84154 ], [ -77.39599, 38.8406 ], [ -77.39877, 38.84016 ], [ -77.40798, 38.8399 ], [ -77.41474, 38.8391 ], [ -77.43162, 38.83872 ] ] } },
{ "type": "Feature", "properties": { "year": 2026, "level": "ES", "name": "Centreville" }, "geometry": { "type": "LineString", "coordinates": [ [ -77.43219, 38.80885 ], [ -77.42975, 38.80657 ], [ -77.42938, 38.80543 ], [ -77.4283, 38.80444 ], [ -77.42947, 38.80377 ], [ -77.42966, 38.80397 ], [ -77.43002, 38.80376 ], [ -77.43066, 38.80204 ], [ -77.43241, 38.80131 ], [ -77.43385, 38.8002 ], [ -77.43461, 38.80046 ], [ -77.43434, 38.8011 ], [ -77.43586, 38.80079 ], [ -77.43619, 38.80045 ], [ -77.43621, 38.79988 ], [ -77.43652, 38.7995 ], [ -77.43649, 38.79918 ], [ -77.43622, 38.79913 ], [ -77.43634, 38.79759 ], [ -77.43552, 38.79648 ], [ -77.4356, 38.79621 ], [ -77.43448, 38.79525 ], [ -77.43451, 38.79489 ], [ -77.43412, 38.79486 ], [ -77.43424, 38.79446 ], [ -77.43518, 38.79384 ], [ -77.43547, 38.79323 ], [ -77.43603, 38.79319 ], [ -77.43644, 38.79254 ], [ -77.43787, 38.79502 ], [ -77.43805, 38.79611 ], [ -77.43932, 38.79898 ], [ -77.44176, 38.80159 ], [ -77.44287, 38.80348 ], [ -77.44351, 38.80387 ], [ -77.44697, 38.80395 ], [ -77.44812, 38.80375 ], [ -77.44916, 38.80323 ], [ -77.4497, 38.80524 ], [ -77.4489, 38.81071 ], [ -77.44848, 38.81185 ], [ -77.4334, 38.83194 ], [ -77.42145, 38.82666 ], [ -77.42226, 38.826 ], [ -77.42386, 38.82526 ], [ -77.42593, 38.82478 ], [ -77.42654, 38.82361 ], [ -77.42639, 38.82201 ], [ -77.42675, 38.82201 ], [ -77.42669, 38.82114 ], [ -77.42765, 38.81992 ], [ -77.42841, 38.81947 ], [ -77.4299, 38.81917 ], [ -77.42969, 38.81851 ], [ -77.43005, 38.81773 ], [ -77.43005, 38.81688 ], [ -77.43064, 38.81618 ], [ -77.43035, 38.81565 ], [ -77.43096, 38.81361 ], [ -77.43232, 38.81291 ], [ -77.43371, 38.81278 ], [ -77.43403, 38.81234 ], [ -77.43414, 38.81155 ], [ -77.43299, 38.81032 ], [ -77.43336, 38.80996 ], [ -77.43219, 38.80885 ] ] } },
{ "type": "Feature", "properties": { "year": 2026, "level": "ES", "name": "Centre Ridge" }, "geometry": { "type": "LineString", "coordinates": [ [ -77.43918, 38.82423 ], [ -77.44337, 38.81869 ], [ -77.44494, 38.81943 ], [ -77.44654, 38.82086 ], [ -77.45006, 38.82333 ], [ -77.45223, 38.82528 ], [ -77.45377, 38.82423 ], [ -77.45801, 38.82519 ], [ -77.45477, 38.8283 ], [ -77.44689, 38.83709 ], [ -77.44048, 38.83852 ], [ -77.41545, 38.83907 ], [ -77.41758, 38.83671 ], [ -77.41785, 38.83449 ], [ -77.41916, 38.83497 ], [ -77.42347, 38.8359 ], [ -77.42443, 38.83353 ], [ -77.42711, 38.83452 ], [ -77.42695, 38.83475 ], [ -77.43027, 38.83605 ], [ -77.43065, 38.83555 ], [ -77.42988, 38.83521 ], [ -77.4302, 38.83479 ], [ -77.42862, 38.83419 ], [ -77.42918, 38.83327 ], [ -77.42626, 38.83217 ], [ -77.42791, 38.82948 ], [ -77.4334, 38.83194 ], [ -77.43918, 38.82423 ] ] } },
{ "type": "Feature", "properties": { "year": 2026, "level": "ES", "name": "Bull Run" }, "geometry": { "type": "MultiLineString", "coordinates": [ [ [ -77.46246, 38.79553 ], [ -77.46447, 38.79635 ], [ -77.46586, 38.79659 ], [ -77.46715, 38.79654 ], [ -77.46774, 38.79625 ], [ -77.46832, 38.79633 ], [ -77.46877, 38.79596 ], [ -77.4704, 38.79571 ], [ -77.47209, 38.79641 ], [ -77.47349, 38.79635 ], [ -77.4745, 38.7966 ], [ -77.47586, 38.79757 ], [ -77.476, 38.79897 ], [ -77.47669, 38.79942 ], [ -77.47979, 38.79899 ], [ -77.48039, 38.79808 ], [ -77.48033, 38.79684 ], [ -77.48082, 38.79646 ], [ -77.483, 38.7971 ], [ -77.48489, 38.79716 ], [ -77.48686, 38.79655 ], [ -77.49097, 38.79754 ], [ -77.49377, 38.79763 ], [ -77.49432, 38.79888 ], [ -77.49427, 38.80039 ], [ -77.49025, 38.80501 ], [ -77.48968, 38.80616 ], [ -77.48921, 38.80891 ], [ -77.49119, 38.81139 ], [ -77.49743, 38.81336 ], [ -77.50071, 38.81377 ], [ -77.50265, 38.81472 ], [ -77.50524, 38.81642 ], [ -77.50552, 38.81866 ], [ -77.50598, 38.81935 ], [ -77.50597, 38.81992 ], [ -77.50646, 38.82042 ], [ -77.50604, 38.82178 ], [ -77.50497, 38.82267 ], [ -77.50362, 38.8245 ], [ -77.50356, 38.82519 ], [ -77.50943, 38.82824 ], [ -77.51164, 38.82962 ], [ -77.51242, 38.83058 ], [ -77.51222, 38.83129 ], [ -77.51098, 38.83247 ], [ -77.51056, 38.83358 ], [ -77.51103, 38.83552 ], [ -77.51084, 38.83619 ], [ -77.50996, 38.83672 ], [ -77.50816, 38.83675 ], [ -77.50758, 38.83724 ], [ -77.50764, 38.83772 ], [ -77.50875, 38.83918 ], [ -77.50883, 38.83988 ], [ -77.5083, 38.84043 ], [ -77.50899, 38.84121 ], [ -77.51023, 38.84151 ], [ -77.51102, 38.84145 ], [ -77.51214, 38.8407 ], [ -77.51496, 38.84006 ], [ -77.52192, 38.83729 ], [ -77.52353, 38.83701 ], [ -77.52769, 38.83749 ], [ -77.52984, 38.83707 ], [ -77.53263, 38.83878 ], [ -77.53482, 38.83934 ], [ -77.53626, 38.8408 ], [ -77.53698, 38.84231 ], [ -77.5369, 38.84312 ], [ -77.53638, 38.84447 ], [ -77.53489, 38.84679 ], [ -77.53513, 38.84716 ], [ -77.53598, 38.8474 ], [ -77.51481, 38.8689 ], [ -77.51487, 38.86775 ], [ -77.50355, 38.86551 ], [ -77.50492, 38.86178 ], [ -77.50454, 38.8617 ], [ -77.50427, 38.85671 ], [ -77.50486, 38.85538 ], [ -77.50229, 38.85513 ], [ -77.50023, 38.85347 ], [ -77.49855, 38.85273 ], [ -77.4985, 38.85212 ], [ -77.49433, 38.85066 ], [ -77.49942, 38.84548 ], [ -77.49469, 38.84402 ], [ -77.49256, 38.84774 ], [ -77.48999, 38.84025 ], [ -77.49195, 38.83806 ], [ -77.48918, 38.83288 ], [ -77.48981, 38.83209 ], [ -77.48865, 38.83113 ], [ -77.48677, 38.82779 ], [ -77.44689, 38.83709 ], [ -77.45477, 38.8283 ], [ -77.45801, 38.82519 ], [ -77.45377, 38.82423 ], [ -77.45223, 38.82528 ], [ -77.45006, 38.82333 ], [ -77.44654, 38.82086 ], [ -77.44494, 38.81943 ], [ -77.44337, 38.81871 ], [ -77.44873, 38.81133 ], [ -77.4497, 38.80524 ], [ -77.44916, 38.80323 ], [ -77.45074, 38.80199 ], [ -77.45008, 38.80081 ], [ -77.45013, 38.80012 ], [ -77.45118, 38.79834 ], [ -77.45143, 38.79727 ], [ -77.45268, 38.79625 ], [ -77.45483, 38.796 ], [ -77.45595, 38.79613 ], [ -77.45704, 38.79584 ], [ -77.4573, 38.796 ], [ -77.45738, 38.79702 ], [ -77.45846, 38.79761 ], [ -77.4593, 38.79769 ], [ -77.45994, 38.79745 ], [ -77.46029, 38.79663 ], [ -77.46126, 38.79588 ], [ -77.46246, 38.79553 ] ], [ [ -77.44689, 38.83709 ], [ -77.44312, 38.84116 ], [ -77.44035, 38.84331 ], [ -77.43647, 38.84524 ], [ -77.43235, 38.84637 ], [ -77.43125, 38.84244 ], [ -77.43162, 38.83872 ], [ -77.44083, 38.8385 ], [ -77.44689, 38.83709 ] ] ] } },
{ "type": "Feature", "properties": { "year": 2026, "level": "ES", "name": "Waples Mill" }, "geometry": { "type": "LineString", "coordinates": [ [ -77.32877, 38.86488 ], [ -77.32935, 38.86411 ], [ -77.32882, 38.8639 ], [ -77.33333, 38.85643 ], [ -77.34972, 38.86279 ], [ -77.36476, 38.86832 ], [ -77.36616, 38.87147 ], [ -77.36718, 38.87299 ], [ -77.36758, 38.8757 ], [ -77.36856, 38.87864 ], [ -77.36944, 38.87838 ], [ -77.36974, 38.87917 ], [ -77.37081, 38.87886 ], [ -77.37112, 38.87965 ], [ -77.3701, 38.87994 ], [ -77.37029, 38.88033 ], [ -77.37128, 38.88005 ], [ -77.37158, 38.88053 ], [ -77.37088, 38.8812 ], [ -77.37169, 38.88172 ], [ -77.37103, 38.88233 ], [ -77.37035, 38.88188 ], [ -77.3684, 38.88356 ], [ -77.37039, 38.88499 ], [ -77.36725, 38.88778 ], [ -77.36638, 38.88819 ], [ -77.36451, 38.88856 ], [ -77.36371, 38.88843 ], [ -77.36319, 38.88875 ], [ -77.3622, 38.8887 ], [ -77.36172, 38.88926 ], [ -77.36183, 38.89052 ], [ -77.3616, 38.89107 ], [ -77.36069, 38.89182 ], [ -77.37257, 38.88897 ], [ -77.37274, 38.88947 ], [ -77.37119, 38.89107 ], [ -77.37127, 38.89136 ], [ -77.37402, 38.89157 ], [ -77.37396, 38.89187 ], [ -77.3733, 38.89216 ], [ -77.37188, 38.89211 ], [ -77.37182, 38.89232 ], [ -77.37103, 38.89209 ], [ -77.37048, 38.89244 ], [ -77.36935, 38.89255 ], [ -77.36939, 38.89276 ], [ -77.3691, 38.89282 ], [ -77.36842, 38.89255 ], [ -77.36771, 38.89324 ], [ -77.36783, 38.89361 ], [ -77.36683, 38.89427 ], [ -77.36499, 38.89414 ], [ -77.3644, 38.89489 ], [ -77.36374, 38.89518 ], [ -77.36437, 38.89614 ], [ -77.35488, 38.90023 ], [ -77.35617, 38.90202 ], [ -77.35574, 38.90234 ], [ -77.35445, 38.90178 ], [ -77.35242, 38.90308 ], [ -77.35315, 38.90358 ], [ -77.35256, 38.90372 ], [ -77.35199, 38.90417 ], [ -77.35167, 38.90396 ], [ -77.35198, 38.90372 ], [ -77.35194, 38.90312 ], [ -77.35089, 38.90323 ], [ -77.35089, 38.90246 ], [ -77.35152, 38.90137 ], [ -77.35072, 38.90081 ], [ -77.35261, 38.90021 ], [ -77.35194, 38.89936 ], [ -77.34924, 38.90064 ], [ -77.34605, 38.90013 ], [ -77.34619, 38.89904 ], [ -77.34422, 38.89983 ], [ -77.34111, 38.89637 ], [ -77.33753, 38.8983 ], [ -77.33504, 38.89616 ], [ -77.32921, 38.8967 ], [ -77.32908, 38.8947 ], [ -77.32818, 38.89457 ], [ -77.3279, 38.89308 ], [ -77.32328, 38.89137 ], [ -77.3204, 38.89294 ], [ -77.31872, 38.89244 ], [ -77.31887, 38.89093 ], [ -77.31806, 38.89035 ], [ -77.31806, 38.88953 ], [ -77.31615, 38.88886 ], [ -77.31805, 38.88685 ], [ -77.31699, 38.88604 ], [ -77.31788, 38.88486 ], [ -77.31683, 38.88408 ], [ -77.3179, 38.88307 ], [ -77.31473, 38.88072 ], [ -77.3124, 38.87969 ], [ -77.31618, 38.87916 ], [ -77.31838, 38.87772 ], [ -77.31931, 38.87868 ], [ -77.32084, 38.87645 ], [ -77.32465, 38.87342 ], [ -77.32206, 38.87298 ], [ -77.323, 38.87116 ], [ -77.32117, 38.87094 ], [ -77.32025, 38.87054 ], [ -77.32082, 38.86944 ], [ -77.31951, 38.86929 ], [ -77.3226, 38.86596 ], [ -77.32877, 38.86488 ] ] } },
{ "type": "Feature", "properties": { "year": 2026, "level": "ES", "name": "Woodburn" }, "geometry": { "type": "LineString", "coordinates": [ [ -77.20422, 38.83175 ], [ -77.21234, 38.83286 ], [ -77.21822, 38.83432 ], [ -77.2184, 38.83611 ], [ -77.21948, 38.84003 ], [ -77.2201, 38.84368 ], [ -77.22018, 38.85766 ], [ -77.21595, 38.85765 ], [ -77.21573, 38.85735 ], [ -77.21568, 38.8578 ], [ -77.21444, 38.85808 ], [ -77.21196, 38.85769 ], [ -77.21174, 38.85739 ], [ -77.21013, 38.8566 ], [ -77.20805, 38.8563 ], [ -77.20722, 38.85585 ], [ -77.20677, 38.85588 ], [ -77.20701, 38.85499 ], [ -77.20684, 38.8548 ], [ -77.20557, 38.85445 ], [ -77.2054, 38.85406 ], [ -77.20373, 38.85367 ], [ -77.20161, 38.8534 ], [ -77.20034, 38.85382 ], [ -77.19984, 38.8542 ], [ -77.199, 38.85555 ], [ -77.19822, 38.85489 ], [ -77.19665, 38.85454 ], [ -77.19718, 38.85336 ], [ -77.19902, 38.85266 ], [ -77.20127, 38.85084 ], [ -77.20212, 38.84748 ], [ -77.20369, 38.84536 ], [ -77.20644, 38.84243 ], [ -77.20831, 38.83904 ], [ -77.20659, 38.83861 ], [ -77.20639, 38.83916 ], [ -77.20337, 38.83846 ], [ -77.20394, 38.83696 ], [ -77.20211, 38.83629 ], [ -77.20422, 38.83175 ] ] } },
{ "type": "Feature", "properties": { "year": 2026, "level": "ES", "name": "Mason Crest" }, "geometry": { "type": "LineString", "coordinates": [ [ -77.19632, 38.83043 ], [ -77.20422, 38.83175 ], [ -77.20211, 38.83629 ], [ -77.20394, 38.83696 ], [ -77.20337, 38.83846 ], [ -77.20639, 38.83916 ], [ -77.20659, 38.83861 ], [ -77.20831, 38.83904 ], [ -77.20644, 38.84243 ], [ -77.20369, 38.84536 ], [ -77.20212, 38.84748 ], [ -77.20154, 38.85023 ], [ -77.20096, 38.85117 ], [ -77.19918, 38.85256 ], [ -77.19819, 38.85305 ], [ -77.19633, 38.85358 ], [ -77.19287, 38.85401 ], [ -77.19273, 38.84971 ], [ -77.19204, 38.84983 ], [ -77.19104, 38.84921 ], [ -77.19065, 38.84929 ], [ -77.19015, 38.8485 ], [ -77.18961, 38.84843 ], [ -77.18916, 38.84752 ], [ -77.18801, 38.84761 ], [ -77.18555, 38.84718 ], [ -77.18553, 38.84758 ], [ -77.18435, 38.84774 ], [ -77.18312, 38.84756 ], [ -77.18309, 38.84729 ], [ -77.18207, 38.84699 ], [ -77.17471, 38.84649 ], [ -77.17472, 38.84552 ], [ -77.17432, 38.8443 ], [ -77.17634, 38.84371 ], [ -77.17377, 38.83794 ], [ -77.17696, 38.83762 ], [ -77.17643, 38.83643 ], [ -77.18381, 38.83539 ], [ -77.19632, 38.83043 ] ] } },
{ "type": "Feature", "properties": { "year": 2026, "level": "ES", "name": "Columbia" }, "geometry": { "type": "LineString", "coordinates": [ [ -77.18297, 38.81184 ], [ -77.18377, 38.81924 ], [ -77.18505, 38.81883 ], [ -77.18518, 38.81937 ], [ -77.18477, 38.81946 ], [ -77.1857, 38.81938 ], [ -77.18469, 38.82079 ], [ -77.18397, 38.82105 ], [ -77.18397, 38.8216 ], [ -77.18628, 38.82224 ], [ -77.1867, 38.8217 ], [ -77.18746, 38.822 ], [ -77.18836, 38.82075 ], [ -77.18918, 38.8207 ], [ -77.18927, 38.82138 ], [ -77.18891, 38.82249 ], [ -77.18952, 38.82259 ], [ -77.18929, 38.82431 ], [ -77.188, 38.82402 ], [ -77.18764, 38.82508 ], [ -77.18918, 38.8252 ], [ -77.189, 38.82651 ], [ -77.18846, 38.82647 ], [ -77.18836, 38.82729 ], [ -77.1889, 38.82734 ], [ -77.18865, 38.82917 ], [ -77.19632, 38.83043 ], [ -77.1862, 38.83458 ], [ -77.18326, 38.83554 ], [ -77.17952, 38.83591 ], [ -77.17736, 38.83635 ], [ -77.17379, 38.8366 ], [ -77.17058, 38.83762 ], [ -77.16386, 38.83806 ], [ -77.16255, 38.83795 ], [ -77.15851, 38.83653 ], [ -77.15776, 38.83644 ], [ -77.15748, 38.83586 ], [ -77.15522, 38.83384 ], [ -77.14988, 38.83038 ], [ -77.14641, 38.82747 ], [ -77.14326, 38.8225 ], [ -77.14269, 38.82196 ], [ -77.143, 38.82047 ], [ -77.14513, 38.82101 ], [ -77.14473, 38.82317 ], [ -77.14857, 38.82405 ], [ -77.14916, 38.8194 ], [ -77.15581, 38.82078 ], [ -77.17415, 38.8253 ], [ -77.17693, 38.82219 ], [ -77.17564, 38.82065 ], [ -77.17698, 38.82057 ], [ -77.17689, 38.81974 ], [ -77.17599, 38.8198 ], [ -77.17515, 38.81188 ], [ -77.18297, 38.81184 ] ] } },
{ "type": "Feature", "properties": { "year": 2026, "level": "ES", "name": "Belvedere" }, "geometry": { "type": "LineString", "coordinates": [ [ -77.16902, 38.84599 ], [ -77.16785, 38.84644 ], [ -77.16603, 38.84592 ], [ -77.1639, 38.8463 ], [ -77.16215, 38.84611 ], [ -77.1608, 38.84477 ], [ -77.15768, 38.84563 ], [ -77.15449, 38.84491 ], [ -77.15452, 38.84323 ], [ -77.15316, 38.84323 ], [ -77.1484, 38.8463 ], [ -77.14354, 38.84377 ], [ -77.14194, 38.84361 ], [ -77.14114, 38.84498 ], [ -77.14018, 38.8457 ], [ -77.1295, 38.85051 ], [ -77.12815, 38.84979 ], [ -77.12868, 38.84958 ], [ -77.12875, 38.84923 ], [ -77.12762, 38.84804 ], [ -77.13053, 38.84695 ], [ -77.1321, 38.84686 ], [ -77.13187, 38.84627 ], [ -77.12886, 38.84465 ], [ -77.13005, 38.84387 ], [ -77.13075, 38.84452 ], [ -77.13268, 38.84349 ], [ -77.13291, 38.84375 ], [ -77.13383, 38.84325 ], [ -77.13366, 38.84305 ], [ -77.13476, 38.84232 ], [ -77.13432, 38.84183 ], [ -77.13478, 38.84159 ], [ -77.13452, 38.84129 ], [ -77.13805, 38.83933 ], [ -77.13884, 38.8396 ], [ -77.13964, 38.8406 ], [ -77.14169, 38.84094 ], [ -77.1422, 38.84123 ], [ -77.14482, 38.84087 ], [ -77.14563, 38.84116 ], [ -77.14502, 38.8426 ], [ -77.1457, 38.84258 ], [ -77.14804, 38.84192 ], [ -77.15742, 38.83648 ], [ -77.15842, 38.8365 ], [ -77.16217, 38.83784 ], [ -77.16346, 38.83806 ], [ -77.17058, 38.83762 ], [ -77.17379, 38.8366 ], [ -77.17643, 38.83643 ], [ -77.17696, 38.83762 ], [ -77.17377, 38.83794 ], [ -77.17634, 38.84371 ], [ -77.17432, 38.8443 ], [ -77.17472, 38.84552 ], [ -77.17471, 38.84649 ], [ -77.17079, 38.84582 ], [ -77.169, 38.84661 ], [ -77.16902, 38.84599 ] ] } },
{ "type": "Feature", "properties": { "year": 2026, "level": "MS", "name": "Cooper" }, "geometry": { "type": "LineString", "coordinates": [ [ -77.22171, 38.92032 ], [ -77.22179, 38.92207 ], [ -77.21906, 38.92283 ], [ -77.21782, 38.92371 ], [ -77.21773, 38.92418 ], [ -77.22285, 38.92787 ], [ -77.22426, 38.92853 ], [ -77.2262, 38.92881 ], [ -77.22813, 38.92854 ], [ -77.23233, 38.92588 ], [ -77.23649, 38.92387 ], [ -77.24647, 38.93414 ], [ -77.25333, 38.93241 ], [ -77.25726, 38.93211 ], [ -77.26152, 38.93276 ], [ -77.26352, 38.9335 ], [ -77.26523, 38.93444 ], [ -77.27054, 38.93904 ], [ -77.27265, 38.94047 ], [ -77.27185, 38.94166 ], [ -77.27253, 38.9421 ], [ -77.27235, 38.94279 ], [ -77.27283, 38.94265 ], [ -77.27287, 38.94314 ], [ -77.27373, 38.94415 ], [ -77.27469, 38.9445 ], [ -77.27565, 38.94449 ], [ -77.27577, 38.94504 ], [ -77.27618, 38.94529 ], [ -77.27618, 38.94602 ], [ -77.27655, 38.94627 ], [ -77.27782, 38.94632 ], [ -77.27821, 38.94657 ], [ -77.27946, 38.94646 ], [ -77.27927, 38.94698 ], [ -77.27956, 38.9472 ], [ -77.2795, 38.94772 ], [ -77.2798, 38.94773 ], [ -77.28001, 38.94737 ], [ -77.28143, 38.94777 ], [ -77.28098, 38.94956 ], [ -77.28159, 38.95042 ], [ -77.28309, 38.9502 ], [ -77.28449, 38.95072 ], [ -77.2838, 38.95153 ], [ -77.28194, 38.95218 ], [ -77.27868, 38.95446 ], [ -77.27672, 38.957 ], [ -77.28128, 38.95791 ], [ -77.28046, 38.95907 ], [ -77.28321, 38.95929 ], [ -77.28415, 38.95847 ], [ -77.28485, 38.95861 ], [ -77.28484, 38.95817 ], [ -77.28529, 38.95817 ], [ -77.28535, 38.95911 ], [ -77.28726, 38.95976 ], [ -77.29068, 38.95969 ], [ -77.29153, 38.95932 ], [ -77.29198, 38.95952 ], [ -77.29163, 38.96012 ], [ -77.29675, 38.96201 ], [ -77.29754, 38.96102 ], [ -77.29724, 38.96028 ], [ -77.29804, 38.96059 ], [ -77.29871, 38.96023 ], [ -77.29986, 38.96066 ], [ -77.2986, 38.9627 ], [ -77.30243, 38.96412 ], [ -77.30222, 38.96553 ], [ -77.30304, 38.96578 ], [ -77.30363, 38.96548 ], [ -77.30408, 38.96573 ], [ -77.3048, 38.96549 ], [ -77.30494, 38.96586 ], [ -77.30532, 38.96576 ], [ -77.30577, 38.96595 ], [ -77.30583, 38.96626 ], [ -77.30623, 38.96615 ], [ -77.30631, 38.96693 ], [ -77.3061, 38.96718 ], [ -77.3064, 38.96734 ], [ -77.30684, 38.96716 ], [ -77.30699, 38.96743 ], [ -77.30753, 38.96721 ], [ -77.30779, 38.9667 ], [ -77.30816, 38.96645 ], [ -77.30839, 38.96635 ], [ -77.30584, 38.97487 ], [ -77.31343, 38.97707 ], [ -77.31515, 38.97778 ], [ -77.3171, 38.97563 ], [ -77.31914, 38.97756 ], [ -77.31888, 38.97781 ], [ -77.32101, 38.97853 ], [ -77.32138, 38.97946 ], [ -77.32787, 38.97808 ], [ -77.33038, 38.97848 ], [ -77.3305, 38.97995 ], [ -77.33209, 38.9799 ], [ -77.33111, 38.98757 ], [ -77.33184, 38.9876 ], [ -77.33178, 38.98877 ], [ -77.33577, 38.98897 ], [ -77.33686, 38.98741 ], [ -77.33924, 38.98906 ], [ -77.33765, 38.99132 ], [ -77.33808, 38.9915 ], [ -77.33714, 38.99369 ], [ -77.3363, 38.99468 ], [ -77.3403, 38.99751 ], [ -77.34374, 38.99255 ], [ -77.34506, 38.99309 ], [ -77.34675, 38.99325 ], [ -77.34455, 38.99667 ], [ -77.34599, 38.99695 ], [ -77.34525, 38.99806 ], [ -77.34395, 38.99751 ], [ -77.34369, 38.99799 ], [ -77.34438, 38.99825 ], [ -77.3438, 38.99907 ], [ -77.3463, 39.00042 ], [ -77.34586, 39.00096 ], [ -77.35702, 39.0069 ], [ -77.35888, 39.00344 ], [ -77.35325, 39.00165 ], [ -77.35183, 39.00092 ], [ -77.35149, 38.9968 ], [ -77.35355, 38.99737 ], [ -77.35409, 38.99599 ], [ -77.35195, 38.99528 ], [ -77.35147, 38.99551 ], [ -77.35142, 38.99597 ], [ -77.35072, 38.99593 ], [ -77.35089, 38.99372 ], [ -77.35131, 38.9939 ], [ -77.35128, 38.99339 ], [ -77.35459, 38.9947 ], [ -77.35438, 38.99525 ], [ -77.35494, 38.99536 ], [ -77.35561, 38.9951 ], [ -77.35647, 38.99408 ], [ -77.35797, 38.99114 ], [ -77.3648, 38.99246 ], [ -77.36524, 38.9934 ], [ -77.3653, 38.99447 ], [ -77.36401, 38.99706 ], [ -77.36333, 38.99941 ], [ -77.36578, 38.99985 ], [ -77.36687, 38.99922 ], [ -77.36924, 38.9987 ], [ -77.37025, 38.99911 ], [ -77.3708, 38.9998 ], [ -77.37031, 39.00034 ], [ -77.37011, 39.00186 ], [ -77.37024, 39.00228 ], [ -77.3709, 39.00271 ], [ -77.37123, 39.00362 ], [ -77.37109, 39.00426 ], [ -77.37204, 39.0047 ], [ -77.37245, 39.00557 ], [ -77.37376, 39.00667 ], [ -77.37327, 39.00713 ], [ -77.37348, 39.00741 ], [ -77.37334, 39.00787 ], [ -77.37274, 39.00827 ], [ -77.37237, 39.00896 ], [ -77.37322, 39.01003 ], [ -77.37157, 39.01061 ], [ -77.37122, 39.01109 ], [ -77.36975, 39.01147 ], [ -77.36907, 39.01117 ], [ -77.36817, 39.0118 ], [ -77.36866, 39.01231 ], [ -77.36865, 39.01323 ], [ -77.37111, 39.01448 ], [ -77.32833, 39.05769 ], [ -77.32646, 39.05749 ], [ -77.32368, 39.05598 ], [ -77.3213, 39.05579 ], [ -77.31926, 39.05511 ], [ -77.31454, 39.05224 ], [ -77.31074, 39.05202 ], [ -77.309, 39.05228 ], [ -77.30774, 39.05223 ], [ -77.30605, 39.05195 ], [ -77.30427, 39.0513 ], [ -77.30023, 39.04928 ], [ -77.29488, 39.0474 ], [ -77.29201, 39.046 ], [ -77.28904, 39.04405 ], [ -77.28606, 39.0414 ], [ -77.28307, 39.03956 ], [ -77.28206, 39.0392 ], [ -77.27689, 39.03544 ], [ -77.2752, 39.03446 ], [ -77.27379, 39.03396 ], [ -77.27296, 39.03393 ], [ -77.26808, 39.03232 ], [ -77.26052, 39.03137 ], [ -77.25491, 39.02988 ], [ -77.25155, 39.02814 ], [ -77.25022, 39.02714 ], [ -77.24832, 39.02659 ], [ -77.24703, 39.02562 ], [ -77.24599, 39.0244 ], [ -77.24463, 39.0211 ], [ -77.24538, 39.01754 ], [ -77.24629, 39.01646 ], [ -77.24709, 39.01463 ], [ -77.25118, 39.0119 ], [ -77.25326, 39.00917 ], [ -77.25425, 39.00718 ], [ -77.25442, 39.00631 ], [ -77.25531, 39.00493 ], [ -77.25576, 39.00178 ], [ -77.25498, 39.00078 ], [ -77.25462, 38.99977 ], [ -77.25473, 38.99936 ], [ -77.25423, 38.9983 ], [ -77.25363, 38.99782 ], [ -77.25352, 38.99681 ], [ -77.25293, 38.9959 ], [ -77.25296, 38.99547 ], [ -77.24996, 38.99464 ], [ -77.24995, 38.99404 ], [ -77.24939, 38.99373 ], [ -77.24865, 38.9927 ], [ -77.24805, 38.99038 ], [ -77.24541, 38.98424 ], [ -77.24503, 38.98269 ], [ -77.24407, 38.98212 ], [ -77.24392, 38.98236 ], [ -77.24173, 38.98171 ], [ -77.23995, 38.98076 ], [ -77.23969, 38.98023 ], [ -77.23845, 38.97933 ], [ -77.2362, 38.97692 ], [ -77.23565, 38.97679 ], [ -77.23504, 38.97606 ], [ -77.23455, 38.97623 ], [ -77.2336, 38.97735 ], [ -77.23233, 38.9793 ], [ -77.23094, 38.97929 ], [ -77.23048, 38.97973 ], [ -77.22995, 38.97972 ], [ -77.22859, 38.97851 ], [ -77.22637, 38.97409 ], [ -77.2236, 38.97207 ], [ -77.2211, 38.97134 ], [ -77.21883, 38.97156 ], [ -77.21571, 38.97062 ], [ -77.21476, 38.97054 ], [ -77.21378, 38.96984 ], [ -77.21274, 38.96978 ], [ -77.21152, 38.96935 ], [ -77.21025, 38.97012 ], [ -77.20803, 38.97033 ], [ -77.20629, 38.96978 ], [ -77.20498, 38.96874 ], [ -77.20289, 38.96811 ], [ -77.20248, 38.96777 ], [ -77.19805, 38.96689 ], [ -77.19672, 38.96702 ], [ -77.19579, 38.96758 ], [ -77.19524, 38.96746 ], [ -77.1942, 38.96828 ], [ -77.19081, 38.96799 ], [ -77.18932, 38.96754 ], [ -77.18843, 38.96804 ], [ -77.18682, 38.9678 ], [ -77.186, 38.96798 ], [ -77.18422, 38.96789 ], [ -77.1831, 38.96872 ], [ -77.18154, 38.96879 ], [ -77.1798, 38.96841 ], [ -77.17981, 38.96822 ], [ -77.1798, 38.96841 ], [ -77.17721, 38.96814 ], [ -77.17498, 38.96821 ], [ -77.17409, 38.9679 ], [ -77.17349, 38.96797 ], [ -77.17213, 38.96756 ], [ -77.17118, 38.96667 ], [ -77.16964, 38.96639 ], [ -77.1691, 38.96646 ], [ -77.16841, 38.96712 ], [ -77.16756, 38.96741 ], [ -77.16491, 38.96784 ], [ -77.16299, 38.96738 ], [ -77.15985, 38.96615 ], [ -77.1584, 38.96595 ], [ -77.15723, 38.96629 ], [ -77.15463, 38.96588 ], [ -77.15195, 38.96585 ], [ -77.15021, 38.96559 ], [ -77.14719, 38.96454 ], [ -77.14523, 38.9633 ], [ -77.14316, 38.96135 ], [ -77.14059, 38.95839 ], [ -77.13543, 38.95387 ], [ -77.13109, 38.94644 ], [ -77.12877, 38.94175 ], [ -77.12809, 38.9409 ], [ -77.12875, 38.94038 ], [ -77.13001, 38.94019 ], [ -77.13139, 38.93804 ], [ -77.13682, 38.94068 ], [ -77.14091, 38.94232 ], [ -77.1455, 38.94378 ], [ -77.14855, 38.944 ], [ -77.15982, 38.94221 ], [ -77.16711, 38.94271 ], [ -77.17386, 38.9409 ], [ -77.1784, 38.94014 ], [ -77.18541, 38.93708 ], [ -77.18695, 38.93769 ], [ -77.18931, 38.9381 ], [ -77.19363, 38.937 ], [ -77.194, 38.9371 ], [ -77.19499, 38.93599 ], [ -77.19272, 38.93483 ], [ -77.19371, 38.93366 ], [ -77.1993, 38.93157 ], [ -77.20095, 38.93072 ], [ -77.20356, 38.92878 ], [ -77.21309, 38.93224 ], [ -77.21385, 38.93114 ], [ -77.21425, 38.92994 ], [ -77.21423, 38.92601 ], [ -77.21611, 38.92182 ], [ -77.21924, 38.92061 ], [ -77.22171, 38.92032 ] ] } },
{ "type": "Feature", "properties": { "year": 2026, "level": "MS", "name": "Longfellow" }, "geometry": { "type": "MultiLineString", "coordinates": [ [ [ -77.19436, 38.89732 ], [ -77.202, 38.90218 ], [ -77.20146, 38.90267 ], [ -77.20052, 38.903 ], [ -77.20011, 38.90284 ], [ -77.19893, 38.90324 ], [ -77.19808, 38.90409 ], [ -77.19801, 38.9066 ], [ -77.19662, 38.90742 ], [ -77.19563, 38.90738 ], [ -77.19522, 38.90893 ], [ -77.19414, 38.90977 ], [ -77.19412, 38.91005 ], [ -77.19291, 38.91061 ], [ -77.19297, 38.91106 ], [ -77.19243, 38.91123 ], [ -77.19213, 38.91171 ], [ -77.19237, 38.91207 ], [ -77.19199, 38.91253 ], [ -77.19099, 38.91322 ], [ -77.19045, 38.91333 ], [ -77.19014, 38.91303 ], [ -77.18906, 38.91336 ], [ -77.19205, 38.91651 ], [ -77.19655, 38.92332 ], [ -77.20285, 38.91967 ], [ -77.20624, 38.92026 ], [ -77.20939, 38.92143 ], [ -77.20866, 38.92211 ], [ -77.2084, 38.92336 ], [ -77.20881, 38.9248 ], [ -77.20095, 38.93072 ], [ -77.19921, 38.93161 ], [ -77.19371, 38.93366 ], [ -77.19272, 38.93483 ], [ -77.19499, 38.93599 ], [ -77.194, 38.9371 ], [ -77.19363, 38.937 ], [ -77.18931, 38.9381 ], [ -77.18695, 38.93769 ], [ -77.18541, 38.93708 ], [ -77.1784, 38.94014 ], [ -77.17386, 38.9409 ], [ -77.16711, 38.94271 ], [ -77.16009, 38.94219 ], [ -77.1494, 38.94392 ], [ -77.1474, 38.94401 ], [ -77.14476, 38.94358 ], [ -77.13979, 38.94191 ], [ -77.13139, 38.93804 ], [ -77.13001, 38.94019 ], [ -77.12875, 38.94038 ], [ -77.12809, 38.9409 ], [ -77.12464, 38.93875 ], [ -77.11975, 38.93442 ], [ -77.17228, 38.89325 ], [ -77.1887, 38.89625 ], [ -77.18893, 38.89613 ], [ -77.19146, 38.89777 ], [ -77.19062, 38.89869 ], [ -77.19134, 38.8996 ], [ -77.19197, 38.89985 ], [ -77.19426, 38.89932 ], [ -77.19486, 38.8988 ], [ -77.19465, 38.89784 ], [ -77.19354, 38.89703 ], [ -77.19365, 38.89691 ], [ -77.19436, 38.89732 ] ], [ [ -77.20984, 38.87507 ], [ -77.20963, 38.8758 ], [ -77.20939, 38.87582 ], [ -77.20853, 38.87724 ], [ -77.20883, 38.87728 ], [ -77.20858, 38.8777 ], [ -77.21089, 38.878 ], [ -77.2099, 38.87968 ], [ -77.20531, 38.87912 ], [ -77.20352, 38.88205 ], [ -77.20149, 38.88182 ], [ -77.20073, 38.88275 ], [ -77.20445, 38.88534 ], [ -77.20409, 38.88577 ], [ -77.20315, 38.88628 ], [ -77.20189, 38.88631 ], [ -77.20123, 38.88704 ], [ -77.2009, 38.88672 ], [ -77.20067, 38.88696 ], [ -77.20088, 38.88708 ], [ -77.2002, 38.88731 ], [ -77.19963, 38.88792 ], [ -77.19915, 38.88793 ], [ -77.19886, 38.88881 ], [ -77.19661, 38.89123 ], [ -77.19353, 38.89142 ], [ -77.19214, 38.8928 ], [ -77.19093, 38.89238 ], [ -77.19426, 38.8861 ], [ -77.18964, 38.87805 ], [ -77.20019, 38.87575 ], [ -77.20984, 38.87507 ] ] ] } },
{ "type": "Feature", "properties": { "year": 2026, "level": "MS", "name": "Thoreau" }, "geometry": { "type": "LineString", "coordinates": [ [ -77.26446, 38.87075 ], [ -77.26412, 38.86954 ], [ -77.26552, 38.86948 ], [ -77.26559, 38.86979 ], [ -77.26693, 38.86961 ], [ -77.26666, 38.86757 ], [ -77.26766, 38.86769 ], [ -77.26717, 38.86494 ], [ -77.27034, 38.86487 ], [ -77.27063, 38.86584 ], [ -77.27152, 38.86656 ], [ -77.27305, 38.86585 ], [ -77.27386, 38.86664 ], [ -77.27429, 38.86606 ], [ -77.27886, 38.86629 ], [ -77.27867, 38.86657 ], [ -77.29162, 38.86745 ], [ -77.29064, 38.871 ], [ -77.29187, 38.8711 ], [ -77.29268, 38.87193 ], [ -77.29732, 38.87079 ], [ -77.30906, 38.86866 ], [ -77.30906, 38.87122 ], [ -77.30841, 38.87358 ], [ -77.30764, 38.87512 ], [ -77.30586, 38.87711 ], [ -77.3065, 38.87732 ], [ -77.30685, 38.87819 ], [ -77.30774, 38.87827 ], [ -77.30794, 38.87931 ], [ -77.30898, 38.8793 ], [ -77.30973, 38.87901 ], [ -77.31002, 38.87917 ], [ -77.31255, 38.87902 ], [ -77.31279, 38.87961 ], [ -77.3124, 38.87969 ], [ -77.31473, 38.88072 ], [ -77.3179, 38.88307 ], [ -77.31683, 38.88408 ], [ -77.31788, 38.88486 ], [ -77.31699, 38.88604 ], [ -77.31805, 38.88685 ], [ -77.31615, 38.88886 ], [ -77.31806, 38.88953 ], [ -77.31806, 38.89035 ], [ -77.31887, 38.89093 ], [ -77.31872, 38.89244 ], [ -77.3204, 38.89294 ], [ -77.32328, 38.89137 ], [ -77.3279, 38.89308 ], [ -77.32818, 38.89457 ], [ -77.32908, 38.8947 ], [ -77.32921, 38.8967 ], [ -77.33504, 38.89616 ], [ -77.33753, 38.8983 ], [ -77.34111, 38.89637 ], [ -77.34422, 38.89983 ], [ -77.34619, 38.89904 ], [ -77.34605, 38.90013 ], [ -77.34924, 38.90064 ], [ -77.35194, 38.89936 ], [ -77.35261, 38.90021 ], [ -77.35072, 38.90081 ], [ -77.35152, 38.90137 ], [ -77.35089, 38.90246 ], [ -77.35089, 38.90323 ], [ -77.35194, 38.90312 ], [ -77.35198, 38.90372 ], [ -77.35167, 38.90396 ], [ -77.35199, 38.90417 ], [ -77.35256, 38.90372 ], [ -77.35315, 38.90358 ], [ -77.35242, 38.90308 ], [ -77.35445, 38.90178 ], [ -77.35574, 38.90234 ], [ -77.35617, 38.90202 ], [ -77.3603, 38.90778 ], [ -77.35632, 38.90971 ], [ -77.35505, 38.91062 ], [ -77.35418, 38.90978 ], [ -77.3521, 38.91136 ], [ -77.35185, 38.91118 ], [ -77.34829, 38.9128 ], [ -77.34533, 38.91707 ], [ -77.33858, 38.91625 ], [ -77.33808, 38.91576 ], [ -77.33712, 38.91606 ], [ -77.33646, 38.9154 ], [ -77.33342, 38.91632 ], [ -77.33388, 38.91728 ], [ -77.33261, 38.91814 ], [ -77.3333, 38.91922 ], [ -77.33104, 38.9199 ], [ -77.33049, 38.91913 ], [ -77.32914, 38.92038 ], [ -77.3285, 38.92068 ], [ -77.32751, 38.9194 ], [ -77.32608, 38.92038 ], [ -77.32553, 38.91968 ], [ -77.32492, 38.91942 ], [ -77.32587, 38.91874 ], [ -77.32533, 38.9183 ], [ -77.32494, 38.91897 ], [ -77.32398, 38.91907 ], [ -77.32366, 38.91929 ], [ -77.3238, 38.91947 ], [ -77.32343, 38.91955 ], [ -77.32348, 38.91989 ], [ -77.32315, 38.91976 ], [ -77.32285, 38.91997 ], [ -77.32264, 38.92029 ], [ -77.323, 38.92051 ], [ -77.32282, 38.92065 ], [ -77.32303, 38.92121 ], [ -77.32254, 38.92148 ], [ -77.32279, 38.92191 ], [ -77.32229, 38.92217 ], [ -77.31865, 38.92188 ], [ -77.3183, 38.9222 ], [ -77.31756, 38.92223 ], [ -77.31942, 38.91767 ], [ -77.31745, 38.91691 ], [ -77.31627, 38.91694 ], [ -77.31637, 38.91837 ], [ -77.31671, 38.91916 ], [ -77.3172, 38.91952 ], [ -77.31696, 38.91976 ], [ -77.3167, 38.91962 ], [ -77.31691, 38.92006 ], [ -77.31634, 38.92046 ], [ -77.31633, 38.92074 ], [ -77.31577, 38.92096 ], [ -77.31538, 38.92072 ], [ -77.31442, 38.92105 ], [ -77.31398, 38.92097 ], [ -77.31342, 38.92253 ], [ -77.31247, 38.92361 ], [ -77.31204, 38.92342 ], [ -77.31171, 38.92408 ], [ -77.31078, 38.92468 ], [ -77.31085, 38.9252 ], [ -77.31011, 38.9252 ], [ -77.31032, 38.9255 ], [ -77.30988, 38.92569 ], [ -77.30988, 38.92611 ], [ -77.30959, 38.92633 ], [ -77.31019, 38.92672 ], [ -77.30967, 38.92696 ], [ -77.31004, 38.92741 ], [ -77.30939, 38.92829 ], [ -77.31034, 38.92921 ], [ -77.31058, 38.92982 ], [ -77.30926, 38.93023 ], [ -77.30792, 38.93036 ], [ -77.30512, 38.92994 ], [ -77.30488, 38.93125 ], [ -77.30501, 38.9325 ], [ -77.30749, 38.93341 ], [ -77.3108, 38.93548 ], [ -77.30994, 38.93731 ], [ -77.31271, 38.94258 ], [ -77.30928, 38.94247 ], [ -77.30678, 38.93975 ], [ -77.30627, 38.93979 ], [ -77.30606, 38.94203 ], [ -77.30443, 38.94251 ], [ -77.30403, 38.94374 ], [ -77.29882, 38.94507 ], [ -77.29629, 38.94181 ], [ -77.29624, 38.94196 ], [ -77.29537, 38.94167 ], [ -77.29492, 38.94244 ], [ -77.29404, 38.94231 ], [ -77.29398, 38.94275 ], [ -77.29344, 38.94293 ], [ -77.2934, 38.94378 ], [ -77.29291, 38.94423 ], [ -77.29294, 38.94546 ], [ -77.28833, 38.94344 ], [ -77.28579, 38.94264 ], [ -77.28244, 38.94207 ], [ -77.27629, 38.9416 ], [ -77.27372, 38.94094 ], [ -77.27125, 38.93961 ], [ -77.26596, 38.93498 ], [ -77.26352, 38.9335 ], [ -77.26101, 38.93262 ], [ -77.25836, 38.93218 ], [ -77.2557, 38.93214 ], [ -77.25259, 38.93257 ], [ -77.25171, 38.93098 ], [ -77.25106, 38.93059 ], [ -77.25098, 38.92933 ], [ -77.25157, 38.92914 ], [ -77.25184, 38.92963 ], [ -77.25257, 38.9294 ], [ -77.25327, 38.93071 ], [ -77.25805, 38.929 ], [ -77.25838, 38.93001 ], [ -77.25897, 38.92948 ], [ -77.25979, 38.9305 ], [ -77.26432, 38.92831 ], [ -77.26437, 38.92737 ], [ -77.26538, 38.92587 ], [ -77.2639, 38.92515 ], [ -77.26526, 38.92246 ], [ -77.26508, 38.92146 ], [ -77.26438, 38.92011 ], [ -77.26268, 38.91807 ], [ -77.26242, 38.91811 ], [ -77.26217, 38.91775 ], [ -77.26186, 38.91787 ], [ -77.26198, 38.91743 ], [ -77.26158, 38.91736 ], [ -77.26149, 38.91667 ], [ -77.26083, 38.91647 ], [ -77.26093, 38.9163 ], [ -77.26041, 38.91587 ], [ -77.25991, 38.91603 ], [ -77.25866, 38.91547 ], [ -77.25693, 38.91369 ], [ -77.25678, 38.91158 ], [ -77.25604, 38.91102 ], [ -77.25694, 38.91031 ], [ -77.25721, 38.909 ], [ -77.25797, 38.90815 ], [ -77.25789, 38.90757 ], [ -77.25478, 38.90994 ], [ -77.25382, 38.91032 ], [ -77.25012, 38.91097 ], [ -77.25002, 38.91066 ], [ -77.24924, 38.91076 ], [ -77.24528, 38.91017 ], [ -77.24442, 38.90946 ], [ -77.2434, 38.90921 ], [ -77.24477, 38.90586 ], [ -77.24423, 38.90603 ], [ -77.24328, 38.90544 ], [ -77.2424, 38.90446 ], [ -77.24166, 38.90448 ], [ -77.24068, 38.904 ], [ -77.24054, 38.90419 ], [ -77.2399, 38.90399 ], [ -77.23943, 38.90423 ], [ -77.23934, 38.9018 ], [ -77.23673, 38.90138 ], [ -77.23779, 38.90099 ], [ -77.23747, 38.90029 ], [ -77.23749, 38.89935 ], [ -77.23892, 38.89946 ], [ -77.23958, 38.89824 ], [ -77.23876, 38.89809 ], [ -77.23959, 38.89637 ], [ -77.21798, 38.89067 ], [ -77.22124, 38.88755 ], [ -77.22238, 38.88497 ], [ -77.2371, 38.88045 ], [ -77.24203, 38.87972 ], [ -77.2672, 38.87819 ], [ -77.26215, 38.87269 ], [ -77.26211, 38.87234 ], [ -77.26438, 38.87194 ], [ -77.26446, 38.87075 ] ] } },
{ "type": "Feature", "properties": { "year": 2026, "level": "MS", "name": "Kilmer" }, "geometry": { "type": "MultiLineString", "coordinates": [ [ [ -77.23593, 38.87366 ], [ -77.23603, 38.87511 ], [ -77.23546, 38.87491 ], [ -77.23452, 38.8812 ], [ -77.22238, 38.88497 ], [ -77.22124, 38.88755 ], [ -77.21798, 38.89067 ], [ -77.23959, 38.89637 ], [ -77.23876, 38.89809 ], [ -77.23958, 38.89824 ], [ -77.23892, 38.89946 ], [ -77.23749, 38.89935 ], [ -77.23747, 38.90029 ], [ -77.23779, 38.90099 ], [ -77.23673, 38.90138 ], [ -77.23934, 38.9018 ], [ -77.23943, 38.90423 ], [ -77.2399, 38.90399 ], [ -77.24054, 38.90419 ], [ -77.24068, 38.904 ], [ -77.24166, 38.90448 ], [ -77.2424, 38.90446 ], [ -77.24328, 38.90544 ], [ -77.24423, 38.90603 ], [ -77.24477, 38.90586 ], [ -77.2434, 38.90921 ], [ -77.24442, 38.90946 ], [ -77.24528, 38.91017 ], [ -77.24924, 38.91076 ], [ -77.25002, 38.91066 ], [ -77.25012, 38.91097 ], [ -77.25382, 38.91032 ], [ -77.25478, 38.90994 ], [ -77.25779, 38.9075 ], [ -77.25797, 38.90815 ], [ -77.25721, 38.909 ], [ -77.25694, 38.91031 ], [ -77.25604, 38.91102 ], [ -77.25678, 38.91158 ], [ -77.25693, 38.91369 ], [ -77.25866, 38.91547 ], [ -77.25991, 38.91603 ], [ -77.26041, 38.91587 ], [ -77.26093, 38.9163 ], [ -77.26083, 38.91647 ], [ -77.26149, 38.91667 ], [ -77.26158, 38.91736 ], [ -77.26198, 38.91743 ], [ -77.26186, 38.91787 ], [ -77.26217, 38.91775 ], [ -77.26242, 38.91811 ], [ -77.26268, 38.91807 ], [ -77.26438, 38.92011 ], [ -77.26508, 38.92146 ], [ -77.26526, 38.92246 ], [ -77.2639, 38.92515 ], [ -77.26538, 38.92587 ], [ -77.26437, 38.92737 ], [ -77.26432, 38.92831 ], [ -77.25979, 38.9305 ], [ -77.25897, 38.92948 ], [ -77.25838, 38.93001 ], [ -77.25805, 38.929 ], [ -77.25327, 38.93071 ], [ -77.25257, 38.9294 ], [ -77.25184, 38.92963 ], [ -77.25157, 38.92914 ], [ -77.25098, 38.92933 ], [ -77.25106, 38.93059 ], [ -77.25171, 38.93098 ], [ -77.25259, 38.93257 ], [ -77.24647, 38.93414 ], [ -77.23649, 38.92387 ], [ -77.23233, 38.92588 ], [ -77.22795, 38.9286 ], [ -77.22537, 38.92878 ], [ -77.2233, 38.92813 ], [ -77.21773, 38.92418 ], [ -77.21782, 38.92371 ], [ -77.21906, 38.92283 ], [ -77.22179, 38.92207 ], [ -77.22171, 38.92032 ], [ -77.22003, 38.92044 ], [ -77.21611, 38.92182 ], [ -77.21423, 38.92601 ], [ -77.21425, 38.92994 ], [ -77.21385, 38.93114 ], [ -77.21309, 38.93224 ], [ -77.20356, 38.92878 ], [ -77.20881, 38.9248 ], [ -77.2084, 38.92336 ], [ -77.20866, 38.92211 ], [ -77.20939, 38.92143 ], [ -77.20624, 38.92026 ], [ -77.20285, 38.91967 ], [ -77.19655, 38.92332 ], [ -77.19205, 38.91651 ], [ -77.18906, 38.91336 ], [ -77.19014, 38.91303 ], [ -77.19045, 38.91333 ], [ -77.19099, 38.91322 ], [ -77.19199, 38.91253 ], [ -77.19237, 38.91207 ], [ -77.19213, 38.91171 ], [ -77.19243, 38.91123 ], [ -77.19297, 38.91106 ], [ -77.19291, 38.91061 ], [ -77.19412, 38.91005 ], [ -77.19414, 38.90977 ], [ -77.19522, 38.90893 ], [ -77.19563, 38.90738 ], [ -77.19662, 38.90742 ], [ -77.19801, 38.9066 ], [ -77.19808, 38.90409 ], [ -77.19893, 38.90324 ], [ -77.20011, 38.90284 ], [ -77.20052, 38.903 ], [ -77.20146, 38.90267 ], [ -77.202, 38.90218 ], [ -77.18982, 38.89447 ], [ -77.19069, 38.89283 ], [ -77.19098, 38.89289 ], [ -77.19073, 38.89317 ], [ -77.19144, 38.89357 ], [ -77.19353, 38.89142 ], [ -77.19661, 38.89123 ], [ -77.19886, 38.88881 ], [ -77.19915, 38.88793 ], [ -77.19963, 38.88792 ], [ -77.2002, 38.88731 ], [ -77.20088, 38.88708 ], [ -77.20067, 38.88696 ], [ -77.2009, 38.88672 ], [ -77.20123, 38.88704 ], [ -77.20189, 38.88631 ], [ -77.20315, 38.88628 ], [ -77.20409, 38.88577 ], [ -77.20445, 38.88534 ], [ -77.20073, 38.88275 ], [ -77.20149, 38.88182 ], [ -77.20352, 38.88205 ], [ -77.20531, 38.87912 ], [ -77.2099, 38.87968 ], [ -77.21089, 38.878 ], [ -77.20858, 38.8777 ], [ -77.20883, 38.87728 ], [ -77.20853, 38.87724 ], [ -77.20939, 38.87582 ], [ -77.20963, 38.8758 ], [ -77.20984, 38.87507 ], [ -77.21196, 38.87498 ], [ -77.21759, 38.87572 ], [ -77.22012, 38.87582 ], [ -77.22814, 38.87423 ], [ -77.23593, 38.87366 ] ], [ [ -77.28531, 38.95845 ], [ -77.28529, 38.95817 ], [ -77.28484, 38.95817 ], [ -77.28485, 38.95861 ], [ -77.28415, 38.95847 ], [ -77.28321, 38.95929 ], [ -77.28046, 38.95907 ], [ -77.28128, 38.95791 ], [ -77.27672, 38.957 ], [ -77.27868, 38.95446 ], [ -77.28194, 38.95218 ], [ -77.2838, 38.95153 ], [ -77.28449, 38.95072 ], [ -77.28309, 38.9502 ], [ -77.28159, 38.95042 ], [ -77.28098, 38.94956 ], [ -77.28143, 38.94777 ], [ -77.28001, 38.94737 ], [ -77.2798, 38.94773 ], [ -77.2795, 38.94772 ], [ -77.27956, 38.9472 ], [ -77.27927, 38.94698 ], [ -77.27946, 38.94646 ], [ -77.27821, 38.94657 ], [ -77.27782, 38.94632 ], [ -77.27655, 38.94627 ], [ -77.27618, 38.94602 ], [ -77.27618, 38.94529 ], [ -77.27577, 38.94504 ], [ -77.27565, 38.94449 ], [ -77.27469, 38.9445 ], [ -77.27373, 38.94415 ], [ -77.27287, 38.94314 ], [ -77.27283, 38.94265 ], [ -77.27235, 38.94279 ], [ -77.27253, 38.9421 ], [ -77.27185, 38.94166 ], [ -77.27265, 38.94047 ], [ -77.27604, 38.94156 ], [ -77.28244, 38.94207 ], [ -77.28626, 38.94276 ], [ -77.28833, 38.94344 ], [ -77.29397, 38.94586 ], [ -77.29804, 38.94708 ], [ -77.29834, 38.95532 ], [ -77.29501, 38.95498 ], [ -77.29326, 38.95454 ], [ -77.29204, 38.95398 ], [ -77.29136, 38.95326 ], [ -77.29031, 38.95398 ], [ -77.291, 38.95764 ], [ -77.29157, 38.95784 ], [ -77.29124, 38.95877 ], [ -77.29153, 38.95932 ], [ -77.29068, 38.95969 ], [ -77.28726, 38.95976 ], [ -77.28535, 38.95911 ], [ -77.28531, 38.95845 ] ] ] } },
{ "type": "Feature", "properties": { "year": 2026, "level": "MS", "name": "Jackson" }, "geometry": { "type": "LineString", "coordinates": [ [ -77.20422, 38.83175 ], [ -77.21234, 38.83286 ], [ -77.22088, 38.83496 ], [ -77.22801, 38.83579 ], [ -77.23273, 38.836 ], [ -77.23284, 38.83896 ], [ -77.23261, 38.84006 ], [ -77.2328, 38.84148 ], [ -77.23303, 38.84159 ], [ -77.23127, 38.8431 ], [ -77.2324, 38.84333 ], [ -77.23304, 38.84319 ], [ -77.23427, 38.84374 ], [ -77.23453, 38.8441 ], [ -77.23433, 38.84468 ], [ -77.2345, 38.84482 ], [ -77.23406, 38.84527 ], [ -77.23464, 38.84593 ], [ -77.23454, 38.84623 ], [ -77.23495, 38.84637 ], [ -77.23651, 38.84555 ], [ -77.23788, 38.84585 ], [ -77.2377, 38.84612 ], [ -77.23814, 38.84619 ], [ -77.23909, 38.84684 ], [ -77.23876, 38.84722 ], [ -77.23882, 38.84783 ], [ -77.23977, 38.84923 ], [ -77.24054, 38.84946 ], [ -77.24049, 38.85045 ], [ -77.24136, 38.85098 ], [ -77.24146, 38.85151 ], [ -77.24208, 38.85182 ], [ -77.24186, 38.85235 ], [ -77.24254, 38.8523 ], [ -77.2431, 38.85305 ], [ -77.24473, 38.85339 ], [ -77.23898, 38.85818 ], [ -77.23354, 38.86232 ], [ -77.23537, 38.8627 ], [ -77.23395, 38.86549 ], [ -77.26717, 38.86494 ], [ -77.26766, 38.86769 ], [ -77.26666, 38.86757 ], [ -77.26693, 38.86961 ], [ -77.26559, 38.86979 ], [ -77.26552, 38.86948 ], [ -77.26412, 38.86954 ], [ -77.26446, 38.87075 ], [ -77.26438, 38.87194 ], [ -77.26211, 38.87234 ], [ -77.26231, 38.87299 ], [ -77.26454, 38.8751 ], [ -77.2672, 38.87819 ], [ -77.24134, 38.87978 ], [ -77.2378, 38.88028 ], [ -77.23452, 38.8812 ], [ -77.23546, 38.87491 ], [ -77.23603, 38.87511 ], [ -77.23593, 38.87366 ], [ -77.22814, 38.87423 ], [ -77.22012, 38.87582 ], [ -77.21759, 38.87572 ], [ -77.21153, 38.87497 ], [ -77.20019, 38.87575 ], [ -77.19018, 38.8779 ], [ -77.18825, 38.87869 ], [ -77.17952, 38.87919 ], [ -77.17906, 38.87943 ], [ -77.17325, 38.87861 ], [ -77.17335, 38.87771 ], [ -77.17437, 38.87615 ], [ -77.17448, 38.87406 ], [ -77.17788, 38.87387 ], [ -77.17824, 38.8707 ], [ -77.17784, 38.86953 ], [ -77.17762, 38.86912 ], [ -77.17464, 38.86962 ], [ -77.17467, 38.86715 ], [ -77.17721, 38.86235 ], [ -77.17879, 38.86097 ], [ -77.17877, 38.85876 ], [ -77.17909, 38.85819 ], [ -77.18001, 38.85774 ], [ -77.1865, 38.85683 ], [ -77.18954, 38.85586 ], [ -77.19287, 38.85401 ], [ -77.19633, 38.85358 ], [ -77.19819, 38.85305 ], [ -77.19929, 38.85248 ], [ -77.20127, 38.85084 ], [ -77.20212, 38.84748 ], [ -77.20369, 38.84536 ], [ -77.20644, 38.84243 ], [ -77.20831, 38.83904 ], [ -77.20659, 38.83861 ], [ -77.20639, 38.83916 ], [ -77.20337, 38.83846 ], [ -77.20394, 38.83696 ], [ -77.20211, 38.83629 ], [ -77.20422, 38.83175 ] ] } },
{ "type": "Feature", "properties": { "year": 2026, "level": "MS", "name": "Glasgow" }, "geometry": { "type": "LineString", "coordinates": [ [ -77.14541, 38.82598 ], [ -77.14631, 38.82736 ], [ -77.14888, 38.82961 ], [ -77.15467, 38.83341 ], [ -77.15748, 38.83586 ], [ -77.15776, 38.83644 ], [ -77.15851, 38.83653 ], [ -77.16217, 38.83784 ], [ -77.16346, 38.83806 ], [ -77.17058, 38.83762 ], [ -77.17379, 38.8366 ], [ -77.17643, 38.83643 ], [ -77.17696, 38.83762 ], [ -77.17377, 38.83794 ], [ -77.17634, 38.84371 ], [ -77.17432, 38.8443 ], [ -77.17472, 38.84552 ], [ -77.17471, 38.84649 ], [ -77.18207, 38.84699 ], [ -77.18309, 38.84729 ], [ -77.18312, 38.84756 ], [ -77.18435, 38.84774 ], [ -77.18553, 38.84758 ], [ -77.18555, 38.84718 ], [ -77.18801, 38.84761 ], [ -77.18916, 38.84752 ], [ -77.18961, 38.84843 ], [ -77.19015, 38.8485 ], [ -77.19065, 38.84929 ], [ -77.19104, 38.84921 ], [ -77.19204, 38.84983 ], [ -77.19273, 38.84971 ], [ -77.19287, 38.85401 ], [ -77.18954, 38.85586 ], [ -77.18679, 38.85675 ], [ -77.17991, 38.85776 ], [ -77.17894, 38.85838 ], [ -77.17879, 38.86097 ], [ -77.17721, 38.86235 ], [ -77.17467, 38.86715 ], [ -77.17464, 38.86962 ], [ -77.17762, 38.86912 ], [ -77.17784, 38.86953 ], [ -77.17824, 38.8707 ], [ -77.17788, 38.87387 ], [ -77.17448, 38.87406 ], [ -77.17437, 38.87615 ], [ -77.17335, 38.87771 ], [ -77.17325, 38.87861 ], [ -77.15826, 38.87313 ], [ -77.15805, 38.87342 ], [ -77.15747, 38.87345 ], [ -77.15841, 38.87424 ], [ -77.15827, 38.87439 ], [ -77.15555, 38.87248 ], [ -77.15525, 38.87271 ], [ -77.15396, 38.87272 ], [ -77.15132, 38.87349 ], [ -77.14982, 38.8734 ], [ -77.1497, 38.87561 ], [ -77.11019, 38.8448 ], [ -77.1106, 38.84351 ], [ -77.1213, 38.84024 ], [ -77.12165, 38.84136 ], [ -77.12448, 38.8408 ], [ -77.12462, 38.8413 ], [ -77.12572, 38.84062 ], [ -77.12512, 38.83956 ], [ -77.12598, 38.83933 ], [ -77.12481, 38.83759 ], [ -77.12791, 38.83695 ], [ -77.13139, 38.83334 ], [ -77.13528, 38.83217 ], [ -77.13503, 38.83143 ], [ -77.13994, 38.83286 ], [ -77.14077, 38.83119 ], [ -77.14258, 38.83066 ], [ -77.1432, 38.83086 ], [ -77.14541, 38.82598 ] ] } },
{ "type": "Feature", "properties": { "year": 2026, "level": "MS", "name": "Holmes" }, "geometry": { "type": "LineString", "coordinates": [ [ -77.17056, 38.78993 ], [ -77.17388, 38.79027 ], [ -77.17727, 38.79122 ], [ -77.18624, 38.79494 ], [ -77.18579, 38.79757 ], [ -77.18867, 38.79807 ], [ -77.19063, 38.79804 ], [ -77.19271, 38.79762 ], [ -77.20203, 38.79395 ], [ -77.20404, 38.79343 ], [ -77.21788, 38.7928 ], [ -77.21853, 38.79388 ], [ -77.21627, 38.79434 ], [ -77.21513, 38.79504 ], [ -77.21508, 38.79532 ], [ -77.21463, 38.79546 ], [ -77.21421, 38.79608 ], [ -77.21429, 38.79636 ], [ -77.21329, 38.79762 ], [ -77.2143, 38.79913 ], [ -77.21344, 38.80113 ], [ -77.21216, 38.80219 ], [ -77.21191, 38.80317 ], [ -77.21792, 38.81123 ], [ -77.17888, 38.81186 ], [ -77.18011, 38.82351 ], [ -77.18364, 38.82622 ], [ -77.18238, 38.8278 ], [ -77.18789, 38.82904 ], [ -77.19632, 38.83043 ], [ -77.1862, 38.83458 ], [ -77.18326, 38.83554 ], [ -77.17952, 38.83591 ], [ -77.17736, 38.83635 ], [ -77.17379, 38.8366 ], [ -77.17058, 38.83762 ], [ -77.16386, 38.83806 ], [ -77.16255, 38.83795 ], [ -77.15851, 38.83653 ], [ -77.15776, 38.83644 ], [ -77.15748, 38.83586 ], [ -77.15467, 38.83341 ], [ -77.14888, 38.82961 ], [ -77.14631, 38.82736 ], [ -77.14541, 38.82598 ], [ -77.1432, 38.83086 ], [ -77.14258, 38.83066 ], [ -77.14077, 38.83119 ], [ -77.13994, 38.83286 ], [ -77.13503, 38.83143 ], [ -77.13491, 38.83082 ], [ -77.14092, 38.82709 ], [ -77.14192, 38.82567 ], [ -77.14176, 38.82476 ], [ -77.14216, 38.82382 ], [ -77.13852, 38.82389 ], [ -77.13719, 38.82151 ], [ -77.13958, 38.81957 ], [ -77.13845, 38.81872 ], [ -77.13975, 38.81711 ], [ -77.14105, 38.81755 ], [ -77.14355, 38.81429 ], [ -77.14385, 38.81043 ], [ -77.14436, 38.81037 ], [ -77.14321, 38.80563 ], [ -77.14235, 38.80577 ], [ -77.13986, 38.80021 ], [ -77.13774, 38.80077 ], [ -77.13754, 38.7979 ], [ -77.14792, 38.79638 ], [ -77.15093, 38.79517 ], [ -77.15316, 38.79333 ], [ -77.15567, 38.79286 ], [ -77.16135, 38.79134 ], [ -77.16843, 38.79005 ], [ -77.17056, 38.78993 ] ] } },
{ "type": "Feature", "properties": { "year": 2026, "level": "MS", "name": "Frost" }, "geometry": { "type": "LineString", "coordinates": [ [ -77.34276, 38.8038 ], [ -77.34307, 38.80365 ], [ -77.34473, 38.80641 ], [ -77.3495, 38.80879 ], [ -77.35769, 38.80565 ], [ -77.35823, 38.80581 ], [ -77.35832, 38.80627 ], [ -77.35876, 38.80623 ], [ -77.36028, 38.80705 ], [ -77.3616, 38.8082 ], [ -77.36301, 38.80866 ], [ -77.36298, 38.80971 ], [ -77.36357, 38.81096 ], [ -77.36414, 38.81103 ], [ -77.36483, 38.81175 ], [ -77.36487, 38.8125 ], [ -77.36603, 38.81339 ], [ -77.36604, 38.81416 ], [ -77.3655, 38.81552 ], [ -77.36481, 38.81613 ], [ -77.36481, 38.8164 ], [ -77.36595, 38.81754 ], [ -77.36607, 38.81797 ], [ -77.36663, 38.81806 ], [ -77.36342, 38.81877 ], [ -77.36385, 38.81984 ], [ -77.36253, 38.82102 ], [ -77.3633, 38.82493 ], [ -77.36203, 38.82492 ], [ -77.36175, 38.82524 ], [ -77.36226, 38.82588 ], [ -77.36297, 38.82614 ], [ -77.36261, 38.82701 ], [ -77.36281, 38.82764 ], [ -77.36258, 38.82863 ], [ -77.36211, 38.829 ], [ -77.36215, 38.82998 ], [ -77.36365, 38.83319 ], [ -77.36293, 38.83414 ], [ -77.3639, 38.83629 ], [ -77.36372, 38.83704 ], [ -77.36302, 38.83718 ], [ -77.36733, 38.84662 ], [ -77.35893, 38.8482 ], [ -77.3396, 38.8508 ], [ -77.33991, 38.85262 ], [ -77.33942, 38.85268 ], [ -77.33931, 38.8532 ], [ -77.33823, 38.85309 ], [ -77.3381, 38.85393 ], [ -77.33919, 38.85402 ], [ -77.34085, 38.85452 ], [ -77.34097, 38.85423 ], [ -77.34227, 38.85443 ], [ -77.34191, 38.85533 ], [ -77.34286, 38.85559 ], [ -77.34458, 38.85375 ], [ -77.34527, 38.85371 ], [ -77.34742, 38.85288 ], [ -77.34964, 38.85242 ], [ -77.35001, 38.85523 ], [ -77.34938, 38.85594 ], [ -77.34667, 38.85579 ], [ -77.34685, 38.85618 ], [ -77.34705, 38.85605 ], [ -77.34704, 38.85656 ], [ -77.34739, 38.85658 ], [ -77.34794, 38.85708 ], [ -77.34777, 38.85859 ], [ -77.34726, 38.85921 ], [ -77.34667, 38.86086 ], [ -77.34586, 38.86125 ], [ -77.33333, 38.85643 ], [ -77.33481, 38.85372 ], [ -77.33503, 38.85266 ], [ -77.3348, 38.85136 ], [ -77.3318, 38.8517 ], [ -77.33137, 38.85122 ], [ -77.33054, 38.84886 ], [ -77.33033, 38.84884 ], [ -77.33032, 38.84779 ], [ -77.33095, 38.84732 ], [ -77.32588, 38.84698 ], [ -77.32269, 38.8432 ], [ -77.31876, 38.84202 ], [ -77.31869, 38.83466 ], [ -77.31623, 38.83642 ], [ -77.31411, 38.83583 ], [ -77.31398, 38.83604 ], [ -77.31274, 38.83631 ], [ -77.31261, 38.83571 ], [ -77.31175, 38.83572 ], [ -77.31198, 38.83678 ], [ -77.31043, 38.83694 ], [ -77.31036, 38.83666 ], [ -77.30805, 38.83689 ], [ -77.30786, 38.83575 ], [ -77.30406, 38.83608 ], [ -77.30307, 38.83282 ], [ -77.30133, 38.83311 ], [ -77.30179, 38.83475 ], [ -77.30224, 38.8349 ], [ -77.30229, 38.83535 ], [ -77.30022, 38.83521 ], [ -77.30024, 38.83505 ], [ -77.29715, 38.83497 ], [ -77.29673, 38.83598 ], [ -77.29674, 38.83733 ], [ -77.29063, 38.83652 ], [ -77.2884, 38.83653 ], [ -77.28828, 38.83615 ], [ -77.28726, 38.83613 ], [ -77.28735, 38.83864 ], [ -77.28647, 38.83862 ], [ -77.28638, 38.84172 ], [ -77.28206, 38.84118 ], [ -77.28094, 38.84127 ], [ -77.27854, 38.84099 ], [ -77.27856, 38.84198 ], [ -77.27052, 38.84092 ], [ -77.26998, 38.84335 ], [ -77.27175, 38.8485 ], [ -77.27096, 38.85138 ], [ -77.26926, 38.85182 ], [ -77.26891, 38.85239 ], [ -77.26917, 38.85379 ], [ -77.26879, 38.85448 ], [ -77.26979, 38.85566 ], [ -77.26863, 38.85999 ], [ -77.26878, 38.86287 ], [ -77.26954, 38.86413 ], [ -77.27003, 38.86412 ], [ -77.27013, 38.86487 ], [ -77.23395, 38.86549 ], [ -77.23537, 38.8627 ], [ -77.23354, 38.86232 ], [ -77.23898, 38.85818 ], [ -77.24473, 38.85339 ], [ -77.2431, 38.85305 ], [ -77.24254, 38.8523 ], [ -77.24186, 38.85235 ], [ -77.24208, 38.85182 ], [ -77.24146, 38.85151 ], [ -77.24136, 38.85098 ], [ -77.24049, 38.85045 ], [ -77.24054, 38.84946 ], [ -77.23977, 38.84923 ], [ -77.23882, 38.84783 ], [ -77.23876, 38.84722 ], [ -77.23909, 38.84684 ], [ -77.23814, 38.84619 ], [ -77.2377, 38.84612 ], [ -77.23788, 38.84585 ], [ -77.23651, 38.84555 ], [ -77.23495, 38.84637 ], [ -77.23454, 38.84623 ], [ -77.23464, 38.84593 ], [ -77.23406, 38.84527 ], [ -77.2345, 38.84482 ], [ -77.23433, 38.84468 ], [ -77.23453, 38.8441 ], [ -77.23427, 38.84374 ], [ -77.23304, 38.84319 ], [ -77.2324, 38.84333 ], [ -77.23127, 38.8431 ], [ -77.23303, 38.84159 ], [ -77.2328, 38.84148 ], [ -77.23261, 38.84006 ], [ -77.23284, 38.83896 ], [ -77.23273, 38.836 ], [ -77.22682, 38.83567 ], [ -77.22088, 38.83496 ], [ -77.21822, 38.83432 ], [ -77.2188, 38.8304 ], [ -77.22191, 38.82388 ], [ -77.22246, 38.82052 ], [ -77.22214, 38.81822 ], [ -77.2213, 38.81613 ], [ -77.21792, 38.81123 ], [ -77.24026, 38.8109 ], [ -77.24971, 38.81054 ], [ -77.26369, 38.81084 ], [ -77.26654, 38.81173 ], [ -77.26991, 38.81497 ], [ -77.27473, 38.81775 ], [ -77.28309, 38.82499 ], [ -77.28479, 38.8259 ], [ -77.2875, 38.82637 ], [ -77.29488, 38.82654 ], [ -77.29928, 38.82626 ], [ -77.3007, 38.82594 ], [ -77.3036, 38.82477 ], [ -77.30646, 38.82407 ], [ -77.30785, 38.82396 ], [ -77.3112, 38.82464 ], [ -77.31352, 38.82613 ], [ -77.31658, 38.82745 ], [ -77.31717, 38.82386 ], [ -77.31784, 38.82214 ], [ -77.31973, 38.81958 ], [ -77.32189, 38.81532 ], [ -77.32538, 38.81138 ], [ -77.32621, 38.8094 ], [ -77.32678, 38.80946 ], [ -77.32673, 38.80986 ], [ -77.3331, 38.81073 ], [ -77.33316, 38.80768 ], [ -77.33811, 38.80853 ], [ -77.34006, 38.8091 ], [ -77.33985, 38.80872 ], [ -77.34018, 38.80784 ], [ -77.34076, 38.80777 ], [ -77.34171, 38.80588 ], [ -77.34199, 38.80592 ], [ -77.34147, 38.80458 ], [ -77.34166, 38.80381 ], [ -77.34211, 38.80399 ], [ -77.34189, 38.80422 ], [ -77.34208, 38.80432 ], [ -77.34276, 38.8038 ] ] } },
{ "type": "Feature", "properties": { "year": 2026, "level": "MS", "name": "Poe" }, "geometry": { "type": "LineString", "coordinates": [ [ -77.21792, 38.81123 ], [ -77.2213, 38.81613 ], [ -77.22214, 38.81822 ], [ -77.22246, 38.82052 ], [ -77.22191, 38.82388 ], [ -77.2188, 38.8304 ], [ -77.21822, 38.83432 ], [ -77.21234, 38.83286 ], [ -77.20422, 38.83175 ], [ -77.20211, 38.83629 ], [ -77.20394, 38.83696 ], [ -77.20337, 38.83846 ], [ -77.20639, 38.83916 ], [ -77.20659, 38.83861 ], [ -77.20831, 38.83904 ], [ -77.20644, 38.84243 ], [ -77.20369, 38.84536 ], [ -77.20212, 38.84748 ], [ -77.20151, 38.85033 ], [ -77.20088, 38.85125 ], [ -77.19819, 38.85305 ], [ -77.19633, 38.85358 ], [ -77.19287, 38.85401 ], [ -77.19273, 38.84971 ], [ -77.19204, 38.84983 ], [ -77.19104, 38.84921 ], [ -77.19065, 38.84929 ], [ -77.19015, 38.8485 ], [ -77.18961, 38.84843 ], [ -77.18916, 38.84752 ], [ -77.18801, 38.84761 ], [ -77.18555, 38.84718 ], [ -77.18553, 38.84758 ], [ -77.18435, 38.84774 ], [ -77.18312, 38.84756 ], [ -77.18309, 38.84729 ], [ -77.18207, 38.84699 ], [ -77.17471, 38.84649 ], [ -77.17472, 38.84552 ], [ -77.17432, 38.8443 ], [ -77.17634, 38.84371 ], [ -77.17377, 38.83794 ], [ -77.17696, 38.83762 ], [ -77.17643, 38.83643 ], [ -77.18381, 38.83539 ], [ -77.19632, 38.83043 ], [ -77.18789, 38.82904 ], [ -77.18238, 38.8278 ], [ -77.18364, 38.82622 ], [ -77.18011, 38.82351 ], [ -77.17888, 38.81186 ], [ -77.21792, 38.81123 ] ] } },
{ "type": "Feature", "properties": { "year": 2026, "level": "MS", "name": "Irving" }, "geometry": { "type": "LineString", "coordinates": [ [ -77.22764, 38.74406 ], [ -77.22926, 38.74424 ], [ -77.22931, 38.74397 ], [ -77.23166, 38.74426 ], [ -77.23197, 38.745 ], [ -77.2342, 38.745 ], [ -77.23417, 38.74334 ], [ -77.23857, 38.74394 ], [ -77.24034, 38.74362 ], [ -77.24309, 38.75024 ], [ -77.24445, 38.75003 ], [ -77.2442, 38.74981 ], [ -77.24733, 38.74712 ], [ -77.24901, 38.7461 ], [ -77.25143, 38.74546 ], [ -77.2541, 38.74555 ], [ -77.25663, 38.74645 ], [ -77.26017, 38.74903 ], [ -77.26398, 38.75058 ], [ -77.26763, 38.75182 ], [ -77.27191, 38.75197 ], [ -77.27471, 38.75345 ], [ -77.26223, 38.77484 ], [ -77.25988, 38.77381 ], [ -77.25767, 38.77327 ], [ -77.25482, 38.77319 ], [ -77.25255, 38.77356 ], [ -77.25846, 38.77871 ], [ -77.24591, 38.79365 ], [ -77.24787, 38.79594 ], [ -77.23777, 38.79616 ], [ -77.23615, 38.79573 ], [ -77.23026, 38.79299 ], [ -77.2288, 38.79254 ], [ -77.21888, 38.79277 ], [ -77.21679, 38.79069 ], [ -77.21689, 38.79035 ], [ -77.21609, 38.78989 ], [ -77.21515, 38.78885 ], [ -77.21301, 38.78773 ], [ -77.21137, 38.78754 ], [ -77.20885, 38.78669 ], [ -77.20761, 38.7861 ], [ -77.20703, 38.78516 ], [ -77.20604, 38.7847 ], [ -77.20584, 38.78417 ], [ -77.20622, 38.78365 ], [ -77.20621, 38.78302 ], [ -77.20716, 38.78155 ], [ -77.20875, 38.78033 ], [ -77.20946, 38.78012 ], [ -77.20987, 38.78063 ], [ -77.20959, 38.78067 ], [ -77.21013, 38.78066 ], [ -77.2107, 38.77996 ], [ -77.20925, 38.77773 ], [ -77.20819, 38.77684 ], [ -77.20694, 38.77676 ], [ -77.20609, 38.77864 ], [ -77.20493, 38.77946 ], [ -77.20426, 38.77962 ], [ -77.20376, 38.77916 ], [ -77.20421, 38.77799 ], [ -77.20462, 38.77767 ], [ -77.20436, 38.77652 ], [ -77.20337, 38.77507 ], [ -77.20336, 38.77474 ], [ -77.2038, 38.77452 ], [ -77.20381, 38.77404 ], [ -77.20299, 38.77348 ], [ -77.20295, 38.77284 ], [ -77.20378, 38.77116 ], [ -77.2043, 38.77108 ], [ -77.2056, 38.77028 ], [ -77.20705, 38.76828 ], [ -77.20736, 38.76751 ], [ -77.20695, 38.76607 ], [ -77.20701, 38.76539 ], [ -77.20828, 38.76387 ], [ -77.20882, 38.76236 ], [ -77.20809, 38.76185 ], [ -77.21075, 38.76063 ], [ -77.21479, 38.7599 ], [ -77.21728, 38.75906 ], [ -77.22051, 38.76161 ], [ -77.22108, 38.76256 ], [ -77.22152, 38.76268 ], [ -77.22227, 38.76249 ], [ -77.22218, 38.76229 ], [ -77.22361, 38.76008 ], [ -77.22459, 38.75982 ], [ -77.225, 38.76075 ], [ -77.22712, 38.7602 ], [ -77.22692, 38.75921 ], [ -77.22735, 38.75792 ], [ -77.22557, 38.75657 ], [ -77.22508, 38.75589 ], [ -77.22533, 38.75518 ], [ -77.22666, 38.75393 ], [ -77.22672, 38.75348 ], [ -77.22605, 38.7528 ], [ -77.22539, 38.75252 ], [ -77.2233, 38.75241 ], [ -77.2231, 38.75221 ], [ -77.22379, 38.75088 ], [ -77.22133, 38.74988 ], [ -77.22113, 38.74936 ], [ -77.22283, 38.74878 ], [ -77.22261, 38.74806 ], [ -77.22274, 38.74586 ], [ -77.22331, 38.74544 ], [ -77.22393, 38.74405 ], [ -77.2247, 38.74372 ], [ -77.22764, 38.74406 ] ] } },
{ "type": "Feature", "properties": { "year": 2026, "level": "MS", "name": "Key" }, "geometry": { "type": "LineString", "coordinates": [ [ -77.17795, 38.75481 ], [ -77.18113, 38.74962 ], [ -77.18318, 38.74562 ], [ -77.18478, 38.74138 ], [ -77.18748, 38.73211 ], [ -77.18815, 38.73076 ], [ -77.18925, 38.72942 ], [ -77.19052, 38.72839 ], [ -77.19211, 38.72751 ], [ -77.20474, 38.72255 ], [ -77.20716, 38.72122 ], [ -77.20905, 38.71985 ], [ -77.21023, 38.72068 ], [ -77.21168, 38.7199 ], [ -77.21328, 38.72079 ], [ -77.21395, 38.72138 ], [ -77.2139, 38.72225 ], [ -77.21525, 38.72349 ], [ -77.21557, 38.7241 ], [ -77.21581, 38.72599 ], [ -77.217, 38.72843 ], [ -77.21801, 38.72944 ], [ -77.21824, 38.72998 ], [ -77.21883, 38.73037 ], [ -77.21938, 38.73146 ], [ -77.22016, 38.73185 ], [ -77.22088, 38.73259 ], [ -77.22114, 38.73404 ], [ -77.2218, 38.73399 ], [ -77.22281, 38.73528 ], [ -77.22433, 38.73628 ], [ -77.22428, 38.73707 ], [ -77.225, 38.73801 ], [ -77.22609, 38.73886 ], [ -77.22555, 38.73903 ], [ -77.22585, 38.73993 ], [ -77.22541, 38.74092 ], [ -77.22584, 38.74264 ], [ -77.22572, 38.74316 ], [ -77.22393, 38.74405 ], [ -77.22331, 38.74544 ], [ -77.22274, 38.74586 ], [ -77.22261, 38.74806 ], [ -77.22283, 38.74878 ], [ -77.22113, 38.74936 ], [ -77.22133, 38.74988 ], [ -77.22379, 38.75088 ], [ -77.2231, 38.75221 ], [ -77.2233, 38.75241 ], [ -77.22539, 38.75252 ], [ -77.22605, 38.7528 ], [ -77.22672, 38.75348 ], [ -77.22666, 38.75393 ], [ -77.22533, 38.75518 ], [ -77.22508, 38.75589 ], [ -77.22557, 38.75657 ], [ -77.22735, 38.75792 ], [ -77.22692, 38.75921 ], [ -77.22712, 38.7602 ], [ -77.225, 38.76075 ], [ -77.22459, 38.75982 ], [ -77.22361, 38.76008 ], [ -77.22218, 38.76229 ], [ -77.22227, 38.76249 ], [ -77.22152, 38.76268 ], [ -77.22108, 38.76256 ], [ -77.22051, 38.76161 ], [ -77.21728, 38.75906 ], [ -77.21479, 38.7599 ], [ -77.21121, 38.7605 ], [ -77.20854, 38.76155 ], [ -77.20809, 38.76185 ], [ -77.20882, 38.76236 ], [ -77.20874, 38.76272 ], [ -77.20828, 38.76387 ], [ -77.20701, 38.76539 ], [ -77.20695, 38.76607 ], [ -77.20736, 38.76751 ], [ -77.20705, 38.76828 ], [ -77.2056, 38.77028 ], [ -77.2043, 38.77108 ], [ -77.20378, 38.77116 ], [ -77.20295, 38.77284 ], [ -77.20299, 38.77348 ], [ -77.20381, 38.77404 ], [ -77.2038, 38.77452 ], [ -77.20336, 38.77474 ], [ -77.20337, 38.77507 ], [ -77.20436, 38.77652 ], [ -77.20453, 38.77718 ], [ -77.20462, 38.77767 ], [ -77.20421, 38.77799 ], [ -77.20376, 38.77916 ], [ -77.20426, 38.77962 ], [ -77.20493, 38.77946 ], [ -77.20609, 38.77864 ], [ -77.20662, 38.77781 ], [ -77.20669, 38.77695 ], [ -77.20694, 38.77676 ], [ -77.20777, 38.77675 ], [ -77.20819, 38.77684 ], [ -77.20925, 38.77773 ], [ -77.21071, 38.77977 ], [ -77.21021, 38.78064 ], [ -77.20968, 38.78071 ], [ -77.20961, 38.78068 ], [ -77.20986, 38.78061 ], [ -77.20931, 38.78012 ], [ -77.20836, 38.78053 ], [ -77.20716, 38.78155 ], [ -77.20621, 38.78302 ], [ -77.20622, 38.78365 ], [ -77.20584, 38.78417 ], [ -77.20606, 38.78473 ], [ -77.20703, 38.78516 ], [ -77.20761, 38.7861 ], [ -77.20885, 38.78669 ], [ -77.21137, 38.78754 ], [ -77.21301, 38.78773 ], [ -77.21515, 38.78885 ], [ -77.21609, 38.78989 ], [ -77.21689, 38.79035 ], [ -77.21679, 38.79069 ], [ -77.21888, 38.79277 ], [ -77.20404, 38.79343 ], [ -77.20203, 38.79395 ], [ -77.19298, 38.79754 ], [ -77.1897, 38.7981 ], [ -77.18786, 38.79799 ], [ -77.18579, 38.79757 ], [ -77.18624, 38.79494 ], [ -77.18223, 38.79339 ], [ -77.17853, 38.79166 ], [ -77.17315, 38.79014 ], [ -77.17056, 38.78993 ], [ -77.16843, 38.79005 ], [ -77.16135, 38.79134 ], [ -77.15567, 38.79286 ], [ -77.15316, 38.79333 ], [ -77.15408, 38.79202 ], [ -77.1547, 38.79042 ], [ -77.15712, 38.7761 ], [ -77.15765, 38.77434 ], [ -77.15857, 38.77257 ], [ -77.16044, 38.77033 ], [ -77.16247, 38.76875 ], [ -77.16415, 38.76783 ], [ -77.16978, 38.76545 ], [ -77.17193, 38.76396 ], [ -77.17314, 38.76254 ], [ -77.17795, 38.75481 ] ] } },
{ "type": "Feature", "properties": { "year": 2026, "level": "MS", "name": "Carson" }, "geometry": { "type": "LineString", "coordinates": [ [ -77.44735, 38.90063 ], [ -77.47327, 38.91105 ], [ -77.42266, 38.96234 ], [ -77.41804, 38.96153 ], [ -77.40125, 38.95563 ], [ -77.39651, 38.95439 ], [ -77.38441, 38.95264 ], [ -77.38118, 38.95261 ], [ -77.37402, 38.95306 ], [ -77.37698, 38.94821 ], [ -77.37786, 38.9485 ], [ -77.38004, 38.94995 ], [ -77.38354, 38.95034 ], [ -77.3846, 38.94993 ], [ -77.38602, 38.94858 ], [ -77.38713, 38.94807 ], [ -77.39027, 38.94782 ], [ -77.39185, 38.94823 ], [ -77.39323, 38.9452 ], [ -77.38387, 38.93963 ], [ -77.37979, 38.93497 ], [ -77.37803, 38.93612 ], [ -77.37728, 38.93717 ], [ -77.37658, 38.93655 ], [ -77.37278, 38.93832 ], [ -77.37133, 38.93651 ], [ -77.37284, 38.93552 ], [ -77.37826, 38.93311 ], [ -77.37495, 38.92855 ], [ -77.37366, 38.92756 ], [ -77.37259, 38.92706 ], [ -77.37332, 38.92596 ], [ -77.37356, 38.92497 ], [ -77.37208, 38.92458 ], [ -77.35838, 38.90507 ], [ -77.35988, 38.90441 ], [ -77.36051, 38.90537 ], [ -77.37114, 38.90083 ], [ -77.37172, 38.90161 ], [ -77.37279, 38.90114 ], [ -77.37292, 38.90007 ], [ -77.37754, 38.8981 ], [ -77.37709, 38.89703 ], [ -77.37799, 38.89657 ], [ -77.37832, 38.89706 ], [ -77.37926, 38.89684 ], [ -77.37952, 38.89725 ], [ -77.38078, 38.8967 ], [ -77.38129, 38.89819 ], [ -77.38143, 38.90033 ], [ -77.39023, 38.90201 ], [ -77.38788, 38.89808 ], [ -77.39027, 38.89683 ], [ -77.39521, 38.90057 ], [ -77.39597, 38.89982 ], [ -77.39527, 38.89927 ], [ -77.39565, 38.89896 ], [ -77.39673, 38.9 ], [ -77.39846, 38.90001 ], [ -77.39842, 38.90038 ], [ -77.39749, 38.90142 ], [ -77.39809, 38.90152 ], [ -77.39835, 38.90123 ], [ -77.39999, 38.90114 ], [ -77.40111, 38.90051 ], [ -77.40214, 38.902 ], [ -77.40577, 38.90261 ], [ -77.40571, 38.90338 ], [ -77.40473, 38.90445 ], [ -77.40286, 38.90557 ], [ -77.40281, 38.90662 ], [ -77.40152, 38.90693 ], [ -77.39977, 38.9068 ], [ -77.39761, 38.90527 ], [ -77.39604, 38.90509 ], [ -77.39491, 38.9047 ], [ -77.39484, 38.90693 ], [ -77.39416, 38.90812 ], [ -77.39401, 38.91042 ], [ -77.39505, 38.91086 ], [ -77.3946, 38.9115 ], [ -77.39808, 38.913 ], [ -77.40151, 38.90986 ], [ -77.4031, 38.91092 ], [ -77.40236, 38.91247 ], [ -77.39987, 38.91601 ], [ -77.40217, 38.91805 ], [ -77.40445, 38.91894 ], [ -77.40445, 38.92008 ], [ -77.40519, 38.92169 ], [ -77.40677, 38.92352 ], [ -77.40731, 38.92441 ], [ -77.40723, 38.9247 ], [ -77.40776, 38.92477 ], [ -77.40821, 38.92525 ], [ -77.4087, 38.92522 ], [ -77.40938, 38.92468 ], [ -77.40944, 38.9242 ], [ -77.41051, 38.92379 ], [ -77.41104, 38.92388 ], [ -77.41126, 38.92426 ], [ -77.41184, 38.92412 ], [ -77.41232, 38.9243 ], [ -77.41235, 38.92509 ], [ -77.41267, 38.92522 ], [ -77.41237, 38.92578 ], [ -77.413, 38.92616 ], [ -77.41279, 38.92675 ], [ -77.41346, 38.92692 ], [ -77.41347, 38.92743 ], [ -77.4141, 38.928 ], [ -77.41445, 38.92799 ], [ -77.41438, 38.92855 ], [ -77.41529, 38.92885 ], [ -77.41708, 38.92305 ], [ -77.42015, 38.91537 ], [ -77.42312, 38.90603 ], [ -77.42578, 38.9065 ], [ -77.4257, 38.90636 ], [ -77.4287, 38.90619 ], [ -77.42969, 38.90568 ], [ -77.42976, 38.90037 ], [ -77.4347, 38.90042 ], [ -77.43501, 38.89807 ], [ -77.43648, 38.89812 ], [ -77.43657, 38.89625 ], [ -77.44735, 38.90063 ] ] } },
{ "type": "Feature", "properties": { "year": 2026, "level": "MS", "name": "Hayfield" }, "geometry": { "type": "LineString", "coordinates": [ [ -77.20703, 38.69815 ], [ -77.20786, 38.69738 ], [ -77.21268, 38.69531 ], [ -77.21308, 38.69408 ], [ -77.21463, 38.69328 ], [ -77.21454, 38.69184 ], [ -77.2163, 38.69113 ], [ -77.21619, 38.69013 ], [ -77.21757, 38.6902 ], [ -77.21979, 38.68895 ], [ -77.22031, 38.68973 ], [ -77.21825, 38.69317 ], [ -77.21425, 38.69715 ], [ -77.21694, 38.70156 ], [ -77.21914, 38.70053 ], [ -77.21956, 38.70115 ], [ -77.22011, 38.70094 ], [ -77.22025, 38.70114 ], [ -77.21842, 38.70218 ], [ -77.2184, 38.70416 ], [ -77.22109, 38.70527 ], [ -77.21933, 38.71034 ], [ -77.21731, 38.71276 ], [ -77.20905, 38.71985 ], [ -77.20716, 38.72122 ], [ -77.20423, 38.72278 ], [ -77.19182, 38.72764 ], [ -77.19029, 38.72855 ], [ -77.18889, 38.72981 ], [ -77.18748, 38.73211 ], [ -77.18454, 38.74212 ], [ -77.18219, 38.74769 ], [ -77.17314, 38.76254 ], [ -77.1713, 38.7645 ], [ -77.16949, 38.7656 ], [ -77.16497, 38.76748 ], [ -77.16213, 38.76673 ], [ -77.15558, 38.76555 ], [ -77.15258, 38.7642 ], [ -77.15127, 38.76389 ], [ -77.15129, 38.76374 ], [ -77.14993, 38.7638 ], [ -77.14856, 38.76424 ], [ -77.13606, 38.77116 ], [ -77.1331, 38.77327 ], [ -77.13122, 38.77206 ], [ -77.12945, 38.77041 ], [ -77.12662, 38.76957 ], [ -77.12539, 38.76896 ], [ -77.1247, 38.76817 ], [ -77.12439, 38.76686 ], [ -77.12391, 38.76604 ], [ -77.12116, 38.76732 ], [ -77.11923, 38.76917 ], [ -77.11645, 38.77125 ], [ -77.11295, 38.77321 ], [ -77.11191, 38.7742 ], [ -77.11019, 38.77517 ], [ -77.10726, 38.77901 ], [ -77.10365, 38.78196 ], [ -77.09508, 38.7854 ], [ -77.09174, 38.78651 ], [ -77.09116, 38.78648 ], [ -77.09099, 38.78519 ], [ -77.09279, 38.78215 ], [ -77.092, 38.78189 ], [ -77.09164, 38.78118 ], [ -77.0925, 38.77977 ], [ -77.09208, 38.77938 ], [ -77.09243, 38.77867 ], [ -77.09192, 38.77691 ], [ -77.09254, 38.77641 ], [ -77.08987, 38.77433 ], [ -77.11412, 38.76914 ], [ -77.11126, 38.7618 ], [ -77.12013, 38.7626 ], [ -77.12014, 38.76224 ], [ -77.12038, 38.76232 ], [ -77.12141, 38.7611 ], [ -77.12185, 38.76105 ], [ -77.12187, 38.76072 ], [ -77.12234, 38.7605 ], [ -77.12231, 38.75958 ], [ -77.12292, 38.75807 ], [ -77.12354, 38.75769 ], [ -77.12366, 38.75729 ], [ -77.12347, 38.75719 ], [ -77.12378, 38.75704 ], [ -77.1236, 38.75676 ], [ -77.12393, 38.75673 ], [ -77.12393, 38.75634 ], [ -77.12309, 38.75608 ], [ -77.12307, 38.75544 ], [ -77.12203, 38.75439 ], [ -77.12192, 38.75322 ], [ -77.12262, 38.75019 ], [ -77.12246, 38.74939 ], [ -77.12595, 38.74581 ], [ -77.12831, 38.74603 ], [ -77.13217, 38.74257 ], [ -77.13288, 38.74125 ], [ -77.14301, 38.74862 ], [ -77.15014, 38.74424 ], [ -77.15848, 38.74246 ], [ -77.16212, 38.74095 ], [ -77.16458, 38.7392 ], [ -77.16729, 38.73832 ], [ -77.16812, 38.73753 ], [ -77.16886, 38.7359 ], [ -77.17081, 38.73357 ], [ -77.16726, 38.73187 ], [ -77.1707, 38.72959 ], [ -77.17169, 38.72919 ], [ -77.17196, 38.72754 ], [ -77.17229, 38.72731 ], [ -77.17247, 38.7264 ], [ -77.17395, 38.72418 ], [ -77.1735, 38.72361 ], [ -77.17403, 38.72126 ], [ -77.18101, 38.72289 ], [ -77.18329, 38.72447 ], [ -77.1853, 38.72328 ], [ -77.18888, 38.72203 ], [ -77.19142, 38.71974 ], [ -77.18833, 38.71791 ], [ -77.18776, 38.71654 ], [ -77.18903, 38.71604 ], [ -77.18834, 38.71367 ], [ -77.18328, 38.71081 ], [ -77.17982, 38.70746 ], [ -77.18576, 38.70739 ], [ -77.19298, 38.70911 ], [ -77.19397, 38.70686 ], [ -77.19651, 38.70328 ], [ -77.19684, 38.70151 ], [ -77.19611, 38.70188 ], [ -77.19522, 38.70196 ], [ -77.19519, 38.70016 ], [ -77.19702, 38.69946 ], [ -77.19819, 38.70084 ], [ -77.20081, 38.69952 ], [ -77.20132, 38.69822 ], [ -77.20412, 38.69907 ], [ -77.20544, 38.69858 ], [ -77.20586, 38.69887 ], [ -77.20626, 38.69884 ], [ -77.20703, 38.69815 ] ] } },
{ "type": "Feature", "properties": { "year": 2026, "level": "MS", "name": "Twain" }, "geometry": { "type": "LineString", "coordinates": [ [ -77.15098, 38.76373 ], [ -77.15258, 38.7642 ], [ -77.15558, 38.76555 ], [ -77.16213, 38.76673 ], [ -77.16497, 38.76748 ], [ -77.16282, 38.76853 ], [ -77.16094, 38.76988 ], [ -77.1594, 38.77143 ], [ -77.15822, 38.77315 ], [ -77.15712, 38.7761 ], [ -77.15436, 38.79143 ], [ -77.1535, 38.79291 ], [ -77.15218, 38.79429 ], [ -77.15044, 38.79544 ], [ -77.14853, 38.79621 ], [ -77.13754, 38.7979 ], [ -77.13756, 38.79818 ], [ -77.12109, 38.80052 ], [ -77.11697, 38.8015 ], [ -77.11301, 38.803 ], [ -77.11229, 38.80207 ], [ -77.1064, 38.80327 ], [ -77.10063, 38.8035 ], [ -77.07647, 38.8007 ], [ -77.07297, 38.80005 ], [ -77.07001, 38.79915 ], [ -77.06304, 38.79643 ], [ -77.06362, 38.79536 ], [ -77.05993, 38.79409 ], [ -77.05681, 38.7926 ], [ -77.05787, 38.79195 ], [ -77.06556, 38.78871 ], [ -77.07012, 38.78539 ], [ -77.07662, 38.78276 ], [ -77.07853, 38.78128 ], [ -77.07898, 38.78151 ], [ -77.08987, 38.77433 ], [ -77.09254, 38.77641 ], [ -77.09192, 38.77691 ], [ -77.09243, 38.77867 ], [ -77.09208, 38.77938 ], [ -77.0925, 38.77977 ], [ -77.09164, 38.78118 ], [ -77.092, 38.78189 ], [ -77.09279, 38.78215 ], [ -77.09099, 38.78519 ], [ -77.09116, 38.78648 ], [ -77.09174, 38.78651 ], [ -77.10018, 38.78346 ], [ -77.10365, 38.78196 ], [ -77.10726, 38.77901 ], [ -77.11019, 38.77517 ], [ -77.11191, 38.7742 ], [ -77.11295, 38.77321 ], [ -77.11645, 38.77125 ], [ -77.11923, 38.76917 ], [ -77.12116, 38.76732 ], [ -77.12391, 38.76604 ], [ -77.12439, 38.76686 ], [ -77.1247, 38.76817 ], [ -77.12539, 38.76896 ], [ -77.12662, 38.76957 ], [ -77.12945, 38.77041 ], [ -77.13122, 38.77206 ], [ -77.1331, 38.77327 ], [ -77.13529, 38.7716 ], [ -77.14856, 38.76424 ], [ -77.14993, 38.7638 ], [ -77.15098, 38.76373 ] ] } },
{ "type": "Feature", "properties": { "year": 2026, "level": "MS", "name": "Whitman" }, "geometry": { "type": "LineString", "coordinates": [ [ -77.13605, 38.67342 ], [ -77.13571, 38.67372 ], [ -77.13561, 38.6745 ], [ -77.13596, 38.67395 ], [ -77.1365, 38.67377 ], [ -77.13697, 38.67376 ], [ -77.13781, 38.67438 ], [ -77.13899, 38.67433 ], [ -77.13889, 38.67387 ], [ -77.13848, 38.67359 ], [ -77.13662, 38.67337 ], [ -77.13647, 38.67307 ], [ -77.13686, 38.67294 ], [ -77.13987, 38.67367 ], [ -77.14132, 38.67445 ], [ -77.14261, 38.67432 ], [ -77.14322, 38.67404 ], [ -77.14379, 38.67502 ], [ -77.14631, 38.67685 ], [ -77.14644, 38.67717 ], [ -77.14733, 38.67706 ], [ -77.14839, 38.67792 ], [ -77.14982, 38.67786 ], [ -77.15128, 38.67843 ], [ -77.15221, 38.67915 ], [ -77.15422, 38.679 ], [ -77.15371, 38.68045 ], [ -77.1538, 38.68151 ], [ -77.15412, 38.68184 ], [ -77.1551, 38.68198 ], [ -77.15668, 38.68266 ], [ -77.15745, 38.68409 ], [ -77.15679, 38.68451 ], [ -77.15644, 38.68435 ], [ -77.15632, 38.68492 ], [ -77.15578, 38.68515 ], [ -77.15516, 38.68616 ], [ -77.15472, 38.6863 ], [ -77.15393, 38.68795 ], [ -77.15414, 38.68856 ], [ -77.15391, 38.68944 ], [ -77.15469, 38.69007 ], [ -77.15527, 38.69021 ], [ -77.15493, 38.6909 ], [ -77.15511, 38.6915 ], [ -77.15735, 38.69193 ], [ -77.15765, 38.69252 ], [ -77.15756, 38.69333 ], [ -77.15799, 38.6932 ], [ -77.15792, 38.69348 ], [ -77.15842, 38.69338 ], [ -77.15822, 38.69317 ], [ -77.15831, 38.6919 ], [ -77.1578, 38.68897 ], [ -77.15906, 38.68708 ], [ -77.159, 38.68672 ], [ -77.15851, 38.6865 ], [ -77.15865, 38.686 ], [ -77.15903, 38.68603 ], [ -77.15951, 38.6857 ], [ -77.16062, 38.6863 ], [ -77.16049, 38.6866 ], [ -77.16073, 38.68705 ], [ -77.16043, 38.68726 ], [ -77.16012, 38.68714 ], [ -77.16005, 38.68736 ], [ -77.16045, 38.68841 ], [ -77.15979, 38.68951 ], [ -77.15995, 38.69006 ], [ -77.16057, 38.68956 ], [ -77.1616, 38.68977 ], [ -77.16247, 38.68955 ], [ -77.16295, 38.68866 ], [ -77.16354, 38.68859 ], [ -77.1632, 38.68824 ], [ -77.16394, 38.68742 ], [ -77.16361, 38.68716 ], [ -77.16321, 38.68577 ], [ -77.16411, 38.68551 ], [ -77.16396, 38.68489 ], [ -77.16548, 38.68333 ], [ -77.16586, 38.68336 ], [ -77.16614, 38.68531 ], [ -77.16712, 38.68585 ], [ -77.16804, 38.68569 ], [ -77.17015, 38.6846 ], [ -77.17141, 38.68466 ], [ -77.17192, 38.68488 ], [ -77.17242, 38.68465 ], [ -77.17224, 38.68282 ], [ -77.1726, 38.68341 ], [ -77.17332, 38.68375 ], [ -77.17295, 38.68421 ], [ -77.17307, 38.68457 ], [ -77.17378, 38.68485 ], [ -77.1739, 38.68459 ], [ -77.1755, 38.68443 ], [ -77.17632, 38.68399 ], [ -77.17681, 38.6849 ], [ -77.17798, 38.68494 ], [ -77.17853, 38.68434 ], [ -77.17823, 38.68393 ], [ -77.17871, 38.68378 ], [ -77.17957, 38.68423 ], [ -77.18049, 38.68423 ], [ -77.18063, 38.68461 ], [ -77.18121, 38.68454 ], [ -77.18131, 38.68432 ], [ -77.18201, 38.68439 ], [ -77.18228, 38.68496 ], [ -77.18247, 38.68427 ], [ -77.18284, 38.68407 ], [ -77.18426, 38.68469 ], [ -77.18389, 38.68415 ], [ -77.18395, 38.68334 ], [ -77.18321, 38.68288 ], [ -77.18254, 38.68132 ], [ -77.18086, 38.68079 ], [ -77.17934, 38.68101 ], [ -77.18079, 38.6805 ], [ -77.18257, 38.68068 ], [ -77.18371, 38.68135 ], [ -77.1841, 38.68232 ], [ -77.18575, 38.68325 ], [ -77.18726, 38.68509 ], [ -77.18988, 38.68571 ], [ -77.19128, 38.68702 ], [ -77.19259, 38.68776 ], [ -77.19308, 38.68872 ], [ -77.19331, 38.68877 ], [ -77.19472, 38.6879 ], [ -77.19812, 38.68934 ], [ -77.19871, 38.6893 ], [ -77.19939, 38.68888 ], [ -77.20044, 38.68943 ], [ -77.20058, 38.69042 ], [ -77.20151, 38.69075 ], [ -77.20194, 38.69137 ], [ -77.20055, 38.69188 ], [ -77.20105, 38.69364 ], [ -77.2001, 38.69414 ], [ -77.1991, 38.6961 ], [ -77.19914, 38.69651 ], [ -77.19986, 38.69647 ], [ -77.20038, 38.69676 ], [ -77.20023, 38.69702 ], [ -77.20046, 38.69759 ], [ -77.20132, 38.69822 ], [ -77.20116, 38.69902 ], [ -77.20071, 38.69958 ], [ -77.19819, 38.70084 ], [ -77.19702, 38.69946 ], [ -77.19519, 38.70016 ], [ -77.19522, 38.70196 ], [ -77.19611, 38.70188 ], [ -77.19684, 38.70151 ], [ -77.19651, 38.70328 ], [ -77.19397, 38.70686 ], [ -77.19298, 38.70911 ], [ -77.18576, 38.70739 ], [ -77.17982, 38.70746 ], [ -77.18328, 38.71081 ], [ -77.18834, 38.71367 ], [ -77.18903, 38.71604 ], [ -77.18776, 38.71654 ], [ -77.18833, 38.71791 ], [ -77.19142, 38.71974 ], [ -77.18888, 38.72203 ], [ -77.1853, 38.72328 ], [ -77.18329, 38.72447 ], [ -77.18101, 38.72289 ], [ -77.17403, 38.72126 ], [ -77.1735, 38.72361 ], [ -77.17395, 38.72418 ], [ -77.17247, 38.7264 ], [ -77.17229, 38.72731 ], [ -77.17196, 38.72754 ], [ -77.17169, 38.72919 ], [ -77.1707, 38.72959 ], [ -77.16726, 38.73187 ], [ -77.17081, 38.73357 ], [ -77.16886, 38.7359 ], [ -77.16823, 38.73736 ], [ -77.16757, 38.7381 ], [ -77.16458, 38.7392 ], [ -77.16212, 38.74095 ], [ -77.15848, 38.74246 ], [ -77.15014, 38.74424 ], [ -77.14301, 38.74862 ], [ -77.13288, 38.74125 ], [ -77.13217, 38.74257 ], [ -77.12831, 38.74603 ], [ -77.12595, 38.74581 ], [ -77.12246, 38.74939 ], [ -77.12262, 38.75019 ], [ -77.12192, 38.75322 ], [ -77.12203, 38.75439 ], [ -77.12307, 38.75544 ], [ -77.12309, 38.75608 ], [ -77.12393, 38.75634 ], [ -77.12393, 38.75673 ], [ -77.1236, 38.75676 ], [ -77.12378, 38.75704 ], [ -77.12347, 38.75719 ], [ -77.12366, 38.75729 ], [ -77.12354, 38.75769 ], [ -77.12292, 38.75807 ], [ -77.12231, 38.75958 ], [ -77.12234, 38.7605 ], [ -77.12187, 38.76072 ], [ -77.12185, 38.76105 ], [ -77.1214, 38.76111 ], [ -77.12139, 38.76137 ], [ -77.12043, 38.76203 ], [ -77.12038, 38.76232 ], [ -77.12014, 38.76224 ], [ -77.12013, 38.7626 ], [ -77.09108, 38.75987 ], [ -77.09139, 38.75784 ], [ -77.0941, 38.74746 ], [ -77.09566, 38.74716 ], [ -77.0925, 38.74374 ], [ -77.09257, 38.7427 ], [ -77.09358, 38.74277 ], [ -77.09349, 38.74226 ], [ -77.09411, 38.74229 ], [ -77.09477, 38.74187 ], [ -77.09508, 38.74198 ], [ -77.09556, 38.74095 ], [ -77.0949, 38.74094 ], [ -77.09397, 38.74043 ], [ -77.09096, 38.7402 ], [ -77.08745, 38.74516 ], [ -77.08415, 38.74413 ], [ -77.08561, 38.742 ], [ -77.08858, 38.73938 ], [ -77.08776, 38.7381 ], [ -77.08781, 38.7374 ], [ -77.08738, 38.73729 ], [ -77.08686, 38.7364 ], [ -77.08643, 38.73609 ], [ -77.08573, 38.73603 ], [ -77.08558, 38.7356 ], [ -77.08498, 38.73543 ], [ -77.08452, 38.73484 ], [ -77.08381, 38.73487 ], [ -77.08354, 38.73467 ], [ -77.08367, 38.7343 ], [ -77.0833, 38.73354 ], [ -77.08225, 38.73289 ], [ -77.08151, 38.7315 ], [ -77.08135, 38.73197 ], [ -77.07858, 38.73165 ], [ -77.081, 38.72997 ], [ -77.08076, 38.72797 ], [ -77.07948, 38.72631 ], [ -77.08195, 38.72429 ], [ -77.08107, 38.72306 ], [ -77.0811, 38.72148 ], [ -77.07977, 38.72054 ], [ -77.07805, 38.71855 ], [ -77.07675, 38.71949 ], [ -77.07592, 38.71825 ], [ -77.07343, 38.71554 ], [ -77.07339, 38.71332 ], [ -77.07424, 38.71252 ], [ -77.074, 38.71164 ], [ -77.07989, 38.70914 ], [ -77.07993, 38.7089 ], [ -77.08172, 38.70777 ], [ -77.08332, 38.707 ], [ -77.0857, 38.70644 ], [ -77.08835, 38.70509 ], [ -77.08898, 38.70499 ], [ -77.09105, 38.70342 ], [ -77.09256, 38.70299 ], [ -77.09331, 38.70252 ], [ -77.0949, 38.70148 ], [ -77.09565, 38.70064 ], [ -77.09835, 38.69888 ], [ -77.10091, 38.698 ], [ -77.10298, 38.69801 ], [ -77.10445, 38.69715 ], [ -77.10498, 38.69709 ], [ -77.11194, 38.69823 ], [ -77.11893, 38.70002 ], [ -77.11985, 38.6985 ], [ -77.12177, 38.69923 ], [ -77.12032, 38.70155 ], [ -77.12059, 38.70305 ], [ -77.12238, 38.70406 ], [ -77.12391, 38.70554 ], [ -77.12669, 38.70501 ], [ -77.12721, 38.70537 ], [ -77.12793, 38.70549 ], [ -77.12807, 38.70529 ], [ -77.12952, 38.70514 ], [ -77.12946, 38.70579 ], [ -77.13003, 38.70626 ], [ -77.13108, 38.70792 ], [ -77.13124, 38.70878 ], [ -77.13219, 38.70946 ], [ -77.13252, 38.70928 ], [ -77.13176, 38.70864 ], [ -77.13173, 38.7079 ], [ -77.13124, 38.70737 ], [ -77.13088, 38.70598 ], [ -77.13007, 38.70488 ], [ -77.13072, 38.70387 ], [ -77.13042, 38.70318 ], [ -77.12911, 38.70212 ], [ -77.12833, 38.70202 ], [ -77.12711, 38.70248 ], [ -77.1275, 38.70118 ], [ -77.12698, 38.70017 ], [ -77.12714, 38.69959 ], [ -77.12693, 38.69872 ], [ -77.12666, 38.69851 ], [ -77.12578, 38.69854 ], [ -77.12524, 38.698 ], [ -77.12362, 38.69451 ], [ -77.12336, 38.69343 ], [ -77.12289, 38.69312 ], [ -77.12293, 38.6914 ], [ -77.12186, 38.68843 ], [ -77.12188, 38.68766 ], [ -77.12215, 38.68604 ], [ -77.12348, 38.68375 ], [ -77.12435, 38.68274 ], [ -77.1248, 38.68146 ], [ -77.12597, 38.68054 ], [ -77.12725, 38.67858 ], [ -77.13229, 38.67415 ], [ -77.13573, 38.67326 ], [ -77.13605, 38.67342 ] ] } },
{ "type": "Feature", "properties": { "year": 2026, "level": "MS", "name": "Sandburg" }, "geometry": { "type": "LineString", "coordinates": [ [ -77.04305, 38.71909 ], [ -77.04327, 38.71833 ], [ -77.04601, 38.71451 ], [ -77.04686, 38.71397 ], [ -77.04787, 38.71286 ], [ -77.05152, 38.71119 ], [ -77.05252, 38.71009 ], [ -77.05329, 38.70963 ], [ -77.05648, 38.71007 ], [ -77.0622, 38.70969 ], [ -77.07119, 38.71005 ], [ -77.07202, 38.71024 ], [ -77.07301, 38.7108 ], [ -77.07425, 38.71203 ], [ -77.07418, 38.71266 ], [ -77.07339, 38.71332 ], [ -77.07343, 38.71554 ], [ -77.07592, 38.71825 ], [ -77.07675, 38.71949 ], [ -77.07805, 38.71855 ], [ -77.07977, 38.72054 ], [ -77.0811, 38.72148 ], [ -77.08107, 38.72306 ], [ -77.08195, 38.72429 ], [ -77.07948, 38.72631 ], [ -77.08076, 38.72797 ], [ -77.081, 38.72997 ], [ -77.07858, 38.73165 ], [ -77.08135, 38.73197 ], [ -77.08151, 38.7315 ], [ -77.08225, 38.73289 ], [ -77.0833, 38.73354 ], [ -77.08367, 38.7343 ], [ -77.08354, 38.73467 ], [ -77.08381, 38.73487 ], [ -77.08452, 38.73484 ], [ -77.08498, 38.73543 ], [ -77.08558, 38.7356 ], [ -77.08573, 38.73603 ], [ -77.08643, 38.73609 ], [ -77.08686, 38.7364 ], [ -77.08738, 38.73729 ], [ -77.08781, 38.7374 ], [ -77.08776, 38.7381 ], [ -77.08858, 38.73938 ], [ -77.08561, 38.742 ], [ -77.08415, 38.74413 ], [ -77.08745, 38.74516 ], [ -77.09096, 38.7402 ], [ -77.09397, 38.74043 ], [ -77.0949, 38.74094 ], [ -77.09556, 38.74095 ], [ -77.09508, 38.74198 ], [ -77.09477, 38.74187 ], [ -77.09411, 38.74229 ], [ -77.09349, 38.74226 ], [ -77.09358, 38.74277 ], [ -77.09257, 38.7427 ], [ -77.0925, 38.74374 ], [ -77.09566, 38.74716 ], [ -77.0941, 38.74746 ], [ -77.09139, 38.75784 ], [ -77.09108, 38.75987 ], [ -77.11126, 38.7618 ], [ -77.11412, 38.76914 ], [ -77.08992, 38.77431 ], [ -77.07898, 38.78151 ], [ -77.07853, 38.78128 ], [ -77.07662, 38.78276 ], [ -77.07012, 38.78539 ], [ -77.06556, 38.78871 ], [ -77.05787, 38.79195 ], [ -77.05681, 38.7926 ], [ -77.0526, 38.79073 ], [ -77.0513, 38.78991 ], [ -77.05355, 38.78686 ], [ -77.05457, 38.78423 ], [ -77.05428, 38.7819 ], [ -77.0525, 38.7793 ], [ -77.05168, 38.77693 ], [ -77.05205, 38.77366 ], [ -77.05356, 38.76846 ], [ -77.05329, 38.76835 ], [ -77.05331, 38.76667 ], [ -77.05274, 38.76512 ], [ -77.04945, 38.7613 ], [ -77.04895, 38.76027 ], [ -77.04856, 38.75737 ], [ -77.04971, 38.75389 ], [ -77.04975, 38.75143 ], [ -77.04918, 38.75022 ], [ -77.04639, 38.751 ], [ -77.04641, 38.75065 ], [ -77.04699, 38.7505 ], [ -77.04737, 38.74965 ], [ -77.04796, 38.75013 ], [ -77.0478, 38.74949 ], [ -77.04736, 38.7492 ], [ -77.04628, 38.74735 ], [ -77.04485, 38.74564 ], [ -77.04466, 38.74504 ], [ -77.04377, 38.74456 ], [ -77.04408, 38.74419 ], [ -77.04301, 38.74337 ], [ -77.04239, 38.74229 ], [ -77.04226, 38.74083 ], [ -77.04335, 38.73915 ], [ -77.04155, 38.73688 ], [ -77.04145, 38.72624 ], [ -77.04305, 38.71909 ] ] } },
{ "type": "Feature", "properties": { "year": 2026, "level": "MS", "name": "Stone" }, "geometry": { "type": "LineString", "coordinates": [ [ -77.45839, 38.82567 ], [ -77.45801, 38.82519 ], [ -77.45883, 38.82451 ], [ -77.46153, 38.82251 ], [ -77.46487, 38.82043 ], [ -77.46658, 38.82149 ], [ -77.46996, 38.82215 ], [ -77.47033, 38.82342 ], [ -77.47684, 38.8218 ], [ -77.47704, 38.82302 ], [ -77.47068, 38.82459 ], [ -77.4713, 38.8269 ], [ -77.47067, 38.82788 ], [ -77.4679, 38.82921 ], [ -77.46891, 38.83191 ], [ -77.504, 38.824 ], [ -77.50349, 38.82479 ], [ -77.50377, 38.82543 ], [ -77.50932, 38.82818 ], [ -77.51159, 38.82958 ], [ -77.51239, 38.83047 ], [ -77.5123, 38.83117 ], [ -77.51103, 38.8324 ], [ -77.51056, 38.83358 ], [ -77.51103, 38.83552 ], [ -77.51084, 38.83619 ], [ -77.50996, 38.83672 ], [ -77.50816, 38.83675 ], [ -77.50758, 38.83724 ], [ -77.50764, 38.83772 ], [ -77.50875, 38.83918 ], [ -77.50883, 38.83988 ], [ -77.50831, 38.84045 ], [ -77.50904, 38.84125 ], [ -77.51026, 38.84152 ], [ -77.51105, 38.84144 ], [ -77.51214, 38.8407 ], [ -77.51499, 38.84005 ], [ -77.52257, 38.83711 ], [ -77.52398, 38.83702 ], [ -77.52773, 38.83749 ], [ -77.52963, 38.83704 ], [ -77.53266, 38.83879 ], [ -77.5349, 38.83939 ], [ -77.53626, 38.8408 ], [ -77.537, 38.84239 ], [ -77.53651, 38.84422 ], [ -77.5349, 38.84671 ], [ -77.53513, 38.84716 ], [ -77.53598, 38.8474 ], [ -77.47327, 38.91105 ], [ -77.43953, 38.89744 ], [ -77.44862, 38.88394 ], [ -77.44936, 38.88199 ], [ -77.44942, 38.87981 ], [ -77.4486, 38.87756 ], [ -77.43357, 38.85567 ], [ -77.43293, 38.85335 ], [ -77.43309, 38.84913 ], [ -77.43235, 38.84637 ], [ -77.43647, 38.84524 ], [ -77.44035, 38.84331 ], [ -77.44312, 38.84116 ], [ -77.44689, 38.83709 ], [ -77.46343, 38.83317 ], [ -77.46299, 38.83255 ], [ -77.46306, 38.83143 ], [ -77.46274, 38.83075 ], [ -77.46152, 38.83049 ], [ -77.4605, 38.82967 ], [ -77.45872, 38.82756 ], [ -77.45839, 38.82567 ] ] } },
{ "type": "Feature", "properties": { "year": 2026, "level": "MS", "name": "Rocky Run" }, "geometry": { "type": "LineString", "coordinates": [ [ -77.43235, 38.84637 ], [ -77.43309, 38.84913 ], [ -77.43291, 38.85311 ], [ -77.43347, 38.85546 ], [ -77.44243, 38.86863 ], [ -77.43153, 38.86904 ], [ -77.42925, 38.87023 ], [ -77.42968, 38.87249 ], [ -77.43049, 38.87477 ], [ -77.43219, 38.87645 ], [ -77.43484, 38.87836 ], [ -77.43855, 38.88019 ], [ -77.4381, 38.88129 ], [ -77.43835, 38.88228 ], [ -77.4382, 38.88316 ], [ -77.43732, 38.88493 ], [ -77.43502, 38.88432 ], [ -77.4343, 38.88155 ], [ -77.43305, 38.88142 ], [ -77.43283, 38.88176 ], [ -77.43252, 38.88177 ], [ -77.43246, 38.88213 ], [ -77.43185, 38.88229 ], [ -77.43194, 38.88275 ], [ -77.4316, 38.8826 ], [ -77.43104, 38.8828 ], [ -77.43107, 38.88309 ], [ -77.43071, 38.88328 ], [ -77.43005, 38.88308 ], [ -77.42995, 38.88335 ], [ -77.42796, 38.88395 ], [ -77.42722, 38.88469 ], [ -77.42744, 38.88477 ], [ -77.4265, 38.88636 ], [ -77.42259, 38.88717 ], [ -77.42092, 38.88855 ], [ -77.42103, 38.88869 ], [ -77.41958, 38.88952 ], [ -77.3833, 38.87544 ], [ -77.38386, 38.87369 ], [ -77.38309, 38.86956 ], [ -77.38432, 38.8695 ], [ -77.38474, 38.86906 ], [ -77.3858, 38.86863 ], [ -77.38642, 38.86796 ], [ -77.38572, 38.86781 ], [ -77.38541, 38.86718 ], [ -77.38394, 38.86682 ], [ -77.38398, 38.86656 ], [ -77.38351, 38.86637 ], [ -77.38333, 38.86595 ], [ -77.382, 38.86527 ], [ -77.38181, 38.86419 ], [ -77.38201, 38.86298 ], [ -77.3836, 38.86329 ], [ -77.38519, 38.86306 ], [ -77.38716, 38.86196 ], [ -77.38965, 38.86096 ], [ -77.39226, 38.85887 ], [ -77.39393, 38.85842 ], [ -77.39592, 38.85878 ], [ -77.39891, 38.86093 ], [ -77.40096, 38.86159 ], [ -77.40058, 38.85581 ], [ -77.39964, 38.85572 ], [ -77.39863, 38.85593 ], [ -77.39787, 38.85633 ], [ -77.39729, 38.85698 ], [ -77.39641, 38.85658 ], [ -77.39618, 38.85622 ], [ -77.3945, 38.85646 ], [ -77.39426, 38.85567 ], [ -77.39378, 38.85524 ], [ -77.39398, 38.85517 ], [ -77.39389, 38.8548 ], [ -77.39307, 38.85418 ], [ -77.39283, 38.85357 ], [ -77.43235, 38.84637 ] ] } },
{ "type": "Feature", "properties": { "year": 2026, "level": "MS", "name": "Herndon" }, "geometry": { "type": "LineString", "coordinates": [ [ -77.38322, 38.9526 ], [ -77.38725, 38.95292 ], [ -77.3986, 38.95485 ], [ -77.41703, 38.96122 ], [ -77.42009, 38.96199 ], [ -77.42266, 38.96234 ], [ -77.37111, 39.01448 ], [ -77.36865, 39.01323 ], [ -77.36866, 39.01231 ], [ -77.36817, 39.0118 ], [ -77.36907, 39.01117 ], [ -77.36938, 39.01144 ], [ -77.37047, 39.01132 ], [ -77.37122, 39.01109 ], [ -77.37157, 39.01061 ], [ -77.37315, 39.01018 ], [ -77.37322, 39.0099 ], [ -77.37237, 39.00896 ], [ -77.37274, 39.00827 ], [ -77.37334, 39.00787 ], [ -77.37348, 39.00741 ], [ -77.37327, 39.00713 ], [ -77.37376, 39.00667 ], [ -77.37245, 39.00557 ], [ -77.37204, 39.0047 ], [ -77.37109, 39.00426 ], [ -77.37123, 39.00362 ], [ -77.3709, 39.00271 ], [ -77.37024, 39.00228 ], [ -77.37011, 39.00186 ], [ -77.37031, 39.00034 ], [ -77.3708, 38.9998 ], [ -77.37025, 38.99911 ], [ -77.36924, 38.9987 ], [ -77.36687, 38.99922 ], [ -77.36578, 38.99985 ], [ -77.36333, 38.99941 ], [ -77.36401, 38.99706 ], [ -77.3653, 38.99447 ], [ -77.36524, 38.9934 ], [ -77.3648, 38.99246 ], [ -77.35797, 38.99114 ], [ -77.35647, 38.99408 ], [ -77.35561, 38.9951 ], [ -77.35504, 38.99535 ], [ -77.35438, 38.99525 ], [ -77.35459, 38.9947 ], [ -77.35353, 38.99426 ], [ -77.35128, 38.99339 ], [ -77.35131, 38.9939 ], [ -77.35089, 38.99372 ], [ -77.35072, 38.99593 ], [ -77.35142, 38.99597 ], [ -77.35147, 38.99551 ], [ -77.35195, 38.99528 ], [ -77.35409, 38.99599 ], [ -77.35355, 38.99737 ], [ -77.35149, 38.9968 ], [ -77.35186, 39.00096 ], [ -77.35325, 39.00165 ], [ -77.35888, 39.00344 ], [ -77.35702, 39.0069 ], [ -77.34586, 39.00096 ], [ -77.3463, 39.00042 ], [ -77.3438, 38.99907 ], [ -77.34438, 38.99825 ], [ -77.34369, 38.99799 ], [ -77.34395, 38.99751 ], [ -77.34525, 38.99806 ], [ -77.34599, 38.99695 ], [ -77.34455, 38.99667 ], [ -77.34675, 38.99325 ], [ -77.34506, 38.99309 ], [ -77.34374, 38.99255 ], [ -77.3403, 38.99751 ], [ -77.3363, 38.99468 ], [ -77.33714, 38.99369 ], [ -77.33808, 38.9915 ], [ -77.33765, 38.99132 ], [ -77.33924, 38.98906 ], [ -77.33686, 38.98741 ], [ -77.33577, 38.98897 ], [ -77.33178, 38.98877 ], [ -77.33184, 38.9876 ], [ -77.33111, 38.98757 ], [ -77.33209, 38.9799 ], [ -77.3305, 38.97995 ], [ -77.33038, 38.97848 ], [ -77.33151, 38.97755 ], [ -77.33041, 38.97394 ], [ -77.33739, 38.97284 ], [ -77.34599, 38.96892 ], [ -77.3474, 38.96848 ], [ -77.3581, 38.96613 ], [ -77.36497, 38.96614 ], [ -77.36964, 38.95904 ], [ -77.37402, 38.95306 ], [ -77.38322, 38.9526 ] ] } },
{ "type": "Feature", "properties": { "year": 2026, "level": "MS", "name": "Hughes" }, "geometry": { "type": "LineString", "coordinates": [ [ -77.3603, 38.90778 ], [ -77.37208, 38.92458 ], [ -77.37356, 38.92497 ], [ -77.37332, 38.92596 ], [ -77.37259, 38.92706 ], [ -77.37366, 38.92756 ], [ -77.37495, 38.92855 ], [ -77.37826, 38.93311 ], [ -77.37284, 38.93552 ], [ -77.37133, 38.93651 ], [ -77.37278, 38.93832 ], [ -77.37658, 38.93655 ], [ -77.37728, 38.93717 ], [ -77.37803, 38.93612 ], [ -77.37979, 38.93497 ], [ -77.38387, 38.93963 ], [ -77.39323, 38.9452 ], [ -77.39185, 38.94823 ], [ -77.39027, 38.94782 ], [ -77.38731, 38.94802 ], [ -77.38602, 38.94858 ], [ -77.38451, 38.94999 ], [ -77.383, 38.95038 ], [ -77.37993, 38.94991 ], [ -77.37794, 38.94855 ], [ -77.37698, 38.94821 ], [ -77.37429, 38.9527 ], [ -77.36964, 38.95904 ], [ -77.36497, 38.96614 ], [ -77.3581, 38.96613 ], [ -77.3474, 38.96848 ], [ -77.34599, 38.96892 ], [ -77.33739, 38.97284 ], [ -77.33041, 38.97394 ], [ -77.33151, 38.97755 ], [ -77.33038, 38.97848 ], [ -77.32787, 38.97808 ], [ -77.32138, 38.97946 ], [ -77.32101, 38.97853 ], [ -77.31888, 38.97781 ], [ -77.31914, 38.97756 ], [ -77.3171, 38.97563 ], [ -77.31515, 38.97778 ], [ -77.31343, 38.97707 ], [ -77.30584, 38.97487 ], [ -77.30839, 38.96635 ], [ -77.30779, 38.9667 ], [ -77.30753, 38.96721 ], [ -77.30699, 38.96743 ], [ -77.30684, 38.96716 ], [ -77.3064, 38.96734 ], [ -77.3061, 38.96718 ], [ -77.30631, 38.96693 ], [ -77.30623, 38.96615 ], [ -77.30583, 38.96626 ], [ -77.30577, 38.96595 ], [ -77.30532, 38.96576 ], [ -77.30494, 38.96586 ], [ -77.3048, 38.96549 ], [ -77.30408, 38.96573 ], [ -77.30363, 38.96548 ], [ -77.30304, 38.96578 ], [ -77.30222, 38.96553 ], [ -77.30243, 38.96412 ], [ -77.2986, 38.9627 ], [ -77.29986, 38.96066 ], [ -77.29871, 38.96023 ], [ -77.29804, 38.96059 ], [ -77.29724, 38.96028 ], [ -77.29754, 38.96102 ], [ -77.29675, 38.96201 ], [ -77.29163, 38.96012 ], [ -77.29198, 38.95952 ], [ -77.29156, 38.95938 ], [ -77.29124, 38.95877 ], [ -77.29157, 38.95784 ], [ -77.291, 38.95764 ], [ -77.29031, 38.95398 ], [ -77.29053, 38.95369 ], [ -77.29136, 38.95326 ], [ -77.29204, 38.95398 ], [ -77.29326, 38.95454 ], [ -77.29501, 38.95498 ], [ -77.29834, 38.95532 ], [ -77.29804, 38.94708 ], [ -77.29294, 38.94546 ], [ -77.29291, 38.94423 ], [ -77.2934, 38.94378 ], [ -77.29344, 38.94293 ], [ -77.29398, 38.94275 ], [ -77.29404, 38.94231 ], [ -77.29492, 38.94244 ], [ -77.29537, 38.94167 ], [ -77.29624, 38.94196 ], [ -77.29629, 38.94181 ], [ -77.29882, 38.94507 ], [ -77.30403, 38.94374 ], [ -77.30443, 38.94251 ], [ -77.30606, 38.94203 ], [ -77.30627, 38.93979 ], [ -77.30678, 38.93975 ], [ -77.30928, 38.94247 ], [ -77.31271, 38.94258 ], [ -77.30994, 38.93731 ], [ -77.3108, 38.93548 ], [ -77.30749, 38.93341 ], [ -77.30501, 38.9325 ], [ -77.30488, 38.93125 ], [ -77.30512, 38.92994 ], [ -77.30792, 38.93036 ], [ -77.30926, 38.93023 ], [ -77.31058, 38.92982 ], [ -77.31034, 38.92921 ], [ -77.30939, 38.92829 ], [ -77.31004, 38.92741 ], [ -77.30967, 38.92696 ], [ -77.31019, 38.92672 ], [ -77.30959, 38.92633 ], [ -77.30988, 38.92611 ], [ -77.30988, 38.92569 ], [ -77.31032, 38.9255 ], [ -77.31011, 38.9252 ], [ -77.31085, 38.9252 ], [ -77.31078, 38.92468 ], [ -77.31171, 38.92408 ], [ -77.31204, 38.92342 ], [ -77.31247, 38.92361 ], [ -77.31342, 38.92253 ], [ -77.31398, 38.92097 ], [ -77.31442, 38.92105 ], [ -77.31538, 38.92072 ], [ -77.31577, 38.92096 ], [ -77.31633, 38.92074 ], [ -77.31634, 38.92046 ], [ -77.31691, 38.92006 ], [ -77.3167, 38.91962 ], [ -77.31696, 38.91976 ], [ -77.3172, 38.91952 ], [ -77.31671, 38.91916 ], [ -77.31637, 38.91837 ], [ -77.31627, 38.91694 ], [ -77.31745, 38.91691 ], [ -77.31942, 38.91767 ], [ -77.31756, 38.92223 ], [ -77.3183, 38.9222 ], [ -77.31865, 38.92188 ], [ -77.32229, 38.92217 ], [ -77.32279, 38.92191 ], [ -77.32254, 38.92148 ], [ -77.32303, 38.92121 ], [ -77.32282, 38.92065 ], [ -77.323, 38.92051 ], [ -77.32264, 38.92029 ], [ -77.32285, 38.91997 ], [ -77.32315, 38.91976 ], [ -77.32348, 38.91989 ], [ -77.32343, 38.91955 ], [ -77.3238, 38.91947 ], [ -77.32366, 38.91929 ], [ -77.32398, 38.91907 ], [ -77.32494, 38.91897 ], [ -77.32533, 38.9183 ], [ -77.32587, 38.91874 ], [ -77.32492, 38.91942 ], [ -77.32553, 38.91968 ], [ -77.32608, 38.92038 ], [ -77.32751, 38.9194 ], [ -77.3285, 38.92068 ], [ -77.32914, 38.92038 ], [ -77.33049, 38.91913 ], [ -77.33104, 38.9199 ], [ -77.3333, 38.91922 ], [ -77.33261, 38.91814 ], [ -77.33388, 38.91728 ], [ -77.33342, 38.91632 ], [ -77.33646, 38.9154 ], [ -77.33712, 38.91606 ], [ -77.33808, 38.91576 ], [ -77.33858, 38.91625 ], [ -77.34533, 38.91707 ], [ -77.34829, 38.9128 ], [ -77.35185, 38.91118 ], [ -77.3521, 38.91136 ], [ -77.35418, 38.90978 ], [ -77.35505, 38.91062 ], [ -77.35632, 38.90971 ], [ -77.3603, 38.90778 ] ] } },
{ "type": "Feature", "properties": { "year": 2026, "level": "MS", "name": "Franklin" }, "geometry": { "type": "LineString", "coordinates": [ [ -77.32877, 38.86488 ], [ -77.32935, 38.86411 ], [ -77.32882, 38.8639 ], [ -77.33333, 38.85643 ], [ -77.34972, 38.86279 ], [ -77.36075, 38.86675 ], [ -77.41958, 38.88952 ], [ -77.42103, 38.88869 ], [ -77.42092, 38.88855 ], [ -77.42259, 38.88717 ], [ -77.4265, 38.88636 ], [ -77.42744, 38.88477 ], [ -77.42722, 38.88469 ], [ -77.42796, 38.88395 ], [ -77.42995, 38.88335 ], [ -77.43005, 38.88308 ], [ -77.43071, 38.88328 ], [ -77.43107, 38.88309 ], [ -77.43104, 38.8828 ], [ -77.4316, 38.8826 ], [ -77.43194, 38.88275 ], [ -77.43185, 38.88229 ], [ -77.43246, 38.88213 ], [ -77.43252, 38.88177 ], [ -77.43283, 38.88176 ], [ -77.43305, 38.88142 ], [ -77.4343, 38.88155 ], [ -77.43502, 38.88432 ], [ -77.43732, 38.88493 ], [ -77.4382, 38.88316 ], [ -77.43835, 38.88228 ], [ -77.4381, 38.88129 ], [ -77.43855, 38.88019 ], [ -77.43484, 38.87836 ], [ -77.43219, 38.87645 ], [ -77.43049, 38.87477 ], [ -77.42968, 38.87249 ], [ -77.42925, 38.87023 ], [ -77.43153, 38.86904 ], [ -77.44243, 38.86863 ], [ -77.44883, 38.87796 ], [ -77.44942, 38.87981 ], [ -77.44936, 38.88199 ], [ -77.44854, 38.88407 ], [ -77.43953, 38.89744 ], [ -77.43657, 38.89625 ], [ -77.43648, 38.89812 ], [ -77.43501, 38.89807 ], [ -77.4347, 38.90042 ], [ -77.42976, 38.90037 ], [ -77.42969, 38.90568 ], [ -77.4287, 38.90619 ], [ -77.4257, 38.90636 ], [ -77.42578, 38.9065 ], [ -77.42312, 38.90603 ], [ -77.42015, 38.91537 ], [ -77.41708, 38.92305 ], [ -77.41529, 38.92885 ], [ -77.41438, 38.92855 ], [ -77.41445, 38.92799 ], [ -77.4141, 38.928 ], [ -77.41347, 38.92743 ], [ -77.41346, 38.92692 ], [ -77.41279, 38.92675 ], [ -77.413, 38.92616 ], [ -77.41237, 38.92578 ], [ -77.41267, 38.92522 ], [ -77.41235, 38.92509 ], [ -77.41232, 38.9243 ], [ -77.41184, 38.92412 ], [ -77.41126, 38.92426 ], [ -77.41104, 38.92388 ], [ -77.41051, 38.92379 ], [ -77.40944, 38.9242 ], [ -77.40938, 38.92468 ], [ -77.4087, 38.92522 ], [ -77.40821, 38.92525 ], [ -77.40776, 38.92477 ], [ -77.40723, 38.9247 ], [ -77.40731, 38.92441 ], [ -77.40677, 38.92352 ], [ -77.40519, 38.92169 ], [ -77.40445, 38.92008 ], [ -77.40445, 38.91894 ], [ -77.40217, 38.91805 ], [ -77.39987, 38.91601 ], [ -77.40236, 38.91247 ], [ -77.4031, 38.91092 ], [ -77.40151, 38.90986 ], [ -77.39808, 38.913 ], [ -77.3946, 38.9115 ], [ -77.39505, 38.91086 ], [ -77.39401, 38.91042 ], [ -77.39416, 38.90812 ], [ -77.39484, 38.90693 ], [ -77.39491, 38.9047 ], [ -77.39604, 38.90509 ], [ -77.39761, 38.90527 ], [ -77.39977, 38.9068 ], [ -77.40152, 38.90693 ], [ -77.40281, 38.90662 ], [ -77.40286, 38.90557 ], [ -77.40473, 38.90445 ], [ -77.40571, 38.90338 ], [ -77.40577, 38.90261 ], [ -77.40214, 38.902 ], [ -77.40111, 38.90051 ], [ -77.39999, 38.90114 ], [ -77.39835, 38.90123 ], [ -77.39809, 38.90152 ], [ -77.39749, 38.90142 ], [ -77.39842, 38.90038 ], [ -77.39846, 38.90001 ], [ -77.39673, 38.9 ], [ -77.39565, 38.89896 ], [ -77.39527, 38.89927 ], [ -77.39597, 38.89982 ], [ -77.39521, 38.90057 ], [ -77.39027, 38.89683 ], [ -77.38788, 38.89808 ], [ -77.39023, 38.90201 ], [ -77.38143, 38.90033 ], [ -77.38129, 38.89819 ], [ -77.38078, 38.8967 ], [ -77.37952, 38.89725 ], [ -77.37926, 38.89684 ], [ -77.37832, 38.89706 ], [ -77.37799, 38.89657 ], [ -77.37709, 38.89703 ], [ -77.37754, 38.8981 ], [ -77.37292, 38.90007 ], [ -77.37279, 38.90114 ], [ -77.37172, 38.90161 ], [ -77.37114, 38.90083 ], [ -77.36051, 38.90537 ], [ -77.35988, 38.90441 ], [ -77.35838, 38.90507 ], [ -77.35617, 38.90202 ], [ -77.35574, 38.90234 ], [ -77.35445, 38.90178 ], [ -77.35242, 38.90308 ], [ -77.35315, 38.90358 ], [ -77.35256, 38.90372 ], [ -77.35199, 38.90417 ], [ -77.35167, 38.90396 ], [ -77.35198, 38.90372 ], [ -77.35194, 38.90312 ], [ -77.35089, 38.90323 ], [ -77.35089, 38.90246 ], [ -77.35152, 38.90137 ], [ -77.35072, 38.90081 ], [ -77.35261, 38.90021 ], [ -77.35194, 38.89936 ], [ -77.34924, 38.90064 ], [ -77.34605, 38.90013 ], [ -77.34619, 38.89904 ], [ -77.34422, 38.89983 ], [ -77.34111, 38.89637 ], [ -77.33753, 38.8983 ], [ -77.33504, 38.89616 ], [ -77.32921, 38.8967 ], [ -77.32908, 38.8947 ], [ -77.32818, 38.89457 ], [ -77.3279, 38.89308 ], [ -77.32328, 38.89137 ], [ -77.3204, 38.89294 ], [ -77.31872, 38.89244 ], [ -77.31887, 38.89093 ], [ -77.31806, 38.89035 ], [ -77.31806, 38.88953 ], [ -77.31615, 38.88886 ], [ -77.31805, 38.88685 ], [ -77.31699, 38.88604 ], [ -77.31788, 38.88486 ], [ -77.31683, 38.88408 ], [ -77.3179, 38.88307 ], [ -77.31473, 38.88072 ], [ -77.3124, 38.87969 ], [ -77.31618, 38.87916 ], [ -77.31838, 38.87772 ], [ -77.31931, 38.87868 ], [ -77.32084, 38.87645 ], [ -77.32465, 38.87342 ], [ -77.32206, 38.87298 ], [ -77.323, 38.87116 ], [ -77.32117, 38.87094 ], [ -77.32025, 38.87054 ], [ -77.32082, 38.86944 ], [ -77.31951, 38.86929 ], [ -77.3226, 38.86596 ], [ -77.32877, 38.86488 ] ] } },
{ "type": "Feature", "properties": { "year": 2026, "level": "MS", "name": "Robinson" }, "geometry": { "type": "LineString", "coordinates": [ [ -77.3351, 38.72312 ], [ -77.33552, 38.72302 ], [ -77.3356, 38.72235 ], [ -77.33652, 38.72235 ], [ -77.33736, 38.71987 ], [ -77.34127, 38.72003 ], [ -77.3449, 38.72123 ], [ -77.34841, 38.72117 ], [ -77.35106, 38.72163 ], [ -77.35268, 38.72246 ], [ -77.35538, 38.72514 ], [ -77.35595, 38.72545 ], [ -77.35653, 38.72545 ], [ -77.35854, 38.72418 ], [ -77.36007, 38.7226 ], [ -77.36163, 38.71982 ], [ -77.36317, 38.71565 ], [ -77.36417, 38.71495 ], [ -77.36644, 38.71443 ], [ -77.36741, 38.71391 ], [ -77.36786, 38.71327 ], [ -77.36817, 38.71152 ], [ -77.3687, 38.71065 ], [ -77.36949, 38.71033 ], [ -77.37078, 38.71042 ], [ -77.37382, 38.71184 ], [ -77.37689, 38.71515 ], [ -77.3786, 38.71738 ], [ -77.37966, 38.71923 ], [ -77.38029, 38.72123 ], [ -77.38045, 38.72339 ], [ -77.38012, 38.7253 ], [ -77.37938, 38.7268 ], [ -77.37748, 38.72948 ], [ -77.37824, 38.73435 ], [ -77.37994, 38.73692 ], [ -77.38243, 38.73882 ], [ -77.38393, 38.74031 ], [ -77.38978, 38.74301 ], [ -77.38979, 38.74441 ], [ -77.38803, 38.74739 ], [ -77.38794, 38.74835 ], [ -77.38825, 38.74889 ], [ -77.38904, 38.74916 ], [ -77.39178, 38.74918 ], [ -77.39399, 38.74977 ], [ -77.39586, 38.74972 ], [ -77.39795, 38.74919 ], [ -77.39889, 38.75035 ], [ -77.40079, 38.75192 ], [ -77.40166, 38.75238 ], [ -77.40242, 38.75236 ], [ -77.404, 38.75168 ], [ -77.4051, 38.74977 ], [ -77.4046, 38.74803 ], [ -77.40374, 38.74673 ], [ -77.40396, 38.74606 ], [ -77.4074, 38.74602 ], [ -77.40864, 38.74506 ], [ -77.41106, 38.7447 ], [ -77.41197, 38.74519 ], [ -77.41192, 38.74695 ], [ -77.41071, 38.74929 ], [ -77.40691, 38.7524 ], [ -77.40638, 38.75331 ], [ -77.40692, 38.75414 ], [ -77.4143, 38.75767 ], [ -77.41564, 38.75792 ], [ -77.41731, 38.76091 ], [ -77.41703, 38.76137 ], [ -77.41528, 38.76217 ], [ -77.41463, 38.7622 ], [ -77.41387, 38.76188 ], [ -77.41339, 38.76199 ], [ -77.41281, 38.7627 ], [ -77.41292, 38.7654 ], [ -77.41388, 38.76633 ], [ -77.41554, 38.76671 ], [ -77.41583, 38.76747 ], [ -77.41512, 38.76982 ], [ -77.4127, 38.77125 ], [ -77.41257, 38.77164 ], [ -77.41379, 38.77257 ], [ -77.41724, 38.7745 ], [ -77.41987, 38.7753 ], [ -77.42052, 38.7758 ], [ -77.42146, 38.77604 ], [ -77.422, 38.77707 ], [ -77.42326, 38.77769 ], [ -77.42225, 38.77919 ], [ -77.41865, 38.77879 ], [ -77.41841, 38.77911 ], [ -77.41852, 38.77999 ], [ -77.41753, 38.7806 ], [ -77.41619, 38.77969 ], [ -77.4144, 38.77947 ], [ -77.41384, 38.77995 ], [ -77.41419, 38.78037 ], [ -77.41424, 38.78112 ], [ -77.41319, 38.78169 ], [ -77.41211, 38.78183 ], [ -77.41188, 38.78252 ], [ -77.41308, 38.78388 ], [ -77.41292, 38.78459 ], [ -77.41187, 38.78571 ], [ -77.41285, 38.78679 ], [ -77.41271, 38.7874 ], [ -77.41358, 38.78779 ], [ -77.41481, 38.78784 ], [ -77.41555, 38.78811 ], [ -77.41601, 38.78891 ], [ -77.41642, 38.78914 ], [ -77.41658, 38.7905 ], [ -77.41716, 38.79084 ], [ -77.41667, 38.79133 ], [ -77.41617, 38.79145 ], [ -77.41618, 38.79129 ], [ -77.4158, 38.7913 ], [ -77.41555, 38.79175 ], [ -77.41476, 38.79162 ], [ -77.41384, 38.79241 ], [ -77.4125, 38.79209 ], [ -77.41141, 38.79263 ], [ -77.40959, 38.79252 ], [ -77.40927, 38.79283 ], [ -77.41007, 38.7931 ], [ -77.41006, 38.79469 ], [ -77.40905, 38.79501 ], [ -77.40912, 38.79626 ], [ -77.40955, 38.7968 ], [ -77.40913, 38.79723 ], [ -77.40878, 38.79721 ], [ -77.4088, 38.79775 ], [ -77.40805, 38.79926 ], [ -77.40707, 38.79901 ], [ -77.40559, 38.80037 ], [ -77.40632, 38.8016 ], [ -77.40253, 38.80178 ], [ -77.40252, 38.80198 ], [ -77.39818, 38.80182 ], [ -77.39808, 38.80714 ], [ -77.39426, 38.80698 ], [ -77.39391, 38.80797 ], [ -77.39094, 38.80895 ], [ -77.38893, 38.80922 ], [ -77.38808, 38.80985 ], [ -77.38391, 38.81164 ], [ -77.3842, 38.81105 ], [ -77.38366, 38.81003 ], [ -77.38409, 38.80914 ], [ -77.38374, 38.80796 ], [ -77.38308, 38.8073 ], [ -77.38276, 38.80596 ], [ -77.38196, 38.80503 ], [ -77.38125, 38.80477 ], [ -77.38, 38.80357 ], [ -77.38001, 38.80277 ], [ -77.37908, 38.79986 ], [ -77.3785, 38.79922 ], [ -77.37875, 38.79896 ], [ -77.37677, 38.79717 ], [ -77.37563, 38.79684 ], [ -77.37512, 38.79825 ], [ -77.37539, 38.79969 ], [ -77.37501, 38.80122 ], [ -77.3748, 38.80521 ], [ -77.3718, 38.80626 ], [ -77.37104, 38.80474 ], [ -77.36139, 38.80801 ], [ -77.36028, 38.80705 ], [ -77.35876, 38.80623 ], [ -77.35832, 38.80627 ], [ -77.35823, 38.80581 ], [ -77.35769, 38.80565 ], [ -77.3495, 38.80879 ], [ -77.34473, 38.80641 ], [ -77.34307, 38.80365 ], [ -77.34247, 38.80384 ], [ -77.34208, 38.80432 ], [ -77.34189, 38.80422 ], [ -77.34211, 38.80399 ], [ -77.34166, 38.80381 ], [ -77.34147, 38.80458 ], [ -77.34199, 38.80592 ], [ -77.34171, 38.80588 ], [ -77.34076, 38.80777 ], [ -77.34018, 38.80784 ], [ -77.33985, 38.80872 ], [ -77.34006, 38.8091 ], [ -77.33811, 38.80853 ], [ -77.33316, 38.80768 ], [ -77.3331, 38.81073 ], [ -77.32673, 38.80986 ], [ -77.32678, 38.80946 ], [ -77.32621, 38.8094 ], [ -77.32538, 38.81138 ], [ -77.32189, 38.81532 ], [ -77.31973, 38.81958 ], [ -77.31784, 38.82214 ], [ -77.31717, 38.82386 ], [ -77.31658, 38.82745 ], [ -77.31352, 38.82613 ], [ -77.3112, 38.82464 ], [ -77.30785, 38.82396 ], [ -77.30646, 38.82407 ], [ -77.3036, 38.82477 ], [ -77.3007, 38.82594 ], [ -77.29928, 38.82626 ], [ -77.29488, 38.82654 ], [ -77.2875, 38.82637 ], [ -77.28479, 38.8259 ], [ -77.28309, 38.82499 ], [ -77.27405, 38.8173 ], [ -77.27493, 38.81527 ], [ -77.27532, 38.81299 ], [ -77.27751, 38.81056 ], [ -77.28023, 38.80655 ], [ -77.28321, 38.80409 ], [ -77.28457, 38.80335 ], [ -77.28671, 38.8028 ], [ -77.28808, 38.8018 ], [ -77.29317, 38.79931 ], [ -77.29783, 38.79852 ], [ -77.29872, 38.79854 ], [ -77.29899, 38.79826 ], [ -77.30127, 38.79753 ], [ -77.29968, 38.79744 ], [ -77.28569, 38.79818 ], [ -77.28432, 38.78996 ], [ -77.27597, 38.78956 ], [ -77.27652, 38.78864 ], [ -77.27828, 38.78884 ], [ -77.27838, 38.78783 ], [ -77.28162, 38.78798 ], [ -77.28153, 38.78744 ], [ -77.2839, 38.78753 ], [ -77.28374, 38.78649 ], [ -77.28157, 38.78525 ], [ -77.27985, 38.78384 ], [ -77.28125, 38.78311 ], [ -77.28348, 38.78509 ], [ -77.28335, 38.78427 ], [ -77.2847, 38.78343 ], [ -77.28418, 38.78296 ], [ -77.28468, 38.78182 ], [ -77.28412, 38.78131 ], [ -77.28795, 38.77892 ], [ -77.28859, 38.77876 ], [ -77.29304, 38.77889 ], [ -77.29451, 38.77768 ], [ -77.29733, 38.77864 ], [ -77.29862, 38.77749 ], [ -77.29694, 38.77645 ], [ -77.29847, 38.77599 ], [ -77.29786, 38.77489 ], [ -77.29885, 38.77494 ], [ -77.30038, 38.77409 ], [ -77.29905, 38.77284 ], [ -77.2984, 38.77319 ], [ -77.29763, 38.77312 ], [ -77.29638, 38.77111 ], [ -77.29601, 38.76996 ], [ -77.29608, 38.76877 ], [ -77.2971, 38.76603 ], [ -77.29883, 38.764 ], [ -77.29931, 38.76297 ], [ -77.29922, 38.76204 ], [ -77.29891, 38.76124 ], [ -77.29753, 38.75968 ], [ -77.2957, 38.75832 ], [ -77.29561, 38.7576 ], [ -77.29611, 38.75694 ], [ -77.29723, 38.75665 ], [ -77.30115, 38.75643 ], [ -77.30119, 38.75619 ], [ -77.30369, 38.75446 ], [ -77.30269, 38.75378 ], [ -77.30515, 38.75261 ], [ -77.30769, 38.75226 ], [ -77.30781, 38.75334 ], [ -77.30903, 38.75325 ], [ -77.3089, 38.75218 ], [ -77.31459, 38.75173 ], [ -77.31519, 38.75291 ], [ -77.31736, 38.75223 ], [ -77.31732, 38.75259 ], [ -77.31815, 38.75261 ], [ -77.31785, 38.75484 ], [ -77.32967, 38.75792 ], [ -77.32925, 38.75235 ], [ -77.32739, 38.7498 ], [ -77.32661, 38.75014 ], [ -77.32496, 38.74804 ], [ -77.32684, 38.74771 ], [ -77.33317, 38.74393 ], [ -77.33103, 38.74011 ], [ -77.32731, 38.73606 ], [ -77.32618, 38.73733 ], [ -77.32409, 38.73645 ], [ -77.32281, 38.73618 ], [ -77.32168, 38.73558 ], [ -77.32034, 38.73664 ], [ -77.3193, 38.73552 ], [ -77.31916, 38.73498 ], [ -77.32011, 38.73324 ], [ -77.32043, 38.73204 ], [ -77.32026, 38.73068 ], [ -77.32064, 38.7289 ], [ -77.32029, 38.72801 ], [ -77.32595, 38.72829 ], [ -77.32701, 38.72872 ], [ -77.32995, 38.73206 ], [ -77.3322, 38.72855 ], [ -77.33535, 38.72478 ], [ -77.33536, 38.72334 ], [ -77.33496, 38.72328 ], [ -77.3351, 38.72312 ] ] } },
{ "type": "Feature", "properties": { "year": 2026, "level": "MS", "name": "Lake Braddock" }, "geometry": { "type": "MultiLineString", "coordinates": [ [ [ -77.324, 38.70719 ], [ -77.31985, 38.70918 ], [ -77.31976, 38.71079 ], [ -77.32043, 38.71194 ], [ -77.32148, 38.71259 ], [ -77.32268, 38.71273 ], [ -77.326, 38.71153 ], [ -77.33102, 38.71066 ], [ -77.33244, 38.71084 ], [ -77.33304, 38.71138 ], [ -77.33318, 38.71222 ], [ -77.33283, 38.71341 ], [ -77.33151, 38.71584 ], [ -77.33161, 38.71754 ], [ -77.33246, 38.71835 ], [ -77.33403, 38.71906 ], [ -77.33736, 38.71987 ], [ -77.33652, 38.72235 ], [ -77.3356, 38.72235 ], [ -77.33552, 38.72302 ], [ -77.33496, 38.72328 ], [ -77.33536, 38.72334 ], [ -77.33535, 38.72478 ], [ -77.3322, 38.72855 ], [ -77.32995, 38.73206 ], [ -77.32701, 38.72872 ], [ -77.32595, 38.72829 ], [ -77.32029, 38.72801 ], [ -77.32064, 38.7289 ], [ -77.32026, 38.73068 ], [ -77.32043, 38.73204 ], [ -77.32011, 38.73324 ], [ -77.31915, 38.73503 ], [ -77.32002, 38.73643 ], [ -77.32034, 38.73664 ], [ -77.32168, 38.73558 ], [ -77.32281, 38.73618 ], [ -77.32409, 38.73645 ], [ -77.32618, 38.73733 ], [ -77.32731, 38.73606 ], [ -77.33103, 38.74011 ], [ -77.33317, 38.74393 ], [ -77.32684, 38.74771 ], [ -77.32496, 38.74804 ], [ -77.32661, 38.75014 ], [ -77.32739, 38.7498 ], [ -77.32925, 38.75235 ], [ -77.32967, 38.75792 ], [ -77.31785, 38.75484 ], [ -77.31815, 38.75261 ], [ -77.31732, 38.75259 ], [ -77.31736, 38.75223 ], [ -77.31519, 38.75291 ], [ -77.31459, 38.75173 ], [ -77.3089, 38.75218 ], [ -77.30903, 38.75325 ], [ -77.30781, 38.75334 ], [ -77.30769, 38.75226 ], [ -77.30515, 38.75261 ], [ -77.30269, 38.75378 ], [ -77.30369, 38.75446 ], [ -77.30119, 38.75619 ], [ -77.30115, 38.75643 ], [ -77.29723, 38.75665 ], [ -77.29611, 38.75694 ], [ -77.29561, 38.7576 ], [ -77.2957, 38.75832 ], [ -77.29753, 38.75968 ], [ -77.29891, 38.76124 ], [ -77.29922, 38.76204 ], [ -77.29931, 38.76297 ], [ -77.29883, 38.764 ], [ -77.2971, 38.76603 ], [ -77.29608, 38.76877 ], [ -77.29601, 38.76996 ], [ -77.29638, 38.77111 ], [ -77.29763, 38.77312 ], [ -77.2984, 38.77319 ], [ -77.29905, 38.77284 ], [ -77.30038, 38.77409 ], [ -77.29885, 38.77494 ], [ -77.29786, 38.77489 ], [ -77.29847, 38.77599 ], [ -77.29694, 38.77645 ], [ -77.29862, 38.77749 ], [ -77.29733, 38.77864 ], [ -77.29451, 38.77768 ], [ -77.29304, 38.77889 ], [ -77.28859, 38.77876 ], [ -77.28795, 38.77892 ], [ -77.28412, 38.78131 ], [ -77.28468, 38.78182 ], [ -77.28418, 38.78296 ], [ -77.2847, 38.78343 ], [ -77.28335, 38.78427 ], [ -77.28348, 38.78509 ], [ -77.28125, 38.78311 ], [ -77.27985, 38.78384 ], [ -77.28157, 38.78525 ], [ -77.28374, 38.78649 ], [ -77.2839, 38.78753 ], [ -77.28153, 38.78744 ], [ -77.28162, 38.78798 ], [ -77.27838, 38.78783 ], [ -77.27828, 38.78884 ], [ -77.27652, 38.78864 ], [ -77.27597, 38.78956 ], [ -77.28432, 38.78996 ], [ -77.28569, 38.79818 ], [ -77.29968, 38.79744 ], [ -77.30127, 38.79753 ], [ -77.29899, 38.79826 ], [ -77.29872, 38.79854 ], [ -77.29783, 38.79852 ], [ -77.29317, 38.79931 ], [ -77.28808, 38.8018 ], [ -77.28674, 38.80279 ], [ -77.2844, 38.80342 ], [ -77.28241, 38.80462 ], [ -77.28173, 38.80545 ], [ -77.28012, 38.80668 ], [ -77.27751, 38.81056 ], [ -77.2754, 38.81286 ], [ -77.27493, 38.81527 ], [ -77.27405, 38.8173 ], [ -77.26991, 38.81497 ], [ -77.26764, 38.8126 ], [ -77.26621, 38.81152 ], [ -77.26369, 38.81084 ], [ -77.24971, 38.81054 ], [ -77.24026, 38.8109 ], [ -77.21792, 38.81123 ], [ -77.21191, 38.80317 ], [ -77.21216, 38.80219 ], [ -77.21344, 38.80113 ], [ -77.2143, 38.79915 ], [ -77.21329, 38.79762 ], [ -77.21429, 38.79636 ], [ -77.21421, 38.79608 ], [ -77.21469, 38.79539 ], [ -77.21506, 38.79533 ], [ -77.21506, 38.79509 ], [ -77.21625, 38.79435 ], [ -77.21853, 38.79388 ], [ -77.21788, 38.7928 ], [ -77.22789, 38.79246 ], [ -77.22988, 38.79283 ], [ -77.23601, 38.79567 ], [ -77.23746, 38.79611 ], [ -77.24787, 38.79594 ], [ -77.24591, 38.79365 ], [ -77.25846, 38.77871 ], [ -77.25255, 38.77356 ], [ -77.25482, 38.77319 ], [ -77.25767, 38.77327 ], [ -77.25988, 38.77381 ], [ -77.26223, 38.77484 ], [ -77.27471, 38.75345 ], [ -77.27191, 38.75197 ], [ -77.26763, 38.75182 ], [ -77.26398, 38.75058 ], [ -77.25976, 38.74882 ], [ -77.25698, 38.74667 ], [ -77.25502, 38.74577 ], [ -77.25301, 38.74541 ], [ -77.25086, 38.74555 ], [ -77.25059, 38.74469 ], [ -77.25075, 38.74288 ], [ -77.25143, 38.74047 ], [ -77.25246, 38.73877 ], [ -77.25223, 38.73627 ], [ -77.25367, 38.73672 ], [ -77.25462, 38.73777 ], [ -77.25504, 38.73868 ], [ -77.2549, 38.73898 ], [ -77.25642, 38.73889 ], [ -77.25767, 38.73935 ], [ -77.25893, 38.73938 ], [ -77.26028, 38.73905 ], [ -77.26111, 38.73947 ], [ -77.26144, 38.74017 ], [ -77.26127, 38.74066 ], [ -77.26185, 38.7413 ], [ -77.26328, 38.74228 ], [ -77.26422, 38.74255 ], [ -77.26401, 38.74215 ], [ -77.26475, 38.74233 ], [ -77.26539, 38.74331 ], [ -77.26603, 38.74353 ], [ -77.26811, 38.74316 ], [ -77.26929, 38.74321 ], [ -77.27002, 38.74285 ], [ -77.27208, 38.74341 ], [ -77.27231, 38.74289 ], [ -77.27384, 38.74283 ], [ -77.27436, 38.74261 ], [ -77.27588, 38.74281 ], [ -77.27677, 38.74333 ], [ -77.27703, 38.74421 ], [ -77.27663, 38.74514 ], [ -77.27678, 38.74558 ], [ -77.27797, 38.74604 ], [ -77.27838, 38.74588 ], [ -77.2787, 38.74624 ], [ -77.27968, 38.74655 ], [ -77.285, 38.73933 ], [ -77.28536, 38.73915 ], [ -77.28423, 38.73823 ], [ -77.28106, 38.73642 ], [ -77.27989, 38.7351 ], [ -77.27957, 38.73327 ], [ -77.28111, 38.72886 ], [ -77.2814, 38.72732 ], [ -77.28132, 38.72539 ], [ -77.28081, 38.72376 ], [ -77.27951, 38.72118 ], [ -77.27802, 38.72003 ], [ -77.2763, 38.71951 ], [ -77.27946, 38.71846 ], [ -77.28674, 38.72225 ], [ -77.28729, 38.72173 ], [ -77.28987, 38.72104 ], [ -77.29265, 38.72445 ], [ -77.29574, 38.72263 ], [ -77.29825, 38.72471 ], [ -77.29824, 38.7251 ], [ -77.29736, 38.72616 ], [ -77.29518, 38.72683 ], [ -77.29441, 38.72642 ], [ -77.29347, 38.7255 ], [ -77.29887, 38.7317 ], [ -77.30141, 38.73354 ], [ -77.30159, 38.7339 ], [ -77.30183, 38.73386 ], [ -77.30221, 38.73342 ], [ -77.30348, 38.73332 ], [ -77.30453, 38.73273 ], [ -77.30528, 38.73268 ], [ -77.30553, 38.72543 ], [ -77.30218, 38.72567 ], [ -77.30203, 38.72535 ], [ -77.30229, 38.72477 ], [ -77.30285, 38.72505 ], [ -77.30292, 38.72459 ], [ -77.30253, 38.72454 ], [ -77.30258, 38.72408 ], [ -77.30218, 38.72373 ], [ -77.30194, 38.72278 ], [ -77.30295, 38.72153 ], [ -77.30365, 38.72153 ], [ -77.30347, 38.7205 ], [ -77.30366, 38.71996 ], [ -77.30479, 38.71951 ], [ -77.30526, 38.71901 ], [ -77.30661, 38.71454 ], [ -77.30666, 38.71359 ], [ -77.30548, 38.71178 ], [ -77.30552, 38.71126 ], [ -77.30631, 38.71035 ], [ -77.3066, 38.70931 ], [ -77.30608, 38.70756 ], [ -77.30841, 38.70699 ], [ -77.31003, 38.7061 ], [ -77.31111, 38.7049 ], [ -77.31192, 38.70287 ], [ -77.31292, 38.70224 ], [ -77.31543, 38.70157 ], [ -77.31839, 38.70154 ], [ -77.32144, 38.70081 ], [ -77.32328, 38.70102 ], [ -77.32575, 38.70164 ], [ -77.32688, 38.70224 ], [ -77.32734, 38.70287 ], [ -77.32736, 38.70386 ], [ -77.32676, 38.70496 ], [ -77.3256, 38.70612 ], [ -77.324, 38.70719 ] ], [ [ -77.24293, 38.74984 ], [ -77.24034, 38.74362 ], [ -77.24209, 38.74291 ], [ -77.24313, 38.74276 ], [ -77.24403, 38.74297 ], [ -77.24803, 38.74517 ], [ -77.2489, 38.74615 ], [ -77.24733, 38.74712 ], [ -77.2442, 38.74981 ], [ -77.24445, 38.75003 ], [ -77.24309, 38.75024 ], [ -77.24293, 38.74984 ] ] ] } },
{ "type": "Feature", "properties": { "year": 2026, "level": "MS", "name": "Liberty" }, "geometry": { "type": "LineString", "coordinates": [ [ -77.40339, 38.82992 ], [ -77.39867, 38.82448 ], [ -77.39756, 38.82192 ], [ -77.39818, 38.80182 ], [ -77.40252, 38.80198 ], [ -77.40253, 38.80178 ], [ -77.40632, 38.8016 ], [ -77.40559, 38.80037 ], [ -77.40707, 38.79901 ], [ -77.40805, 38.79926 ], [ -77.4088, 38.79775 ], [ -77.40878, 38.79721 ], [ -77.40913, 38.79723 ], [ -77.40955, 38.7968 ], [ -77.40912, 38.79626 ], [ -77.40905, 38.79501 ], [ -77.41006, 38.79469 ], [ -77.41007, 38.7931 ], [ -77.40927, 38.79283 ], [ -77.40959, 38.79252 ], [ -77.41141, 38.79263 ], [ -77.4125, 38.79209 ], [ -77.41384, 38.79241 ], [ -77.41476, 38.79162 ], [ -77.41555, 38.79175 ], [ -77.4158, 38.7913 ], [ -77.41618, 38.79129 ], [ -77.41617, 38.79145 ], [ -77.41667, 38.79133 ], [ -77.41716, 38.79084 ], [ -77.41658, 38.7905 ], [ -77.41642, 38.78914 ], [ -77.41601, 38.78891 ], [ -77.41555, 38.78811 ], [ -77.41481, 38.78784 ], [ -77.41358, 38.78779 ], [ -77.41271, 38.7874 ], [ -77.41285, 38.78679 ], [ -77.41187, 38.78571 ], [ -77.41292, 38.78459 ], [ -77.41308, 38.78388 ], [ -77.41188, 38.78252 ], [ -77.41211, 38.78183 ], [ -77.41319, 38.78169 ], [ -77.41424, 38.78112 ], [ -77.41419, 38.78037 ], [ -77.41384, 38.77995 ], [ -77.4144, 38.77947 ], [ -77.41619, 38.77969 ], [ -77.41753, 38.7806 ], [ -77.41852, 38.77999 ], [ -77.41841, 38.77911 ], [ -77.41865, 38.77879 ], [ -77.42225, 38.77919 ], [ -77.42326, 38.77769 ], [ -77.42659, 38.7789 ], [ -77.42985, 38.7811 ], [ -77.43103, 38.78092 ], [ -77.43175, 38.78016 ], [ -77.43246, 38.77983 ], [ -77.43299, 38.77973 ], [ -77.43347, 38.7801 ], [ -77.43334, 38.78487 ], [ -77.433, 38.78635 ], [ -77.43313, 38.78722 ], [ -77.43591, 38.78978 ], [ -77.43659, 38.79074 ], [ -77.43677, 38.79127 ], [ -77.43647, 38.79283 ], [ -77.43787, 38.79502 ], [ -77.43805, 38.79611 ], [ -77.43931, 38.79895 ], [ -77.44176, 38.80159 ], [ -77.44267, 38.80327 ], [ -77.4434, 38.80385 ], [ -77.44693, 38.80395 ], [ -77.448, 38.80378 ], [ -77.44935, 38.80315 ], [ -77.45062, 38.80223 ], [ -77.45072, 38.80181 ], [ -77.45006, 38.80073 ], [ -77.45015, 38.80007 ], [ -77.45116, 38.79837 ], [ -77.45144, 38.79725 ], [ -77.4523, 38.79643 ], [ -77.45314, 38.79614 ], [ -77.45591, 38.79614 ], [ -77.45704, 38.79584 ], [ -77.4573, 38.796 ], [ -77.45738, 38.79702 ], [ -77.45846, 38.79761 ], [ -77.4593, 38.79769 ], [ -77.45994, 38.79745 ], [ -77.46061, 38.79633 ], [ -77.46204, 38.79556 ], [ -77.46271, 38.79557 ], [ -77.46447, 38.79635 ], [ -77.46586, 38.79659 ], [ -77.46715, 38.79654 ], [ -77.46774, 38.79625 ], [ -77.46832, 38.79633 ], [ -77.46877, 38.79596 ], [ -77.4704, 38.79571 ], [ -77.47209, 38.79641 ], [ -77.47357, 38.79636 ], [ -77.47475, 38.79669 ], [ -77.47586, 38.79757 ], [ -77.476, 38.79897 ], [ -77.47669, 38.79942 ], [ -77.47979, 38.79899 ], [ -77.48039, 38.79808 ], [ -77.48033, 38.79684 ], [ -77.48082, 38.79646 ], [ -77.48321, 38.79713 ], [ -77.48496, 38.79716 ], [ -77.48673, 38.79654 ], [ -77.49097, 38.79754 ], [ -77.49371, 38.79759 ], [ -77.49431, 38.79886 ], [ -77.49428, 38.80037 ], [ -77.49025, 38.80501 ], [ -77.48968, 38.80618 ], [ -77.48926, 38.80901 ], [ -77.49122, 38.8114 ], [ -77.49743, 38.81336 ], [ -77.50064, 38.81375 ], [ -77.50497, 38.81615 ], [ -77.50532, 38.81662 ], [ -77.50553, 38.81868 ], [ -77.50598, 38.81935 ], [ -77.50597, 38.81992 ], [ -77.50646, 38.82032 ], [ -77.50601, 38.82183 ], [ -77.50499, 38.82265 ], [ -77.504, 38.824 ], [ -77.46891, 38.83191 ], [ -77.4679, 38.82921 ], [ -77.47067, 38.82788 ], [ -77.4713, 38.8269 ], [ -77.47068, 38.82459 ], [ -77.47704, 38.82302 ], [ -77.47684, 38.8218 ], [ -77.47033, 38.82342 ], [ -77.46996, 38.82215 ], [ -77.46658, 38.82149 ], [ -77.46487, 38.82043 ], [ -77.46153, 38.82251 ], [ -77.45801, 38.82519 ], [ -77.45839, 38.82567 ], [ -77.45872, 38.82756 ], [ -77.4605, 38.82967 ], [ -77.46152, 38.83049 ], [ -77.46274, 38.83075 ], [ -77.46306, 38.83143 ], [ -77.46299, 38.83255 ], [ -77.46343, 38.83317 ], [ -77.44689, 38.83709 ], [ -77.44393, 38.84038 ], [ -77.44121, 38.84274 ], [ -77.43816, 38.84452 ], [ -77.43484, 38.84579 ], [ -77.40291, 38.85172 ], [ -77.40194, 38.84874 ], [ -77.4083, 38.84222 ], [ -77.4086, 38.84016 ], [ -77.4086, 38.83984 ], [ -77.40463, 38.84 ], [ -77.40598, 38.83389 ], [ -77.40555, 38.83246 ], [ -77.40339, 38.82992 ] ] } },
{ "type": "Feature", "properties": { "year": 2026, "level": "MS", "name": "South County" }, "geometry": { "type": "LineString", "coordinates": [ [ -77.13047, 38.63481 ], [ -77.1347, 38.63523 ], [ -77.13899, 38.63522 ], [ -77.14254, 38.63585 ], [ -77.14341, 38.6355 ], [ -77.14513, 38.63559 ], [ -77.14701, 38.63515 ], [ -77.14878, 38.63502 ], [ -77.15459, 38.6359 ], [ -77.15721, 38.63726 ], [ -77.16061, 38.6331 ], [ -77.16006, 38.6319 ], [ -77.16151, 38.63201 ], [ -77.16636, 38.62754 ], [ -77.16773, 38.62658 ], [ -77.16871, 38.62542 ], [ -77.17049, 38.62513 ], [ -77.17248, 38.6244 ], [ -77.17611, 38.62416 ], [ -77.17966, 38.62338 ], [ -77.18259, 38.62159 ], [ -77.18503, 38.62157 ], [ -77.18952, 38.62053 ], [ -77.19044, 38.61956 ], [ -77.1915, 38.61915 ], [ -77.1975, 38.61953 ], [ -77.19979, 38.61903 ], [ -77.20144, 38.61805 ], [ -77.20171, 38.61744 ], [ -77.20205, 38.61731 ], [ -77.20378, 38.61796 ], [ -77.20462, 38.61876 ], [ -77.20532, 38.6201 ], [ -77.20483, 38.62328 ], [ -77.205, 38.62459 ], [ -77.20546, 38.62565 ], [ -77.20675, 38.62701 ], [ -77.21102, 38.62999 ], [ -77.21112, 38.6304 ], [ -77.21328, 38.63284 ], [ -77.21372, 38.63371 ], [ -77.21367, 38.63495 ], [ -77.21406, 38.63601 ], [ -77.21627, 38.63755 ], [ -77.21259, 38.63771 ], [ -77.20895, 38.63739 ], [ -77.2073, 38.63784 ], [ -77.20562, 38.63878 ], [ -77.20487, 38.63882 ], [ -77.20285, 38.64037 ], [ -77.2009, 38.64233 ], [ -77.19736, 38.64715 ], [ -77.19622, 38.64822 ], [ -77.19548, 38.64835 ], [ -77.19355, 38.65016 ], [ -77.19366, 38.65133 ], [ -77.19424, 38.65251 ], [ -77.19401, 38.65316 ], [ -77.19527, 38.65432 ], [ -77.19626, 38.65478 ], [ -77.19747, 38.65596 ], [ -77.19969, 38.6575 ], [ -77.20094, 38.65808 ], [ -77.20185, 38.65798 ], [ -77.20311, 38.6584 ], [ -77.20495, 38.65808 ], [ -77.20696, 38.6572 ], [ -77.20801, 38.65719 ], [ -77.2094, 38.65671 ], [ -77.21118, 38.65642 ], [ -77.21208, 38.65643 ], [ -77.21421, 38.65706 ], [ -77.21534, 38.657 ], [ -77.21957, 38.65767 ], [ -77.22303, 38.65766 ], [ -77.22429, 38.65743 ], [ -77.22472, 38.65804 ], [ -77.22364, 38.65955 ], [ -77.22493, 38.66086 ], [ -77.22573, 38.66052 ], [ -77.22818, 38.66055 ], [ -77.2285, 38.6615 ], [ -77.22942, 38.66233 ], [ -77.23245, 38.66251 ], [ -77.23395, 38.6634 ], [ -77.2343, 38.66396 ], [ -77.23502, 38.66332 ], [ -77.23637, 38.66427 ], [ -77.23561, 38.66506 ], [ -77.23572, 38.66495 ], [ -77.23763, 38.66608 ], [ -77.23937, 38.66765 ], [ -77.24008, 38.66717 ], [ -77.24429, 38.67152 ], [ -77.25023, 38.67404 ], [ -77.25218, 38.67796 ], [ -77.25478, 38.68118 ], [ -77.25416, 38.68151 ], [ -77.25678, 38.6841 ], [ -77.26194, 38.68631 ], [ -77.26334, 38.68655 ], [ -77.26355, 38.68616 ], [ -77.26463, 38.68663 ], [ -77.26562, 38.68725 ], [ -77.26748, 38.68901 ], [ -77.26989, 38.68976 ], [ -77.27237, 38.6914 ], [ -77.27446, 38.69344 ], [ -77.27657, 38.69485 ], [ -77.27813, 38.69528 ], [ -77.28004, 38.69514 ], [ -77.28084, 38.6953 ], [ -77.28455, 38.69716 ], [ -77.28644, 38.69884 ], [ -77.28847, 38.70003 ], [ -77.29487, 38.70264 ], [ -77.29879, 38.70394 ], [ -77.29996, 38.7049 ], [ -77.30099, 38.70715 ], [ -77.30193, 38.70801 ], [ -77.30306, 38.7082 ], [ -77.30608, 38.70756 ], [ -77.3066, 38.70931 ], [ -77.30631, 38.71035 ], [ -77.30552, 38.71126 ], [ -77.30548, 38.71178 ], [ -77.30666, 38.71359 ], [ -77.30661, 38.71454 ], [ -77.30526, 38.71901 ], [ -77.30479, 38.71951 ], [ -77.30366, 38.71996 ], [ -77.30347, 38.7205 ], [ -77.30365, 38.72153 ], [ -77.30295, 38.72153 ], [ -77.30194, 38.72278 ], [ -77.30218, 38.72373 ], [ -77.30258, 38.72408 ], [ -77.30253, 38.72454 ], [ -77.30292, 38.72459 ], [ -77.30285, 38.72505 ], [ -77.30229, 38.72477 ], [ -77.30203, 38.72535 ], [ -77.30218, 38.72567 ], [ -77.30553, 38.72543 ], [ -77.30528, 38.73268 ], [ -77.30453, 38.73273 ], [ -77.30348, 38.73332 ], [ -77.30221, 38.73342 ], [ -77.30159, 38.7339 ], [ -77.30141, 38.73354 ], [ -77.29887, 38.7317 ], [ -77.29347, 38.7255 ], [ -77.29441, 38.72642 ], [ -77.29518, 38.72683 ], [ -77.29736, 38.72616 ], [ -77.29824, 38.7251 ], [ -77.29825, 38.72471 ], [ -77.29574, 38.72263 ], [ -77.29265, 38.72445 ], [ -77.28987, 38.72104 ], [ -77.28729, 38.72173 ], [ -77.28674, 38.72225 ], [ -77.27946, 38.71846 ], [ -77.2763, 38.71951 ], [ -77.27802, 38.72003 ], [ -77.27951, 38.72118 ], [ -77.28081, 38.72376 ], [ -77.28132, 38.72539 ], [ -77.28132, 38.72789 ], [ -77.27957, 38.73327 ], [ -77.27971, 38.73465 ], [ -77.28057, 38.73603 ], [ -77.28423, 38.73823 ], [ -77.28536, 38.73915 ], [ -77.285, 38.73933 ], [ -77.27968, 38.74655 ], [ -77.2787, 38.74624 ], [ -77.27838, 38.74588 ], [ -77.27797, 38.74604 ], [ -77.27678, 38.74558 ], [ -77.27663, 38.74514 ], [ -77.27703, 38.74421 ], [ -77.27677, 38.74333 ], [ -77.27588, 38.74281 ], [ -77.27436, 38.74261 ], [ -77.27384, 38.74283 ], [ -77.27231, 38.74289 ], [ -77.27208, 38.74341 ], [ -77.27002, 38.74285 ], [ -77.26929, 38.74321 ], [ -77.26811, 38.74316 ], [ -77.26603, 38.74353 ], [ -77.26539, 38.74331 ], [ -77.26475, 38.74233 ], [ -77.26401, 38.74215 ], [ -77.26422, 38.74255 ], [ -77.26328, 38.74228 ], [ -77.26185, 38.7413 ], [ -77.26127, 38.74066 ], [ -77.26144, 38.74017 ], [ -77.26111, 38.73947 ], [ -77.26028, 38.73905 ], [ -77.25893, 38.73938 ], [ -77.25767, 38.73935 ], [ -77.25642, 38.73889 ], [ -77.2549, 38.73898 ], [ -77.25504, 38.73868 ], [ -77.25462, 38.73777 ], [ -77.25367, 38.73672 ], [ -77.25223, 38.73627 ], [ -77.25246, 38.73877 ], [ -77.25143, 38.74047 ], [ -77.25075, 38.74288 ], [ -77.25059, 38.74469 ], [ -77.25086, 38.74555 ], [ -77.2489, 38.74615 ], [ -77.24803, 38.74517 ], [ -77.24403, 38.74297 ], [ -77.24332, 38.74278 ], [ -77.24218, 38.74289 ], [ -77.23912, 38.74392 ], [ -77.23673, 38.74383 ], [ -77.23417, 38.74334 ], [ -77.2342, 38.745 ], [ -77.23197, 38.745 ], [ -77.23166, 38.74426 ], [ -77.22931, 38.74397 ], [ -77.22926, 38.74424 ], [ -77.2247, 38.74372 ], [ -77.22572, 38.74316 ], [ -77.22584, 38.74264 ], [ -77.22541, 38.74092 ], [ -77.22585, 38.73993 ], [ -77.22555, 38.73903 ], [ -77.22609, 38.73886 ], [ -77.225, 38.73801 ], [ -77.22428, 38.73707 ], [ -77.22433, 38.73628 ], [ -77.22281, 38.73528 ], [ -77.2218, 38.73399 ], [ -77.22114, 38.73404 ], [ -77.22088, 38.73259 ], [ -77.22016, 38.73185 ], [ -77.21938, 38.73146 ], [ -77.21883, 38.73037 ], [ -77.21824, 38.72998 ], [ -77.21801, 38.72944 ], [ -77.217, 38.72843 ], [ -77.21581, 38.72599 ], [ -77.21557, 38.7241 ], [ -77.21525, 38.72349 ], [ -77.2139, 38.72225 ], [ -77.21395, 38.72138 ], [ -77.21168, 38.7199 ], [ -77.21023, 38.72068 ], [ -77.20905, 38.71985 ], [ -77.21783, 38.71228 ], [ -77.21906, 38.7108 ], [ -77.21975, 38.70938 ], [ -77.22109, 38.70527 ], [ -77.2184, 38.70416 ], [ -77.21842, 38.70218 ], [ -77.22025, 38.70114 ], [ -77.22011, 38.70094 ], [ -77.21956, 38.70115 ], [ -77.21914, 38.70053 ], [ -77.21694, 38.70156 ], [ -77.21425, 38.69715 ], [ -77.21825, 38.69317 ], [ -77.22031, 38.68973 ], [ -77.21979, 38.68895 ], [ -77.21757, 38.6902 ], [ -77.21619, 38.69013 ], [ -77.2163, 38.69113 ], [ -77.21454, 38.69184 ], [ -77.21463, 38.69328 ], [ -77.21308, 38.69408 ], [ -77.21268, 38.69531 ], [ -77.20786, 38.69738 ], [ -77.20637, 38.6988 ], [ -77.20593, 38.69889 ], [ -77.20544, 38.69858 ], [ -77.20412, 38.69907 ], [ -77.20105, 38.69814 ], [ -77.20033, 38.69735 ], [ -77.20038, 38.69676 ], [ -77.19986, 38.69647 ], [ -77.19914, 38.69651 ], [ -77.19969, 38.6947 ], [ -77.2001, 38.69414 ], [ -77.20105, 38.69364 ], [ -77.20055, 38.69188 ], [ -77.20194, 38.69137 ], [ -77.20151, 38.69075 ], [ -77.20058, 38.69042 ], [ -77.20064, 38.6897 ], [ -77.2, 38.68913 ], [ -77.19939, 38.68888 ], [ -77.19871, 38.6893 ], [ -77.19812, 38.68934 ], [ -77.19472, 38.6879 ], [ -77.19331, 38.68877 ], [ -77.19308, 38.68872 ], [ -77.19259, 38.68776 ], [ -77.19128, 38.68702 ], [ -77.18988, 38.68571 ], [ -77.18726, 38.68509 ], [ -77.18575, 38.68325 ], [ -77.1841, 38.68232 ], [ -77.18371, 38.68135 ], [ -77.18257, 38.68068 ], [ -77.18017, 38.68044 ], [ -77.1791, 38.68066 ], [ -77.179, 38.67972 ], [ -77.17846, 38.6791 ], [ -77.17665, 38.67851 ], [ -77.1757, 38.67872 ], [ -77.17487, 38.67971 ], [ -77.17397, 38.67978 ], [ -77.17295, 38.67852 ], [ -77.17167, 38.67809 ], [ -77.17135, 38.67823 ], [ -77.17056, 38.67808 ], [ -77.1702, 38.67751 ], [ -77.16973, 38.67744 ], [ -77.16925, 38.67697 ], [ -77.16808, 38.67713 ], [ -77.16799, 38.67639 ], [ -77.16728, 38.6758 ], [ -77.16555, 38.67533 ], [ -77.16484, 38.67292 ], [ -77.16328, 38.67227 ], [ -77.16291, 38.6716 ], [ -77.16053, 38.67095 ], [ -77.15855, 38.67093 ], [ -77.15791, 38.67036 ], [ -77.15785, 38.66955 ], [ -77.15741, 38.66897 ], [ -77.15497, 38.6679 ], [ -77.15458, 38.66723 ], [ -77.15391, 38.66679 ], [ -77.15137, 38.66629 ], [ -77.15032, 38.66559 ], [ -77.14965, 38.66394 ], [ -77.14969, 38.66309 ], [ -77.15007, 38.66293 ], [ -77.15035, 38.66149 ], [ -77.15008, 38.65947 ], [ -77.15024, 38.6589 ], [ -77.14998, 38.65839 ], [ -77.14848, 38.65708 ], [ -77.14737, 38.65717 ], [ -77.14519, 38.65646 ], [ -77.14343, 38.65513 ], [ -77.14174, 38.65316 ], [ -77.13971, 38.65184 ], [ -77.13801, 38.65115 ], [ -77.13735, 38.65054 ], [ -77.13629, 38.65021 ], [ -77.13621, 38.64709 ], [ -77.13549, 38.64638 ], [ -77.13346, 38.64522 ], [ -77.13291, 38.64461 ], [ -77.13298, 38.64335 ], [ -77.13347, 38.6427 ], [ -77.13311, 38.64224 ], [ -77.13295, 38.64113 ], [ -77.13191, 38.6399 ], [ -77.13204, 38.63961 ], [ -77.13141, 38.63848 ], [ -77.13088, 38.63637 ], [ -77.12985, 38.63497 ], [ -77.12987, 38.6347 ], [ -77.13047, 38.63481 ] ] } },
{ "type": "Feature", "properties": { "year": 2026, "level": "MS", "name": "Katherine Johnson" }, "geometry": { "type": "MultiLineString", "coordinates": [ [ [ -77.36663, 38.81806 ], [ -77.36607, 38.81797 ], [ -77.36595, 38.81754 ], [ -77.36481, 38.8164 ], [ -77.36481, 38.81613 ], [ -77.36548, 38.81558 ], [ -77.36604, 38.81416 ], [ -77.3659, 38.8131 ], [ -77.36487, 38.8125 ], [ -77.36483, 38.81175 ], [ -77.36414, 38.81103 ], [ -77.36357, 38.81096 ], [ -77.36298, 38.80971 ], [ -77.36301, 38.80866 ], [ -77.36139, 38.80801 ], [ -77.37104, 38.80474 ], [ -77.3718, 38.80626 ], [ -77.37468, 38.80536 ], [ -77.37495, 38.80432 ], [ -77.37501, 38.80122 ], [ -77.37539, 38.79969 ], [ -77.37512, 38.79825 ], [ -77.37563, 38.79684 ], [ -77.37677, 38.79717 ], [ -77.37875, 38.79896 ], [ -77.3785, 38.79922 ], [ -77.37908, 38.79986 ], [ -77.38001, 38.80277 ], [ -77.38, 38.80357 ], [ -77.38125, 38.80477 ], [ -77.38196, 38.80503 ], [ -77.38276, 38.80596 ], [ -77.38308, 38.8073 ], [ -77.38374, 38.80796 ], [ -77.38409, 38.80914 ], [ -77.38366, 38.81003 ], [ -77.3842, 38.81105 ], [ -77.38391, 38.81164 ], [ -77.38808, 38.80985 ], [ -77.38893, 38.80922 ], [ -77.39094, 38.80895 ], [ -77.39391, 38.80797 ], [ -77.39426, 38.80698 ], [ -77.39808, 38.80714 ], [ -77.39744, 38.82044 ], [ -77.39775, 38.82264 ], [ -77.39891, 38.82481 ], [ -77.40562, 38.83257 ], [ -77.40593, 38.83454 ], [ -77.40463, 38.84 ], [ -77.4086, 38.83984 ], [ -77.4083, 38.84222 ], [ -77.40194, 38.84874 ], [ -77.40291, 38.85172 ], [ -77.39283, 38.85357 ], [ -77.39307, 38.85418 ], [ -77.39389, 38.8548 ], [ -77.39398, 38.85517 ], [ -77.39378, 38.85524 ], [ -77.39426, 38.85567 ], [ -77.3945, 38.85646 ], [ -77.39618, 38.85622 ], [ -77.39641, 38.85658 ], [ -77.39729, 38.85698 ], [ -77.39787, 38.85633 ], [ -77.39863, 38.85593 ], [ -77.39964, 38.85572 ], [ -77.40058, 38.85581 ], [ -77.40096, 38.86159 ], [ -77.39891, 38.86093 ], [ -77.39592, 38.85878 ], [ -77.39393, 38.85842 ], [ -77.39226, 38.85887 ], [ -77.38965, 38.86096 ], [ -77.38716, 38.86196 ], [ -77.38519, 38.86306 ], [ -77.3836, 38.86329 ], [ -77.38201, 38.86298 ], [ -77.38181, 38.86419 ], [ -77.382, 38.86527 ], [ -77.38333, 38.86595 ], [ -77.38351, 38.86637 ], [ -77.38398, 38.86656 ], [ -77.38394, 38.86682 ], [ -77.38541, 38.86718 ], [ -77.38572, 38.86781 ], [ -77.38642, 38.86796 ], [ -77.3858, 38.86863 ], [ -77.38474, 38.86906 ], [ -77.38432, 38.8695 ], [ -77.38309, 38.86956 ], [ -77.38386, 38.87369 ], [ -77.3833, 38.87544 ], [ -77.36075, 38.86675 ], [ -77.34586, 38.86125 ], [ -77.34667, 38.86086 ], [ -77.34792, 38.85778 ], [ -77.34794, 38.85706 ], [ -77.34739, 38.85658 ], [ -77.34704, 38.85656 ], [ -77.34705, 38.85605 ], [ -77.34685, 38.85618 ], [ -77.34667, 38.85579 ], [ -77.34938, 38.85594 ], [ -77.35001, 38.85523 ], [ -77.34964, 38.85242 ], [ -77.34742, 38.85288 ], [ -77.34527, 38.85371 ], [ -77.34458, 38.85375 ], [ -77.34286, 38.85559 ], [ -77.34191, 38.85533 ], [ -77.34227, 38.85443 ], [ -77.34097, 38.85423 ], [ -77.34085, 38.85452 ], [ -77.33919, 38.85402 ], [ -77.3381, 38.85393 ], [ -77.33823, 38.85309 ], [ -77.33931, 38.8532 ], [ -77.33942, 38.85268 ], [ -77.33991, 38.85262 ], [ -77.3396, 38.8508 ], [ -77.35893, 38.8482 ], [ -77.36733, 38.84662 ], [ -77.36302, 38.83718 ], [ -77.36372, 38.83704 ], [ -77.3639, 38.83629 ], [ -77.36293, 38.83414 ], [ -77.36365, 38.83319 ], [ -77.36215, 38.82998 ], [ -77.36211, 38.829 ], [ -77.36258, 38.82863 ], [ -77.36281, 38.82764 ], [ -77.36261, 38.82701 ], [ -77.36297, 38.82614 ], [ -77.36226, 38.82588 ], [ -77.36175, 38.82524 ], [ -77.36203, 38.82492 ], [ -77.3633, 38.82493 ], [ -77.36253, 38.82102 ], [ -77.36385, 38.81984 ], [ -77.36342, 38.81877 ], [ -77.36663, 38.81806 ] ], [ [ -77.30307, 38.83282 ], [ -77.30406, 38.83608 ], [ -77.30786, 38.83575 ], [ -77.30805, 38.83689 ], [ -77.31036, 38.83666 ], [ -77.31043, 38.83694 ], [ -77.31198, 38.83678 ], [ -77.31175, 38.83572 ], [ -77.31261, 38.83571 ], [ -77.31274, 38.83631 ], [ -77.31398, 38.83604 ], [ -77.31411, 38.83583 ], [ -77.31623, 38.83642 ], [ -77.31869, 38.83466 ], [ -77.31876, 38.84202 ], [ -77.32269, 38.8432 ], [ -77.32588, 38.84698 ], [ -77.33095, 38.84732 ], [ -77.33032, 38.84779 ], [ -77.33033, 38.84884 ], [ -77.33054, 38.84886 ], [ -77.33137, 38.85122 ], [ -77.3318, 38.8517 ], [ -77.3348, 38.85136 ], [ -77.33503, 38.85266 ], [ -77.3347, 38.85396 ], [ -77.33333, 38.85643 ], [ -77.33374, 38.8566 ], [ -77.33333, 38.85643 ], [ -77.32882, 38.8639 ], [ -77.32935, 38.86411 ], [ -77.32877, 38.86488 ], [ -77.3226, 38.86596 ], [ -77.31951, 38.86929 ], [ -77.32082, 38.86944 ], [ -77.32025, 38.87054 ], [ -77.32117, 38.87094 ], [ -77.323, 38.87116 ], [ -77.32206, 38.87298 ], [ -77.32465, 38.87342 ], [ -77.32084, 38.87645 ], [ -77.31931, 38.87868 ], [ -77.31838, 38.87772 ], [ -77.31618, 38.87916 ], [ -77.31279, 38.87961 ], [ -77.31255, 38.87902 ], [ -77.31177, 38.87913 ], [ -77.31168, 38.87896 ], [ -77.30794, 38.87931 ], [ -77.30774, 38.87827 ], [ -77.30685, 38.87819 ], [ -77.3065, 38.87732 ], [ -77.30586, 38.87711 ], [ -77.30764, 38.87512 ], [ -77.30841, 38.87358 ], [ -77.30906, 38.87122 ], [ -77.30906, 38.86866 ], [ -77.29732, 38.87079 ], [ -77.29268, 38.87193 ], [ -77.29187, 38.8711 ], [ -77.29064, 38.871 ], [ -77.29162, 38.86745 ], [ -77.27867, 38.86657 ], [ -77.27886, 38.86629 ], [ -77.27429, 38.86606 ], [ -77.27386, 38.86664 ], [ -77.27305, 38.86585 ], [ -77.27152, 38.86656 ], [ -77.27063, 38.86584 ], [ -77.27003, 38.86412 ], [ -77.26954, 38.86413 ], [ -77.26878, 38.86287 ], [ -77.26863, 38.85999 ], [ -77.26979, 38.85566 ], [ -77.26879, 38.85448 ], [ -77.26917, 38.85379 ], [ -77.26891, 38.85239 ], [ -77.26926, 38.85182 ], [ -77.27096, 38.85138 ], [ -77.27175, 38.8485 ], [ -77.26998, 38.84335 ], [ -77.27052, 38.84092 ], [ -77.27856, 38.84198 ], [ -77.27854, 38.84099 ], [ -77.28094, 38.84127 ], [ -77.28206, 38.84118 ], [ -77.28638, 38.84172 ], [ -77.28647, 38.83862 ], [ -77.28735, 38.83864 ], [ -77.28726, 38.83613 ], [ -77.28828, 38.83615 ], [ -77.2884, 38.83653 ], [ -77.29063, 38.83652 ], [ -77.29674, 38.83733 ], [ -77.29673, 38.83598 ], [ -77.29715, 38.83497 ], [ -77.30024, 38.83505 ], [ -77.30022, 38.83521 ], [ -77.30229, 38.83535 ], [ -77.30224, 38.8349 ], [ -77.30179, 38.83475 ], [ -77.30133, 38.83311 ], [ -77.30307, 38.83282 ] ] ] } },
{ "type": "Feature", "properties": { "year": 2026, "level": "HS", "name": "Langley" }, "geometry": { "type": "LineString", "coordinates": [ [ -77.22171, 38.92032 ], [ -77.22179, 38.92207 ], [ -77.21906, 38.92283 ], [ -77.21782, 38.92371 ], [ -77.21773, 38.92418 ], [ -77.22285, 38.92787 ], [ -77.22426, 38.92853 ], [ -77.2262, 38.92881 ], [ -77.22813, 38.92854 ], [ -77.23233, 38.92588 ], [ -77.23649, 38.92387 ], [ -77.24647, 38.93414 ], [ -77.25333, 38.93241 ], [ -77.25726, 38.93211 ], [ -77.26152, 38.93276 ], [ -77.26352, 38.9335 ], [ -77.26523, 38.93444 ], [ -77.27054, 38.93904 ], [ -77.27265, 38.94047 ], [ -77.27185, 38.94166 ], [ -77.27253, 38.9421 ], [ -77.27235, 38.94279 ], [ -77.27283, 38.94265 ], [ -77.27287, 38.94314 ], [ -77.27373, 38.94415 ], [ -77.27469, 38.9445 ], [ -77.27565, 38.94449 ], [ -77.27577, 38.94504 ], [ -77.27618, 38.94529 ], [ -77.27618, 38.94602 ], [ -77.27655, 38.94627 ], [ -77.27782, 38.94632 ], [ -77.27821, 38.94657 ], [ -77.27946, 38.94646 ], [ -77.27927, 38.94698 ], [ -77.27956, 38.9472 ], [ -77.2795, 38.94772 ], [ -77.2798, 38.94773 ], [ -77.28001, 38.94737 ], [ -77.28143, 38.94777 ], [ -77.28098, 38.94956 ], [ -77.28159, 38.95042 ], [ -77.28309, 38.9502 ], [ -77.28449, 38.95072 ], [ -77.2838, 38.95153 ], [ -77.28194, 38.95218 ], [ -77.27868, 38.95446 ], [ -77.27672, 38.957 ], [ -77.28128, 38.95791 ], [ -77.28046, 38.95907 ], [ -77.28321, 38.95929 ], [ -77.28415, 38.95847 ], [ -77.28485, 38.95861 ], [ -77.28484, 38.95817 ], [ -77.28529, 38.95817 ], [ -77.28535, 38.95911 ], [ -77.28726, 38.95976 ], [ -77.29068, 38.95969 ], [ -77.29153, 38.95932 ], [ -77.29198, 38.95952 ], [ -77.29163, 38.96012 ], [ -77.29675, 38.96201 ], [ -77.29754, 38.96102 ], [ -77.29724, 38.96028 ], [ -77.29804, 38.96059 ], [ -77.29871, 38.96023 ], [ -77.29986, 38.96066 ], [ -77.2986, 38.9627 ], [ -77.30243, 38.96412 ], [ -77.30222, 38.96553 ], [ -77.30304, 38.96578 ], [ -77.30363, 38.96548 ], [ -77.30408, 38.96573 ], [ -77.3048, 38.96549 ], [ -77.30494, 38.96586 ], [ -77.30532, 38.96576 ], [ -77.30577, 38.96595 ], [ -77.30583, 38.96626 ], [ -77.30623, 38.96615 ], [ -77.30631, 38.96693 ], [ -77.3061, 38.96718 ], [ -77.3064, 38.96734 ], [ -77.30684, 38.96716 ], [ -77.30699, 38.96743 ], [ -77.30753, 38.96721 ], [ -77.30779, 38.9667 ], [ -77.30816, 38.96645 ], [ -77.30839, 38.96635 ], [ -77.30584, 38.97487 ], [ -77.31343, 38.97707 ], [ -77.31515, 38.97778 ], [ -77.3171, 38.97563 ], [ -77.31914, 38.97756 ], [ -77.31888, 38.97781 ], [ -77.32101, 38.97853 ], [ -77.32138, 38.97946 ], [ -77.32787, 38.97808 ], [ -77.33038, 38.97848 ], [ -77.3305, 38.97995 ], [ -77.33209, 38.9799 ], [ -77.33111, 38.98757 ], [ -77.33184, 38.9876 ], [ -77.33178, 38.98877 ], [ -77.33577, 38.98897 ], [ -77.33686, 38.98741 ], [ -77.33924, 38.98906 ], [ -77.33765, 38.99132 ], [ -77.33808, 38.9915 ], [ -77.33714, 38.99369 ], [ -77.3363, 38.99468 ], [ -77.3403, 38.99751 ], [ -77.34374, 38.99255 ], [ -77.34506, 38.99309 ], [ -77.34675, 38.99325 ], [ -77.34455, 38.99667 ], [ -77.34599, 38.99695 ], [ -77.34525, 38.99806 ], [ -77.34395, 38.99751 ], [ -77.34369, 38.99799 ], [ -77.34438, 38.99825 ], [ -77.3438, 38.99907 ], [ -77.3463, 39.00042 ], [ -77.34586, 39.00096 ], [ -77.35702, 39.0069 ], [ -77.35888, 39.00344 ], [ -77.35325, 39.00165 ], [ -77.35183, 39.00092 ], [ -77.35149, 38.9968 ], [ -77.35355, 38.99737 ], [ -77.35409, 38.99599 ], [ -77.35195, 38.99528 ], [ -77.35147, 38.99551 ], [ -77.35142, 38.99597 ], [ -77.35072, 38.99593 ], [ -77.35089, 38.99372 ], [ -77.35131, 38.9939 ], [ -77.35128, 38.99339 ], [ -77.35459, 38.9947 ], [ -77.35438, 38.99525 ], [ -77.35494, 38.99536 ], [ -77.35561, 38.9951 ], [ -77.35647, 38.99408 ], [ -77.35797, 38.99114 ], [ -77.3648, 38.99246 ], [ -77.36524, 38.9934 ], [ -77.3653, 38.99447 ], [ -77.36401, 38.99706 ], [ -77.36333, 38.99941 ], [ -77.36578, 38.99985 ], [ -77.36687, 38.99922 ], [ -77.36924, 38.9987 ], [ -77.37025, 38.99911 ], [ -77.3708, 38.9998 ], [ -77.37031, 39.00034 ], [ -77.37011, 39.00186 ], [ -77.37024, 39.00228 ], [ -77.3709, 39.00271 ], [ -77.37123, 39.00362 ], [ -77.37109, 39.00426 ], [ -77.37204, 39.0047 ], [ -77.37245, 39.00557 ], [ -77.37376, 39.00667 ], [ -77.37327, 39.00713 ], [ -77.37348, 39.00741 ], [ -77.37334, 39.00787 ], [ -77.37274, 39.00827 ], [ -77.37237, 39.00896 ], [ -77.37322, 39.01003 ], [ -77.37157, 39.01061 ], [ -77.37122, 39.01109 ], [ -77.36975, 39.01147 ], [ -77.36907, 39.01117 ], [ -77.36817, 39.0118 ], [ -77.36866, 39.01231 ], [ -77.36865, 39.01323 ], [ -77.37111, 39.01448 ], [ -77.32833, 39.05769 ], [ -77.32646, 39.05749 ], [ -77.32368, 39.05598 ], [ -77.3213, 39.05579 ], [ -77.31926, 39.05511 ], [ -77.31454, 39.05224 ], [ -77.31074, 39.05202 ], [ -77.309, 39.05228 ], [ -77.30774, 39.05223 ], [ -77.30605, 39.05195 ], [ -77.30427, 39.0513 ], [ -77.30023, 39.04928 ], [ -77.29488, 39.0474 ], [ -77.29201, 39.046 ], [ -77.28904, 39.04405 ], [ -77.28606, 39.0414 ], [ -77.28307, 39.03956 ], [ -77.28206, 39.0392 ], [ -77.27689, 39.03544 ], [ -77.2752, 39.03446 ], [ -77.27379, 39.03396 ], [ -77.27296, 39.03393 ], [ -77.26808, 39.03232 ], [ -77.26052, 39.03137 ], [ -77.25491, 39.02988 ], [ -77.25155, 39.02814 ], [ -77.25022, 39.02714 ], [ -77.24832, 39.02659 ], [ -77.24703, 39.02562 ], [ -77.24599, 39.0244 ], [ -77.24463, 39.0211 ], [ -77.24538, 39.01754 ], [ -77.24629, 39.01646 ], [ -77.24709, 39.01463 ], [ -77.25118, 39.0119 ], [ -77.25326, 39.00917 ], [ -77.25425, 39.00718 ], [ -77.25442, 39.00631 ], [ -77.25531, 39.00493 ], [ -77.25576, 39.00178 ], [ -77.25498, 39.00078 ], [ -77.25462, 38.99977 ], [ -77.25473, 38.99936 ], [ -77.25423, 38.9983 ], [ -77.25363, 38.99782 ], [ -77.25352, 38.99681 ], [ -77.25293, 38.9959 ], [ -77.25296, 38.99547 ], [ -77.24996, 38.99464 ], [ -77.24995, 38.99404 ], [ -77.24939, 38.99373 ], [ -77.24865, 38.9927 ], [ -77.24805, 38.99038 ], [ -77.24541, 38.98424 ], [ -77.24503, 38.98269 ], [ -77.24407, 38.98212 ], [ -77.24392, 38.98236 ], [ -77.24173, 38.98171 ], [ -77.23995, 38.98076 ], [ -77.23969, 38.98023 ], [ -77.23845, 38.97933 ], [ -77.2362, 38.97692 ], [ -77.23565, 38.97679 ], [ -77.23504, 38.97606 ], [ -77.23455, 38.97623 ], [ -77.2336, 38.97735 ], [ -77.23233, 38.9793 ], [ -77.23094, 38.97929 ], [ -77.23048, 38.97973 ], [ -77.22995, 38.97972 ], [ -77.22859, 38.97851 ], [ -77.22637, 38.97409 ], [ -77.2236, 38.97207 ], [ -77.2211, 38.97134 ], [ -77.21883, 38.97156 ], [ -77.21571, 38.97062 ], [ -77.21476, 38.97054 ], [ -77.21378, 38.96984 ], [ -77.21274, 38.96978 ], [ -77.21152, 38.96935 ], [ -77.21025, 38.97012 ], [ -77.20803, 38.97033 ], [ -77.20629, 38.96978 ], [ -77.20498, 38.96874 ], [ -77.20289, 38.96811 ], [ -77.20248, 38.96777 ], [ -77.19805, 38.96689 ], [ -77.19672, 38.96702 ], [ -77.19579, 38.96758 ], [ -77.19524, 38.96746 ], [ -77.1942, 38.96828 ], [ -77.19081, 38.96799 ], [ -77.18932, 38.96754 ], [ -77.18843, 38.96804 ], [ -77.18682, 38.9678 ], [ -77.186, 38.96798 ], [ -77.18422, 38.96789 ], [ -77.1831, 38.96872 ], [ -77.18154, 38.96879 ], [ -77.1798, 38.96841 ], [ -77.17981, 38.96822 ], [ -77.1798, 38.96841 ], [ -77.17721, 38.96814 ], [ -77.17498, 38.96821 ], [ -77.17409, 38.9679 ], [ -77.17349, 38.96797 ], [ -77.17213, 38.96756 ], [ -77.17118, 38.96667 ], [ -77.16964, 38.96639 ], [ -77.1691, 38.96646 ], [ -77.16841, 38.96712 ], [ -77.16756, 38.96741 ], [ -77.16491, 38.96784 ], [ -77.16299, 38.96738 ], [ -77.15985, 38.96615 ], [ -77.1584, 38.96595 ], [ -77.15723, 38.96629 ], [ -77.15463, 38.96588 ], [ -77.15195, 38.96585 ], [ -77.15021, 38.96559 ], [ -77.14719, 38.96454 ], [ -77.14523, 38.9633 ], [ -77.14316, 38.96135 ], [ -77.14059, 38.95839 ], [ -77.13543, 38.95387 ], [ -77.13109, 38.94644 ], [ -77.12877, 38.94175 ], [ -77.12809, 38.9409 ], [ -77.12875, 38.94038 ], [ -77.13001, 38.94019 ], [ -77.13139, 38.93804 ], [ -77.13682, 38.94068 ], [ -77.14091, 38.94232 ], [ -77.1455, 38.94378 ], [ -77.14855, 38.944 ], [ -77.15982, 38.94221 ], [ -77.16711, 38.94271 ], [ -77.17386, 38.9409 ], [ -77.1784, 38.94014 ], [ -77.18541, 38.93708 ], [ -77.18695, 38.93769 ], [ -77.18931, 38.9381 ], [ -77.19363, 38.937 ], [ -77.194, 38.9371 ], [ -77.19499, 38.93599 ], [ -77.19272, 38.93483 ], [ -77.19371, 38.93366 ], [ -77.1993, 38.93157 ], [ -77.20095, 38.93072 ], [ -77.20356, 38.92878 ], [ -77.21309, 38.93224 ], [ -77.21385, 38.93114 ], [ -77.21425, 38.92994 ], [ -77.21423, 38.92601 ], [ -77.21611, 38.92182 ], [ -77.21924, 38.92061 ], [ -77.22171, 38.92032 ] ] } },
{ "type": "Feature", "properties": { "year": 2026, "level": "HS", "name": "McLean" }, "geometry": { "type": "MultiLineString", "coordinates": [ [ [ -77.19436, 38.89732 ], [ -77.202, 38.90218 ], [ -77.20146, 38.90267 ], [ -77.20052, 38.903 ], [ -77.20011, 38.90284 ], [ -77.19893, 38.90324 ], [ -77.19808, 38.90409 ], [ -77.19801, 38.9066 ], [ -77.19662, 38.90742 ], [ -77.19563, 38.90738 ], [ -77.19522, 38.90893 ], [ -77.19414, 38.90977 ], [ -77.19412, 38.91005 ], [ -77.19291, 38.91061 ], [ -77.19297, 38.91106 ], [ -77.19243, 38.91123 ], [ -77.19213, 38.91171 ], [ -77.19237, 38.91207 ], [ -77.19199, 38.91253 ], [ -77.19099, 38.91322 ], [ -77.19045, 38.91333 ], [ -77.19014, 38.91303 ], [ -77.18906, 38.91336 ], [ -77.19205, 38.91651 ], [ -77.19655, 38.92332 ], [ -77.20285, 38.91967 ], [ -77.20624, 38.92026 ], [ -77.20939, 38.92143 ], [ -77.20866, 38.92211 ], [ -77.2084, 38.92336 ], [ -77.20881, 38.9248 ], [ -77.20095, 38.93072 ], [ -77.19921, 38.93161 ], [ -77.19371, 38.93366 ], [ -77.19272, 38.93483 ], [ -77.19499, 38.93599 ], [ -77.194, 38.9371 ], [ -77.19363, 38.937 ], [ -77.18931, 38.9381 ], [ -77.18695, 38.93769 ], [ -77.18541, 38.93708 ], [ -77.1784, 38.94014 ], [ -77.17386, 38.9409 ], [ -77.16711, 38.94271 ], [ -77.16009, 38.94219 ], [ -77.1494, 38.94392 ], [ -77.1474, 38.94401 ], [ -77.14476, 38.94358 ], [ -77.13979, 38.94191 ], [ -77.13139, 38.93804 ], [ -77.13001, 38.94019 ], [ -77.12875, 38.94038 ], [ -77.12809, 38.9409 ], [ -77.12464, 38.93875 ], [ -77.11975, 38.93442 ], [ -77.17228, 38.89325 ], [ -77.1887, 38.89625 ], [ -77.18893, 38.89613 ], [ -77.19146, 38.89777 ], [ -77.19062, 38.89869 ], [ -77.19134, 38.8996 ], [ -77.19197, 38.89985 ], [ -77.19426, 38.89932 ], [ -77.19486, 38.8988 ], [ -77.19465, 38.89784 ], [ -77.19354, 38.89703 ], [ -77.19365, 38.89691 ], [ -77.19436, 38.89732 ] ], [ [ -77.20984, 38.87507 ], [ -77.20963, 38.8758 ], [ -77.20939, 38.87582 ], [ -77.20853, 38.87724 ], [ -77.20883, 38.87728 ], [ -77.20858, 38.8777 ], [ -77.21089, 38.878 ], [ -77.2099, 38.87968 ], [ -77.20531, 38.87912 ], [ -77.20352, 38.88205 ], [ -77.20149, 38.88182 ], [ -77.20073, 38.88275 ], [ -77.20445, 38.88534 ], [ -77.20409, 38.88577 ], [ -77.20315, 38.88628 ], [ -77.20189, 38.88631 ], [ -77.20123, 38.88704 ], [ -77.2009, 38.88672 ], [ -77.20067, 38.88696 ], [ -77.20088, 38.88708 ], [ -77.2002, 38.88731 ], [ -77.19963, 38.88792 ], [ -77.19915, 38.88793 ], [ -77.19886, 38.88881 ], [ -77.19661, 38.89123 ], [ -77.19353, 38.89142 ], [ -77.19214, 38.8928 ], [ -77.19093, 38.89238 ], [ -77.19426, 38.8861 ], [ -77.18964, 38.87805 ], [ -77.20019, 38.87575 ], [ -77.20984, 38.87507 ] ] ] } },
{ "type": "Feature", "properties": { "year": 2026, "level": "HS", "name": "Oakton" }, "geometry": { "type": "LineString", "coordinates": [ [ -77.32877, 38.86488 ], [ -77.32935, 38.86411 ], [ -77.32882, 38.8639 ], [ -77.33333, 38.85643 ], [ -77.3833, 38.87544 ], [ -77.38206, 38.87793 ], [ -77.38213, 38.87887 ], [ -77.38266, 38.87989 ], [ -77.38386, 38.88088 ], [ -77.38746, 38.8824 ], [ -77.38904, 38.88366 ], [ -77.38995, 38.88505 ], [ -77.39146, 38.88907 ], [ -77.39221, 38.89038 ], [ -77.39758, 38.89572 ], [ -77.39959, 38.89687 ], [ -77.39927, 38.89821 ], [ -77.39908, 38.8982 ], [ -77.39959, 38.89875 ], [ -77.40035, 38.89893 ], [ -77.40069, 38.89924 ], [ -77.40095, 38.90024 ], [ -77.40209, 38.90195 ], [ -77.40622, 38.90268 ], [ -77.40671, 38.90386 ], [ -77.40671, 38.90499 ], [ -77.40627, 38.90603 ], [ -77.39454, 38.92461 ], [ -77.38435, 38.92075 ], [ -77.38489, 38.9197 ], [ -77.37892, 38.9169 ], [ -77.37784, 38.9183 ], [ -77.37658, 38.91771 ], [ -77.376, 38.91838 ], [ -77.37385, 38.92336 ], [ -77.37356, 38.92497 ], [ -77.37208, 38.92458 ], [ -77.35617, 38.90202 ], [ -77.35574, 38.90234 ], [ -77.35445, 38.90178 ], [ -77.35242, 38.90308 ], [ -77.35315, 38.90358 ], [ -77.35256, 38.90372 ], [ -77.35199, 38.90417 ], [ -77.35167, 38.90396 ], [ -77.35198, 38.90372 ], [ -77.35194, 38.90312 ], [ -77.35089, 38.90323 ], [ -77.35089, 38.90246 ], [ -77.35152, 38.90137 ], [ -77.35072, 38.90081 ], [ -77.35261, 38.90021 ], [ -77.35194, 38.89936 ], [ -77.34924, 38.90064 ], [ -77.34605, 38.90013 ], [ -77.34619, 38.89904 ], [ -77.34422, 38.89983 ], [ -77.34111, 38.89637 ], [ -77.33753, 38.8983 ], [ -77.33504, 38.89616 ], [ -77.32921, 38.8967 ], [ -77.32908, 38.8947 ], [ -77.32818, 38.89457 ], [ -77.3279, 38.89308 ], [ -77.32537, 38.89219 ], [ -77.3246, 38.89297 ], [ -77.32197, 38.89476 ], [ -77.32018, 38.89566 ], [ -77.31996, 38.89679 ], [ -77.31965, 38.89713 ], [ -77.31974, 38.89768 ], [ -77.32015, 38.89778 ], [ -77.31952, 38.89895 ], [ -77.31873, 38.89917 ], [ -77.31871, 38.89961 ], [ -77.31825, 38.8999 ], [ -77.31662, 38.89912 ], [ -77.31703, 38.89813 ], [ -77.31682, 38.89804 ], [ -77.3164, 38.89864 ], [ -77.31637, 38.89943 ], [ -77.31505, 38.89892 ], [ -77.31441, 38.89833 ], [ -77.31319, 38.89773 ], [ -77.31137, 38.89758 ], [ -77.30951, 38.89782 ], [ -77.30888, 38.89839 ], [ -77.30442, 38.89755 ], [ -77.30341, 38.90189 ], [ -77.29973, 38.90015 ], [ -77.30007, 38.89964 ], [ -77.29816, 38.89864 ], [ -77.29922, 38.89809 ], [ -77.30093, 38.89632 ], [ -77.30009, 38.89561 ], [ -77.30102, 38.89515 ], [ -77.29425, 38.88938 ], [ -77.2933, 38.88545 ], [ -77.29251, 38.88614 ], [ -77.29264, 38.88649 ], [ -77.29232, 38.88678 ], [ -77.29286, 38.88696 ], [ -77.29289, 38.88722 ], [ -77.29171, 38.88786 ], [ -77.28913, 38.8843 ], [ -77.2846, 38.88624 ], [ -77.28406, 38.88551 ], [ -77.2844, 38.88529 ], [ -77.28357, 38.88422 ], [ -77.28067, 38.88556 ], [ -77.28053, 38.8851 ], [ -77.27977, 38.88528 ], [ -77.27972, 38.88485 ], [ -77.2785, 38.88495 ], [ -77.27825, 38.88256 ], [ -77.27464, 38.88258 ], [ -77.27367, 38.88168 ], [ -77.27448, 38.88131 ], [ -77.27491, 38.88055 ], [ -77.27448, 38.87916 ], [ -77.27491, 38.87694 ], [ -77.2672, 38.87819 ], [ -77.26211, 38.87259 ], [ -77.26211, 38.87234 ], [ -77.26438, 38.87194 ], [ -77.26446, 38.87075 ], [ -77.26412, 38.86954 ], [ -77.26552, 38.86948 ], [ -77.26559, 38.86979 ], [ -77.26693, 38.86961 ], [ -77.26666, 38.86757 ], [ -77.26766, 38.86769 ], [ -77.26717, 38.86494 ], [ -77.27034, 38.86487 ], [ -77.27063, 38.86584 ], [ -77.27152, 38.86656 ], [ -77.27305, 38.86585 ], [ -77.27386, 38.86664 ], [ -77.27429, 38.86606 ], [ -77.27886, 38.86629 ], [ -77.27867, 38.86657 ], [ -77.29162, 38.86745 ], [ -77.29064, 38.871 ], [ -77.29187, 38.8711 ], [ -77.29268, 38.87193 ], [ -77.29732, 38.87079 ], [ -77.30906, 38.86866 ], [ -77.30906, 38.87122 ], [ -77.30841, 38.87358 ], [ -77.30764, 38.87512 ], [ -77.30586, 38.87711 ], [ -77.3065, 38.87732 ], [ -77.30685, 38.87819 ], [ -77.30774, 38.87827 ], [ -77.30794, 38.87931 ], [ -77.31168, 38.87896 ], [ -77.31177, 38.87913 ], [ -77.31255, 38.87902 ], [ -77.31279, 38.87961 ], [ -77.31618, 38.87916 ], [ -77.31838, 38.87772 ], [ -77.31931, 38.87868 ], [ -77.32084, 38.87645 ], [ -77.32465, 38.87342 ], [ -77.32206, 38.87298 ], [ -77.323, 38.87116 ], [ -77.32117, 38.87094 ], [ -77.32025, 38.87054 ], [ -77.32082, 38.86944 ], [ -77.31951, 38.86929 ], [ -77.3226, 38.86596 ], [ -77.32877, 38.86488 ] ] } },
{ "type": "Feature", "properties": { "year": 2026, "level": "HS", "name": "Madison" }, "geometry": { "type": "LineString", "coordinates": [ [ -77.2672, 38.87819 ], [ -77.27491, 38.87694 ], [ -77.27448, 38.87916 ], [ -77.27491, 38.88055 ], [ -77.27448, 38.88131 ], [ -77.27367, 38.88168 ], [ -77.27464, 38.88258 ], [ -77.27825, 38.88256 ], [ -77.2785, 38.88495 ], [ -77.27972, 38.88485 ], [ -77.27977, 38.88528 ], [ -77.28053, 38.8851 ], [ -77.28067, 38.88556 ], [ -77.28357, 38.88422 ], [ -77.2844, 38.88529 ], [ -77.28406, 38.88551 ], [ -77.2846, 38.88624 ], [ -77.28913, 38.8843 ], [ -77.29171, 38.88786 ], [ -77.29289, 38.88722 ], [ -77.29286, 38.88696 ], [ -77.29232, 38.88678 ], [ -77.29264, 38.88649 ], [ -77.29251, 38.88614 ], [ -77.2933, 38.88545 ], [ -77.29425, 38.88938 ], [ -77.30102, 38.89515 ], [ -77.30009, 38.89561 ], [ -77.30093, 38.89632 ], [ -77.29922, 38.89809 ], [ -77.29816, 38.89864 ], [ -77.30007, 38.89964 ], [ -77.29973, 38.90015 ], [ -77.30341, 38.90189 ], [ -77.30442, 38.89755 ], [ -77.30888, 38.89839 ], [ -77.30951, 38.89782 ], [ -77.31137, 38.89758 ], [ -77.31319, 38.89773 ], [ -77.31441, 38.89833 ], [ -77.31505, 38.89892 ], [ -77.31637, 38.89943 ], [ -77.3164, 38.89864 ], [ -77.31682, 38.89804 ], [ -77.31703, 38.89813 ], [ -77.31662, 38.89912 ], [ -77.31825, 38.8999 ], [ -77.31871, 38.89961 ], [ -77.31873, 38.89917 ], [ -77.31952, 38.89895 ], [ -77.32015, 38.89778 ], [ -77.31974, 38.89768 ], [ -77.31965, 38.89713 ], [ -77.31996, 38.89679 ], [ -77.32018, 38.89566 ], [ -77.32197, 38.89476 ], [ -77.3246, 38.89297 ], [ -77.32537, 38.89219 ], [ -77.3279, 38.89308 ], [ -77.32818, 38.89457 ], [ -77.32908, 38.8947 ], [ -77.32921, 38.8967 ], [ -77.33504, 38.89616 ], [ -77.33753, 38.8983 ], [ -77.34111, 38.89637 ], [ -77.34422, 38.89983 ], [ -77.34619, 38.89904 ], [ -77.34605, 38.90013 ], [ -77.34924, 38.90064 ], [ -77.35194, 38.89936 ], [ -77.35261, 38.90021 ], [ -77.35072, 38.90081 ], [ -77.35152, 38.90137 ], [ -77.35089, 38.90246 ], [ -77.35089, 38.90323 ], [ -77.35194, 38.90312 ], [ -77.35198, 38.90372 ], [ -77.35167, 38.90396 ], [ -77.35199, 38.90417 ], [ -77.35256, 38.90372 ], [ -77.35315, 38.90358 ], [ -77.35242, 38.90308 ], [ -77.35445, 38.90178 ], [ -77.35574, 38.90234 ], [ -77.35617, 38.90202 ], [ -77.3603, 38.90778 ], [ -77.35632, 38.90971 ], [ -77.35505, 38.91062 ], [ -77.35418, 38.90978 ], [ -77.3521, 38.91136 ], [ -77.35185, 38.91118 ], [ -77.34829, 38.9128 ], [ -77.34533, 38.91707 ], [ -77.33858, 38.91625 ], [ -77.33808, 38.91576 ], [ -77.33712, 38.91606 ], [ -77.33646, 38.9154 ], [ -77.33342, 38.91632 ], [ -77.33388, 38.91728 ], [ -77.33261, 38.91814 ], [ -77.3333, 38.91922 ], [ -77.33104, 38.9199 ], [ -77.33049, 38.91913 ], [ -77.32914, 38.92038 ], [ -77.3285, 38.92068 ], [ -77.32751, 38.9194 ], [ -77.32608, 38.92038 ], [ -77.32553, 38.91968 ], [ -77.32492, 38.91942 ], [ -77.32587, 38.91874 ], [ -77.32533, 38.9183 ], [ -77.32494, 38.91897 ], [ -77.32398, 38.91907 ], [ -77.32366, 38.91929 ], [ -77.3238, 38.91947 ], [ -77.32343, 38.91955 ], [ -77.32348, 38.91989 ], [ -77.32315, 38.91976 ], [ -77.32285, 38.91997 ], [ -77.32264, 38.92029 ], [ -77.323, 38.92051 ], [ -77.32282, 38.92065 ], [ -77.32303, 38.92121 ], [ -77.32254, 38.92148 ], [ -77.32279, 38.92191 ], [ -77.32229, 38.92217 ], [ -77.31865, 38.92188 ], [ -77.3183, 38.9222 ], [ -77.31756, 38.92223 ], [ -77.31942, 38.91767 ], [ -77.31745, 38.91691 ], [ -77.31627, 38.91694 ], [ -77.31637, 38.91837 ], [ -77.31671, 38.91916 ], [ -77.3172, 38.91952 ], [ -77.31696, 38.91976 ], [ -77.3167, 38.91962 ], [ -77.31691, 38.92006 ], [ -77.31634, 38.92046 ], [ -77.31633, 38.92074 ], [ -77.31577, 38.92096 ], [ -77.31538, 38.92072 ], [ -77.31442, 38.92105 ], [ -77.31398, 38.92097 ], [ -77.31342, 38.92253 ], [ -77.31247, 38.92361 ], [ -77.31204, 38.92342 ], [ -77.31171, 38.92408 ], [ -77.31078, 38.92468 ], [ -77.31085, 38.9252 ], [ -77.31011, 38.9252 ], [ -77.31032, 38.9255 ], [ -77.30988, 38.92569 ], [ -77.30988, 38.92611 ], [ -77.30959, 38.92633 ], [ -77.31019, 38.92672 ], [ -77.30967, 38.92696 ], [ -77.31004, 38.92741 ], [ -77.30939, 38.92829 ], [ -77.31034, 38.92921 ], [ -77.31058, 38.92982 ], [ -77.30926, 38.93023 ], [ -77.30792, 38.93036 ], [ -77.30512, 38.92994 ], [ -77.30488, 38.93125 ], [ -77.30501, 38.9325 ], [ -77.30749, 38.93341 ], [ -77.3108, 38.93548 ], [ -77.30994, 38.93731 ], [ -77.31271, 38.94258 ], [ -77.30928, 38.94247 ], [ -77.30678, 38.93975 ], [ -77.30627, 38.93979 ], [ -77.30606, 38.94203 ], [ -77.30443, 38.94251 ], [ -77.30403, 38.94374 ], [ -77.29882, 38.94507 ], [ -77.29629, 38.94181 ], [ -77.29624, 38.94196 ], [ -77.29537, 38.94167 ], [ -77.29492, 38.94244 ], [ -77.29404, 38.94231 ], [ -77.29398, 38.94275 ], [ -77.29344, 38.94293 ], [ -77.2934, 38.94378 ], [ -77.29291, 38.94423 ], [ -77.29294, 38.94546 ], [ -77.28833, 38.94344 ], [ -77.28579, 38.94264 ], [ -77.28244, 38.94207 ], [ -77.27629, 38.9416 ], [ -77.27424, 38.94113 ], [ -77.27146, 38.93975 ], [ -77.2657, 38.93478 ], [ -77.26289, 38.93323 ], [ -77.2605, 38.9325 ], [ -77.25764, 38.93213 ], [ -77.2557, 38.93214 ], [ -77.25259, 38.93257 ], [ -77.25171, 38.93098 ], [ -77.25106, 38.93059 ], [ -77.25098, 38.92933 ], [ -77.25157, 38.92914 ], [ -77.25184, 38.92963 ], [ -77.25257, 38.9294 ], [ -77.25327, 38.93071 ], [ -77.25805, 38.929 ], [ -77.25838, 38.93001 ], [ -77.25897, 38.92948 ], [ -77.25979, 38.9305 ], [ -77.26432, 38.92831 ], [ -77.26437, 38.92737 ], [ -77.26538, 38.92587 ], [ -77.2643, 38.92523 ], [ -77.26366, 38.92518 ], [ -77.26237, 38.9237 ], [ -77.25954, 38.92385 ], [ -77.25669, 38.9234 ], [ -77.24639, 38.9193 ], [ -77.24431, 38.92001 ], [ -77.24278, 38.91882 ], [ -77.24244, 38.91696 ], [ -77.24366, 38.91646 ], [ -77.24113, 38.91507 ], [ -77.25012, 38.91097 ], [ -77.25002, 38.91066 ], [ -77.24924, 38.91076 ], [ -77.24541, 38.91021 ], [ -77.24442, 38.90946 ], [ -77.2434, 38.90921 ], [ -77.24477, 38.90586 ], [ -77.24423, 38.90603 ], [ -77.24328, 38.90544 ], [ -77.2424, 38.90446 ], [ -77.24166, 38.90448 ], [ -77.24068, 38.904 ], [ -77.24054, 38.90419 ], [ -77.2399, 38.90399 ], [ -77.23943, 38.90423 ], [ -77.23934, 38.9018 ], [ -77.23673, 38.90138 ], [ -77.23779, 38.90099 ], [ -77.23747, 38.90029 ], [ -77.23749, 38.89935 ], [ -77.23892, 38.89946 ], [ -77.23958, 38.89824 ], [ -77.23876, 38.89809 ], [ -77.23959, 38.89637 ], [ -77.23633, 38.89551 ], [ -77.24219, 38.88825 ], [ -77.24652, 38.88057 ], [ -77.24678, 38.87947 ], [ -77.2672, 38.87819 ] ] } },
{ "type": "Feature", "properties": { "year": 2026, "level": "HS", "name": "Marshall" }, "geometry": { "type": "MultiLineString", "coordinates": [ [ [ -77.23593, 38.87366 ], [ -77.23603, 38.87511 ], [ -77.23546, 38.87491 ], [ -77.23452, 38.8812 ], [ -77.23934, 38.88 ], [ -77.24678, 38.87947 ], [ -77.24652, 38.88057 ], [ -77.24219, 38.88825 ], [ -77.23633, 38.89551 ], [ -77.23959, 38.89637 ], [ -77.23876, 38.89809 ], [ -77.23958, 38.89824 ], [ -77.23892, 38.89946 ], [ -77.23749, 38.89935 ], [ -77.23747, 38.90029 ], [ -77.23779, 38.90099 ], [ -77.23673, 38.90138 ], [ -77.23934, 38.9018 ], [ -77.23943, 38.90423 ], [ -77.2399, 38.90399 ], [ -77.24054, 38.90419 ], [ -77.24068, 38.904 ], [ -77.24166, 38.90448 ], [ -77.2424, 38.90446 ], [ -77.24328, 38.90544 ], [ -77.24423, 38.90603 ], [ -77.24477, 38.90586 ], [ -77.2434, 38.90921 ], [ -77.24442, 38.90946 ], [ -77.24535, 38.9102 ], [ -77.24924, 38.91076 ], [ -77.25002, 38.91066 ], [ -77.25012, 38.91097 ], [ -77.24113, 38.91507 ], [ -77.24366, 38.91646 ], [ -77.24244, 38.91696 ], [ -77.24278, 38.91882 ], [ -77.24431, 38.92001 ], [ -77.24639, 38.9193 ], [ -77.25669, 38.9234 ], [ -77.25954, 38.92385 ], [ -77.26237, 38.9237 ], [ -77.26366, 38.92518 ], [ -77.2643, 38.92523 ], [ -77.26538, 38.92587 ], [ -77.26437, 38.92737 ], [ -77.26432, 38.92831 ], [ -77.25979, 38.9305 ], [ -77.25897, 38.92948 ], [ -77.25838, 38.93001 ], [ -77.25805, 38.929 ], [ -77.25327, 38.93071 ], [ -77.25257, 38.9294 ], [ -77.25184, 38.92963 ], [ -77.25157, 38.92914 ], [ -77.25098, 38.92933 ], [ -77.25106, 38.93059 ], [ -77.25171, 38.93098 ], [ -77.25259, 38.93257 ], [ -77.24647, 38.93414 ], [ -77.23649, 38.92387 ], [ -77.23233, 38.92588 ], [ -77.22795, 38.9286 ], [ -77.22537, 38.92878 ], [ -77.2233, 38.92813 ], [ -77.21773, 38.92418 ], [ -77.21782, 38.92371 ], [ -77.21906, 38.92283 ], [ -77.22179, 38.92207 ], [ -77.22171, 38.92032 ], [ -77.22003, 38.92044 ], [ -77.21611, 38.92182 ], [ -77.21423, 38.92601 ], [ -77.21425, 38.92994 ], [ -77.21385, 38.93114 ], [ -77.21309, 38.93224 ], [ -77.20356, 38.92878 ], [ -77.20881, 38.9248 ], [ -77.2084, 38.92336 ], [ -77.20866, 38.92211 ], [ -77.20939, 38.92143 ], [ -77.20624, 38.92026 ], [ -77.20285, 38.91967 ], [ -77.19655, 38.92332 ], [ -77.19205, 38.91651 ], [ -77.18906, 38.91336 ], [ -77.19014, 38.91303 ], [ -77.19045, 38.91333 ], [ -77.19099, 38.91322 ], [ -77.19199, 38.91253 ], [ -77.19237, 38.91207 ], [ -77.19213, 38.91171 ], [ -77.19243, 38.91123 ], [ -77.19297, 38.91106 ], [ -77.19291, 38.91061 ], [ -77.19412, 38.91005 ], [ -77.19414, 38.90977 ], [ -77.19522, 38.90893 ], [ -77.19563, 38.90738 ], [ -77.19662, 38.90742 ], [ -77.19801, 38.9066 ], [ -77.19808, 38.90409 ], [ -77.19893, 38.90324 ], [ -77.20011, 38.90284 ], [ -77.20052, 38.903 ], [ -77.20146, 38.90267 ], [ -77.202, 38.90218 ], [ -77.18982, 38.89447 ], [ -77.19069, 38.89283 ], [ -77.19098, 38.89289 ], [ -77.19073, 38.89317 ], [ -77.19144, 38.89357 ], [ -77.19353, 38.89142 ], [ -77.19661, 38.89123 ], [ -77.19886, 38.88881 ], [ -77.19915, 38.88793 ], [ -77.19963, 38.88792 ], [ -77.2002, 38.88731 ], [ -77.20088, 38.88708 ], [ -77.20067, 38.88696 ], [ -77.2009, 38.88672 ], [ -77.20123, 38.88704 ], [ -77.20189, 38.88631 ], [ -77.20315, 38.88628 ], [ -77.20409, 38.88577 ], [ -77.20445, 38.88534 ], [ -77.20073, 38.88275 ], [ -77.20149, 38.88182 ], [ -77.20352, 38.88205 ], [ -77.20531, 38.87912 ], [ -77.2099, 38.87968 ], [ -77.21089, 38.878 ], [ -77.20858, 38.8777 ], [ -77.20883, 38.87728 ], [ -77.20853, 38.87724 ], [ -77.20939, 38.87582 ], [ -77.20963, 38.8758 ], [ -77.20984, 38.87507 ], [ -77.21196, 38.87498 ], [ -77.21759, 38.87572 ], [ -77.22012, 38.87582 ], [ -77.22814, 38.87423 ], [ -77.23593, 38.87366 ] ], [ [ -77.28531, 38.95845 ], [ -77.28529, 38.95817 ], [ -77.28484, 38.95817 ], [ -77.28485, 38.95861 ], [ -77.28415, 38.95847 ], [ -77.28321, 38.95929 ], [ -77.28046, 38.95907 ], [ -77.28128, 38.95791 ], [ -77.27672, 38.957 ], [ -77.27868, 38.95446 ], [ -77.28194, 38.95218 ], [ -77.2838, 38.95153 ], [ -77.28449, 38.95072 ], [ -77.28309, 38.9502 ], [ -77.28159, 38.95042 ], [ -77.28098, 38.94956 ], [ -77.28143, 38.94777 ], [ -77.28001, 38.94737 ], [ -77.2798, 38.94773 ], [ -77.2795, 38.94772 ], [ -77.27956, 38.9472 ], [ -77.27927, 38.94698 ], [ -77.27946, 38.94646 ], [ -77.27821, 38.94657 ], [ -77.27782, 38.94632 ], [ -77.27655, 38.94627 ], [ -77.27618, 38.94602 ], [ -77.27618, 38.94529 ], [ -77.27577, 38.94504 ], [ -77.27565, 38.94449 ], [ -77.27469, 38.9445 ], [ -77.27373, 38.94415 ], [ -77.27287, 38.94314 ], [ -77.27283, 38.94265 ], [ -77.27235, 38.94279 ], [ -77.27253, 38.9421 ], [ -77.27185, 38.94166 ], [ -77.27265, 38.94047 ], [ -77.27604, 38.94156 ], [ -77.28244, 38.94207 ], [ -77.28626, 38.94276 ], [ -77.28833, 38.94344 ], [ -77.29397, 38.94586 ], [ -77.29804, 38.94708 ], [ -77.29834, 38.95532 ], [ -77.29501, 38.95498 ], [ -77.29326, 38.95454 ], [ -77.29204, 38.95398 ], [ -77.29136, 38.95326 ], [ -77.29031, 38.95398 ], [ -77.291, 38.95764 ], [ -77.29157, 38.95784 ], [ -77.29124, 38.95877 ], [ -77.29153, 38.95932 ], [ -77.29068, 38.95969 ], [ -77.28726, 38.95976 ], [ -77.28535, 38.95911 ], [ -77.28531, 38.95845 ] ] ] } },
{ "type": "Feature", "properties": { "year": 2026, "level": "HS", "name": "Falls Church" }, "geometry": { "type": "LineString", "coordinates": [ [ -77.19632, 38.83043 ], [ -77.20873, 38.83246 ], [ -77.21234, 38.83286 ], [ -77.22088, 38.83496 ], [ -77.22801, 38.83579 ], [ -77.23273, 38.836 ], [ -77.23284, 38.83896 ], [ -77.23261, 38.84006 ], [ -77.2328, 38.84148 ], [ -77.23303, 38.84159 ], [ -77.23127, 38.8431 ], [ -77.2324, 38.84333 ], [ -77.23304, 38.84319 ], [ -77.23427, 38.84374 ], [ -77.23453, 38.8441 ], [ -77.23433, 38.84468 ], [ -77.2345, 38.84482 ], [ -77.23406, 38.84527 ], [ -77.23464, 38.84593 ], [ -77.23454, 38.84623 ], [ -77.23495, 38.84637 ], [ -77.23651, 38.84555 ], [ -77.23788, 38.84585 ], [ -77.2377, 38.84612 ], [ -77.23814, 38.84619 ], [ -77.23909, 38.84684 ], [ -77.23876, 38.84722 ], [ -77.23882, 38.84783 ], [ -77.23977, 38.84923 ], [ -77.24054, 38.84946 ], [ -77.24049, 38.85045 ], [ -77.24136, 38.85098 ], [ -77.24146, 38.85151 ], [ -77.24208, 38.85182 ], [ -77.24186, 38.85235 ], [ -77.24254, 38.8523 ], [ -77.2431, 38.85305 ], [ -77.24473, 38.85339 ], [ -77.23898, 38.85818 ], [ -77.23354, 38.86232 ], [ -77.23537, 38.8627 ], [ -77.23395, 38.86549 ], [ -77.26717, 38.86494 ], [ -77.26766, 38.86769 ], [ -77.26666, 38.86757 ], [ -77.26693, 38.86961 ], [ -77.26559, 38.86979 ], [ -77.26552, 38.86948 ], [ -77.26412, 38.86954 ], [ -77.26446, 38.87075 ], [ -77.26438, 38.87194 ], [ -77.26211, 38.87234 ], [ -77.26231, 38.87299 ], [ -77.26454, 38.8751 ], [ -77.2672, 38.87819 ], [ -77.24134, 38.87978 ], [ -77.2378, 38.88028 ], [ -77.23452, 38.8812 ], [ -77.23546, 38.87491 ], [ -77.23603, 38.87511 ], [ -77.23593, 38.87366 ], [ -77.22814, 38.87423 ], [ -77.22012, 38.87582 ], [ -77.21759, 38.87572 ], [ -77.21153, 38.87497 ], [ -77.20019, 38.87575 ], [ -77.19018, 38.8779 ], [ -77.18825, 38.87869 ], [ -77.17952, 38.87919 ], [ -77.17906, 38.87943 ], [ -77.17325, 38.87861 ], [ -77.17335, 38.87771 ], [ -77.17437, 38.87615 ], [ -77.17448, 38.87406 ], [ -77.17788, 38.87387 ], [ -77.17824, 38.8707 ], [ -77.17784, 38.86953 ], [ -77.17762, 38.86912 ], [ -77.17464, 38.86962 ], [ -77.17467, 38.86715 ], [ -77.17721, 38.86235 ], [ -77.17879, 38.86097 ], [ -77.17894, 38.85838 ], [ -77.17991, 38.85776 ], [ -77.18679, 38.85675 ], [ -77.18954, 38.85586 ], [ -77.19287, 38.85401 ], [ -77.19273, 38.84971 ], [ -77.19204, 38.84983 ], [ -77.19104, 38.84921 ], [ -77.19065, 38.84929 ], [ -77.19015, 38.8485 ], [ -77.18961, 38.84843 ], [ -77.18916, 38.84752 ], [ -77.18801, 38.84761 ], [ -77.18555, 38.84718 ], [ -77.18553, 38.84758 ], [ -77.18435, 38.84774 ], [ -77.18312, 38.84756 ], [ -77.18309, 38.84729 ], [ -77.18207, 38.84699 ], [ -77.17471, 38.84649 ], [ -77.17472, 38.84552 ], [ -77.17432, 38.8443 ], [ -77.17634, 38.84371 ], [ -77.17377, 38.83794 ], [ -77.17696, 38.83762 ], [ -77.17643, 38.83643 ], [ -77.18381, 38.83539 ], [ -77.19632, 38.83043 ] ] } },
{ "type": "Feature", "properties": { "year": 2026, "level": "HS", "name": "Edison" }, "geometry": { "type": "LineString", "coordinates": [ [ -77.15098, 38.76373 ], [ -77.15258, 38.7642 ], [ -77.15558, 38.76555 ], [ -77.16213, 38.76673 ], [ -77.16497, 38.76748 ], [ -77.16282, 38.76853 ], [ -77.16057, 38.77021 ], [ -77.159, 38.77194 ], [ -77.15783, 38.77391 ], [ -77.15712, 38.7761 ], [ -77.1547, 38.79042 ], [ -77.15408, 38.79202 ], [ -77.15316, 38.79333 ], [ -77.15567, 38.79286 ], [ -77.16009, 38.79161 ], [ -77.16751, 38.79019 ], [ -77.16947, 38.78994 ], [ -77.17169, 38.78997 ], [ -77.17388, 38.79027 ], [ -77.17727, 38.79122 ], [ -77.18624, 38.79494 ], [ -77.18525, 38.79977 ], [ -77.18392, 38.80344 ], [ -77.18446, 38.80638 ], [ -77.18647, 38.81183 ], [ -77.17437, 38.81188 ], [ -77.17218, 38.81212 ], [ -77.17095, 38.81307 ], [ -77.17001, 38.8148 ], [ -77.16945, 38.81535 ], [ -77.16819, 38.81465 ], [ -77.16843, 38.81426 ], [ -77.16714, 38.81371 ], [ -77.16713, 38.81309 ], [ -77.1667, 38.81314 ], [ -77.16599, 38.81211 ], [ -77.1653, 38.81187 ], [ -77.16445, 38.81106 ], [ -77.16385, 38.80963 ], [ -77.16319, 38.80919 ], [ -77.16317, 38.80882 ], [ -77.16272, 38.80887 ], [ -77.16277, 38.80829 ], [ -77.16173, 38.80935 ], [ -77.16137, 38.80862 ], [ -77.16024, 38.80833 ], [ -77.16001, 38.80885 ], [ -77.15919, 38.80832 ], [ -77.15934, 38.80642 ], [ -77.15864, 38.80661 ], [ -77.15809, 38.80616 ], [ -77.15194, 38.80976 ], [ -77.14368, 38.81339 ], [ -77.14385, 38.81043 ], [ -77.14436, 38.81037 ], [ -77.14321, 38.80563 ], [ -77.14235, 38.80577 ], [ -77.13986, 38.80021 ], [ -77.13774, 38.80077 ], [ -77.13756, 38.79818 ], [ -77.12109, 38.80052 ], [ -77.11697, 38.8015 ], [ -77.11301, 38.803 ], [ -77.11229, 38.80207 ], [ -77.10619, 38.8033 ], [ -77.10286, 38.80352 ], [ -77.09963, 38.80344 ], [ -77.07633, 38.80068 ], [ -77.07297, 38.80005 ], [ -77.07001, 38.79915 ], [ -77.06304, 38.79643 ], [ -77.06362, 38.79536 ], [ -77.05993, 38.79409 ], [ -77.05681, 38.7926 ], [ -77.05787, 38.79195 ], [ -77.06556, 38.78871 ], [ -77.07012, 38.78539 ], [ -77.07662, 38.78276 ], [ -77.07853, 38.78128 ], [ -77.07898, 38.78151 ], [ -77.08987, 38.77433 ], [ -77.09254, 38.77641 ], [ -77.09192, 38.77691 ], [ -77.09243, 38.77867 ], [ -77.09208, 38.77938 ], [ -77.0925, 38.77977 ], [ -77.09164, 38.78118 ], [ -77.092, 38.78189 ], [ -77.09279, 38.78215 ], [ -77.09099, 38.78519 ], [ -77.09116, 38.78648 ], [ -77.09174, 38.78651 ], [ -77.10018, 38.78346 ], [ -77.10365, 38.78196 ], [ -77.10726, 38.77901 ], [ -77.11019, 38.77517 ], [ -77.11191, 38.7742 ], [ -77.11295, 38.77321 ], [ -77.11645, 38.77125 ], [ -77.11923, 38.76917 ], [ -77.12116, 38.76732 ], [ -77.12391, 38.76604 ], [ -77.12439, 38.76686 ], [ -77.1247, 38.76817 ], [ -77.12539, 38.76896 ], [ -77.12662, 38.76957 ], [ -77.12945, 38.77041 ], [ -77.13122, 38.77206 ], [ -77.1331, 38.77327 ], [ -77.13529, 38.7716 ], [ -77.14856, 38.76424 ], [ -77.14993, 38.7638 ], [ -77.15098, 38.76373 ] ] } },
{ "type": "Feature", "properties": { "year": 2026, "level": "HS", "name": "Woodson" }, "geometry": { "type": "LineString", "coordinates": [ [ -77.34276, 38.80382 ], [ -77.34308, 38.80367 ], [ -77.34474, 38.80643 ], [ -77.3495, 38.80881 ], [ -77.35769, 38.80567 ], [ -77.35823, 38.80583 ], [ -77.35832, 38.80629 ], [ -77.35876, 38.80624 ], [ -77.36028, 38.80707 ], [ -77.36161, 38.80822 ], [ -77.36301, 38.80867 ], [ -77.36299, 38.80973 ], [ -77.36358, 38.81097 ], [ -77.36414, 38.81105 ], [ -77.36483, 38.81177 ], [ -77.36488, 38.81251 ], [ -77.36603, 38.8134 ], [ -77.36604, 38.81417 ], [ -77.3655, 38.81554 ], [ -77.36481, 38.81614 ], [ -77.36482, 38.81641 ], [ -77.36595, 38.81755 ], [ -77.36607, 38.81799 ], [ -77.36664, 38.81807 ], [ -77.36342, 38.81879 ], [ -77.36385, 38.81985 ], [ -77.36253, 38.82103 ], [ -77.36331, 38.82495 ], [ -77.36203, 38.82494 ], [ -77.36175, 38.82526 ], [ -77.36226, 38.82589 ], [ -77.36297, 38.82616 ], [ -77.36262, 38.82703 ], [ -77.36281, 38.82765 ], [ -77.36258, 38.82864 ], [ -77.36211, 38.82901 ], [ -77.36215, 38.83 ], [ -77.36365, 38.83321 ], [ -77.36294, 38.83416 ], [ -77.3639, 38.83631 ], [ -77.36373, 38.83706 ], [ -77.36302, 38.83719 ], [ -77.36734, 38.84664 ], [ -77.35893, 38.84822 ], [ -77.3396, 38.85081 ], [ -77.33991, 38.85264 ], [ -77.33942, 38.8527 ], [ -77.33932, 38.85322 ], [ -77.33824, 38.8531 ], [ -77.3381, 38.85394 ], [ -77.3392, 38.85404 ], [ -77.34085, 38.85453 ], [ -77.34098, 38.85424 ], [ -77.34228, 38.85445 ], [ -77.34191, 38.85534 ], [ -77.34286, 38.85561 ], [ -77.34459, 38.85377 ], [ -77.34527, 38.85373 ], [ -77.34743, 38.8529 ], [ -77.34964, 38.85243 ], [ -77.35001, 38.85525 ], [ -77.34939, 38.85596 ], [ -77.34667, 38.85581 ], [ -77.34686, 38.8562 ], [ -77.34706, 38.85606 ], [ -77.34705, 38.85657 ], [ -77.34739, 38.8566 ], [ -77.34794, 38.8571 ], [ -77.34777, 38.8586 ], [ -77.34726, 38.85923 ], [ -77.34668, 38.86087 ], [ -77.34586, 38.86127 ], [ -77.33333, 38.85645 ], [ -77.33481, 38.85374 ], [ -77.33503, 38.85268 ], [ -77.3348, 38.85137 ], [ -77.3318, 38.85172 ], [ -77.33137, 38.85124 ], [ -77.33054, 38.84887 ], [ -77.33033, 38.84885 ], [ -77.33032, 38.8478 ], [ -77.33095, 38.84734 ], [ -77.32588, 38.847 ], [ -77.3227, 38.84322 ], [ -77.31876, 38.84204 ], [ -77.3187, 38.83468 ], [ -77.31623, 38.83643 ], [ -77.31411, 38.83585 ], [ -77.31399, 38.83605 ], [ -77.31274, 38.83633 ], [ -77.31262, 38.83573 ], [ -77.31175, 38.83573 ], [ -77.31199, 38.83679 ], [ -77.31043, 38.83696 ], [ -77.31036, 38.83667 ], [ -77.30805, 38.8369 ], [ -77.30787, 38.83577 ], [ -77.30406, 38.8361 ], [ -77.30307, 38.83284 ], [ -77.30133, 38.83313 ], [ -77.30179, 38.83477 ], [ -77.30224, 38.83492 ], [ -77.30229, 38.83536 ], [ -77.30022, 38.83523 ], [ -77.30024, 38.83506 ], [ -77.29715, 38.83499 ], [ -77.29674, 38.836 ], [ -77.29674, 38.83734 ], [ -77.29063, 38.83654 ], [ -77.2884, 38.83655 ], [ -77.28829, 38.83617 ], [ -77.28726, 38.83615 ], [ -77.28735, 38.83865 ], [ -77.28648, 38.83864 ], [ -77.28638, 38.84174 ], [ -77.28206, 38.84119 ], [ -77.28095, 38.84128 ], [ -77.27855, 38.84101 ], [ -77.27856, 38.842 ], [ -77.27052, 38.84094 ], [ -77.26998, 38.84336 ], [ -77.27175, 38.84851 ], [ -77.27096, 38.85139 ], [ -77.26927, 38.85184 ], [ -77.26891, 38.8524 ], [ -77.26918, 38.85381 ], [ -77.2688, 38.8545 ], [ -77.2698, 38.85568 ], [ -77.26863, 38.86001 ], [ -77.26878, 38.86289 ], [ -77.26954, 38.86415 ], [ -77.27003, 38.86414 ], [ -77.27013, 38.86489 ], [ -77.23396, 38.86551 ], [ -77.23537, 38.86272 ], [ -77.23355, 38.86233 ], [ -77.23898, 38.8582 ], [ -77.24474, 38.85341 ], [ -77.24311, 38.85306 ], [ -77.24254, 38.85232 ], [ -77.24186, 38.85237 ], [ -77.24208, 38.85183 ], [ -77.24146, 38.85153 ], [ -77.24136, 38.851 ], [ -77.2405, 38.85047 ], [ -77.24055, 38.84948 ], [ -77.23978, 38.84924 ], [ -77.23882, 38.84785 ], [ -77.23877, 38.84723 ], [ -77.23909, 38.84686 ], [ -77.23814, 38.8462 ], [ -77.2377, 38.84614 ], [ -77.23788, 38.84587 ], [ -77.23651, 38.84557 ], [ -77.23495, 38.84638 ], [ -77.23454, 38.84625 ], [ -77.23464, 38.84595 ], [ -77.23407, 38.84528 ], [ -77.2345, 38.84484 ], [ -77.23433, 38.84469 ], [ -77.23453, 38.84412 ], [ -77.23427, 38.84376 ], [ -77.23305, 38.84321 ], [ -77.2324, 38.84334 ], [ -77.23127, 38.84311 ], [ -77.23304, 38.84161 ], [ -77.2328, 38.84149 ], [ -77.23262, 38.84007 ], [ -77.23284, 38.83898 ], [ -77.23273, 38.83601 ], [ -77.22683, 38.83568 ], [ -77.22088, 38.83498 ], [ -77.21822, 38.83434 ], [ -77.2188, 38.83041 ], [ -77.22191, 38.8239 ], [ -77.22246, 38.82054 ], [ -77.22214, 38.81823 ], [ -77.22131, 38.81615 ], [ -77.21792, 38.81124 ], [ -77.24026, 38.81092 ], [ -77.24971, 38.81055 ], [ -77.26369, 38.81086 ], [ -77.26654, 38.81174 ], [ -77.26991, 38.81498 ], [ -77.27474, 38.81777 ], [ -77.28309, 38.82501 ], [ -77.2848, 38.82591 ], [ -77.2875, 38.82639 ], [ -77.29488, 38.82655 ], [ -77.29928, 38.82628 ], [ -77.30071, 38.82595 ], [ -77.30361, 38.82479 ], [ -77.30647, 38.82409 ], [ -77.30785, 38.82397 ], [ -77.3112, 38.82465 ], [ -77.31352, 38.82614 ], [ -77.31659, 38.82747 ], [ -77.31717, 38.82387 ], [ -77.31784, 38.82215 ], [ -77.31974, 38.81959 ], [ -77.32189, 38.81534 ], [ -77.32538, 38.8114 ], [ -77.32621, 38.80942 ], [ -77.32678, 38.80947 ], [ -77.32673, 38.80988 ], [ -77.3331, 38.81075 ], [ -77.33316, 38.80769 ], [ -77.33812, 38.80854 ], [ -77.34007, 38.80912 ], [ -77.33986, 38.80874 ], [ -77.34018, 38.80785 ], [ -77.34077, 38.80778 ], [ -77.34171, 38.80589 ], [ -77.34199, 38.80593 ], [ -77.34147, 38.8046 ], [ -77.34166, 38.80383 ], [ -77.34211, 38.80401 ], [ -77.34189, 38.80424 ], [ -77.34208, 38.80434 ], [ -77.34276, 38.80382 ] ] } },
{ "type": "Feature", "properties": { "year": 2026, "level": "HS", "name": "Annandale" }, "geometry": { "type": "LineString", "coordinates": [ [ -77.21788, 38.7928 ], [ -77.21853, 38.79388 ], [ -77.21627, 38.79434 ], [ -77.21513, 38.79504 ], [ -77.21508, 38.79532 ], [ -77.21463, 38.79546 ], [ -77.21421, 38.79608 ], [ -77.21429, 38.79636 ], [ -77.21329, 38.79762 ], [ -77.2143, 38.79913 ], [ -77.21344, 38.80113 ], [ -77.21216, 38.80219 ], [ -77.21191, 38.80317 ], [ -77.22024, 38.81433 ], [ -77.22148, 38.8165 ], [ -77.22224, 38.81867 ], [ -77.22246, 38.82085 ], [ -77.22216, 38.82307 ], [ -77.21891, 38.83005 ], [ -77.21837, 38.83212 ], [ -77.21822, 38.83432 ], [ -77.21234, 38.83286 ], [ -77.20873, 38.83246 ], [ -77.19632, 38.83043 ], [ -77.1862, 38.83458 ], [ -77.18326, 38.83554 ], [ -77.17952, 38.83591 ], [ -77.17736, 38.83635 ], [ -77.17379, 38.8366 ], [ -77.17058, 38.83762 ], [ -77.16308, 38.83803 ], [ -77.15776, 38.83644 ], [ -77.15748, 38.83586 ], [ -77.15467, 38.83341 ], [ -77.14888, 38.82961 ], [ -77.14631, 38.82736 ], [ -77.14541, 38.82598 ], [ -77.1432, 38.83086 ], [ -77.14258, 38.83066 ], [ -77.14077, 38.83119 ], [ -77.13994, 38.83286 ], [ -77.13503, 38.83143 ], [ -77.13491, 38.83082 ], [ -77.14092, 38.82709 ], [ -77.14192, 38.82567 ], [ -77.14176, 38.82476 ], [ -77.14216, 38.82382 ], [ -77.13852, 38.82389 ], [ -77.13719, 38.82151 ], [ -77.13958, 38.81957 ], [ -77.13845, 38.81872 ], [ -77.13975, 38.81711 ], [ -77.14105, 38.81755 ], [ -77.14355, 38.81429 ], [ -77.14368, 38.81339 ], [ -77.15194, 38.80976 ], [ -77.15809, 38.80616 ], [ -77.15864, 38.80661 ], [ -77.15934, 38.80642 ], [ -77.15919, 38.80832 ], [ -77.16001, 38.80885 ], [ -77.16024, 38.80833 ], [ -77.16137, 38.80862 ], [ -77.16173, 38.80935 ], [ -77.16277, 38.80829 ], [ -77.16272, 38.80887 ], [ -77.16317, 38.80882 ], [ -77.16319, 38.80919 ], [ -77.16385, 38.80963 ], [ -77.16445, 38.81106 ], [ -77.1653, 38.81187 ], [ -77.16599, 38.81211 ], [ -77.1667, 38.81314 ], [ -77.16713, 38.81309 ], [ -77.16714, 38.81371 ], [ -77.16843, 38.81426 ], [ -77.16819, 38.81465 ], [ -77.16945, 38.81535 ], [ -77.17001, 38.8148 ], [ -77.17095, 38.81307 ], [ -77.17218, 38.81212 ], [ -77.17437, 38.81188 ], [ -77.18647, 38.81183 ], [ -77.18446, 38.80638 ], [ -77.18392, 38.80344 ], [ -77.18579, 38.79757 ], [ -77.18894, 38.79808 ], [ -77.19186, 38.79785 ], [ -77.20203, 38.79395 ], [ -77.20435, 38.79337 ], [ -77.21788, 38.7928 ] ] } },
{ "type": "Feature", "properties": { "year": 2026, "level": "HS", "name": "West Springfield" }, "geometry": { "type": "LineString", "coordinates": [ [ -77.22764, 38.74406 ], [ -77.22926, 38.74424 ], [ -77.22931, 38.74397 ], [ -77.23166, 38.74426 ], [ -77.23197, 38.745 ], [ -77.2342, 38.745 ], [ -77.23417, 38.74334 ], [ -77.23857, 38.74394 ], [ -77.24034, 38.74362 ], [ -77.24309, 38.75024 ], [ -77.24445, 38.75003 ], [ -77.2442, 38.74981 ], [ -77.24733, 38.74712 ], [ -77.24901, 38.7461 ], [ -77.25143, 38.74546 ], [ -77.2541, 38.74555 ], [ -77.25663, 38.74645 ], [ -77.26017, 38.74903 ], [ -77.26398, 38.75058 ], [ -77.26763, 38.75182 ], [ -77.27191, 38.75197 ], [ -77.27471, 38.75345 ], [ -77.26223, 38.77484 ], [ -77.25988, 38.77381 ], [ -77.25767, 38.77327 ], [ -77.25482, 38.77319 ], [ -77.25255, 38.77356 ], [ -77.25846, 38.77871 ], [ -77.24591, 38.79365 ], [ -77.24787, 38.79594 ], [ -77.23777, 38.79616 ], [ -77.23615, 38.79573 ], [ -77.23026, 38.79299 ], [ -77.2288, 38.79254 ], [ -77.21888, 38.79277 ], [ -77.21679, 38.79069 ], [ -77.21689, 38.79035 ], [ -77.21609, 38.78989 ], [ -77.21515, 38.78885 ], [ -77.21301, 38.78773 ], [ -77.21137, 38.78754 ], [ -77.20885, 38.78669 ], [ -77.20761, 38.7861 ], [ -77.20703, 38.78516 ], [ -77.20604, 38.7847 ], [ -77.20584, 38.78417 ], [ -77.20622, 38.78365 ], [ -77.20621, 38.78302 ], [ -77.20716, 38.78155 ], [ -77.20875, 38.78033 ], [ -77.20946, 38.78012 ], [ -77.20987, 38.78063 ], [ -77.20959, 38.78067 ], [ -77.21013, 38.78066 ], [ -77.2107, 38.77996 ], [ -77.20925, 38.77773 ], [ -77.20819, 38.77684 ], [ -77.20694, 38.77676 ], [ -77.20609, 38.77864 ], [ -77.20493, 38.77946 ], [ -77.20426, 38.77962 ], [ -77.20376, 38.77916 ], [ -77.20421, 38.77799 ], [ -77.20462, 38.77767 ], [ -77.20436, 38.77652 ], [ -77.20337, 38.77507 ], [ -77.20336, 38.77474 ], [ -77.2038, 38.77452 ], [ -77.20381, 38.77404 ], [ -77.20299, 38.77348 ], [ -77.20295, 38.77284 ], [ -77.20378, 38.77116 ], [ -77.2043, 38.77108 ], [ -77.2056, 38.77028 ], [ -77.20705, 38.76828 ], [ -77.20736, 38.76751 ], [ -77.20695, 38.76607 ], [ -77.20701, 38.76539 ], [ -77.20828, 38.76387 ], [ -77.20882, 38.76236 ], [ -77.20809, 38.76185 ], [ -77.21075, 38.76063 ], [ -77.21479, 38.7599 ], [ -77.21728, 38.75906 ], [ -77.22051, 38.76161 ], [ -77.22108, 38.76256 ], [ -77.22152, 38.76268 ], [ -77.22227, 38.76249 ], [ -77.22218, 38.76229 ], [ -77.22361, 38.76008 ], [ -77.22459, 38.75982 ], [ -77.225, 38.76075 ], [ -77.22712, 38.7602 ], [ -77.22692, 38.75921 ], [ -77.22735, 38.75792 ], [ -77.22557, 38.75657 ], [ -77.22508, 38.75589 ], [ -77.22533, 38.75518 ], [ -77.22666, 38.75393 ], [ -77.22672, 38.75348 ], [ -77.22605, 38.7528 ], [ -77.22539, 38.75252 ], [ -77.2233, 38.75241 ], [ -77.2231, 38.75221 ], [ -77.22379, 38.75088 ], [ -77.22133, 38.74988 ], [ -77.22113, 38.74936 ], [ -77.22283, 38.74878 ], [ -77.22261, 38.74806 ], [ -77.22274, 38.74586 ], [ -77.22331, 38.74544 ], [ -77.22393, 38.74405 ], [ -77.2247, 38.74372 ], [ -77.22764, 38.74406 ] ] } },
{ "type": "Feature", "properties": { "year": 2026, "level": "HS", "name": "Lewis" }, "geometry": { "type": "LineString", "coordinates": [ [ -77.17795, 38.75481 ], [ -77.18113, 38.74962 ], [ -77.18318, 38.74562 ], [ -77.18478, 38.74138 ], [ -77.18748, 38.73211 ], [ -77.18815, 38.73076 ], [ -77.18925, 38.72942 ], [ -77.19052, 38.72839 ], [ -77.19211, 38.72751 ], [ -77.20474, 38.72255 ], [ -77.20716, 38.72122 ], [ -77.20905, 38.71985 ], [ -77.21023, 38.72068 ], [ -77.21168, 38.7199 ], [ -77.21328, 38.72079 ], [ -77.21395, 38.72138 ], [ -77.2139, 38.72225 ], [ -77.21525, 38.72349 ], [ -77.21557, 38.7241 ], [ -77.21581, 38.72599 ], [ -77.217, 38.72843 ], [ -77.21801, 38.72944 ], [ -77.21824, 38.72998 ], [ -77.21883, 38.73037 ], [ -77.21938, 38.73146 ], [ -77.22016, 38.73185 ], [ -77.22088, 38.73259 ], [ -77.22114, 38.73404 ], [ -77.2218, 38.73399 ], [ -77.22281, 38.73528 ], [ -77.22433, 38.73628 ], [ -77.22428, 38.73707 ], [ -77.225, 38.73801 ], [ -77.22609, 38.73886 ], [ -77.22555, 38.73903 ], [ -77.22585, 38.73993 ], [ -77.22541, 38.74092 ], [ -77.22584, 38.74264 ], [ -77.22572, 38.74316 ], [ -77.22393, 38.74405 ], [ -77.22331, 38.74544 ], [ -77.22274, 38.74586 ], [ -77.22261, 38.74806 ], [ -77.22283, 38.74878 ], [ -77.22113, 38.74936 ], [ -77.22133, 38.74988 ], [ -77.22379, 38.75088 ], [ -77.2231, 38.75221 ], [ -77.2233, 38.75241 ], [ -77.22539, 38.75252 ], [ -77.22605, 38.7528 ], [ -77.22672, 38.75348 ], [ -77.22666, 38.75393 ], [ -77.22533, 38.75518 ], [ -77.22508, 38.75589 ], [ -77.22557, 38.75657 ], [ -77.22735, 38.75792 ], [ -77.22692, 38.75921 ], [ -77.22712, 38.7602 ], [ -77.225, 38.76075 ], [ -77.22459, 38.75982 ], [ -77.22361, 38.76008 ], [ -77.22218, 38.76229 ], [ -77.22227, 38.76249 ], [ -77.22152, 38.76268 ], [ -77.22108, 38.76256 ], [ -77.22051, 38.76161 ], [ -77.21728, 38.75906 ], [ -77.21479, 38.7599 ], [ -77.21121, 38.7605 ], [ -77.20854, 38.76155 ], [ -77.20809, 38.76185 ], [ -77.20882, 38.76236 ], [ -77.20874, 38.76272 ], [ -77.20828, 38.76387 ], [ -77.20701, 38.76539 ], [ -77.20695, 38.76607 ], [ -77.20736, 38.76751 ], [ -77.20705, 38.76828 ], [ -77.2056, 38.77028 ], [ -77.2043, 38.77108 ], [ -77.20378, 38.77116 ], [ -77.20295, 38.77284 ], [ -77.20299, 38.77348 ], [ -77.20381, 38.77404 ], [ -77.2038, 38.77452 ], [ -77.20336, 38.77474 ], [ -77.20337, 38.77507 ], [ -77.20436, 38.77652 ], [ -77.20453, 38.77718 ], [ -77.20462, 38.77767 ], [ -77.20421, 38.77799 ], [ -77.20376, 38.77916 ], [ -77.20426, 38.77962 ], [ -77.20493, 38.77946 ], [ -77.20609, 38.77864 ], [ -77.20662, 38.77781 ], [ -77.20669, 38.77695 ], [ -77.20694, 38.77676 ], [ -77.20777, 38.77675 ], [ -77.20819, 38.77684 ], [ -77.20925, 38.77773 ], [ -77.21071, 38.77977 ], [ -77.21021, 38.78064 ], [ -77.20968, 38.78071 ], [ -77.20961, 38.78068 ], [ -77.20986, 38.78061 ], [ -77.20931, 38.78012 ], [ -77.20836, 38.78053 ], [ -77.20716, 38.78155 ], [ -77.20621, 38.78302 ], [ -77.20622, 38.78365 ], [ -77.20584, 38.78417 ], [ -77.20606, 38.78473 ], [ -77.20703, 38.78516 ], [ -77.20761, 38.7861 ], [ -77.20885, 38.78669 ], [ -77.21137, 38.78754 ], [ -77.21301, 38.78773 ], [ -77.21515, 38.78885 ], [ -77.21609, 38.78989 ], [ -77.21689, 38.79035 ], [ -77.21679, 38.79069 ], [ -77.21888, 38.79277 ], [ -77.20404, 38.79343 ], [ -77.20203, 38.79395 ], [ -77.19298, 38.79754 ], [ -77.1897, 38.7981 ], [ -77.18786, 38.79799 ], [ -77.18579, 38.79757 ], [ -77.18624, 38.79494 ], [ -77.18223, 38.79339 ], [ -77.17853, 38.79166 ], [ -77.17315, 38.79014 ], [ -77.17056, 38.78993 ], [ -77.16843, 38.79005 ], [ -77.16135, 38.79134 ], [ -77.15567, 38.79286 ], [ -77.15316, 38.79333 ], [ -77.15408, 38.79202 ], [ -77.1547, 38.79042 ], [ -77.15712, 38.7761 ], [ -77.15765, 38.77434 ], [ -77.15857, 38.77257 ], [ -77.16044, 38.77033 ], [ -77.16247, 38.76875 ], [ -77.16415, 38.76783 ], [ -77.16978, 38.76545 ], [ -77.17193, 38.76396 ], [ -77.17314, 38.76254 ], [ -77.17795, 38.75481 ] ] } },
{ "type": "Feature", "properties": { "year": 2026, "level": "HS", "name": "Hayfield" }, "geometry": { "type": "LineString", "coordinates": [ [ -77.20703, 38.69815 ], [ -77.20786, 38.69738 ], [ -77.21268, 38.69531 ], [ -77.21308, 38.69408 ], [ -77.21463, 38.69328 ], [ -77.21454, 38.69184 ], [ -77.2163, 38.69113 ], [ -77.21619, 38.69013 ], [ -77.21757, 38.6902 ], [ -77.21979, 38.68895 ], [ -77.22031, 38.68973 ], [ -77.21825, 38.69317 ], [ -77.21425, 38.69715 ], [ -77.21694, 38.70156 ], [ -77.21914, 38.70053 ], [ -77.21956, 38.70115 ], [ -77.22011, 38.70094 ], [ -77.22025, 38.70114 ], [ -77.21842, 38.70218 ], [ -77.2184, 38.70416 ], [ -77.22109, 38.70527 ], [ -77.21933, 38.71034 ], [ -77.21731, 38.71276 ], [ -77.20905, 38.71985 ], [ -77.20716, 38.72122 ], [ -77.20423, 38.72278 ], [ -77.19182, 38.72764 ], [ -77.19029, 38.72855 ], [ -77.18889, 38.72981 ], [ -77.18748, 38.73211 ], [ -77.18454, 38.74212 ], [ -77.18219, 38.74769 ], [ -77.17314, 38.76254 ], [ -77.1713, 38.7645 ], [ -77.16949, 38.7656 ], [ -77.16497, 38.76748 ], [ -77.16213, 38.76673 ], [ -77.15558, 38.76555 ], [ -77.15258, 38.7642 ], [ -77.15127, 38.76389 ], [ -77.15129, 38.76374 ], [ -77.14993, 38.7638 ], [ -77.14856, 38.76424 ], [ -77.13606, 38.77116 ], [ -77.1331, 38.77327 ], [ -77.13122, 38.77206 ], [ -77.12945, 38.77041 ], [ -77.12662, 38.76957 ], [ -77.12539, 38.76896 ], [ -77.1247, 38.76817 ], [ -77.12439, 38.76686 ], [ -77.12391, 38.76604 ], [ -77.12116, 38.76732 ], [ -77.11923, 38.76917 ], [ -77.11645, 38.77125 ], [ -77.11295, 38.77321 ], [ -77.11191, 38.7742 ], [ -77.11019, 38.77517 ], [ -77.10726, 38.77901 ], [ -77.10365, 38.78196 ], [ -77.09508, 38.7854 ], [ -77.09174, 38.78651 ], [ -77.09116, 38.78648 ], [ -77.09099, 38.78519 ], [ -77.09279, 38.78215 ], [ -77.092, 38.78189 ], [ -77.09164, 38.78118 ], [ -77.0925, 38.77977 ], [ -77.09208, 38.77938 ], [ -77.09243, 38.77867 ], [ -77.09192, 38.77691 ], [ -77.09254, 38.77641 ], [ -77.08987, 38.77433 ], [ -77.11412, 38.76914 ], [ -77.11126, 38.7618 ], [ -77.12013, 38.7626 ], [ -77.12014, 38.76224 ], [ -77.12038, 38.76232 ], [ -77.12141, 38.7611 ], [ -77.12185, 38.76105 ], [ -77.12187, 38.76072 ], [ -77.12234, 38.7605 ], [ -77.12231, 38.75958 ], [ -77.12292, 38.75807 ], [ -77.12354, 38.75769 ], [ -77.12366, 38.75729 ], [ -77.12347, 38.75719 ], [ -77.12378, 38.75704 ], [ -77.1236, 38.75676 ], [ -77.12393, 38.75673 ], [ -77.12393, 38.75634 ], [ -77.12309, 38.75608 ], [ -77.12307, 38.75544 ], [ -77.12203, 38.75439 ], [ -77.12192, 38.75322 ], [ -77.12262, 38.75019 ], [ -77.12246, 38.74939 ], [ -77.12595, 38.74581 ], [ -77.12831, 38.74603 ], [ -77.13217, 38.74257 ], [ -77.13288, 38.74125 ], [ -77.14301, 38.74862 ], [ -77.15014, 38.74424 ], [ -77.15848, 38.74246 ], [ -77.16212, 38.74095 ], [ -77.16458, 38.7392 ], [ -77.16729, 38.73832 ], [ -77.16812, 38.73753 ], [ -77.16886, 38.7359 ], [ -77.17081, 38.73357 ], [ -77.16726, 38.73187 ], [ -77.1707, 38.72959 ], [ -77.17169, 38.72919 ], [ -77.17196, 38.72754 ], [ -77.17229, 38.72731 ], [ -77.17247, 38.7264 ], [ -77.17395, 38.72418 ], [ -77.1735, 38.72361 ], [ -77.17403, 38.72126 ], [ -77.18101, 38.72289 ], [ -77.18329, 38.72447 ], [ -77.1853, 38.72328 ], [ -77.18888, 38.72203 ], [ -77.19142, 38.71974 ], [ -77.18833, 38.71791 ], [ -77.18776, 38.71654 ], [ -77.18903, 38.71604 ], [ -77.18834, 38.71367 ], [ -77.18328, 38.71081 ], [ -77.17982, 38.70746 ], [ -77.18576, 38.70739 ], [ -77.19298, 38.70911 ], [ -77.19397, 38.70686 ], [ -77.19651, 38.70328 ], [ -77.19684, 38.70151 ], [ -77.19611, 38.70188 ], [ -77.19522, 38.70196 ], [ -77.19519, 38.70016 ], [ -77.19702, 38.69946 ], [ -77.19819, 38.70084 ], [ -77.20081, 38.69952 ], [ -77.20132, 38.69822 ], [ -77.20412, 38.69907 ], [ -77.20544, 38.69858 ], [ -77.20586, 38.69887 ], [ -77.20626, 38.69884 ], [ -77.20703, 38.69815 ] ] } },
{ "type": "Feature", "properties": { "year": 2026, "level": "HS", "name": "West Potomac" }, "geometry": { "type": "LineString", "coordinates": [ [ -77.04305, 38.71909 ], [ -77.04327, 38.71833 ], [ -77.04601, 38.71451 ], [ -77.04686, 38.71397 ], [ -77.04787, 38.71286 ], [ -77.05152, 38.71119 ], [ -77.05252, 38.71009 ], [ -77.05329, 38.70963 ], [ -77.05648, 38.71007 ], [ -77.0622, 38.70969 ], [ -77.07119, 38.71005 ], [ -77.07202, 38.71024 ], [ -77.07301, 38.7108 ], [ -77.07425, 38.71203 ], [ -77.07418, 38.71266 ], [ -77.07339, 38.71332 ], [ -77.07343, 38.71554 ], [ -77.07592, 38.71825 ], [ -77.07675, 38.71949 ], [ -77.07805, 38.71855 ], [ -77.07977, 38.72054 ], [ -77.0811, 38.72148 ], [ -77.08107, 38.72306 ], [ -77.08195, 38.72429 ], [ -77.07948, 38.72631 ], [ -77.08076, 38.72797 ], [ -77.081, 38.72997 ], [ -77.07858, 38.73165 ], [ -77.08135, 38.73197 ], [ -77.08151, 38.7315 ], [ -77.08225, 38.73289 ], [ -77.0833, 38.73354 ], [ -77.08367, 38.7343 ], [ -77.08354, 38.73467 ], [ -77.08381, 38.73487 ], [ -77.08452, 38.73484 ], [ -77.08498, 38.73543 ], [ -77.08558, 38.7356 ], [ -77.08573, 38.73603 ], [ -77.08643, 38.73609 ], [ -77.08686, 38.7364 ], [ -77.08738, 38.73729 ], [ -77.08781, 38.7374 ], [ -77.08776, 38.7381 ], [ -77.08858, 38.73938 ], [ -77.08561, 38.742 ], [ -77.08415, 38.74413 ], [ -77.08745, 38.74516 ], [ -77.09096, 38.7402 ], [ -77.09397, 38.74043 ], [ -77.0949, 38.74094 ], [ -77.09556, 38.74095 ], [ -77.09508, 38.74198 ], [ -77.09477, 38.74187 ], [ -77.09411, 38.74229 ], [ -77.09349, 38.74226 ], [ -77.09358, 38.74277 ], [ -77.09257, 38.7427 ], [ -77.0925, 38.74374 ], [ -77.09566, 38.74716 ], [ -77.0941, 38.74746 ], [ -77.09139, 38.75784 ], [ -77.09108, 38.75987 ], [ -77.11126, 38.7618 ], [ -77.11412, 38.76914 ], [ -77.08992, 38.77431 ], [ -77.07898, 38.78151 ], [ -77.07853, 38.78128 ], [ -77.07662, 38.78276 ], [ -77.07012, 38.78539 ], [ -77.06556, 38.78871 ], [ -77.05787, 38.79195 ], [ -77.05681, 38.7926 ], [ -77.0526, 38.79073 ], [ -77.0513, 38.78991 ], [ -77.05355, 38.78686 ], [ -77.05457, 38.78423 ], [ -77.05428, 38.7819 ], [ -77.0525, 38.7793 ], [ -77.05168, 38.77693 ], [ -77.05205, 38.77366 ], [ -77.05356, 38.76846 ], [ -77.05329, 38.76835 ], [ -77.05331, 38.76667 ], [ -77.05274, 38.76512 ], [ -77.04945, 38.7613 ], [ -77.04895, 38.76027 ], [ -77.04856, 38.75737 ], [ -77.04971, 38.75389 ], [ -77.04975, 38.75143 ], [ -77.04918, 38.75022 ], [ -77.04639, 38.751 ], [ -77.04641, 38.75065 ], [ -77.04699, 38.7505 ], [ -77.04737, 38.74965 ], [ -77.04796, 38.75013 ], [ -77.0478, 38.74949 ], [ -77.04736, 38.7492 ], [ -77.04628, 38.74735 ], [ -77.04485, 38.74564 ], [ -77.04466, 38.74504 ], [ -77.04377, 38.74456 ], [ -77.04408, 38.74419 ], [ -77.04301, 38.74337 ], [ -77.04239, 38.74229 ], [ -77.04226, 38.74083 ], [ -77.04335, 38.73915 ], [ -77.04155, 38.73688 ], [ -77.04145, 38.72624 ], [ -77.04305, 38.71909 ] ] } },
{ "type": "Feature", "properties": { "year": 2026, "level": "HS", "name": "Mount Vernon" }, "geometry": { "type": "LineString", "coordinates": [ [ -77.13605, 38.67342 ], [ -77.13571, 38.67372 ], [ -77.13561, 38.6745 ], [ -77.13596, 38.67395 ], [ -77.1365, 38.67377 ], [ -77.13697, 38.67376 ], [ -77.13781, 38.67438 ], [ -77.13899, 38.67433 ], [ -77.13889, 38.67387 ], [ -77.13848, 38.67359 ], [ -77.13662, 38.67337 ], [ -77.13647, 38.67307 ], [ -77.13686, 38.67294 ], [ -77.13987, 38.67367 ], [ -77.14132, 38.67445 ], [ -77.14261, 38.67432 ], [ -77.14322, 38.67404 ], [ -77.14379, 38.67502 ], [ -77.14631, 38.67685 ], [ -77.14644, 38.67717 ], [ -77.14733, 38.67706 ], [ -77.14839, 38.67792 ], [ -77.14982, 38.67786 ], [ -77.15128, 38.67843 ], [ -77.15221, 38.67915 ], [ -77.15422, 38.679 ], [ -77.15371, 38.68045 ], [ -77.1538, 38.68151 ], [ -77.15412, 38.68184 ], [ -77.1551, 38.68198 ], [ -77.15668, 38.68266 ], [ -77.15745, 38.68409 ], [ -77.15679, 38.68451 ], [ -77.15644, 38.68435 ], [ -77.15632, 38.68492 ], [ -77.15578, 38.68515 ], [ -77.15516, 38.68616 ], [ -77.15472, 38.6863 ], [ -77.15393, 38.68795 ], [ -77.15414, 38.68856 ], [ -77.15391, 38.68944 ], [ -77.15469, 38.69007 ], [ -77.15527, 38.69021 ], [ -77.15493, 38.6909 ], [ -77.15511, 38.6915 ], [ -77.15735, 38.69193 ], [ -77.15765, 38.69252 ], [ -77.15756, 38.69333 ], [ -77.15799, 38.6932 ], [ -77.15792, 38.69348 ], [ -77.15842, 38.69338 ], [ -77.15822, 38.69317 ], [ -77.15831, 38.6919 ], [ -77.1578, 38.68897 ], [ -77.15906, 38.68708 ], [ -77.159, 38.68672 ], [ -77.15851, 38.6865 ], [ -77.15865, 38.686 ], [ -77.15903, 38.68603 ], [ -77.15951, 38.6857 ], [ -77.16062, 38.6863 ], [ -77.16049, 38.6866 ], [ -77.16073, 38.68705 ], [ -77.16043, 38.68726 ], [ -77.16012, 38.68714 ], [ -77.16005, 38.68736 ], [ -77.16045, 38.68841 ], [ -77.15979, 38.68951 ], [ -77.15995, 38.69006 ], [ -77.16057, 38.68956 ], [ -77.1616, 38.68977 ], [ -77.16247, 38.68955 ], [ -77.16295, 38.68866 ], [ -77.16354, 38.68859 ], [ -77.1632, 38.68824 ], [ -77.16394, 38.68742 ], [ -77.16361, 38.68716 ], [ -77.16321, 38.68577 ], [ -77.16411, 38.68551 ], [ -77.16396, 38.68489 ], [ -77.16548, 38.68333 ], [ -77.16586, 38.68336 ], [ -77.16614, 38.68531 ], [ -77.16712, 38.68585 ], [ -77.16804, 38.68569 ], [ -77.17015, 38.6846 ], [ -77.17141, 38.68466 ], [ -77.17192, 38.68488 ], [ -77.17242, 38.68465 ], [ -77.17224, 38.68282 ], [ -77.1726, 38.68341 ], [ -77.17332, 38.68375 ], [ -77.17295, 38.68421 ], [ -77.17307, 38.68457 ], [ -77.17378, 38.68485 ], [ -77.1739, 38.68459 ], [ -77.1755, 38.68443 ], [ -77.17632, 38.68399 ], [ -77.17681, 38.6849 ], [ -77.17798, 38.68494 ], [ -77.17853, 38.68434 ], [ -77.17823, 38.68393 ], [ -77.17871, 38.68378 ], [ -77.17957, 38.68423 ], [ -77.18049, 38.68423 ], [ -77.18063, 38.68461 ], [ -77.18121, 38.68454 ], [ -77.18131, 38.68432 ], [ -77.18201, 38.68439 ], [ -77.18228, 38.68496 ], [ -77.18247, 38.68427 ], [ -77.18284, 38.68407 ], [ -77.18426, 38.68469 ], [ -77.18389, 38.68415 ], [ -77.18395, 38.68334 ], [ -77.18321, 38.68288 ], [ -77.18254, 38.68132 ], [ -77.18086, 38.68079 ], [ -77.17934, 38.68101 ], [ -77.18079, 38.6805 ], [ -77.18257, 38.68068 ], [ -77.18371, 38.68135 ], [ -77.1841, 38.68232 ], [ -77.18575, 38.68325 ], [ -77.18726, 38.68509 ], [ -77.18988, 38.68571 ], [ -77.19128, 38.68702 ], [ -77.19259, 38.68776 ], [ -77.19308, 38.68872 ], [ -77.19331, 38.68877 ], [ -77.19472, 38.6879 ], [ -77.19812, 38.68934 ], [ -77.19871, 38.6893 ], [ -77.19939, 38.68888 ], [ -77.20044, 38.68943 ], [ -77.20058, 38.69042 ], [ -77.20151, 38.69075 ], [ -77.20194, 38.69137 ], [ -77.20055, 38.69188 ], [ -77.20105, 38.69364 ], [ -77.2001, 38.69414 ], [ -77.1991, 38.6961 ], [ -77.19914, 38.69651 ], [ -77.19986, 38.69647 ], [ -77.20038, 38.69676 ], [ -77.20023, 38.69702 ], [ -77.20046, 38.69759 ], [ -77.20132, 38.69822 ], [ -77.20116, 38.69902 ], [ -77.20071, 38.69958 ], [ -77.19819, 38.70084 ], [ -77.19702, 38.69946 ], [ -77.19519, 38.70016 ], [ -77.19522, 38.70196 ], [ -77.19611, 38.70188 ], [ -77.19684, 38.70151 ], [ -77.19651, 38.70328 ], [ -77.19397, 38.70686 ], [ -77.19298, 38.70911 ], [ -77.18576, 38.70739 ], [ -77.17982, 38.70746 ], [ -77.18328, 38.71081 ], [ -77.18834, 38.71367 ], [ -77.18903, 38.71604 ], [ -77.18776, 38.71654 ], [ -77.18833, 38.71791 ], [ -77.19142, 38.71974 ], [ -77.18888, 38.72203 ], [ -77.1853, 38.72328 ], [ -77.18329, 38.72447 ], [ -77.18101, 38.72289 ], [ -77.17403, 38.72126 ], [ -77.1735, 38.72361 ], [ -77.17395, 38.72418 ], [ -77.17247, 38.7264 ], [ -77.17229, 38.72731 ], [ -77.17196, 38.72754 ], [ -77.17169, 38.72919 ], [ -77.1707, 38.72959 ], [ -77.16726, 38.73187 ], [ -77.17081, 38.73357 ], [ -77.16886, 38.7359 ], [ -77.16823, 38.73736 ], [ -77.16757, 38.7381 ], [ -77.16458, 38.7392 ], [ -77.16212, 38.74095 ], [ -77.15848, 38.74246 ], [ -77.15014, 38.74424 ], [ -77.14301, 38.74862 ], [ -77.13288, 38.74125 ], [ -77.13217, 38.74257 ], [ -77.12831, 38.74603 ], [ -77.12595, 38.74581 ], [ -77.12246, 38.74939 ], [ -77.12262, 38.75019 ], [ -77.12192, 38.75322 ], [ -77.12203, 38.75439 ], [ -77.12307, 38.75544 ], [ -77.12309, 38.75608 ], [ -77.12393, 38.75634 ], [ -77.12393, 38.75673 ], [ -77.1236, 38.75676 ], [ -77.12378, 38.75704 ], [ -77.12347, 38.75719 ], [ -77.12366, 38.75729 ], [ -77.12354, 38.75769 ], [ -77.12292, 38.75807 ], [ -77.12231, 38.75958 ], [ -77.12234, 38.7605 ], [ -77.12187, 38.76072 ], [ -77.12185, 38.76105 ], [ -77.1214, 38.76111 ], [ -77.12139, 38.76137 ], [ -77.12043, 38.76203 ], [ -77.12038, 38.76232 ], [ -77.12014, 38.76224 ], [ -77.12013, 38.7626 ], [ -77.09108, 38.75987 ], [ -77.09139, 38.75784 ], [ -77.0941, 38.74746 ], [ -77.09566, 38.74716 ], [ -77.0925, 38.74374 ], [ -77.09257, 38.7427 ], [ -77.09358, 38.74277 ], [ -77.09349, 38.74226 ], [ -77.09411, 38.74229 ], [ -77.09477, 38.74187 ], [ -77.09508, 38.74198 ], [ -77.09556, 38.74095 ], [ -77.0949, 38.74094 ], [ -77.09397, 38.74043 ], [ -77.09096, 38.7402 ], [ -77.08745, 38.74516 ], [ -77.08415, 38.74413 ], [ -77.08561, 38.742 ], [ -77.08858, 38.73938 ], [ -77.08776, 38.7381 ], [ -77.08781, 38.7374 ], [ -77.08738, 38.73729 ], [ -77.08686, 38.7364 ], [ -77.08643, 38.73609 ], [ -77.08573, 38.73603 ], [ -77.08558, 38.7356 ], [ -77.08498, 38.73543 ], [ -77.08452, 38.73484 ], [ -77.08381, 38.73487 ], [ -77.08354, 38.73467 ], [ -77.08367, 38.7343 ], [ -77.0833, 38.73354 ], [ -77.08225, 38.73289 ], [ -77.08151, 38.7315 ], [ -77.08135, 38.73197 ], [ -77.07858, 38.73165 ], [ -77.081, 38.72997 ], [ -77.08076, 38.72797 ], [ -77.07948, 38.72631 ], [ -77.08195, 38.72429 ], [ -77.08107, 38.72306 ], [ -77.0811, 38.72148 ], [ -77.07977, 38.72054 ], [ -77.07805, 38.71855 ], [ -77.07675, 38.71949 ], [ -77.07592, 38.71825 ], [ -77.07343, 38.71554 ], [ -77.07339, 38.71332 ], [ -77.07424, 38.71252 ], [ -77.074, 38.71164 ], [ -77.07989, 38.70914 ], [ -77.07993, 38.7089 ], [ -77.08172, 38.70777 ], [ -77.08332, 38.707 ], [ -77.0857, 38.70644 ], [ -77.08835, 38.70509 ], [ -77.08898, 38.70499 ], [ -77.09105, 38.70342 ], [ -77.09256, 38.70299 ], [ -77.09331, 38.70252 ], [ -77.0949, 38.70148 ], [ -77.09565, 38.70064 ], [ -77.09835, 38.69888 ], [ -77.10091, 38.698 ], [ -77.10298, 38.69801 ], [ -77.10445, 38.69715 ], [ -77.10498, 38.69709 ], [ -77.11194, 38.69823 ], [ -77.11893, 38.70002 ], [ -77.11985, 38.6985 ], [ -77.12177, 38.69923 ], [ -77.12032, 38.70155 ], [ -77.12059, 38.70305 ], [ -77.12238, 38.70406 ], [ -77.12391, 38.70554 ], [ -77.12669, 38.70501 ], [ -77.12721, 38.70537 ], [ -77.12793, 38.70549 ], [ -77.12807, 38.70529 ], [ -77.12952, 38.70514 ], [ -77.12946, 38.70579 ], [ -77.13003, 38.70626 ], [ -77.13108, 38.70792 ], [ -77.13124, 38.70878 ], [ -77.13219, 38.70946 ], [ -77.13252, 38.70928 ], [ -77.13176, 38.70864 ], [ -77.13173, 38.7079 ], [ -77.13124, 38.70737 ], [ -77.13088, 38.70598 ], [ -77.13007, 38.70488 ], [ -77.13072, 38.70387 ], [ -77.13042, 38.70318 ], [ -77.12911, 38.70212 ], [ -77.12833, 38.70202 ], [ -77.12711, 38.70248 ], [ -77.1275, 38.70118 ], [ -77.12698, 38.70017 ], [ -77.12714, 38.69959 ], [ -77.12693, 38.69872 ], [ -77.12666, 38.69851 ], [ -77.12578, 38.69854 ], [ -77.12524, 38.698 ], [ -77.12362, 38.69451 ], [ -77.12336, 38.69343 ], [ -77.12289, 38.69312 ], [ -77.12293, 38.6914 ], [ -77.12186, 38.68843 ], [ -77.12188, 38.68766 ], [ -77.12215, 38.68604 ], [ -77.12348, 38.68375 ], [ -77.12435, 38.68274 ], [ -77.1248, 38.68146 ], [ -77.12597, 38.68054 ], [ -77.12725, 38.67858 ], [ -77.13229, 38.67415 ], [ -77.13573, 38.67326 ], [ -77.13605, 38.67342 ] ] } },
{ "type": "Feature", "properties": { "year": 2026, "level": "HS", "name": "Westfield" }, "geometry": { "type": "LineString", "coordinates": [ [ -77.45839, 38.82567 ], [ -77.45801, 38.82519 ], [ -77.45883, 38.82451 ], [ -77.46153, 38.82251 ], [ -77.46487, 38.82043 ], [ -77.46658, 38.82149 ], [ -77.46996, 38.82215 ], [ -77.47033, 38.82342 ], [ -77.47684, 38.8218 ], [ -77.47704, 38.82302 ], [ -77.47068, 38.82459 ], [ -77.4713, 38.8269 ], [ -77.47067, 38.82788 ], [ -77.4679, 38.82921 ], [ -77.46891, 38.83191 ], [ -77.504, 38.824 ], [ -77.50349, 38.82479 ], [ -77.50377, 38.82543 ], [ -77.50932, 38.82818 ], [ -77.51159, 38.82958 ], [ -77.51239, 38.83047 ], [ -77.5123, 38.83117 ], [ -77.51103, 38.8324 ], [ -77.51056, 38.83358 ], [ -77.51103, 38.83552 ], [ -77.51084, 38.83619 ], [ -77.50996, 38.83672 ], [ -77.50816, 38.83675 ], [ -77.50758, 38.83724 ], [ -77.50762, 38.83769 ], [ -77.50876, 38.83921 ], [ -77.50883, 38.83988 ], [ -77.5083, 38.84043 ], [ -77.50893, 38.84118 ], [ -77.5102, 38.84151 ], [ -77.51102, 38.84145 ], [ -77.51214, 38.8407 ], [ -77.51499, 38.84005 ], [ -77.52261, 38.8371 ], [ -77.52398, 38.83702 ], [ -77.52773, 38.83749 ], [ -77.52984, 38.83707 ], [ -77.53263, 38.83878 ], [ -77.53482, 38.83934 ], [ -77.53627, 38.84082 ], [ -77.53698, 38.84231 ], [ -77.5369, 38.84312 ], [ -77.53638, 38.84447 ], [ -77.53489, 38.84679 ], [ -77.53513, 38.84716 ], [ -77.53598, 38.8474 ], [ -77.42266, 38.96234 ], [ -77.41804, 38.96153 ], [ -77.40125, 38.95563 ], [ -77.39651, 38.95439 ], [ -77.38441, 38.95264 ], [ -77.38118, 38.95261 ], [ -77.37402, 38.95306 ], [ -77.37698, 38.94821 ], [ -77.37794, 38.94855 ], [ -77.37993, 38.94991 ], [ -77.383, 38.95038 ], [ -77.38451, 38.94999 ], [ -77.38602, 38.94858 ], [ -77.38731, 38.94802 ], [ -77.39027, 38.94782 ], [ -77.39185, 38.94823 ], [ -77.39323, 38.9452 ], [ -77.39462, 38.94575 ], [ -77.39612, 38.94581 ], [ -77.39747, 38.94545 ], [ -77.39983, 38.94435 ], [ -77.3989, 38.94367 ], [ -77.39992, 38.94185 ], [ -77.40121, 38.94092 ], [ -77.40411, 38.94295 ], [ -77.40951, 38.94148 ], [ -77.41119, 38.94153 ], [ -77.41406, 38.94208 ], [ -77.41394, 38.94104 ], [ -77.41315, 38.93911 ], [ -77.41325, 38.93716 ], [ -77.41102, 38.93647 ], [ -77.40752, 38.93482 ], [ -77.40612, 38.93409 ], [ -77.40413, 38.93254 ], [ -77.40101, 38.92671 ], [ -77.39975, 38.92694 ], [ -77.39964, 38.92653 ], [ -77.39832, 38.92675 ], [ -77.39913, 38.92425 ], [ -77.3985, 38.92426 ], [ -77.39742, 38.92478 ], [ -77.39671, 38.92544 ], [ -77.39454, 38.92461 ], [ -77.39987, 38.91601 ], [ -77.40217, 38.91805 ], [ -77.40445, 38.91894 ], [ -77.40445, 38.92008 ], [ -77.40519, 38.92169 ], [ -77.40677, 38.92352 ], [ -77.40731, 38.92441 ], [ -77.40723, 38.9247 ], [ -77.40776, 38.92477 ], [ -77.40821, 38.92525 ], [ -77.4087, 38.92522 ], [ -77.40938, 38.92468 ], [ -77.40944, 38.9242 ], [ -77.41051, 38.92379 ], [ -77.41104, 38.92388 ], [ -77.41126, 38.92426 ], [ -77.41184, 38.92412 ], [ -77.41232, 38.9243 ], [ -77.41235, 38.92509 ], [ -77.41267, 38.92522 ], [ -77.41237, 38.92578 ], [ -77.413, 38.92616 ], [ -77.41279, 38.92675 ], [ -77.41346, 38.92692 ], [ -77.41347, 38.92743 ], [ -77.4141, 38.928 ], [ -77.41445, 38.92799 ], [ -77.41438, 38.92855 ], [ -77.41529, 38.92885 ], [ -77.41708, 38.92305 ], [ -77.42015, 38.91537 ], [ -77.42312, 38.90603 ], [ -77.42578, 38.9065 ], [ -77.4257, 38.90636 ], [ -77.4287, 38.90619 ], [ -77.42969, 38.90568 ], [ -77.42976, 38.90037 ], [ -77.4347, 38.90042 ], [ -77.43501, 38.89807 ], [ -77.43648, 38.89812 ], [ -77.43657, 38.89625 ], [ -77.4313, 38.89412 ], [ -77.43476, 38.88658 ], [ -77.43685, 38.88544 ], [ -77.43785, 38.88403 ], [ -77.43834, 38.88245 ], [ -77.43814, 38.88101 ], [ -77.43986, 38.87758 ], [ -77.44067, 38.87669 ], [ -77.4455, 38.87311 ], [ -77.43357, 38.85567 ], [ -77.43293, 38.85335 ], [ -77.43309, 38.84913 ], [ -77.43235, 38.84637 ], [ -77.43647, 38.84524 ], [ -77.44035, 38.84331 ], [ -77.44312, 38.84116 ], [ -77.44689, 38.83709 ], [ -77.46343, 38.83317 ], [ -77.46299, 38.83255 ], [ -77.46306, 38.83143 ], [ -77.46274, 38.83075 ], [ -77.46152, 38.83049 ], [ -77.4605, 38.82967 ], [ -77.45872, 38.82756 ], [ -77.45839, 38.82567 ] ] } },
{ "type": "Feature", "properties": { "year": 2026, "level": "HS", "name": "Chantilly" }, "geometry": { "type": "LineString", "coordinates": [ [ -77.43235, 38.84637 ], [ -77.43309, 38.84913 ], [ -77.43293, 38.85335 ], [ -77.43357, 38.85567 ], [ -77.4455, 38.87311 ], [ -77.44067, 38.87669 ], [ -77.43986, 38.87758 ], [ -77.43814, 38.88101 ], [ -77.43834, 38.88245 ], [ -77.43785, 38.88403 ], [ -77.43685, 38.88544 ], [ -77.43476, 38.88658 ], [ -77.4313, 38.89412 ], [ -77.43657, 38.89625 ], [ -77.43648, 38.89812 ], [ -77.43501, 38.89807 ], [ -77.4347, 38.90042 ], [ -77.42976, 38.90037 ], [ -77.42969, 38.90568 ], [ -77.4287, 38.90619 ], [ -77.4257, 38.90636 ], [ -77.42578, 38.9065 ], [ -77.42312, 38.90603 ], [ -77.42015, 38.91537 ], [ -77.41708, 38.92305 ], [ -77.41529, 38.92885 ], [ -77.41438, 38.92855 ], [ -77.41445, 38.92799 ], [ -77.4141, 38.928 ], [ -77.41347, 38.92743 ], [ -77.41346, 38.92692 ], [ -77.41279, 38.92675 ], [ -77.413, 38.92616 ], [ -77.41237, 38.92578 ], [ -77.41267, 38.92522 ], [ -77.41235, 38.92509 ], [ -77.41232, 38.9243 ], [ -77.41184, 38.92412 ], [ -77.41126, 38.92426 ], [ -77.41104, 38.92388 ], [ -77.41051, 38.92379 ], [ -77.40944, 38.9242 ], [ -77.40938, 38.92468 ], [ -77.4087, 38.92522 ], [ -77.40821, 38.92525 ], [ -77.40776, 38.92477 ], [ -77.40723, 38.9247 ], [ -77.40731, 38.92441 ], [ -77.40677, 38.92352 ], [ -77.40519, 38.92169 ], [ -77.40445, 38.92008 ], [ -77.40445, 38.91894 ], [ -77.40217, 38.91805 ], [ -77.39987, 38.91601 ], [ -77.4016, 38.91367 ], [ -77.40631, 38.90596 ], [ -77.40676, 38.90467 ], [ -77.4066, 38.9035 ], [ -77.40622, 38.90268 ], [ -77.40209, 38.90195 ], [ -77.40095, 38.90024 ], [ -77.40069, 38.89924 ], [ -77.40035, 38.89893 ], [ -77.39959, 38.89875 ], [ -77.39908, 38.8982 ], [ -77.39927, 38.89821 ], [ -77.39959, 38.89687 ], [ -77.39758, 38.89572 ], [ -77.39221, 38.89038 ], [ -77.39146, 38.88907 ], [ -77.38995, 38.88505 ], [ -77.38904, 38.88366 ], [ -77.38725, 38.88229 ], [ -77.38371, 38.88079 ], [ -77.38248, 38.87964 ], [ -77.38208, 38.87861 ], [ -77.38213, 38.8776 ], [ -77.38358, 38.87501 ], [ -77.38387, 38.87401 ], [ -77.38309, 38.86956 ], [ -77.38432, 38.8695 ], [ -77.38474, 38.86906 ], [ -77.3858, 38.86863 ], [ -77.38642, 38.86796 ], [ -77.38572, 38.86781 ], [ -77.38541, 38.86718 ], [ -77.38394, 38.86682 ], [ -77.38398, 38.86656 ], [ -77.38351, 38.86637 ], [ -77.38333, 38.86595 ], [ -77.382, 38.86527 ], [ -77.38187, 38.86345 ], [ -77.38201, 38.86298 ], [ -77.3836, 38.86329 ], [ -77.38547, 38.86295 ], [ -77.38716, 38.86196 ], [ -77.38965, 38.86096 ], [ -77.39226, 38.85887 ], [ -77.39393, 38.85842 ], [ -77.39592, 38.85878 ], [ -77.39891, 38.86093 ], [ -77.40096, 38.86159 ], [ -77.40058, 38.85581 ], [ -77.39964, 38.85572 ], [ -77.39863, 38.85593 ], [ -77.39787, 38.85633 ], [ -77.39729, 38.85698 ], [ -77.39641, 38.85658 ], [ -77.39618, 38.85622 ], [ -77.3945, 38.85646 ], [ -77.39426, 38.85567 ], [ -77.39378, 38.85524 ], [ -77.39398, 38.85517 ], [ -77.39389, 38.8548 ], [ -77.39307, 38.85418 ], [ -77.39283, 38.85357 ], [ -77.43235, 38.84637 ] ] } },
{ "type": "Feature", "properties": { "year": 2026, "level": "HS", "name": "Herndon" }, "geometry": { "type": "LineString", "coordinates": [ [ -77.38322, 38.9526 ], [ -77.38725, 38.95292 ], [ -77.3986, 38.95485 ], [ -77.41703, 38.96122 ], [ -77.42009, 38.96199 ], [ -77.42266, 38.96234 ], [ -77.37111, 39.01448 ], [ -77.36865, 39.01323 ], [ -77.36866, 39.01231 ], [ -77.36817, 39.0118 ], [ -77.36907, 39.01117 ], [ -77.36938, 39.01144 ], [ -77.37047, 39.01132 ], [ -77.37122, 39.01109 ], [ -77.37157, 39.01061 ], [ -77.37315, 39.01018 ], [ -77.37322, 39.0099 ], [ -77.37237, 39.00896 ], [ -77.37274, 39.00827 ], [ -77.37334, 39.00787 ], [ -77.37348, 39.00741 ], [ -77.37327, 39.00713 ], [ -77.37376, 39.00667 ], [ -77.37245, 39.00557 ], [ -77.37204, 39.0047 ], [ -77.37109, 39.00426 ], [ -77.37123, 39.00362 ], [ -77.3709, 39.00271 ], [ -77.37024, 39.00228 ], [ -77.37011, 39.00186 ], [ -77.37031, 39.00034 ], [ -77.3708, 38.9998 ], [ -77.37025, 38.99911 ], [ -77.36924, 38.9987 ], [ -77.36687, 38.99922 ], [ -77.36578, 38.99985 ], [ -77.36333, 38.99941 ], [ -77.36401, 38.99706 ], [ -77.3653, 38.99447 ], [ -77.36524, 38.9934 ], [ -77.3648, 38.99246 ], [ -77.35797, 38.99114 ], [ -77.35647, 38.99408 ], [ -77.35561, 38.9951 ], [ -77.35504, 38.99535 ], [ -77.35438, 38.99525 ], [ -77.35459, 38.9947 ], [ -77.35353, 38.99426 ], [ -77.35128, 38.99339 ], [ -77.35131, 38.9939 ], [ -77.35089, 38.99372 ], [ -77.35072, 38.99593 ], [ -77.35142, 38.99597 ], [ -77.35147, 38.99551 ], [ -77.35195, 38.99528 ], [ -77.35409, 38.99599 ], [ -77.35355, 38.99737 ], [ -77.35149, 38.9968 ], [ -77.35186, 39.00096 ], [ -77.35325, 39.00165 ], [ -77.35888, 39.00344 ], [ -77.35702, 39.0069 ], [ -77.34586, 39.00096 ], [ -77.3463, 39.00042 ], [ -77.3438, 38.99907 ], [ -77.34438, 38.99825 ], [ -77.34369, 38.99799 ], [ -77.34395, 38.99751 ], [ -77.34525, 38.99806 ], [ -77.34599, 38.99695 ], [ -77.34455, 38.99667 ], [ -77.34675, 38.99325 ], [ -77.34506, 38.99309 ], [ -77.34374, 38.99255 ], [ -77.3403, 38.99751 ], [ -77.3363, 38.99468 ], [ -77.33714, 38.99369 ], [ -77.33808, 38.9915 ], [ -77.33765, 38.99132 ], [ -77.33924, 38.98906 ], [ -77.33686, 38.98741 ], [ -77.33577, 38.98897 ], [ -77.33178, 38.98877 ], [ -77.33184, 38.9876 ], [ -77.33111, 38.98757 ], [ -77.33209, 38.9799 ], [ -77.3305, 38.97995 ], [ -77.33038, 38.97848 ], [ -77.33151, 38.97755 ], [ -77.33041, 38.97394 ], [ -77.33739, 38.97284 ], [ -77.34599, 38.96892 ], [ -77.3474, 38.96848 ], [ -77.3581, 38.96613 ], [ -77.36497, 38.96614 ], [ -77.36964, 38.95904 ], [ -77.37402, 38.95306 ], [ -77.38322, 38.9526 ] ] } },
{ "type": "Feature", "properties": { "year": 2026, "level": "HS", "name": "South Lakes" }, "geometry": { "type": "LineString", "coordinates": [ [ -77.3603, 38.90778 ], [ -77.37208, 38.92458 ], [ -77.37356, 38.92497 ], [ -77.37385, 38.92336 ], [ -77.376, 38.91838 ], [ -77.37658, 38.91771 ], [ -77.37784, 38.9183 ], [ -77.37892, 38.9169 ], [ -77.38489, 38.9197 ], [ -77.38435, 38.92075 ], [ -77.39671, 38.92544 ], [ -77.39742, 38.92478 ], [ -77.3985, 38.92426 ], [ -77.39913, 38.92425 ], [ -77.39832, 38.92675 ], [ -77.39964, 38.92653 ], [ -77.39975, 38.92694 ], [ -77.40101, 38.92671 ], [ -77.40413, 38.93254 ], [ -77.40612, 38.93409 ], [ -77.40752, 38.93482 ], [ -77.41102, 38.93647 ], [ -77.41325, 38.93716 ], [ -77.41315, 38.93911 ], [ -77.41394, 38.94104 ], [ -77.41406, 38.94208 ], [ -77.41119, 38.94153 ], [ -77.40951, 38.94148 ], [ -77.40411, 38.94295 ], [ -77.40121, 38.94092 ], [ -77.39992, 38.94185 ], [ -77.3989, 38.94367 ], [ -77.39983, 38.94435 ], [ -77.39747, 38.94545 ], [ -77.39612, 38.94581 ], [ -77.39462, 38.94575 ], [ -77.39323, 38.9452 ], [ -77.39185, 38.94823 ], [ -77.39027, 38.94782 ], [ -77.38731, 38.94802 ], [ -77.38602, 38.94858 ], [ -77.38451, 38.94999 ], [ -77.383, 38.95038 ], [ -77.37993, 38.94991 ], [ -77.37794, 38.94855 ], [ -77.37698, 38.94821 ], [ -77.37429, 38.9527 ], [ -77.36964, 38.95904 ], [ -77.36497, 38.96614 ], [ -77.3581, 38.96613 ], [ -77.3474, 38.96848 ], [ -77.34599, 38.96892 ], [ -77.33739, 38.97284 ], [ -77.33041, 38.97394 ], [ -77.33151, 38.97755 ], [ -77.33038, 38.97848 ], [ -77.32787, 38.97808 ], [ -77.32138, 38.97946 ], [ -77.32101, 38.97853 ], [ -77.31888, 38.97781 ], [ -77.31914, 38.97756 ], [ -77.3171, 38.97563 ], [ -77.31515, 38.97778 ], [ -77.31343, 38.97707 ], [ -77.30584, 38.97487 ], [ -77.30839, 38.96635 ], [ -77.30779, 38.9667 ], [ -77.30753, 38.96721 ], [ -77.30699, 38.96743 ], [ -77.30684, 38.96716 ], [ -77.3064, 38.96734 ], [ -77.3061, 38.96718 ], [ -77.30631, 38.96693 ], [ -77.30623, 38.96615 ], [ -77.30583, 38.96626 ], [ -77.30577, 38.96595 ], [ -77.30532, 38.96576 ], [ -77.30494, 38.96586 ], [ -77.3048, 38.96549 ], [ -77.30408, 38.96573 ], [ -77.30363, 38.96548 ], [ -77.30304, 38.96578 ], [ -77.30222, 38.96553 ], [ -77.30243, 38.96412 ], [ -77.2986, 38.9627 ], [ -77.29986, 38.96066 ], [ -77.29871, 38.96023 ], [ -77.29804, 38.96059 ], [ -77.29724, 38.96028 ], [ -77.29754, 38.96102 ], [ -77.29675, 38.96201 ], [ -77.29163, 38.96012 ], [ -77.29198, 38.95952 ], [ -77.29156, 38.95938 ], [ -77.29124, 38.95877 ], [ -77.29157, 38.95784 ], [ -77.291, 38.95764 ], [ -77.29031, 38.95398 ], [ -77.29053, 38.95369 ], [ -77.29136, 38.95326 ], [ -77.29204, 38.95398 ], [ -77.29326, 38.95454 ], [ -77.29501, 38.95498 ], [ -77.29834, 38.95532 ], [ -77.29804, 38.94708 ], [ -77.29294, 38.94546 ], [ -77.29291, 38.94423 ], [ -77.2934, 38.94378 ], [ -77.29344, 38.94293 ], [ -77.29398, 38.94275 ], [ -77.29404, 38.94231 ], [ -77.29492, 38.94244 ], [ -77.29537, 38.94167 ], [ -77.29624, 38.94196 ], [ -77.29629, 38.94181 ], [ -77.29882, 38.94507 ], [ -77.30403, 38.94374 ], [ -77.30443, 38.94251 ], [ -77.30606, 38.94203 ], [ -77.30627, 38.93979 ], [ -77.30678, 38.93975 ], [ -77.30928, 38.94247 ], [ -77.31271, 38.94258 ], [ -77.30994, 38.93731 ], [ -77.3108, 38.93548 ], [ -77.30749, 38.93341 ], [ -77.30501, 38.9325 ], [ -77.30488, 38.93125 ], [ -77.30512, 38.92994 ], [ -77.30792, 38.93036 ], [ -77.30926, 38.93023 ], [ -77.31058, 38.92982 ], [ -77.31034, 38.92921 ], [ -77.30939, 38.92829 ], [ -77.31004, 38.92741 ], [ -77.30967, 38.92696 ], [ -77.31019, 38.92672 ], [ -77.30959, 38.92633 ], [ -77.30988, 38.92611 ], [ -77.30988, 38.92569 ], [ -77.31032, 38.9255 ], [ -77.31011, 38.9252 ], [ -77.31085, 38.9252 ], [ -77.31078, 38.92468 ], [ -77.31171, 38.92408 ], [ -77.31204, 38.92342 ], [ -77.31247, 38.92361 ], [ -77.31342, 38.92253 ], [ -77.31398, 38.92097 ], [ -77.31442, 38.92105 ], [ -77.31538, 38.92072 ], [ -77.31577, 38.92096 ], [ -77.31633, 38.92074 ], [ -77.31634, 38.92046 ], [ -77.31691, 38.92006 ], [ -77.3167, 38.91962 ], [ -77.31696, 38.91976 ], [ -77.3172, 38.91952 ], [ -77.31671, 38.91916 ], [ -77.31637, 38.91837 ], [ -77.31627, 38.91694 ], [ -77.31745, 38.91691 ], [ -77.31942, 38.91767 ], [ -77.31756, 38.92223 ], [ -77.3183, 38.9222 ], [ -77.31865, 38.92188 ], [ -77.32229, 38.92217 ], [ -77.32279, 38.92191 ], [ -77.32254, 38.92148 ], [ -77.32303, 38.92121 ], [ -77.32282, 38.92065 ], [ -77.323, 38.92051 ], [ -77.32264, 38.92029 ], [ -77.32285, 38.91997 ], [ -77.32315, 38.91976 ], [ -77.32348, 38.91989 ], [ -77.32343, 38.91955 ], [ -77.3238, 38.91947 ], [ -77.32366, 38.91929 ], [ -77.32398, 38.91907 ], [ -77.32494, 38.91897 ], [ -77.32533, 38.9183 ], [ -77.32587, 38.91874 ], [ -77.32492, 38.91942 ], [ -77.32553, 38.91968 ], [ -77.32608, 38.92038 ], [ -77.32751, 38.9194 ], [ -77.3285, 38.92068 ], [ -77.32914, 38.92038 ], [ -77.33049, 38.91913 ], [ -77.33104, 38.9199 ], [ -77.3333, 38.91922 ], [ -77.33261, 38.91814 ], [ -77.33388, 38.91728 ], [ -77.33342, 38.91632 ], [ -77.33646, 38.9154 ], [ -77.33712, 38.91606 ], [ -77.33808, 38.91576 ], [ -77.33858, 38.91625 ], [ -77.34533, 38.91707 ], [ -77.34829, 38.9128 ], [ -77.35185, 38.91118 ], [ -77.3521, 38.91136 ], [ -77.35418, 38.90978 ], [ -77.35505, 38.91062 ], [ -77.35632, 38.90971 ], [ -77.3603, 38.90778 ] ] } },
{ "type": "Feature", "properties": { "year": 2026, "level": "HS", "name": "Robinson" }, "geometry": { "type": "LineString", "coordinates": [ [ -77.3351, 38.72312 ], [ -77.33552, 38.72302 ], [ -77.3356, 38.72235 ], [ -77.33652, 38.72235 ], [ -77.33736, 38.71987 ], [ -77.34127, 38.72003 ], [ -77.3449, 38.72123 ], [ -77.34841, 38.72117 ], [ -77.35106, 38.72163 ], [ -77.35268, 38.72246 ], [ -77.35538, 38.72514 ], [ -77.35595, 38.72545 ], [ -77.35653, 38.72545 ], [ -77.35854, 38.72418 ], [ -77.36007, 38.7226 ], [ -77.36163, 38.71982 ], [ -77.36317, 38.71565 ], [ -77.36417, 38.71495 ], [ -77.36644, 38.71443 ], [ -77.36741, 38.71391 ], [ -77.36786, 38.71327 ], [ -77.36817, 38.71152 ], [ -77.3687, 38.71065 ], [ -77.36949, 38.71033 ], [ -77.37078, 38.71042 ], [ -77.37382, 38.71184 ], [ -77.37689, 38.71515 ], [ -77.3786, 38.71738 ], [ -77.37966, 38.71923 ], [ -77.38029, 38.72123 ], [ -77.38045, 38.72339 ], [ -77.38012, 38.7253 ], [ -77.37938, 38.7268 ], [ -77.37748, 38.72948 ], [ -77.37824, 38.73435 ], [ -77.37994, 38.73692 ], [ -77.38243, 38.73882 ], [ -77.38393, 38.74031 ], [ -77.38978, 38.74301 ], [ -77.38979, 38.74441 ], [ -77.38803, 38.74739 ], [ -77.38794, 38.74835 ], [ -77.38825, 38.74889 ], [ -77.38904, 38.74916 ], [ -77.39178, 38.74918 ], [ -77.39399, 38.74977 ], [ -77.39586, 38.74972 ], [ -77.39795, 38.74919 ], [ -77.39889, 38.75035 ], [ -77.40079, 38.75192 ], [ -77.40166, 38.75238 ], [ -77.40242, 38.75236 ], [ -77.404, 38.75168 ], [ -77.4051, 38.74977 ], [ -77.4046, 38.74803 ], [ -77.40374, 38.74673 ], [ -77.40396, 38.74606 ], [ -77.4074, 38.74602 ], [ -77.40864, 38.74506 ], [ -77.41106, 38.7447 ], [ -77.41197, 38.74519 ], [ -77.41192, 38.74695 ], [ -77.41071, 38.74929 ], [ -77.40691, 38.7524 ], [ -77.40638, 38.75331 ], [ -77.40692, 38.75414 ], [ -77.4143, 38.75767 ], [ -77.41564, 38.75792 ], [ -77.41731, 38.76091 ], [ -77.41703, 38.76137 ], [ -77.41528, 38.76217 ], [ -77.41463, 38.7622 ], [ -77.41387, 38.76188 ], [ -77.41339, 38.76199 ], [ -77.41281, 38.7627 ], [ -77.41292, 38.7654 ], [ -77.41388, 38.76633 ], [ -77.41554, 38.76671 ], [ -77.41583, 38.76747 ], [ -77.41512, 38.76982 ], [ -77.4127, 38.77125 ], [ -77.41257, 38.77164 ], [ -77.41379, 38.77257 ], [ -77.41724, 38.7745 ], [ -77.41987, 38.7753 ], [ -77.42052, 38.7758 ], [ -77.42146, 38.77604 ], [ -77.422, 38.77707 ], [ -77.42326, 38.77769 ], [ -77.42225, 38.77919 ], [ -77.41865, 38.77879 ], [ -77.41841, 38.77911 ], [ -77.41852, 38.77999 ], [ -77.41753, 38.7806 ], [ -77.41619, 38.77969 ], [ -77.4144, 38.77947 ], [ -77.41384, 38.77995 ], [ -77.41419, 38.78037 ], [ -77.41424, 38.78112 ], [ -77.41319, 38.78169 ], [ -77.41211, 38.78183 ], [ -77.41188, 38.78252 ], [ -77.41308, 38.78388 ], [ -77.41292, 38.78459 ], [ -77.41187, 38.78571 ], [ -77.41285, 38.78679 ], [ -77.41271, 38.7874 ], [ -77.41358, 38.78779 ], [ -77.41481, 38.78784 ], [ -77.41555, 38.78811 ], [ -77.41601, 38.78891 ], [ -77.41642, 38.78914 ], [ -77.41658, 38.7905 ], [ -77.41716, 38.79084 ], [ -77.41667, 38.79133 ], [ -77.41617, 38.79145 ], [ -77.41618, 38.79129 ], [ -77.4158, 38.7913 ], [ -77.41555, 38.79175 ], [ -77.41476, 38.79162 ], [ -77.41384, 38.79241 ], [ -77.4125, 38.79209 ], [ -77.41141, 38.79263 ], [ -77.40959, 38.79252 ], [ -77.40927, 38.79283 ], [ -77.41007, 38.7931 ], [ -77.41006, 38.79469 ], [ -77.40905, 38.79501 ], [ -77.40912, 38.79626 ], [ -77.40955, 38.7968 ], [ -77.40913, 38.79723 ], [ -77.40878, 38.79721 ], [ -77.4088, 38.79775 ], [ -77.40805, 38.79926 ], [ -77.40707, 38.79901 ], [ -77.40559, 38.80037 ], [ -77.40632, 38.8016 ], [ -77.40253, 38.80178 ], [ -77.40252, 38.80198 ], [ -77.39818, 38.80182 ], [ -77.39808, 38.80714 ], [ -77.39426, 38.80698 ], [ -77.39391, 38.80797 ], [ -77.39094, 38.80895 ], [ -77.38893, 38.80922 ], [ -77.38808, 38.80985 ], [ -77.38391, 38.81164 ], [ -77.3842, 38.81105 ], [ -77.38366, 38.81003 ], [ -77.38409, 38.80914 ], [ -77.38374, 38.80796 ], [ -77.38308, 38.8073 ], [ -77.38276, 38.80596 ], [ -77.38196, 38.80503 ], [ -77.38125, 38.80477 ], [ -77.38, 38.80357 ], [ -77.38001, 38.80277 ], [ -77.37908, 38.79986 ], [ -77.3785, 38.79922 ], [ -77.37875, 38.79896 ], [ -77.37677, 38.79717 ], [ -77.37563, 38.79684 ], [ -77.37512, 38.79825 ], [ -77.37539, 38.79969 ], [ -77.37501, 38.80122 ], [ -77.3748, 38.80521 ], [ -77.3718, 38.80626 ], [ -77.37104, 38.80474 ], [ -77.36139, 38.80801 ], [ -77.36028, 38.80705 ], [ -77.35876, 38.80623 ], [ -77.35832, 38.80627 ], [ -77.35823, 38.80581 ], [ -77.35769, 38.80565 ], [ -77.3495, 38.80879 ], [ -77.34473, 38.80641 ], [ -77.34307, 38.80365 ], [ -77.34247, 38.80384 ], [ -77.34208, 38.80432 ], [ -77.34189, 38.80422 ], [ -77.34211, 38.80399 ], [ -77.34166, 38.80381 ], [ -77.34147, 38.80458 ], [ -77.34199, 38.80592 ], [ -77.34171, 38.80588 ], [ -77.34076, 38.80777 ], [ -77.34018, 38.80784 ], [ -77.33985, 38.80872 ], [ -77.34006, 38.8091 ], [ -77.33811, 38.80853 ], [ -77.33316, 38.80768 ], [ -77.3331, 38.81073 ], [ -77.32673, 38.80986 ], [ -77.32678, 38.80946 ], [ -77.32621, 38.8094 ], [ -77.32538, 38.81138 ], [ -77.32189, 38.81532 ], [ -77.31973, 38.81958 ], [ -77.31784, 38.82214 ], [ -77.31717, 38.82386 ], [ -77.31658, 38.82745 ], [ -77.31352, 38.82613 ], [ -77.3112, 38.82464 ], [ -77.30785, 38.82396 ], [ -77.30646, 38.82407 ], [ -77.3036, 38.82477 ], [ -77.3007, 38.82594 ], [ -77.29928, 38.82626 ], [ -77.29488, 38.82654 ], [ -77.2875, 38.82637 ], [ -77.28479, 38.8259 ], [ -77.28309, 38.82499 ], [ -77.27405, 38.8173 ], [ -77.27493, 38.81527 ], [ -77.27532, 38.81299 ], [ -77.27751, 38.81056 ], [ -77.28023, 38.80655 ], [ -77.28321, 38.80409 ], [ -77.28457, 38.80335 ], [ -77.28671, 38.8028 ], [ -77.28808, 38.8018 ], [ -77.29317, 38.79931 ], [ -77.29783, 38.79852 ], [ -77.29872, 38.79854 ], [ -77.29899, 38.79826 ], [ -77.30127, 38.79753 ], [ -77.29968, 38.79744 ], [ -77.28569, 38.79818 ], [ -77.28432, 38.78996 ], [ -77.27597, 38.78956 ], [ -77.27652, 38.78864 ], [ -77.27828, 38.78884 ], [ -77.27838, 38.78783 ], [ -77.28162, 38.78798 ], [ -77.28153, 38.78744 ], [ -77.2839, 38.78753 ], [ -77.28374, 38.78649 ], [ -77.28157, 38.78525 ], [ -77.27985, 38.78384 ], [ -77.28125, 38.78311 ], [ -77.28348, 38.78509 ], [ -77.28335, 38.78427 ], [ -77.2847, 38.78343 ], [ -77.28418, 38.78296 ], [ -77.28468, 38.78182 ], [ -77.28412, 38.78131 ], [ -77.28795, 38.77892 ], [ -77.28859, 38.77876 ], [ -77.29304, 38.77889 ], [ -77.29451, 38.77768 ], [ -77.29733, 38.77864 ], [ -77.29862, 38.77749 ], [ -77.29694, 38.77645 ], [ -77.29847, 38.77599 ], [ -77.29786, 38.77489 ], [ -77.29885, 38.77494 ], [ -77.30038, 38.77409 ], [ -77.29905, 38.77284 ], [ -77.2984, 38.77319 ], [ -77.29763, 38.77312 ], [ -77.29638, 38.77111 ], [ -77.29601, 38.76996 ], [ -77.29608, 38.76877 ], [ -77.2971, 38.76603 ], [ -77.29883, 38.764 ], [ -77.29931, 38.76297 ], [ -77.29922, 38.76204 ], [ -77.29891, 38.76124 ], [ -77.29753, 38.75968 ], [ -77.2957, 38.75832 ], [ -77.29561, 38.7576 ], [ -77.29611, 38.75694 ], [ -77.29723, 38.75665 ], [ -77.30115, 38.75643 ], [ -77.30119, 38.75619 ], [ -77.30369, 38.75446 ], [ -77.30269, 38.75378 ], [ -77.30515, 38.75261 ], [ -77.30769, 38.75226 ], [ -77.30781, 38.75334 ], [ -77.30903, 38.75325 ], [ -77.3089, 38.75218 ], [ -77.31459, 38.75173 ], [ -77.31519, 38.75291 ], [ -77.31736, 38.75223 ], [ -77.31732, 38.75259 ], [ -77.31815, 38.75261 ], [ -77.31785, 38.75484 ], [ -77.32967, 38.75792 ], [ -77.32925, 38.75235 ], [ -77.32739, 38.7498 ], [ -77.32661, 38.75014 ], [ -77.32496, 38.74804 ], [ -77.32684, 38.74771 ], [ -77.33317, 38.74393 ], [ -77.33103, 38.74011 ], [ -77.32731, 38.73606 ], [ -77.32618, 38.73733 ], [ -77.32409, 38.73645 ], [ -77.32281, 38.73618 ], [ -77.32168, 38.73558 ], [ -77.32034, 38.73664 ], [ -77.3193, 38.73552 ], [ -77.31916, 38.73498 ], [ -77.32011, 38.73324 ], [ -77.32043, 38.73204 ], [ -77.32026, 38.73068 ], [ -77.32064, 38.7289 ], [ -77.32029, 38.72801 ], [ -77.32595, 38.72829 ], [ -77.32701, 38.72872 ], [ -77.32995, 38.73206 ], [ -77.3322, 38.72855 ], [ -77.33535, 38.72478 ], [ -77.33536, 38.72334 ], [ -77.33496, 38.72328 ], [ -77.3351, 38.72312 ] ] } },
{ "type": "Feature", "properties": { "year": 2026, "level": "HS", "name": "Lake Braddock" }, "geometry": { "type": "MultiLineString", "coordinates": [ [ [ -77.324, 38.70719 ], [ -77.31985, 38.70918 ], [ -77.31976, 38.71079 ], [ -77.32043, 38.71194 ], [ -77.32148, 38.71259 ], [ -77.32268, 38.71273 ], [ -77.326, 38.71153 ], [ -77.33102, 38.71066 ], [ -77.33244, 38.71084 ], [ -77.33304, 38.71138 ], [ -77.33318, 38.71222 ], [ -77.33283, 38.71341 ], [ -77.33151, 38.71584 ], [ -77.33161, 38.71754 ], [ -77.33246, 38.71835 ], [ -77.33403, 38.71906 ], [ -77.33736, 38.71987 ], [ -77.33652, 38.72235 ], [ -77.3356, 38.72235 ], [ -77.33552, 38.72302 ], [ -77.33496, 38.72328 ], [ -77.33536, 38.72334 ], [ -77.33535, 38.72478 ], [ -77.3322, 38.72855 ], [ -77.32995, 38.73206 ], [ -77.32701, 38.72872 ], [ -77.32595, 38.72829 ], [ -77.32029, 38.72801 ], [ -77.32064, 38.7289 ], [ -77.32026, 38.73068 ], [ -77.32043, 38.73204 ], [ -77.32011, 38.73324 ], [ -77.31915, 38.73503 ], [ -77.32002, 38.73643 ], [ -77.32034, 38.73664 ], [ -77.32168, 38.73558 ], [ -77.32281, 38.73618 ], [ -77.32409, 38.73645 ], [ -77.32618, 38.73733 ], [ -77.32731, 38.73606 ], [ -77.33103, 38.74011 ], [ -77.33317, 38.74393 ], [ -77.32684, 38.74771 ], [ -77.32496, 38.74804 ], [ -77.32661, 38.75014 ], [ -77.32739, 38.7498 ], [ -77.32925, 38.75235 ], [ -77.32967, 38.75792 ], [ -77.31785, 38.75484 ], [ -77.31815, 38.75261 ], [ -77.31732, 38.75259 ], [ -77.31736, 38.75223 ], [ -77.31519, 38.75291 ], [ -77.31459, 38.75173 ], [ -77.3089, 38.75218 ], [ -77.30903, 38.75325 ], [ -77.30781, 38.75334 ], [ -77.30769, 38.75226 ], [ -77.30515, 38.75261 ], [ -77.30269, 38.75378 ], [ -77.30369, 38.75446 ], [ -77.30119, 38.75619 ], [ -77.30115, 38.75643 ], [ -77.29723, 38.75665 ], [ -77.29611, 38.75694 ], [ -77.29561, 38.7576 ], [ -77.2957, 38.75832 ], [ -77.29753, 38.75968 ], [ -77.29891, 38.76124 ], [ -77.29922, 38.76204 ], [ -77.29931, 38.76297 ], [ -77.29883, 38.764 ], [ -77.2971, 38.76603 ], [ -77.29608, 38.76877 ], [ -77.29601, 38.76996 ], [ -77.29638, 38.77111 ], [ -77.29763, 38.77312 ], [ -77.2984, 38.77319 ], [ -77.29905, 38.77284 ], [ -77.30038, 38.77409 ], [ -77.29885, 38.77494 ], [ -77.29786, 38.77489 ], [ -77.29847, 38.77599 ], [ -77.29694, 38.77645 ], [ -77.29862, 38.77749 ], [ -77.29733, 38.77864 ], [ -77.29451, 38.77768 ], [ -77.29304, 38.77889 ], [ -77.28859, 38.77876 ], [ -77.28795, 38.77892 ], [ -77.28412, 38.78131 ], [ -77.28468, 38.78182 ], [ -77.28418, 38.78296 ], [ -77.2847, 38.78343 ], [ -77.28335, 38.78427 ], [ -77.28348, 38.78509 ], [ -77.28125, 38.78311 ], [ -77.27985, 38.78384 ], [ -77.28157, 38.78525 ], [ -77.28374, 38.78649 ], [ -77.2839, 38.78753 ], [ -77.28153, 38.78744 ], [ -77.28162, 38.78798 ], [ -77.27838, 38.78783 ], [ -77.27828, 38.78884 ], [ -77.27652, 38.78864 ], [ -77.27597, 38.78956 ], [ -77.28432, 38.78996 ], [ -77.28569, 38.79818 ], [ -77.29968, 38.79744 ], [ -77.30127, 38.79753 ], [ -77.29899, 38.79826 ], [ -77.29872, 38.79854 ], [ -77.29783, 38.79852 ], [ -77.29317, 38.79931 ], [ -77.28808, 38.8018 ], [ -77.28674, 38.80279 ], [ -77.2844, 38.80342 ], [ -77.28241, 38.80462 ], [ -77.28173, 38.80545 ], [ -77.28012, 38.80668 ], [ -77.27751, 38.81056 ], [ -77.2754, 38.81286 ], [ -77.27493, 38.81527 ], [ -77.27405, 38.8173 ], [ -77.26991, 38.81497 ], [ -77.26764, 38.8126 ], [ -77.26621, 38.81152 ], [ -77.26369, 38.81084 ], [ -77.24971, 38.81054 ], [ -77.24026, 38.8109 ], [ -77.21792, 38.81123 ], [ -77.21191, 38.80317 ], [ -77.21216, 38.80219 ], [ -77.21344, 38.80113 ], [ -77.2143, 38.79915 ], [ -77.21329, 38.79762 ], [ -77.21429, 38.79636 ], [ -77.21421, 38.79608 ], [ -77.21469, 38.79539 ], [ -77.21506, 38.79533 ], [ -77.21506, 38.79509 ], [ -77.21625, 38.79435 ], [ -77.21853, 38.79388 ], [ -77.21788, 38.7928 ], [ -77.22789, 38.79246 ], [ -77.22988, 38.79283 ], [ -77.23601, 38.79567 ], [ -77.23746, 38.79611 ], [ -77.24787, 38.79594 ], [ -77.24591, 38.79365 ], [ -77.25846, 38.77871 ], [ -77.25255, 38.77356 ], [ -77.25482, 38.77319 ], [ -77.25767, 38.77327 ], [ -77.25988, 38.77381 ], [ -77.26223, 38.77484 ], [ -77.27471, 38.75345 ], [ -77.27191, 38.75197 ], [ -77.26763, 38.75182 ], [ -77.26398, 38.75058 ], [ -77.25976, 38.74882 ], [ -77.25698, 38.74667 ], [ -77.25502, 38.74577 ], [ -77.25301, 38.74541 ], [ -77.25086, 38.74555 ], [ -77.25059, 38.74469 ], [ -77.25075, 38.74288 ], [ -77.25143, 38.74047 ], [ -77.25246, 38.73877 ], [ -77.25223, 38.73627 ], [ -77.25367, 38.73672 ], [ -77.25462, 38.73777 ], [ -77.25504, 38.73868 ], [ -77.2549, 38.73898 ], [ -77.25642, 38.73889 ], [ -77.25767, 38.73935 ], [ -77.25893, 38.73938 ], [ -77.26028, 38.73905 ], [ -77.26111, 38.73947 ], [ -77.26144, 38.74017 ], [ -77.26127, 38.74066 ], [ -77.26185, 38.7413 ], [ -77.26328, 38.74228 ], [ -77.26422, 38.74255 ], [ -77.26401, 38.74215 ], [ -77.26475, 38.74233 ], [ -77.26539, 38.74331 ], [ -77.26603, 38.74353 ], [ -77.26811, 38.74316 ], [ -77.26929, 38.74321 ], [ -77.27002, 38.74285 ], [ -77.27208, 38.74341 ], [ -77.27231, 38.74289 ], [ -77.27384, 38.74283 ], [ -77.27436, 38.74261 ], [ -77.27588, 38.74281 ], [ -77.27677, 38.74333 ], [ -77.27703, 38.74421 ], [ -77.27663, 38.74514 ], [ -77.27678, 38.74558 ], [ -77.27797, 38.74604 ], [ -77.27838, 38.74588 ], [ -77.2787, 38.74624 ], [ -77.27968, 38.74655 ], [ -77.285, 38.73933 ], [ -77.28536, 38.73915 ], [ -77.28423, 38.73823 ], [ -77.28106, 38.73642 ], [ -77.27989, 38.7351 ], [ -77.27957, 38.73327 ], [ -77.28111, 38.72886 ], [ -77.2814, 38.72732 ], [ -77.28132, 38.72539 ], [ -77.28081, 38.72376 ], [ -77.27951, 38.72118 ], [ -77.27802, 38.72003 ], [ -77.2763, 38.71951 ], [ -77.27946, 38.71846 ], [ -77.28674, 38.72225 ], [ -77.28729, 38.72173 ], [ -77.28987, 38.72104 ], [ -77.29265, 38.72445 ], [ -77.29574, 38.72263 ], [ -77.29825, 38.72471 ], [ -77.29824, 38.7251 ], [ -77.29736, 38.72616 ], [ -77.29518, 38.72683 ], [ -77.29441, 38.72642 ], [ -77.29347, 38.7255 ], [ -77.29887, 38.7317 ], [ -77.30141, 38.73354 ], [ -77.30159, 38.7339 ], [ -77.30183, 38.73386 ], [ -77.30221, 38.73342 ], [ -77.30348, 38.73332 ], [ -77.30453, 38.73273 ], [ -77.30528, 38.73268 ], [ -77.30553, 38.72543 ], [ -77.30218, 38.72567 ], [ -77.30203, 38.72535 ], [ -77.30229, 38.72477 ], [ -77.30285, 38.72505 ], [ -77.30292, 38.72459 ], [ -77.30253, 38.72454 ], [ -77.30258, 38.72408 ], [ -77.30218, 38.72373 ], [ -77.30194, 38.72278 ], [ -77.30295, 38.72153 ], [ -77.30365, 38.72153 ], [ -77.30347, 38.7205 ], [ -77.30366, 38.71996 ], [ -77.30479, 38.71951 ], [ -77.30526, 38.71901 ], [ -77.30661, 38.71454 ], [ -77.30666, 38.71359 ], [ -77.30548, 38.71178 ], [ -77.30552, 38.71126 ], [ -77.30631, 38.71035 ], [ -77.3066, 38.70931 ], [ -77.30608, 38.70756 ], [ -77.30841, 38.70699 ], [ -77.31003, 38.7061 ], [ -77.31111, 38.7049 ], [ -77.31192, 38.70287 ], [ -77.31292, 38.70224 ], [ -77.31543, 38.70157 ], [ -77.31839, 38.70154 ], [ -77.32144, 38.70081 ], [ -77.32328, 38.70102 ], [ -77.32575, 38.70164 ], [ -77.32688, 38.70224 ], [ -77.32734, 38.70287 ], [ -77.32736, 38.70386 ], [ -77.32676, 38.70496 ], [ -77.3256, 38.70612 ], [ -77.324, 38.70719 ] ], [ [ -77.24293, 38.74984 ], [ -77.24034, 38.74362 ], [ -77.24209, 38.74291 ], [ -77.24313, 38.74276 ], [ -77.24403, 38.74297 ], [ -77.24803, 38.74517 ], [ -77.2489, 38.74615 ], [ -77.24733, 38.74712 ], [ -77.2442, 38.74981 ], [ -77.24445, 38.75003 ], [ -77.24309, 38.75024 ], [ -77.24293, 38.74984 ] ] ] } },
{ "type": "Feature", "properties": { "year": 2026, "level": "HS", "name": "Centreville" }, "geometry": { "type": "LineString", "coordinates": [ [ -77.40339, 38.82992 ], [ -77.39867, 38.82448 ], [ -77.39756, 38.82192 ], [ -77.39818, 38.80182 ], [ -77.40252, 38.80198 ], [ -77.40253, 38.80178 ], [ -77.40632, 38.8016 ], [ -77.40559, 38.80037 ], [ -77.40707, 38.79901 ], [ -77.40805, 38.79926 ], [ -77.4088, 38.79775 ], [ -77.40878, 38.79721 ], [ -77.40913, 38.79723 ], [ -77.40955, 38.7968 ], [ -77.40912, 38.79626 ], [ -77.40905, 38.79501 ], [ -77.41006, 38.79469 ], [ -77.41007, 38.7931 ], [ -77.40927, 38.79283 ], [ -77.40959, 38.79252 ], [ -77.41141, 38.79263 ], [ -77.4125, 38.79209 ], [ -77.41384, 38.79241 ], [ -77.41476, 38.79162 ], [ -77.41555, 38.79175 ], [ -77.4158, 38.7913 ], [ -77.41618, 38.79129 ], [ -77.41617, 38.79145 ], [ -77.41667, 38.79133 ], [ -77.41716, 38.79084 ], [ -77.41658, 38.7905 ], [ -77.41642, 38.78914 ], [ -77.41601, 38.78891 ], [ -77.41555, 38.78811 ], [ -77.41481, 38.78784 ], [ -77.41358, 38.78779 ], [ -77.41271, 38.7874 ], [ -77.41285, 38.78679 ], [ -77.41187, 38.78571 ], [ -77.41292, 38.78459 ], [ -77.41308, 38.78388 ], [ -77.41188, 38.78252 ], [ -77.41211, 38.78183 ], [ -77.41319, 38.78169 ], [ -77.41424, 38.78112 ], [ -77.41419, 38.78037 ], [ -77.41384, 38.77995 ], [ -77.4144, 38.77947 ], [ -77.41619, 38.77969 ], [ -77.41753, 38.7806 ], [ -77.41852, 38.77999 ], [ -77.41841, 38.77911 ], [ -77.41865, 38.77879 ], [ -77.42225, 38.77919 ], [ -77.42326, 38.77769 ], [ -77.42659, 38.7789 ], [ -77.42985, 38.7811 ], [ -77.43103, 38.78092 ], [ -77.43175, 38.78016 ], [ -77.43246, 38.77983 ], [ -77.43299, 38.77973 ], [ -77.43347, 38.7801 ], [ -77.43334, 38.78487 ], [ -77.433, 38.78635 ], [ -77.43313, 38.78722 ], [ -77.43591, 38.78978 ], [ -77.43659, 38.79074 ], [ -77.43677, 38.79127 ], [ -77.43647, 38.79283 ], [ -77.43787, 38.79502 ], [ -77.43805, 38.79611 ], [ -77.43931, 38.79895 ], [ -77.44176, 38.80159 ], [ -77.44267, 38.80327 ], [ -77.4434, 38.80385 ], [ -77.44693, 38.80395 ], [ -77.448, 38.80378 ], [ -77.44935, 38.80315 ], [ -77.45062, 38.80223 ], [ -77.45072, 38.80181 ], [ -77.45006, 38.80073 ], [ -77.45015, 38.80007 ], [ -77.45116, 38.79837 ], [ -77.45144, 38.79725 ], [ -77.4523, 38.79643 ], [ -77.45314, 38.79614 ], [ -77.45591, 38.79614 ], [ -77.45704, 38.79584 ], [ -77.4573, 38.796 ], [ -77.45738, 38.79702 ], [ -77.45846, 38.79761 ], [ -77.4593, 38.79769 ], [ -77.45994, 38.79745 ], [ -77.46061, 38.79633 ], [ -77.46204, 38.79556 ], [ -77.46271, 38.79557 ], [ -77.46447, 38.79635 ], [ -77.46586, 38.79659 ], [ -77.46715, 38.79654 ], [ -77.46774, 38.79625 ], [ -77.46832, 38.79633 ], [ -77.46877, 38.79596 ], [ -77.4704, 38.79571 ], [ -77.47209, 38.79641 ], [ -77.47357, 38.79636 ], [ -77.47475, 38.79669 ], [ -77.47586, 38.79757 ], [ -77.476, 38.79897 ], [ -77.47669, 38.79942 ], [ -77.47979, 38.79899 ], [ -77.48039, 38.79808 ], [ -77.48033, 38.79684 ], [ -77.48082, 38.79646 ], [ -77.48321, 38.79713 ], [ -77.48496, 38.79716 ], [ -77.48673, 38.79654 ], [ -77.49097, 38.79754 ], [ -77.49371, 38.79759 ], [ -77.49431, 38.79886 ], [ -77.49428, 38.80037 ], [ -77.49025, 38.80501 ], [ -77.48968, 38.80618 ], [ -77.48926, 38.80901 ], [ -77.49122, 38.8114 ], [ -77.49743, 38.81336 ], [ -77.50064, 38.81375 ], [ -77.50497, 38.81615 ], [ -77.50532, 38.81662 ], [ -77.50553, 38.81868 ], [ -77.50598, 38.81935 ], [ -77.50597, 38.81992 ], [ -77.50646, 38.82032 ], [ -77.50601, 38.82183 ], [ -77.50499, 38.82265 ], [ -77.504, 38.824 ], [ -77.46891, 38.83191 ], [ -77.4679, 38.82921 ], [ -77.47067, 38.82788 ], [ -77.4713, 38.8269 ], [ -77.47068, 38.82459 ], [ -77.47704, 38.82302 ], [ -77.47684, 38.8218 ], [ -77.47033, 38.82342 ], [ -77.46996, 38.82215 ], [ -77.46658, 38.82149 ], [ -77.46487, 38.82043 ], [ -77.46153, 38.82251 ], [ -77.45801, 38.82519 ], [ -77.45839, 38.82567 ], [ -77.45872, 38.82756 ], [ -77.4605, 38.82967 ], [ -77.46152, 38.83049 ], [ -77.46274, 38.83075 ], [ -77.46306, 38.83143 ], [ -77.46299, 38.83255 ], [ -77.46343, 38.83317 ], [ -77.44689, 38.83709 ], [ -77.44393, 38.84038 ], [ -77.44121, 38.84274 ], [ -77.43816, 38.84452 ], [ -77.43484, 38.84579 ], [ -77.40291, 38.85172 ], [ -77.40194, 38.84874 ], [ -77.4083, 38.84222 ], [ -77.4086, 38.84016 ], [ -77.4086, 38.83984 ], [ -77.40463, 38.84 ], [ -77.40598, 38.83389 ], [ -77.40555, 38.83246 ], [ -77.40339, 38.82992 ] ] } },
{ "type": "Feature", "properties": { "year": 2026, "level": "HS", "name": "South County" }, "geometry": { "type": "LineString", "coordinates": [ [ -77.13047, 38.63481 ], [ -77.1347, 38.63523 ], [ -77.13899, 38.63522 ], [ -77.14254, 38.63585 ], [ -77.14341, 38.6355 ], [ -77.14513, 38.63559 ], [ -77.14701, 38.63515 ], [ -77.14878, 38.63502 ], [ -77.15459, 38.6359 ], [ -77.15721, 38.63726 ], [ -77.16061, 38.6331 ], [ -77.16006, 38.6319 ], [ -77.16151, 38.63201 ], [ -77.16636, 38.62754 ], [ -77.16773, 38.62658 ], [ -77.16871, 38.62542 ], [ -77.17049, 38.62513 ], [ -77.17248, 38.6244 ], [ -77.17611, 38.62416 ], [ -77.17966, 38.62338 ], [ -77.18259, 38.62159 ], [ -77.18503, 38.62157 ], [ -77.18952, 38.62053 ], [ -77.19044, 38.61956 ], [ -77.1915, 38.61915 ], [ -77.1975, 38.61953 ], [ -77.19979, 38.61903 ], [ -77.20144, 38.61805 ], [ -77.20171, 38.61744 ], [ -77.20205, 38.61731 ], [ -77.20378, 38.61796 ], [ -77.20462, 38.61876 ], [ -77.20532, 38.6201 ], [ -77.20483, 38.62328 ], [ -77.205, 38.62459 ], [ -77.20546, 38.62565 ], [ -77.20675, 38.62701 ], [ -77.21102, 38.62999 ], [ -77.21112, 38.6304 ], [ -77.21328, 38.63284 ], [ -77.21372, 38.63371 ], [ -77.21367, 38.63495 ], [ -77.21406, 38.63601 ], [ -77.21627, 38.63755 ], [ -77.21259, 38.63771 ], [ -77.20895, 38.63739 ], [ -77.2073, 38.63784 ], [ -77.20562, 38.63878 ], [ -77.20487, 38.63882 ], [ -77.20285, 38.64037 ], [ -77.2009, 38.64233 ], [ -77.19736, 38.64715 ], [ -77.19622, 38.64822 ], [ -77.19548, 38.64835 ], [ -77.19355, 38.65016 ], [ -77.19366, 38.65133 ], [ -77.19424, 38.65251 ], [ -77.19401, 38.65316 ], [ -77.19527, 38.65432 ], [ -77.19626, 38.65478 ], [ -77.19747, 38.65596 ], [ -77.19969, 38.6575 ], [ -77.20094, 38.65808 ], [ -77.20185, 38.65798 ], [ -77.20311, 38.6584 ], [ -77.20495, 38.65808 ], [ -77.20696, 38.6572 ], [ -77.20801, 38.65719 ], [ -77.2094, 38.65671 ], [ -77.21118, 38.65642 ], [ -77.21208, 38.65643 ], [ -77.21421, 38.65706 ], [ -77.21534, 38.657 ], [ -77.21957, 38.65767 ], [ -77.22303, 38.65766 ], [ -77.22429, 38.65743 ], [ -77.22472, 38.65804 ], [ -77.22364, 38.65955 ], [ -77.22493, 38.66086 ], [ -77.22573, 38.66052 ], [ -77.22818, 38.66055 ], [ -77.2285, 38.6615 ], [ -77.22942, 38.66233 ], [ -77.23245, 38.66251 ], [ -77.23395, 38.6634 ], [ -77.2343, 38.66396 ], [ -77.23502, 38.66332 ], [ -77.23637, 38.66427 ], [ -77.23561, 38.66506 ], [ -77.23572, 38.66495 ], [ -77.23763, 38.66608 ], [ -77.23937, 38.66765 ], [ -77.24008, 38.66717 ], [ -77.24429, 38.67152 ], [ -77.25023, 38.67404 ], [ -77.25218, 38.67796 ], [ -77.25478, 38.68118 ], [ -77.25416, 38.68151 ], [ -77.25678, 38.6841 ], [ -77.26194, 38.68631 ], [ -77.26334, 38.68655 ], [ -77.26355, 38.68616 ], [ -77.26463, 38.68663 ], [ -77.26562, 38.68725 ], [ -77.26748, 38.68901 ], [ -77.26989, 38.68976 ], [ -77.27237, 38.6914 ], [ -77.27446, 38.69344 ], [ -77.27657, 38.69485 ], [ -77.27813, 38.69528 ], [ -77.28004, 38.69514 ], [ -77.28084, 38.6953 ], [ -77.28455, 38.69716 ], [ -77.28644, 38.69884 ], [ -77.28847, 38.70003 ], [ -77.29487, 38.70264 ], [ -77.29879, 38.70394 ], [ -77.29996, 38.7049 ], [ -77.30099, 38.70715 ], [ -77.30193, 38.70801 ], [ -77.30306, 38.7082 ], [ -77.30608, 38.70756 ], [ -77.3066, 38.70931 ], [ -77.30631, 38.71035 ], [ -77.30552, 38.71126 ], [ -77.30548, 38.71178 ], [ -77.30666, 38.71359 ], [ -77.30661, 38.71454 ], [ -77.30526, 38.71901 ], [ -77.30479, 38.71951 ], [ -77.30366, 38.71996 ], [ -77.30347, 38.7205 ], [ -77.30365, 38.72153 ], [ -77.30295, 38.72153 ], [ -77.30194, 38.72278 ], [ -77.30218, 38.72373 ], [ -77.30258, 38.72408 ], [ -77.30253, 38.72454 ], [ -77.30292, 38.72459 ], [ -77.30285, 38.72505 ], [ -77.30229, 38.72477 ], [ -77.30203, 38.72535 ], [ -77.30218, 38.72567 ], [ -77.30553, 38.72543 ], [ -77.30528, 38.73268 ], [ -77.30453, 38.73273 ], [ -77.30348, 38.73332 ], [ -77.30221, 38.73342 ], [ -77.30159, 38.7339 ], [ -77.30141, 38.73354 ], [ -77.29887, 38.7317 ], [ -77.29347, 38.7255 ], [ -77.29441, 38.72642 ], [ -77.29518, 38.72683 ], [ -77.29736, 38.72616 ], [ -77.29824, 38.7251 ], [ -77.29825, 38.72471 ], [ -77.29574, 38.72263 ], [ -77.29265, 38.72445 ], [ -77.28987, 38.72104 ], [ -77.28729, 38.72173 ], [ -77.28674, 38.72225 ], [ -77.27946, 38.71846 ], [ -77.2763, 38.71951 ], [ -77.27802, 38.72003 ], [ -77.27951, 38.72118 ], [ -77.28081, 38.72376 ], [ -77.28132, 38.72539 ], [ -77.28132, 38.72789 ], [ -77.27957, 38.73327 ], [ -77.27971, 38.73465 ], [ -77.28057, 38.73603 ], [ -77.28423, 38.73823 ], [ -77.28536, 38.73915 ], [ -77.285, 38.73933 ], [ -77.27968, 38.74655 ], [ -77.2787, 38.74624 ], [ -77.27838, 38.74588 ], [ -77.27797, 38.74604 ], [ -77.27678, 38.74558 ], [ -77.27663, 38.74514 ], [ -77.27703, 38.74421 ], [ -77.27677, 38.74333 ], [ -77.27588, 38.74281 ], [ -77.27436, 38.74261 ], [ -77.27384, 38.74283 ], [ -77.27231, 38.74289 ], [ -77.27208, 38.74341 ], [ -77.27002, 38.74285 ], [ -77.26929, 38.74321 ], [ -77.26811, 38.74316 ], [ -77.26603, 38.74353 ], [ -77.26539, 38.74331 ], [ -77.26475, 38.74233 ], [ -77.26401, 38.74215 ], [ -77.26422, 38.74255 ], [ -77.26328, 38.74228 ], [ -77.26185, 38.7413 ], [ -77.26127, 38.74066 ], [ -77.26144, 38.74017 ], [ -77.26111, 38.73947 ], [ -77.26028, 38.73905 ], [ -77.25893, 38.73938 ], [ -77.25767, 38.73935 ], [ -77.25642, 38.73889 ], [ -77.2549, 38.73898 ], [ -77.25504, 38.73868 ], [ -77.25462, 38.73777 ], [ -77.25367, 38.73672 ], [ -77.25223, 38.73627 ], [ -77.25246, 38.73877 ], [ -77.25143, 38.74047 ], [ -77.25075, 38.74288 ], [ -77.25059, 38.74469 ], [ -77.25086, 38.74555 ], [ -77.2489, 38.74615 ], [ -77.24803, 38.74517 ], [ -77.24403, 38.74297 ], [ -77.24332, 38.74278 ], [ -77.24218, 38.74289 ], [ -77.23912, 38.74392 ], [ -77.23673, 38.74383 ], [ -77.23417, 38.74334 ], [ -77.2342, 38.745 ], [ -77.23197, 38.745 ], [ -77.23166, 38.74426 ], [ -77.22931, 38.74397 ], [ -77.22926, 38.74424 ], [ -77.2247, 38.74372 ], [ -77.22572, 38.74316 ], [ -77.22584, 38.74264 ], [ -77.22541, 38.74092 ], [ -77.22585, 38.73993 ], [ -77.22555, 38.73903 ], [ -77.22609, 38.73886 ], [ -77.225, 38.73801 ], [ -77.22428, 38.73707 ], [ -77.22433, 38.73628 ], [ -77.22281, 38.73528 ], [ -77.2218, 38.73399 ], [ -77.22114, 38.73404 ], [ -77.22088, 38.73259 ], [ -77.22016, 38.73185 ], [ -77.21938, 38.73146 ], [ -77.21883, 38.73037 ], [ -77.21824, 38.72998 ], [ -77.21801, 38.72944 ], [ -77.217, 38.72843 ], [ -77.21581, 38.72599 ], [ -77.21557, 38.7241 ], [ -77.21525, 38.72349 ], [ -77.2139, 38.72225 ], [ -77.21395, 38.72138 ], [ -77.21168, 38.7199 ], [ -77.21023, 38.72068 ], [ -77.20905, 38.71985 ], [ -77.21783, 38.71228 ], [ -77.21906, 38.7108 ], [ -77.21975, 38.70938 ], [ -77.22109, 38.70527 ], [ -77.2184, 38.70416 ], [ -77.21842, 38.70218 ], [ -77.22025, 38.70114 ], [ -77.22011, 38.70094 ], [ -77.21956, 38.70115 ], [ -77.21914, 38.70053 ], [ -77.21694, 38.70156 ], [ -77.21425, 38.69715 ], [ -77.21825, 38.69317 ], [ -77.22031, 38.68973 ], [ -77.21979, 38.68895 ], [ -77.21757, 38.6902 ], [ -77.21619, 38.69013 ], [ -77.2163, 38.69113 ], [ -77.21454, 38.69184 ], [ -77.21463, 38.69328 ], [ -77.21308, 38.69408 ], [ -77.21268, 38.69531 ], [ -77.20786, 38.69738 ], [ -77.20637, 38.6988 ], [ -77.20593, 38.69889 ], [ -77.20544, 38.69858 ], [ -77.20412, 38.69907 ], [ -77.20105, 38.69814 ], [ -77.20033, 38.69735 ], [ -77.20038, 38.69676 ], [ -77.19986, 38.69647 ], [ -77.19914, 38.69651 ], [ -77.19969, 38.6947 ], [ -77.2001, 38.69414 ], [ -77.20105, 38.69364 ], [ -77.20055, 38.69188 ], [ -77.20194, 38.69137 ], [ -77.20151, 38.69075 ], [ -77.20058, 38.69042 ], [ -77.20064, 38.6897 ], [ -77.2, 38.68913 ], [ -77.19939, 38.68888 ], [ -77.19871, 38.6893 ], [ -77.19812, 38.68934 ], [ -77.19472, 38.6879 ], [ -77.19331, 38.68877 ], [ -77.19308, 38.68872 ], [ -77.19259, 38.68776 ], [ -77.19128, 38.68702 ], [ -77.18988, 38.68571 ], [ -77.18726, 38.68509 ], [ -77.18575, 38.68325 ], [ -77.1841, 38.68232 ], [ -77.18371, 38.68135 ], [ -77.18257, 38.68068 ], [ -77.18017, 38.68044 ], [ -77.1791, 38.68066 ], [ -77.179, 38.67972 ], [ -77.17846, 38.6791 ], [ -77.17665, 38.67851 ], [ -77.1757, 38.67872 ], [ -77.17487, 38.67971 ], [ -77.17397, 38.67978 ], [ -77.17295, 38.67852 ], [ -77.17167, 38.67809 ], [ -77.17135, 38.67823 ], [ -77.17056, 38.67808 ], [ -77.1702, 38.67751 ], [ -77.16973, 38.67744 ], [ -77.16925, 38.67697 ], [ -77.16808, 38.67713 ], [ -77.16799, 38.67639 ], [ -77.16728, 38.6758 ], [ -77.16555, 38.67533 ], [ -77.16484, 38.67292 ], [ -77.16328, 38.67227 ], [ -77.16291, 38.6716 ], [ -77.16053, 38.67095 ], [ -77.15855, 38.67093 ], [ -77.15791, 38.67036 ], [ -77.15785, 38.66955 ], [ -77.15741, 38.66897 ], [ -77.15497, 38.6679 ], [ -77.15458, 38.66723 ], [ -77.15391, 38.66679 ], [ -77.15137, 38.66629 ], [ -77.15032, 38.66559 ], [ -77.14965, 38.66394 ], [ -77.14969, 38.66309 ], [ -77.15007, 38.66293 ], [ -77.15035, 38.66149 ], [ -77.15008, 38.65947 ], [ -77.15024, 38.6589 ], [ -77.14998, 38.65839 ], [ -77.14848, 38.65708 ], [ -77.14737, 38.65717 ], [ -77.14519, 38.65646 ], [ -77.14343, 38.65513 ], [ -77.14174, 38.65316 ], [ -77.13971, 38.65184 ], [ -77.13801, 38.65115 ], [ -77.13735, 38.65054 ], [ -77.13629, 38.65021 ], [ -77.13621, 38.64709 ], [ -77.13549, 38.64638 ], [ -77.13346, 38.64522 ], [ -77.13291, 38.64461 ], [ -77.13298, 38.64335 ], [ -77.13347, 38.6427 ], [ -77.13311, 38.64224 ], [ -77.13295, 38.64113 ], [ -77.13191, 38.6399 ], [ -77.13204, 38.63961 ], [ -77.13141, 38.63848 ], [ -77.13088, 38.63637 ], [ -77.12985, 38.63497 ], [ -77.12987, 38.6347 ], [ -77.13047, 38.63481 ] ] } },
{ "type": "Feature", "properties": { "year": 2026, "level": "HS", "name": "Fairfax" }, "geometry": { "type": "MultiLineString", "coordinates": [ [ [ -77.36663, 38.81806 ], [ -77.36607, 38.81797 ], [ -77.36595, 38.81754 ], [ -77.36481, 38.8164 ], [ -77.36481, 38.81613 ], [ -77.36548, 38.81558 ], [ -77.36604, 38.81416 ], [ -77.3659, 38.8131 ], [ -77.36487, 38.8125 ], [ -77.36483, 38.81175 ], [ -77.36414, 38.81103 ], [ -77.36357, 38.81096 ], [ -77.36298, 38.80971 ], [ -77.36301, 38.80866 ], [ -77.36139, 38.80801 ], [ -77.37104, 38.80474 ], [ -77.3718, 38.80626 ], [ -77.37468, 38.80536 ], [ -77.37495, 38.80432 ], [ -77.37501, 38.80122 ], [ -77.37539, 38.79969 ], [ -77.37512, 38.79825 ], [ -77.37563, 38.79684 ], [ -77.37677, 38.79717 ], [ -77.37875, 38.79896 ], [ -77.3785, 38.79922 ], [ -77.37908, 38.79986 ], [ -77.38001, 38.80277 ], [ -77.38, 38.80357 ], [ -77.38125, 38.80477 ], [ -77.38196, 38.80503 ], [ -77.38276, 38.80596 ], [ -77.38308, 38.8073 ], [ -77.38374, 38.80796 ], [ -77.38409, 38.80914 ], [ -77.38366, 38.81003 ], [ -77.3842, 38.81105 ], [ -77.38391, 38.81164 ], [ -77.38808, 38.80985 ], [ -77.38893, 38.80922 ], [ -77.39094, 38.80895 ], [ -77.39391, 38.80797 ], [ -77.39426, 38.80698 ], [ -77.39808, 38.80714 ], [ -77.39744, 38.82044 ], [ -77.39775, 38.82264 ], [ -77.39891, 38.82481 ], [ -77.40562, 38.83257 ], [ -77.40593, 38.83454 ], [ -77.40463, 38.84 ], [ -77.4086, 38.83984 ], [ -77.4083, 38.84222 ], [ -77.40194, 38.84874 ], [ -77.40291, 38.85172 ], [ -77.39283, 38.85357 ], [ -77.39307, 38.85418 ], [ -77.39389, 38.8548 ], [ -77.39398, 38.85517 ], [ -77.39378, 38.85524 ], [ -77.39426, 38.85567 ], [ -77.3945, 38.85646 ], [ -77.39618, 38.85622 ], [ -77.39641, 38.85658 ], [ -77.39729, 38.85698 ], [ -77.39787, 38.85633 ], [ -77.39863, 38.85593 ], [ -77.39964, 38.85572 ], [ -77.40058, 38.85581 ], [ -77.40096, 38.86159 ], [ -77.39891, 38.86093 ], [ -77.39592, 38.85878 ], [ -77.39393, 38.85842 ], [ -77.39226, 38.85887 ], [ -77.38965, 38.86096 ], [ -77.38716, 38.86196 ], [ -77.38519, 38.86306 ], [ -77.3836, 38.86329 ], [ -77.38201, 38.86298 ], [ -77.38181, 38.86419 ], [ -77.382, 38.86527 ], [ -77.38333, 38.86595 ], [ -77.38351, 38.86637 ], [ -77.38398, 38.86656 ], [ -77.38394, 38.86682 ], [ -77.38541, 38.86718 ], [ -77.38572, 38.86781 ], [ -77.38642, 38.86796 ], [ -77.3858, 38.86863 ], [ -77.38474, 38.86906 ], [ -77.38432, 38.8695 ], [ -77.38309, 38.86956 ], [ -77.38386, 38.87369 ], [ -77.3833, 38.87544 ], [ -77.36075, 38.86675 ], [ -77.34586, 38.86125 ], [ -77.34667, 38.86086 ], [ -77.34792, 38.85778 ], [ -77.34794, 38.85706 ], [ -77.34739, 38.85658 ], [ -77.34704, 38.85656 ], [ -77.34705, 38.85605 ], [ -77.34685, 38.85618 ], [ -77.34667, 38.85579 ], [ -77.34938, 38.85594 ], [ -77.35001, 38.85523 ], [ -77.34964, 38.85242 ], [ -77.34742, 38.85288 ], [ -77.34527, 38.85371 ], [ -77.34458, 38.85375 ], [ -77.34286, 38.85559 ], [ -77.34191, 38.85533 ], [ -77.34227, 38.85443 ], [ -77.34097, 38.85423 ], [ -77.34085, 38.85452 ], [ -77.33919, 38.85402 ], [ -77.3381, 38.85393 ], [ -77.33823, 38.85309 ], [ -77.33931, 38.8532 ], [ -77.33942, 38.85268 ], [ -77.33991, 38.85262 ], [ -77.3396, 38.8508 ], [ -77.35893, 38.8482 ], [ -77.36733, 38.84662 ], [ -77.36302, 38.83718 ], [ -77.36372, 38.83704 ], [ -77.3639, 38.83629 ], [ -77.36293, 38.83414 ], [ -77.36365, 38.83319 ], [ -77.36215, 38.82998 ], [ -77.36211, 38.829 ], [ -77.36258, 38.82863 ], [ -77.36281, 38.82764 ], [ -77.36261, 38.82701 ], [ -77.36297, 38.82614 ], [ -77.36226, 38.82588 ], [ -77.36175, 38.82524 ], [ -77.36203, 38.82492 ], [ -77.3633, 38.82493 ], [ -77.36253, 38.82102 ], [ -77.36385, 38.81984 ], [ -77.36342, 38.81877 ], [ -77.36663, 38.81806 ] ], [ [ -77.30307, 38.83282 ], [ -77.30406, 38.83608 ], [ -77.30786, 38.83575 ], [ -77.30805, 38.83689 ], [ -77.31036, 38.83666 ], [ -77.31043, 38.83694 ], [ -77.31198, 38.83678 ], [ -77.31175, 38.83572 ], [ -77.31261, 38.83571 ], [ -77.31274, 38.83631 ], [ -77.31398, 38.83604 ], [ -77.31411, 38.83583 ], [ -77.31623, 38.83642 ], [ -77.31869, 38.83466 ], [ -77.31876, 38.84202 ], [ -77.32269, 38.8432 ], [ -77.32588, 38.84698 ], [ -77.33095, 38.84732 ], [ -77.33032, 38.84779 ], [ -77.33033, 38.84884 ], [ -77.33054, 38.84886 ], [ -77.33137, 38.85122 ], [ -77.3318, 38.8517 ], [ -77.3348, 38.85136 ], [ -77.33503, 38.85266 ], [ -77.3347, 38.85396 ], [ -77.33333, 38.85643 ], [ -77.33374, 38.8566 ], [ -77.33333, 38.85643 ], [ -77.32882, 38.8639 ], [ -77.32935, 38.86411 ], [ -77.32877, 38.86488 ], [ -77.3226, 38.86596 ], [ -77.31951, 38.86929 ], [ -77.32082, 38.86944 ], [ -77.32025, 38.87054 ], [ -77.32117, 38.87094 ], [ -77.323, 38.87116 ], [ -77.32206, 38.87298 ], [ -77.32465, 38.87342 ], [ -77.32084, 38.87645 ], [ -77.31931, 38.87868 ], [ -77.31838, 38.87772 ], [ -77.31618, 38.87916 ], [ -77.31279, 38.87961 ], [ -77.31255, 38.87902 ], [ -77.31177, 38.87913 ], [ -77.31168, 38.87896 ], [ -77.30794, 38.87931 ], [ -77.30774, 38.87827 ], [ -77.30685, 38.87819 ], [ -77.3065, 38.87732 ], [ -77.30586, 38.87711 ], [ -77.30764, 38.87512 ], [ -77.30841, 38.87358 ], [ -77.30906, 38.87122 ], [ -77.30906, 38.86866 ], [ -77.29732, 38.87079 ], [ -77.29268, 38.87193 ], [ -77.29187, 38.8711 ], [ -77.29064, 38.871 ], [ -77.29162, 38.86745 ], [ -77.27867, 38.86657 ], [ -77.27886, 38.86629 ], [ -77.27429, 38.86606 ], [ -77.27386, 38.86664 ], [ -77.27305, 38.86585 ], [ -77.27152, 38.86656 ], [ -77.27063, 38.86584 ], [ -77.27003, 38.86412 ], [ -77.26954, 38.86413 ], [ -77.26878, 38.86287 ], [ -77.26863, 38.85999 ], [ -77.26979, 38.85566 ], [ -77.26879, 38.85448 ], [ -77.26917, 38.85379 ], [ -77.26891, 38.85239 ], [ -77.26926, 38.85182 ], [ -77.27096, 38.85138 ], [ -77.27175, 38.8485 ], [ -77.26998, 38.84335 ], [ -77.27052, 38.84092 ], [ -77.27856, 38.84198 ], [ -77.27854, 38.84099 ], [ -77.28094, 38.84127 ], [ -77.28206, 38.84118 ], [ -77.28638, 38.84172 ], [ -77.28647, 38.83862 ], [ -77.28735, 38.83864 ], [ -77.28726, 38.83613 ], [ -77.28828, 38.83615 ], [ -77.2884, 38.83653 ], [ -77.29063, 38.83652 ], [ -77.29674, 38.83733 ], [ -77.29673, 38.83598 ], [ -77.29715, 38.83497 ], [ -77.30024, 38.83505 ], [ -77.30022, 38.83521 ], [ -77.30229, 38.83535 ], [ -77.30224, 38.8349 ], [ -77.30179, 38.83475 ], [ -77.30133, 38.83311 ], [ -77.30307, 38.83282 ] ] ] } },
{ "type": "Feature", "properties": { "year": 2026, "level": "HS", "name": "Justice" }, "geometry": { "type": "LineString", "coordinates": [ [ -77.14541, 38.82598 ], [ -77.14631, 38.82736 ], [ -77.14888, 38.82961 ], [ -77.15467, 38.83341 ], [ -77.15748, 38.83586 ], [ -77.15776, 38.83644 ], [ -77.15851, 38.83653 ], [ -77.16217, 38.83784 ], [ -77.16346, 38.83806 ], [ -77.17058, 38.83762 ], [ -77.17379, 38.8366 ], [ -77.17643, 38.83643 ], [ -77.17696, 38.83762 ], [ -77.17377, 38.83794 ], [ -77.17634, 38.84371 ], [ -77.17432, 38.8443 ], [ -77.17472, 38.84552 ], [ -77.17471, 38.84649 ], [ -77.18207, 38.84699 ], [ -77.18309, 38.84729 ], [ -77.18312, 38.84756 ], [ -77.18435, 38.84774 ], [ -77.18553, 38.84758 ], [ -77.18555, 38.84718 ], [ -77.18801, 38.84761 ], [ -77.18916, 38.84752 ], [ -77.18961, 38.84843 ], [ -77.19015, 38.8485 ], [ -77.19065, 38.84929 ], [ -77.19104, 38.84921 ], [ -77.19204, 38.84983 ], [ -77.19273, 38.84971 ], [ -77.19287, 38.85401 ], [ -77.18954, 38.85586 ], [ -77.18679, 38.85675 ], [ -77.17991, 38.85776 ], [ -77.17894, 38.85838 ], [ -77.17879, 38.86097 ], [ -77.17721, 38.86235 ], [ -77.17467, 38.86715 ], [ -77.17464, 38.86962 ], [ -77.17762, 38.86912 ], [ -77.17784, 38.86953 ], [ -77.17824, 38.8707 ], [ -77.17788, 38.87387 ], [ -77.17448, 38.87406 ], [ -77.17437, 38.87615 ], [ -77.17335, 38.87771 ], [ -77.17325, 38.87861 ], [ -77.15826, 38.87313 ], [ -77.15805, 38.87342 ], [ -77.15747, 38.87345 ], [ -77.15841, 38.87424 ], [ -77.15827, 38.87439 ], [ -77.15555, 38.87248 ], [ -77.15525, 38.87271 ], [ -77.15396, 38.87272 ], [ -77.15132, 38.87349 ], [ -77.14982, 38.8734 ], [ -77.1497, 38.87561 ], [ -77.11019, 38.8448 ], [ -77.1106, 38.84351 ], [ -77.1213, 38.84024 ], [ -77.12165, 38.84136 ], [ -77.12448, 38.8408 ], [ -77.12462, 38.8413 ], [ -77.12572, 38.84062 ], [ -77.12512, 38.83956 ], [ -77.12598, 38.83933 ], [ -77.12481, 38.83759 ], [ -77.12791, 38.83695 ], [ -77.13139, 38.83334 ], [ -77.13528, 38.83217 ], [ -77.13503, 38.83143 ], [ -77.13994, 38.83286 ], [ -77.14077, 38.83119 ], [ -77.14258, 38.83066 ], [ -77.1432, 38.83086 ], [ -77.14541, 38.82598 ] ] } }
]
}
