{
"type": "FeatureCollection",
"name": "120",
"crs": { "type": "name", "properties": { "name": "urn:ogc:def:crs:OGC:1.3:CRS84" } },
"xy_coordinate_resolution": 1e-05,
"features": [
{ "type": "Feature", "properties": { "variant": "T0", "miles": 1.0 }, "geometry": { "type": "Polygon", "coordinates": [ [ [ -77.14283, 38.77382 ], [ -77.14246, 38.77453 ], [ -77.14009, 38.77551 ], [ -77.13988, 38.77671 ], [ -77.14075, 38.7764 ], [ -77.14409, 38.77767 ], [ -77.14442, 38.77799 ], [ -77.14418, 38.7787 ], [ -77.1459, 38.77886 ], [ -77.14693, 38.77946 ], [ -77.1467, 38.78032 ], [ -77.14701, 38.78069 ], [ -77.14659, 38.78142 ], [ -77.14767, 38.78119 ], [ -77.1481, 38.78035 ], [ -77.14863, 38.78041 ], [ -77.14957, 38.78136 ], [ -77.14953, 38.78194 ], [ -77.14597, 38.78282 ], [ -77.14602, 38.78365 ], [ -77.14724, 38.78423 ], [ -77.14728, 38.78608 ], [ -77.1463, 38.78615 ], [ -77.14593, 38.78474 ], [ -77.14407, 38.7849 ], [ -77.14501, 38.78542 ], [ -77.14478, 38.78588 ], [ -77.14523, 38.78695 ], [ -77.14443, 38.78739 ], [ -77.14331, 38.78641 ], [ -77.14458, 38.7891 ], [ -77.14417, 38.79058 ], [ -77.14378, 38.79086 ], [ -77.14302, 38.79065 ], [ -77.1432, 38.7917 ], [ -77.14226, 38.79191 ], [ -77.14143, 38.7908 ], [ -77.14073, 38.79164 ], [ -77.14117, 38.792 ], [ -77.14065, 38.79265 ], [ -77.13938, 38.7928 ], [ -77.13866, 38.79233 ], [ -77.13783, 38.79237 ], [ -77.13747, 38.79439 ], [ -77.1365, 38.79539 ], [ -77.13597, 38.79535 ], [ -77.13552, 38.79496 ], [ -77.13624, 38.79328 ], [ -77.13607, 38.7907 ], [ -77.13526, 38.79045 ], [ -77.13463, 38.79089 ], [ -77.13288, 38.79091 ], [ -77.13212, 38.79153 ], [ -77.13079, 38.79166 ], [ -77.13037, 38.79076 ], [ -77.13041, 38.78885 ], [ -77.1285, 38.7887 ], [ -77.12827, 38.78685 ], [ -77.12745, 38.78652 ], [ -77.12768, 38.78583 ], [ -77.12692, 38.78561 ], [ -77.12704, 38.78485 ], [ -77.12826, 38.7847 ], [ -77.12694, 38.78474 ], [ -77.12567, 38.78506 ], [ -77.12409, 38.78623 ], [ -77.12405, 38.78702 ], [ -77.12308, 38.78712 ], [ -77.12254, 38.78578 ], [ -77.12412, 38.78451 ], [ -77.12372, 38.78264 ], [ -77.12385, 38.78224 ], [ -77.12508, 38.78168 ], [ -77.12512, 38.78112 ], [ -77.12294, 38.78112 ], [ -77.12251, 38.78026 ], [ -77.12375, 38.77857 ], [ -77.12449, 38.77854 ], [ -77.12548, 38.77937 ], [ -77.12593, 38.77851 ], [ -77.12712, 38.77846 ], [ -77.12678, 38.77788 ], [ -77.12743, 38.77731 ], [ -77.12895, 38.77844 ], [ -77.13021, 38.77836 ], [ -77.12972, 38.77728 ], [ -77.13021, 38.77616 ], [ -77.13102, 38.77575 ], [ -77.13233, 38.77626 ], [ -77.13274, 38.77871 ], [ -77.1347, 38.77881 ], [ -77.13457, 38.77662 ], [ -77.13379, 38.77497 ], [ -77.13282, 38.77595 ], [ -77.13081, 38.77533 ], [ -77.13046, 38.77425 ], [ -77.13203, 38.77353 ], [ -77.13126, 38.77299 ], [ -77.1306, 38.77389 ], [ -77.12966, 38.77427 ], [ -77.1292, 38.77407 ], [ -77.12846, 38.77222 ], [ -77.1292, 38.77173 ], [ -77.13, 38.77235 ], [ -77.13133, 38.77155 ], [ -77.13165, 38.77029 ], [ -77.13228, 38.76964 ], [ -77.13279, 38.76953 ], [ -77.13339, 38.77013 ], [ -77.13249, 38.77215 ], [ -77.13302, 38.77255 ], [ -77.13686, 38.77005 ], [ -77.13794, 38.77027 ], [ -77.13782, 38.77103 ], [ -77.1362, 38.77195 ], [ -77.13636, 38.77241 ], [ -77.13581, 38.7729 ], [ -77.13603, 38.77401 ], [ -77.13774, 38.77365 ], [ -77.14133, 38.77129 ], [ -77.1423, 38.7714 ], [ -77.14215, 38.77216 ], [ -77.13987, 38.77345 ], [ -77.13882, 38.7745 ], [ -77.1359, 38.77552 ], [ -77.13623, 38.77735 ], [ -77.13695, 38.77739 ], [ -77.13764, 38.77823 ], [ -77.13808, 38.77548 ], [ -77.13981, 38.77427 ], [ -77.13995, 38.77344 ], [ -77.1411, 38.77306 ], [ -77.14283, 38.77382 ] ], [ [ -77.13828, 38.79126 ], [ -77.13839, 38.78928 ], [ -77.13741, 38.78866 ], [ -77.13774, 38.79129 ], [ -77.13828, 38.79126 ] ], [ [ -77.13713, 38.78615 ], [ -77.13736, 38.78552 ], [ -77.13875, 38.78532 ], [ -77.1389, 38.7847 ], [ -77.13848, 38.7843 ], [ -77.13695, 38.78459 ], [ -77.13713, 38.78615 ] ], [ [ -77.13172, 38.78347 ], [ -77.13506, 38.78348 ], [ -77.13473, 38.7799 ], [ -77.13095, 38.77961 ], [ -77.13172, 38.78347 ] ], [ [ -77.13418, 38.77334 ], [ -77.13453, 38.77347 ], [ -77.13446, 38.7731 ], [ -77.13418, 38.77334 ] ], [ [ -77.1401, 38.78941 ], [ -77.14003, 38.78912 ], [ -77.14011, 38.78946 ], [ -77.1401, 38.78941 ] ], [ [ -77.1402, 38.78767 ], [ -77.1404, 38.78743 ], [ -77.14001, 38.78724 ], [ -77.1402, 38.78767 ] ], [ [ -77.13959, 38.78281 ], [ -77.13975, 38.78204 ], [ -77.13934, 38.78199 ], [ -77.13922, 38.78288 ], [ -77.13959, 38.78281 ] ], [ [ -77.13906, 38.78092 ], [ -77.13917, 38.78114 ], [ -77.13936, 38.78103 ], [ -77.13906, 38.78092 ] ], [ [ -77.13887, 38.78069 ], [ -77.13973, 38.77954 ], [ -77.13902, 38.7797 ], [ -77.13833, 38.77928 ], [ -77.13734, 38.77967 ], [ -77.13862, 38.77993 ], [ -77.13868, 38.78063 ], [ -77.13887, 38.78069 ] ], [ [ -77.14261, 38.7884 ], [ -77.14277, 38.78849 ], [ -77.14266, 38.78824 ], [ -77.14261, 38.7884 ] ], [ [ -77.14224, 38.78763 ], [ -77.14244, 38.78774 ], [ -77.1423, 38.78742 ], [ -77.14224, 38.78763 ] ], [ [ -77.14148, 38.78371 ], [ -77.14238, 38.78495 ], [ -77.14284, 38.78547 ], [ -77.14222, 38.78357 ], [ -77.14148, 38.78371 ] ], [ [ -77.14199, 38.78053 ], [ -77.14524, 38.77996 ], [ -77.14527, 38.77986 ], [ -77.14188, 38.77965 ], [ -77.14199, 38.78053 ] ], [ [ -77.14086, 38.77788 ], [ -77.14092, 38.77765 ], [ -77.14076, 38.77804 ], [ -77.14086, 38.77788 ] ], [ [ -77.1452, 38.78107 ], [ -77.14213, 38.78162 ], [ -77.14222, 38.78229 ], [ -77.14521, 38.78171 ], [ -77.1452, 38.78107 ] ], [ [ -77.14284, 38.77838 ], [ -77.14223, 38.77815 ], [ -77.14196, 38.77857 ], [ -77.14269, 38.77862 ], [ -77.14284, 38.77838 ] ], [ [ -77.14465, 38.78338 ], [ -77.14462, 38.78308 ], [ -77.14445, 38.78311 ], [ -77.14465, 38.78338 ] ], [ [ -77.14275, 38.79033 ], [ -77.14209, 38.78945 ], [ -77.14174, 38.78943 ], [ -77.14275, 38.79033 ] ], [ [ -77.14047, 38.77947 ], [ -77.14046, 38.77947 ], [ -77.14047, 38.77948 ], [ -77.14047, 38.77947 ] ], [ [ -77.13746, 38.78324 ], [ -77.13722, 38.78201 ], [ -77.13635, 38.78204 ], [ -77.13664, 38.7834 ], [ -77.13746, 38.78324 ] ], [ [ -77.13573, 38.78775 ], [ -77.13522, 38.78754 ], [ -77.13524, 38.78851 ], [ -77.13589, 38.78908 ], [ -77.13573, 38.78775 ] ], [ [ -77.13319, 38.78491 ], [ -77.13364, 38.78502 ], [ -77.13363, 38.78478 ], [ -77.13319, 38.78491 ] ], [ [ -77.12893, 38.78347 ], [ -77.12874, 38.78156 ], [ -77.12789, 38.7815 ], [ -77.12868, 38.78226 ], [ -77.12802, 38.78283 ], [ -77.12808, 38.78349 ], [ -77.12893, 38.78347 ] ], [ [ -77.12803, 38.78037 ], [ -77.12965, 38.78047 ], [ -77.12959, 38.77983 ], [ -77.12803, 38.78037 ] ], [ [ -77.1297, 38.78498 ], [ -77.13024, 38.78492 ], [ -77.13032, 38.78469 ], [ -77.12964, 38.78469 ], [ -77.1297, 38.78498 ] ], [ [ -77.13031, 38.78348 ], [ -77.13032, 38.7832 ], [ -77.13012, 38.78154 ], [ -77.13029, 38.78319 ], [ -77.13031, 38.78348 ] ], [ [ -77.13034, 38.78663 ], [ -77.12965, 38.78679 ], [ -77.12966, 38.78689 ], [ -77.13038, 38.78703 ], [ -77.13034, 38.78663 ] ], [ [ -77.12651, 38.7815 ], [ -77.12633, 38.78107 ], [ -77.12652, 38.78164 ], [ -77.12651, 38.7815 ] ], [ [ -77.12661, 38.78316 ], [ -77.1267, 38.78354 ], [ -77.12666, 38.78313 ], [ -77.12661, 38.78316 ] ] ] } },
{ "type": "Feature", "properties": { "variant": "T0", "miles": 1.5 }, "geometry": { "type": "Polygon", "coordinates": [ [ [ -77.15258, 38.77321 ], [ -77.1521, 38.774 ], [ -77.15305, 38.77403 ], [ -77.15322, 38.77478 ], [ -77.15164, 38.77551 ], [ -77.15033, 38.77534 ], [ -77.15003, 38.77573 ], [ -77.15071, 38.77644 ], [ -77.15018, 38.77704 ], [ -77.15086, 38.77761 ], [ -77.15235, 38.7776 ], [ -77.15251, 38.77677 ], [ -77.15384, 38.77656 ], [ -77.15457, 38.77684 ], [ -77.15513, 38.77804 ], [ -77.15576, 38.77819 ], [ -77.15655, 38.77759 ], [ -77.15701, 38.7778 ], [ -77.15696, 38.77932 ], [ -77.15913, 38.77911 ], [ -77.15939, 38.78001 ], [ -77.15836, 38.78035 ], [ -77.15753, 38.78146 ], [ -77.15669, 38.78106 ], [ -77.15683, 38.78059 ], [ -77.15593, 38.78124 ], [ -77.15537, 38.78382 ], [ -77.15403, 38.78398 ], [ -77.15405, 38.78643 ], [ -77.15356, 38.78658 ], [ -77.1529, 38.78608 ], [ -77.15206, 38.78628 ], [ -77.15096, 38.78435 ], [ -77.15008, 38.78495 ], [ -77.15021, 38.7862 ], [ -77.15084, 38.78612 ], [ -77.15128, 38.78669 ], [ -77.15225, 38.78676 ], [ -77.1524, 38.78716 ], [ -77.15158, 38.78793 ], [ -77.15256, 38.78802 ], [ -77.1529, 38.78834 ], [ -77.15255, 38.78895 ], [ -77.15308, 38.78921 ], [ -77.15218, 38.79084 ], [ -77.1512, 38.79138 ], [ -77.15153, 38.79223 ], [ -77.1512, 38.79255 ], [ -77.15026, 38.79233 ], [ -77.14925, 38.79082 ], [ -77.14795, 38.79144 ], [ -77.147, 38.79126 ], [ -77.14692, 38.79085 ], [ -77.1479, 38.79021 ], [ -77.14766, 38.78898 ], [ -77.14622, 38.78701 ], [ -77.14597, 38.78857 ], [ -77.14689, 38.7901 ], [ -77.14625, 38.79108 ], [ -77.14326, 38.7913 ], [ -77.14186, 38.7926 ], [ -77.1401, 38.79275 ], [ -77.14102, 38.79381 ], [ -77.14231, 38.79343 ], [ -77.14303, 38.79361 ], [ -77.14311, 38.79482 ], [ -77.13908, 38.79522 ], [ -77.1382, 38.79479 ], [ -77.13773, 38.79387 ], [ -77.13621, 38.79649 ], [ -77.13681, 38.79641 ], [ -77.13737, 38.79697 ], [ -77.14098, 38.79655 ], [ -77.14121, 38.79729 ], [ -77.13759, 38.79804 ], [ -77.13821, 38.79841 ], [ -77.13808, 38.79917 ], [ -77.13562, 38.7991 ], [ -77.13495, 38.79972 ], [ -77.13438, 38.80234 ], [ -77.13373, 38.80253 ], [ -77.13306, 38.80197 ], [ -77.13344, 38.79962 ], [ -77.131, 38.79977 ], [ -77.1302, 38.79933 ], [ -77.13077, 38.79871 ], [ -77.13372, 38.79856 ], [ -77.13476, 38.79609 ], [ -77.12788, 38.79708 ], [ -77.12708, 38.79665 ], [ -77.12763, 38.79602 ], [ -77.13389, 38.79521 ], [ -77.13491, 38.79444 ], [ -77.13423, 38.79464 ], [ -77.13359, 38.7943 ], [ -77.13017, 38.79507 ], [ -77.12737, 38.79514 ], [ -77.12632, 38.79433 ], [ -77.12553, 38.79076 ], [ -77.12383, 38.79016 ], [ -77.12323, 38.78942 ], [ -77.12325, 38.79139 ], [ -77.12251, 38.79187 ], [ -77.11911, 38.79147 ], [ -77.11838, 38.78968 ], [ -77.11792, 38.79008 ], [ -77.11562, 38.78984 ], [ -77.11559, 38.78894 ], [ -77.11676, 38.78856 ], [ -77.1191, 38.78686 ], [ -77.11796, 38.78588 ], [ -77.11796, 38.78452 ], [ -77.11597, 38.78458 ], [ -77.11561, 38.78428 ], [ -77.11601, 38.78358 ], [ -77.11831, 38.78346 ], [ -77.11881, 38.78304 ], [ -77.11689, 38.78027 ], [ -77.11776, 38.77993 ], [ -77.11855, 38.7808 ], [ -77.11888, 38.78041 ], [ -77.11983, 38.7806 ], [ -77.11935, 38.78173 ], [ -77.11968, 38.78196 ], [ -77.12349, 38.78151 ], [ -77.1235, 38.78127 ], [ -77.12286, 38.7815 ], [ -77.12242, 38.78128 ], [ -77.1223, 38.78088 ], [ -77.12375, 38.77857 ], [ -77.12449, 38.77854 ], [ -77.12548, 38.77937 ], [ -77.12555, 38.77872 ], [ -77.12471, 38.77747 ], [ -77.12385, 38.7781 ], [ -77.12293, 38.7771 ], [ -77.12384, 38.77663 ], [ -77.12358, 38.7761 ], [ -77.1241, 38.7757 ], [ -77.12373, 38.775 ], [ -77.12487, 38.7728 ], [ -77.1255, 38.77245 ], [ -77.1255, 38.77121 ], [ -77.12648, 38.7712 ], [ -77.12734, 38.7726 ], [ -77.12753, 38.77169 ], [ -77.12806, 38.77142 ], [ -77.12927, 38.77164 ], [ -77.13, 38.77235 ], [ -77.13032, 38.77214 ], [ -77.12881, 38.77073 ], [ -77.12586, 38.76988 ], [ -77.12464, 38.76907 ], [ -77.12336, 38.76628 ], [ -77.12374, 38.76551 ], [ -77.12469, 38.76567 ], [ -77.12548, 38.76791 ], [ -77.12619, 38.76866 ], [ -77.12989, 38.76984 ], [ -77.13135, 38.77111 ], [ -77.13175, 38.76989 ], [ -77.13339, 38.76887 ], [ -77.13337, 38.76785 ], [ -77.13416, 38.76705 ], [ -77.13699, 38.76654 ], [ -77.13812, 38.76522 ], [ -77.13878, 38.7652 ], [ -77.13934, 38.76467 ], [ -77.14071, 38.76525 ], [ -77.1415, 38.76614 ], [ -77.14187, 38.76531 ], [ -77.14236, 38.76516 ], [ -77.14428, 38.76729 ], [ -77.14604, 38.76783 ], [ -77.14597, 38.76824 ], [ -77.14467, 38.76905 ], [ -77.14397, 38.76896 ], [ -77.14417, 38.76981 ], [ -77.14526, 38.77031 ], [ -77.14691, 38.77247 ], [ -77.14551, 38.77315 ], [ -77.1458, 38.77374 ], [ -77.14529, 38.77438 ], [ -77.14842, 38.77551 ], [ -77.14786, 38.77416 ], [ -77.1482, 38.77313 ], [ -77.14916, 38.77325 ], [ -77.14933, 38.77434 ], [ -77.1501, 38.77367 ], [ -77.15068, 38.77375 ], [ -77.15161, 38.77281 ], [ -77.15258, 38.77321 ] ], [ [ -77.13808, 38.78882 ], [ -77.13741, 38.78866 ], [ -77.13757, 38.78999 ], [ -77.13843, 38.7895 ], [ -77.13808, 38.78882 ] ], [ [ -77.13784, 38.78533 ], [ -77.13875, 38.78532 ], [ -77.1389, 38.7847 ], [ -77.13848, 38.7843 ], [ -77.13695, 38.78459 ], [ -77.13712, 38.78615 ], [ -77.13784, 38.78533 ] ], [ [ -77.13722, 38.78201 ], [ -77.13635, 38.78204 ], [ -77.13664, 38.7834 ], [ -77.13745, 38.78314 ], [ -77.13722, 38.78201 ] ], [ [ -77.13906, 38.78092 ], [ -77.13917, 38.78114 ], [ -77.13936, 38.78103 ], [ -77.13906, 38.78092 ] ], [ [ -77.13973, 38.77954 ], [ -77.13902, 38.7797 ], [ -77.13833, 38.77928 ], [ -77.13734, 38.77967 ], [ -77.13862, 38.77993 ], [ -77.13878, 38.78049 ], [ -77.13973, 38.77954 ] ], [ [ -77.13769, 38.7764 ], [ -77.13814, 38.77537 ], [ -77.13981, 38.77427 ], [ -77.13987, 38.77352 ], [ -77.14101, 38.7728 ], [ -77.13987, 38.77345 ], [ -77.13876, 38.77454 ], [ -77.1359, 38.77552 ], [ -77.13623, 38.77735 ], [ -77.13695, 38.77739 ], [ -77.13764, 38.77823 ], [ -77.13769, 38.7764 ] ], [ [ -77.13893, 38.77245 ], [ -77.14126, 38.77108 ], [ -77.14172, 38.77007 ], [ -77.13752, 38.77242 ], [ -77.13581, 38.7729 ], [ -77.13603, 38.77401 ], [ -77.13809, 38.7734 ], [ -77.13893, 38.77245 ] ], [ [ -77.13836, 38.76922 ], [ -77.13799, 38.76881 ], [ -77.13531, 38.76928 ], [ -77.13558, 38.77077 ], [ -77.13836, 38.76922 ] ], [ [ -77.13554, 38.76775 ], [ -77.13471, 38.76814 ], [ -77.13702, 38.76776 ], [ -77.13554, 38.76775 ] ], [ [ -77.14486, 38.78731 ], [ -77.14399, 38.78716 ], [ -77.14331, 38.78641 ], [ -77.14412, 38.78858 ], [ -77.14515, 38.78874 ], [ -77.14486, 38.78731 ] ], [ [ -77.14478, 38.78588 ], [ -77.14489, 38.78598 ], [ -77.1449, 38.78581 ], [ -77.14478, 38.78588 ] ], [ [ -77.14423, 38.78488 ], [ -77.14407, 38.7849 ], [ -77.14484, 38.78521 ], [ -77.14471, 38.78483 ], [ -77.14423, 38.78488 ] ], [ [ -77.14445, 38.78311 ], [ -77.14465, 38.78338 ], [ -77.14465, 38.78333 ], [ -77.14445, 38.78311 ] ], [ [ -77.14213, 38.78162 ], [ -77.14222, 38.78229 ], [ -77.14521, 38.78171 ], [ -77.1452, 38.78113 ], [ -77.14213, 38.78162 ] ], [ [ -77.14473, 38.77981 ], [ -77.14188, 38.77965 ], [ -77.14199, 38.78053 ], [ -77.14527, 38.77986 ], [ -77.14473, 38.77981 ] ], [ [ -77.14461, 38.77803 ], [ -77.14418, 38.7787 ], [ -77.14432, 38.77871 ], [ -77.14474, 38.77781 ], [ -77.14461, 38.77803 ] ], [ [ -77.14197, 38.76723 ], [ -77.14213, 38.76714 ], [ -77.14164, 38.76704 ], [ -77.14137, 38.76744 ], [ -77.14197, 38.76723 ] ], [ [ -77.15082, 38.78342 ], [ -77.14993, 38.78376 ], [ -77.15092, 38.78425 ], [ -77.15082, 38.78342 ] ], [ [ -77.15034, 38.78194 ], [ -77.14971, 38.78206 ], [ -77.14977, 38.78255 ], [ -77.1508, 38.78282 ], [ -77.15034, 38.78194 ] ], [ [ -77.14955, 38.78082 ], [ -77.14937, 38.78064 ], [ -77.14901, 38.78092 ], [ -77.14955, 38.78082 ] ], [ [ -77.15013, 38.77854 ], [ -77.14871, 38.77748 ], [ -77.14834, 38.77798 ], [ -77.14968, 38.77918 ], [ -77.15013, 38.77854 ] ], [ [ -77.14697, 38.77746 ], [ -77.14772, 38.77644 ], [ -77.146, 38.77581 ], [ -77.14535, 38.77684 ], [ -77.14697, 38.77746 ] ], [ [ -77.15102, 38.78052 ], [ -77.15156, 38.7804 ], [ -77.15098, 38.77975 ], [ -77.15052, 38.78004 ], [ -77.15102, 38.78052 ] ], [ [ -77.15168, 38.78166 ], [ -77.15219, 38.78297 ], [ -77.15426, 38.7829 ], [ -77.15414, 38.78106 ], [ -77.15168, 38.78166 ] ], [ [ -77.1529, 38.78537 ], [ -77.1529, 38.78477 ], [ -77.15269, 38.78492 ], [ -77.1529, 38.78537 ] ], [ [ -77.15091, 38.79002 ], [ -77.15043, 38.79025 ], [ -77.15055, 38.79043 ], [ -77.15091, 38.79002 ] ], [ [ -77.14933, 38.78853 ], [ -77.1501, 38.78856 ], [ -77.14977, 38.78805 ], [ -77.14933, 38.78853 ] ], [ [ -77.1521, 38.78899 ], [ -77.15191, 38.78899 ], [ -77.15194, 38.78905 ], [ -77.1521, 38.78899 ] ], [ [ -77.14881, 38.78613 ], [ -77.14843, 38.78615 ], [ -77.14864, 38.78653 ], [ -77.14881, 38.78613 ] ], [ [ -77.14597, 38.78282 ], [ -77.14602, 38.78365 ], [ -77.14684, 38.78379 ], [ -77.1468, 38.78283 ], [ -77.14836, 38.78231 ], [ -77.14597, 38.78282 ] ], [ [ -77.14681, 38.78003 ], [ -77.14701, 38.78069 ], [ -77.14659, 38.78142 ], [ -77.14767, 38.78119 ], [ -77.14719, 38.78001 ], [ -77.14802, 38.7793 ], [ -77.14777, 38.77905 ], [ -77.14681, 38.78003 ] ], [ [ -77.14589, 38.77886 ], [ -77.14627, 38.77839 ], [ -77.14608, 38.77832 ], [ -77.14589, 38.77886 ] ], [ [ -77.14355, 38.76849 ], [ -77.14363, 38.76859 ], [ -77.14359, 38.76846 ], [ -77.14355, 38.76849 ] ], [ [ -77.1428, 38.77236 ], [ -77.14296, 38.77226 ], [ -77.14278, 38.77158 ], [ -77.14247, 38.77191 ], [ -77.1428, 38.77236 ] ], [ [ -77.14436, 38.77118 ], [ -77.14405, 38.7709 ], [ -77.14408, 38.77107 ], [ -77.14436, 38.77118 ] ], [ [ -77.14174, 38.78943 ], [ -77.14275, 38.79033 ], [ -77.14237, 38.7898 ], [ -77.14174, 38.78943 ] ], [ [ -77.14277, 38.78849 ], [ -77.14266, 38.78824 ], [ -77.14261, 38.7884 ], [ -77.14277, 38.78849 ] ], [ [ -77.14244, 38.78774 ], [ -77.1423, 38.78742 ], [ -77.14224, 38.78763 ], [ -77.14244, 38.78774 ] ], [ [ -77.13934, 38.78199 ], [ -77.13922, 38.78288 ], [ -77.13984, 38.78276 ], [ -77.13974, 38.78204 ], [ -77.13934, 38.78199 ] ], [ [ -77.13988, 38.77668 ], [ -77.13987, 38.77667 ], [ -77.13987, 38.7767 ], [ -77.13988, 38.77668 ] ], [ [ -77.14269, 38.77862 ], [ -77.14284, 38.77838 ], [ -77.14223, 38.77815 ], [ -77.14196, 38.77857 ], [ -77.14269, 38.77862 ] ], [ [ -77.14229, 38.77658 ], [ -77.14154, 38.77668 ], [ -77.14345, 38.77741 ], [ -77.14229, 38.77658 ] ], [ [ -77.14059, 38.77516 ], [ -77.1401, 38.77551 ], [ -77.1409, 38.77593 ], [ -77.14159, 38.77561 ], [ -77.14059, 38.77516 ] ], [ [ -77.14222, 38.78357 ], [ -77.14148, 38.78371 ], [ -77.14284, 38.78547 ], [ -77.14222, 38.78357 ] ], [ [ -77.14077, 38.778 ], [ -77.14076, 38.77804 ], [ -77.14099, 38.77768 ], [ -77.14077, 38.778 ] ], [ [ -77.14003, 38.78912 ], [ -77.14011, 38.78946 ], [ -77.14011, 38.78921 ], [ -77.14003, 38.78912 ] ], [ [ -77.14001, 38.78724 ], [ -77.1402, 38.78767 ], [ -77.1404, 38.78743 ], [ -77.14001, 38.78724 ] ], [ [ -77.14175, 38.79107 ], [ -77.14143, 38.7908 ], [ -77.14133, 38.79119 ], [ -77.14175, 38.79107 ] ], [ [ -77.13933, 38.79398 ], [ -77.13935, 38.79415 ], [ -77.13949, 38.79402 ], [ -77.13933, 38.79398 ] ], [ [ -77.13983, 38.76783 ], [ -77.13913, 38.7682 ], [ -77.13953, 38.76857 ], [ -77.14019, 38.76823 ], [ -77.13983, 38.76783 ] ], [ [ -77.13531, 38.79056 ], [ -77.13529, 38.79196 ], [ -77.13616, 38.79143 ], [ -77.13608, 38.79072 ], [ -77.13531, 38.79056 ] ], [ [ -77.13347, 38.79344 ], [ -77.13351, 38.79304 ], [ -77.13257, 38.79327 ], [ -77.13347, 38.79344 ] ], [ [ -77.13287, 38.79118 ], [ -77.13286, 38.79095 ], [ -77.13272, 38.79114 ], [ -77.13287, 38.79118 ] ], [ [ -77.13506, 38.78348 ], [ -77.13473, 38.7799 ], [ -77.13095, 38.77961 ], [ -77.13172, 38.78347 ], [ -77.13506, 38.78348 ] ], [ [ -77.12895, 38.77844 ], [ -77.13021, 38.77836 ], [ -77.12974, 38.77734 ], [ -77.1289, 38.77781 ], [ -77.12844, 38.7776 ], [ -77.12845, 38.77693 ], [ -77.12766, 38.77649 ], [ -77.12699, 38.7763 ], [ -77.12596, 38.77701 ], [ -77.12656, 38.77777 ], [ -77.12743, 38.77731 ], [ -77.12895, 38.77844 ] ], [ [ -77.12855, 38.77502 ], [ -77.12854, 38.77506 ], [ -77.12868, 38.77503 ], [ -77.12855, 38.77502 ] ], [ [ -77.12797, 38.77448 ], [ -77.12799, 38.77448 ], [ -77.12799, 38.77445 ], [ -77.12797, 38.77448 ] ], [ [ -77.13522, 38.78754 ], [ -77.13524, 38.78851 ], [ -77.13589, 38.78908 ], [ -77.13573, 38.78775 ], [ -77.13522, 38.78754 ] ], [ [ -77.13379, 38.77497 ], [ -77.13301, 38.77591 ], [ -77.13082, 38.77534 ], [ -77.12975, 38.77615 ], [ -77.12984, 38.77694 ], [ -77.13069, 38.77583 ], [ -77.13227, 38.77617 ], [ -77.13286, 38.77873 ], [ -77.1347, 38.77881 ], [ -77.13461, 38.77681 ], [ -77.13379, 38.77497 ] ], [ [ -77.13126, 38.77299 ], [ -77.12999, 38.77427 ], [ -77.13037, 38.77444 ], [ -77.13189, 38.77344 ], [ -77.13126, 38.77299 ] ], [ [ -77.13453, 38.77347 ], [ -77.13446, 38.7731 ], [ -77.13418, 38.77334 ], [ -77.13453, 38.77347 ] ], [ [ -77.13592, 38.79711 ], [ -77.13588, 38.79717 ], [ -77.13596, 38.79716 ], [ -77.13592, 38.79711 ] ], [ [ -77.13249, 38.77215 ], [ -77.13302, 38.77255 ], [ -77.13422, 38.77158 ], [ -77.13418, 38.7699 ], [ -77.13296, 38.77065 ], [ -77.13249, 38.77215 ] ], [ [ -77.13363, 38.78478 ], [ -77.13319, 38.78491 ], [ -77.13336, 38.78506 ], [ -77.13363, 38.78478 ] ], [ [ -77.13015, 38.79167 ], [ -77.12933, 38.79072 ], [ -77.12941, 38.79142 ], [ -77.12815, 38.79184 ], [ -77.12854, 38.79257 ], [ -77.13015, 38.79167 ] ], [ [ -77.1269, 38.79062 ], [ -77.12695, 38.79093 ], [ -77.12905, 38.7907 ], [ -77.1269, 38.79062 ] ], [ [ -77.12827, 38.78925 ], [ -77.12837, 38.78929 ], [ -77.12834, 38.78915 ], [ -77.12827, 38.78925 ] ], [ [ -77.1283, 38.78807 ], [ -77.12698, 38.78837 ], [ -77.12831, 38.78879 ], [ -77.1283, 38.78807 ] ], [ [ -77.12759, 38.7866 ], [ -77.1275, 38.78708 ], [ -77.12829, 38.78722 ], [ -77.12827, 38.78685 ], [ -77.12759, 38.7866 ] ], [ [ -77.12826, 38.7847 ], [ -77.12737, 38.78471 ], [ -77.12752, 38.78475 ], [ -77.12826, 38.7847 ] ], [ [ -77.12702, 38.78473 ], [ -77.12688, 38.78475 ], [ -77.12689, 38.78478 ], [ -77.12702, 38.78473 ] ], [ [ -77.12372, 38.78263 ], [ -77.12093, 38.78308 ], [ -77.12198, 38.78564 ], [ -77.12322, 38.78525 ], [ -77.12406, 38.78431 ], [ -77.12372, 38.78263 ] ], [ [ -77.12874, 38.78156 ], [ -77.12789, 38.7815 ], [ -77.12868, 38.78226 ], [ -77.12802, 38.78283 ], [ -77.12808, 38.78349 ], [ -77.12893, 38.78348 ], [ -77.12874, 38.78156 ] ], [ [ -77.12965, 38.78047 ], [ -77.12959, 38.77983 ], [ -77.12803, 38.78037 ], [ -77.12965, 38.78047 ] ], [ [ -77.12966, 38.78689 ], [ -77.13038, 38.78703 ], [ -77.13034, 38.78662 ], [ -77.12966, 38.78689 ] ], [ [ -77.13017, 38.78161 ], [ -77.13012, 38.78154 ], [ -77.13031, 38.78348 ], [ -77.13017, 38.78161 ] ], [ [ -77.13024, 38.78492 ], [ -77.13032, 38.78469 ], [ -77.12964, 38.78469 ], [ -77.13024, 38.78492 ] ], [ [ -77.13041, 38.79004 ], [ -77.13041, 38.78885 ], [ -77.12969, 38.78885 ], [ -77.13041, 38.79004 ] ], [ [ -77.12938, 38.79389 ], [ -77.13035, 38.79394 ], [ -77.13011, 38.79325 ], [ -77.12964, 38.79329 ], [ -77.12938, 38.79389 ] ], [ [ -77.12581, 38.77573 ], [ -77.12589, 38.77561 ], [ -77.12566, 38.77556 ], [ -77.12581, 38.77573 ] ], [ [ -77.127, 38.7785 ], [ -77.12712, 38.77846 ], [ -77.12707, 38.77829 ], [ -77.127, 38.7785 ] ], [ [ -77.12646, 38.78161 ], [ -77.12652, 38.78164 ], [ -77.1265, 38.78106 ], [ -77.12646, 38.78161 ] ], [ [ -77.12512, 38.78112 ], [ -77.12471, 38.78106 ], [ -77.12483, 38.78122 ], [ -77.12492, 38.78172 ], [ -77.12512, 38.78112 ] ], [ [ -77.12476, 38.78707 ], [ -77.12495, 38.78685 ], [ -77.12468, 38.78699 ], [ -77.12431, 38.78711 ], [ -77.12476, 38.78707 ] ], [ [ -77.12573, 38.78949 ], [ -77.12577, 38.78925 ], [ -77.12543, 38.78939 ], [ -77.12573, 38.78949 ] ], [ [ -77.12475, 38.78923 ], [ -77.1246, 38.78924 ], [ -77.12497, 38.78932 ], [ -77.12475, 38.78923 ] ], [ [ -77.12595, 38.78878 ], [ -77.12632, 38.7885 ], [ -77.12595, 38.78848 ], [ -77.12564, 38.7884 ], [ -77.12595, 38.78878 ] ], [ [ -77.12285, 38.78836 ], [ -77.12307, 38.78835 ], [ -77.12281, 38.78675 ], [ -77.12285, 38.78836 ] ], [ [ -77.12128, 38.7885 ], [ -77.12148, 38.78848 ], [ -77.12125, 38.78705 ], [ -77.12128, 38.7885 ] ], [ [ -77.11957, 38.78552 ], [ -77.11973, 38.7853 ], [ -77.11944, 38.78525 ], [ -77.11957, 38.78552 ] ], [ [ -77.11987, 38.78838 ], [ -77.11982, 38.7893 ], [ -77.12005, 38.78908 ], [ -77.11987, 38.78838 ] ], [ [ -77.11985, 38.78826 ], [ -77.11981, 38.78796 ], [ -77.11971, 38.78803 ], [ -77.11985, 38.78826 ] ], [ [ -77.12007, 38.79 ], [ -77.12016, 38.78996 ], [ -77.12007, 38.78994 ], [ -77.12007, 38.79 ] ], [ [ -77.12191, 38.7907 ], [ -77.12187, 38.79075 ], [ -77.12191, 38.79075 ], [ -77.12191, 38.7907 ] ] ] } },
{ "type": "Feature", "properties": { "variant": "T0", "miles": 2.0 }, "geometry": { "type": "Polygon", "coordinates": [ [ [ -77.15709, 38.76799 ], [ -77.15699, 38.76988 ], [ -77.15467, 38.76986 ], [ -77.15445, 38.77019 ], [ -77.15836, 38.77012 ], [ -77.15904, 38.77067 ], [ -77.15834, 38.7712 ], [ -77.15511, 38.77117 ], [ -77.1545, 38.77213 ], [ -77.15487, 38.77311 ], [ -77.15751, 38.77529 ], [ -77.15775, 38.77436 ], [ -77.15894, 38.77442 ], [ -77.1587, 38.77344 ], [ -77.15931, 38.77261 ], [ -77.15976, 38.77239 ], [ -77.16052, 38.77281 ], [ -77.16224, 38.77281 ], [ -77.16237, 38.77399 ], [ -77.16196, 38.77445 ], [ -77.16295, 38.77485 ], [ -77.16297, 38.776 ], [ -77.16423, 38.77593 ], [ -77.16454, 38.77627 ], [ -77.16445, 38.77668 ], [ -77.16329, 38.77706 ], [ -77.16321, 38.77817 ], [ -77.16721, 38.77766 ], [ -77.16814, 38.77777 ], [ -77.16839, 38.7785 ], [ -77.16644, 38.77903 ], [ -77.16632, 38.77973 ], [ -77.1655, 38.77982 ], [ -77.16537, 38.78079 ], [ -77.1643, 38.78091 ], [ -77.1645, 38.78194 ], [ -77.16376, 38.78244 ], [ -77.16312, 38.78186 ], [ -77.16299, 38.77946 ], [ -77.15953, 38.78013 ], [ -77.15902, 38.78271 ], [ -77.1599, 38.78279 ], [ -77.16, 38.78378 ], [ -77.16146, 38.78378 ], [ -77.16187, 38.78447 ], [ -77.1612, 38.78486 ], [ -77.15976, 38.78488 ], [ -77.15945, 38.78599 ], [ -77.15848, 38.78608 ], [ -77.15767, 38.78683 ], [ -77.15697, 38.7863 ], [ -77.15725, 38.78511 ], [ -77.15639, 38.7845 ], [ -77.15667, 38.78062 ], [ -77.15503, 38.79076 ], [ -77.15374, 38.79337 ], [ -77.15241, 38.79468 ], [ -77.15024, 38.79532 ], [ -77.14946, 38.79486 ], [ -77.14959, 38.79446 ], [ -77.15174, 38.79371 ], [ -77.15264, 38.79264 ], [ -77.14985, 38.79415 ], [ -77.1494, 38.79394 ], [ -77.14952, 38.79321 ], [ -77.14901, 38.79324 ], [ -77.14857, 38.79262 ], [ -77.14739, 38.79375 ], [ -77.14529, 38.79369 ], [ -77.14468, 38.79303 ], [ -77.1445, 38.79168 ], [ -77.14546, 38.79152 ], [ -77.14576, 38.79187 ], [ -77.1462, 38.7911 ], [ -77.14326, 38.7913 ], [ -77.14186, 38.7926 ], [ -77.1401, 38.79275 ], [ -77.14102, 38.79381 ], [ -77.14231, 38.79343 ], [ -77.14303, 38.79361 ], [ -77.1431, 38.79483 ], [ -77.13908, 38.79522 ], [ -77.1382, 38.79479 ], [ -77.13773, 38.79387 ], [ -77.13621, 38.79649 ], [ -77.13681, 38.79641 ], [ -77.13737, 38.79697 ], [ -77.14046, 38.79648 ], [ -77.14129, 38.79688 ], [ -77.14078, 38.79753 ], [ -77.13759, 38.79804 ], [ -77.13781, 38.79819 ], [ -77.14172, 38.79802 ], [ -77.14478, 38.79727 ], [ -77.1453, 38.79732 ], [ -77.14555, 38.79806 ], [ -77.14205, 38.79907 ], [ -77.1384, 38.79925 ], [ -77.13781, 38.79992 ], [ -77.1373, 38.79981 ], [ -77.1368, 38.79894 ], [ -77.13562, 38.7991 ], [ -77.13495, 38.79972 ], [ -77.13465, 38.80374 ], [ -77.13668, 38.8037 ], [ -77.14005, 38.80275 ], [ -77.14094, 38.80305 ], [ -77.14093, 38.80347 ], [ -77.13701, 38.80475 ], [ -77.1347, 38.80482 ], [ -77.13419, 38.80705 ], [ -77.13532, 38.80717 ], [ -77.13562, 38.80849 ], [ -77.13469, 38.8087 ], [ -77.13427, 38.80813 ], [ -77.13382, 38.80815 ], [ -77.13307, 38.80973 ], [ -77.13188, 38.80956 ], [ -77.13196, 38.80874 ], [ -77.13114, 38.80855 ], [ -77.13096, 38.80816 ], [ -77.13125, 38.80726 ], [ -77.13256, 38.80703 ], [ -77.13058, 38.80653 ], [ -77.12897, 38.80776 ], [ -77.12831, 38.8072 ], [ -77.12927, 38.80613 ], [ -77.12864, 38.80574 ], [ -77.12832, 38.8042 ], [ -77.12989, 38.80377 ], [ -77.1306, 38.80447 ], [ -77.13106, 38.80396 ], [ -77.13264, 38.80359 ], [ -77.13182, 38.80325 ], [ -77.13117, 38.80173 ], [ -77.13016, 38.80184 ], [ -77.12945, 38.80049 ], [ -77.12709, 38.80226 ], [ -77.12619, 38.80196 ], [ -77.12598, 38.80116 ], [ -77.12663, 38.80079 ], [ -77.12636, 38.79949 ], [ -77.12757, 38.7991 ], [ -77.1269, 38.79871 ], [ -77.127, 38.7983 ], [ -77.13432, 38.79704 ], [ -77.13476, 38.79609 ], [ -77.12788, 38.79708 ], [ -77.12736, 38.79699 ], [ -77.12719, 38.79624 ], [ -77.13387, 38.79522 ], [ -77.13491, 38.79444 ], [ -77.13423, 38.79464 ], [ -77.13359, 38.7943 ], [ -77.13238, 38.79473 ], [ -77.13195, 38.79449 ], [ -77.1301, 38.79508 ], [ -77.12706, 38.79504 ], [ -77.1262, 38.7955 ], [ -77.12484, 38.79463 ], [ -77.12507, 38.79598 ], [ -77.12656, 38.79588 ], [ -77.12673, 38.79666 ], [ -77.12059, 38.79791 ], [ -77.12008, 38.79779 ], [ -77.11997, 38.79703 ], [ -77.12371, 38.79619 ], [ -77.12347, 38.7948 ], [ -77.12247, 38.79502 ], [ -77.12236, 38.79557 ], [ -77.12128, 38.79556 ], [ -77.12059, 38.79458 ], [ -77.12056, 38.79417 ], [ -77.12117, 38.79382 ], [ -77.12036, 38.79241 ], [ -77.12056, 38.79393 ], [ -77.11964, 38.79419 ], [ -77.11914, 38.79366 ], [ -77.11814, 38.79431 ], [ -77.11901, 38.79751 ], [ -77.11841, 38.79811 ], [ -77.11762, 38.79812 ], [ -77.11648, 38.7977 ], [ -77.11581, 38.79685 ], [ -77.11569, 38.79511 ], [ -77.11635, 38.79419 ], [ -77.11583, 38.79343 ], [ -77.1151, 38.79384 ], [ -77.11291, 38.79381 ], [ -77.11125, 38.79287 ], [ -77.11116, 38.79246 ], [ -77.11332, 38.7917 ], [ -77.11383, 38.79271 ], [ -77.11479, 38.79272 ], [ -77.11516, 38.79245 ], [ -77.11518, 38.79057 ], [ -77.11609, 38.78999 ], [ -77.11324, 38.78933 ], [ -77.11157, 38.78952 ], [ -77.10945, 38.79036 ], [ -77.11018, 38.79205 ], [ -77.10857, 38.79253 ], [ -77.10745, 38.79188 ], [ -77.10721, 38.79123 ], [ -77.10661, 38.79183 ], [ -77.10569, 38.79158 ], [ -77.10546, 38.79089 ], [ -77.10579, 38.79057 ], [ -77.10802, 38.78971 ], [ -77.10738, 38.78861 ], [ -77.10646, 38.78879 ], [ -77.10603, 38.7881 ], [ -77.10781, 38.78662 ], [ -77.10875, 38.78642 ], [ -77.10902, 38.78762 ], [ -77.11033, 38.78566 ], [ -77.11584, 38.78363 ], [ -77.11831, 38.78346 ], [ -77.11881, 38.78304 ], [ -77.11723, 38.78115 ], [ -77.11505, 38.78195 ], [ -77.11578, 38.78233 ], [ -77.11526, 38.78358 ], [ -77.11364, 38.78388 ], [ -77.11327, 38.78431 ], [ -77.1125, 38.78413 ], [ -77.11054, 38.78468 ], [ -77.11014, 38.7844 ], [ -77.11076, 38.78352 ], [ -77.10976, 38.78367 ], [ -77.10921, 38.78213 ], [ -77.11133, 38.78117 ], [ -77.11053, 38.77879 ], [ -77.11202, 38.7774 ], [ -77.1112, 38.77667 ], [ -77.11175, 38.77486 ], [ -77.11228, 38.77485 ], [ -77.11287, 38.77567 ], [ -77.11302, 38.77466 ], [ -77.11395, 38.77445 ], [ -77.11477, 38.77563 ], [ -77.11564, 38.77519 ], [ -77.11655, 38.77638 ], [ -77.11794, 38.77634 ], [ -77.11812, 38.77709 ], [ -77.11701, 38.77742 ], [ -77.11717, 38.77838 ], [ -77.11747, 38.77808 ], [ -77.11835, 38.77826 ], [ -77.11845, 38.77748 ], [ -77.11942, 38.77741 ], [ -77.12059, 38.77885 ], [ -77.12024, 38.78012 ], [ -77.12215, 38.7791 ], [ -77.12262, 38.77976 ], [ -77.12236, 38.78064 ], [ -77.12401, 38.77854 ], [ -77.12293, 38.7771 ], [ -77.12384, 38.77663 ], [ -77.12358, 38.7761 ], [ -77.1241, 38.7757 ], [ -77.12373, 38.775 ], [ -77.12487, 38.7728 ], [ -77.1255, 38.77245 ], [ -77.1255, 38.77121 ], [ -77.12648, 38.7712 ], [ -77.12734, 38.7726 ], [ -77.12753, 38.77169 ], [ -77.12806, 38.77142 ], [ -77.12927, 38.77164 ], [ -77.13, 38.77235 ], [ -77.13032, 38.77214 ], [ -77.12881, 38.77073 ], [ -77.125, 38.76938 ], [ -77.12408, 38.7683 ], [ -77.12368, 38.76678 ], [ -77.12121, 38.76802 ], [ -77.11513, 38.76948 ], [ -77.11427, 38.76911 ], [ -77.11474, 38.76844 ], [ -77.11903, 38.7673 ], [ -77.11913, 38.76646 ], [ -77.11863, 38.76555 ], [ -77.11697, 38.76447 ], [ -77.11735, 38.76377 ], [ -77.11947, 38.76462 ], [ -77.12077, 38.76686 ], [ -77.12191, 38.76633 ], [ -77.12041, 38.76417 ], [ -77.12075, 38.76346 ], [ -77.12166, 38.76372 ], [ -77.12311, 38.7658 ], [ -77.1239, 38.76543 ], [ -77.12227, 38.76247 ], [ -77.12273, 38.761 ], [ -77.12384, 38.76114 ], [ -77.12463, 38.76176 ], [ -77.12523, 38.76082 ], [ -77.12626, 38.76071 ], [ -77.12665, 38.76134 ], [ -77.12778, 38.76157 ], [ -77.12778, 38.76221 ], [ -77.12902, 38.76279 ], [ -77.1276, 38.76115 ], [ -77.12828, 38.7606 ], [ -77.13021, 38.76207 ], [ -77.13116, 38.76216 ], [ -77.13105, 38.76292 ], [ -77.12993, 38.7636 ], [ -77.13183, 38.76413 ], [ -77.1324, 38.76483 ], [ -77.13234, 38.76556 ], [ -77.13137, 38.76565 ], [ -77.13081, 38.76487 ], [ -77.12861, 38.76431 ], [ -77.13042, 38.7661 ], [ -77.13034, 38.76698 ], [ -77.12924, 38.76811 ], [ -77.12997, 38.76988 ], [ -77.13135, 38.77111 ], [ -77.13175, 38.76989 ], [ -77.13339, 38.76887 ], [ -77.13373, 38.76736 ], [ -77.13631, 38.76655 ], [ -77.13568, 38.76585 ], [ -77.13417, 38.76669 ], [ -77.13343, 38.7662 ], [ -77.13536, 38.76434 ], [ -77.13522, 38.76354 ], [ -77.13589, 38.7629 ], [ -77.13525, 38.76287 ], [ -77.135, 38.76213 ], [ -77.13568, 38.76183 ], [ -77.13569, 38.76108 ], [ -77.13665, 38.76002 ], [ -77.13756, 38.75964 ], [ -77.13812, 38.76027 ], [ -77.13743, 38.76112 ], [ -77.1377, 38.76165 ], [ -77.14004, 38.76101 ], [ -77.14087, 38.76188 ], [ -77.14217, 38.76216 ], [ -77.14272, 38.7611 ], [ -77.1411, 38.76089 ], [ -77.1411, 38.75991 ], [ -77.14452, 38.75984 ], [ -77.14518, 38.76167 ], [ -77.14452, 38.76332 ], [ -77.1446, 38.76457 ], [ -77.14554, 38.76455 ], [ -77.14565, 38.76287 ], [ -77.14764, 38.76148 ], [ -77.14843, 38.76193 ], [ -77.14872, 38.76357 ], [ -77.15071, 38.76319 ], [ -77.1509, 38.76248 ], [ -77.15222, 38.76195 ], [ -77.15277, 38.76257 ], [ -77.1522, 38.76349 ], [ -77.1542, 38.7645 ], [ -77.1537, 38.76515 ], [ -77.15184, 38.76454 ], [ -77.15153, 38.76491 ], [ -77.1522, 38.76686 ], [ -77.15449, 38.76689 ], [ -77.15468, 38.76623 ], [ -77.15536, 38.76615 ], [ -77.15709, 38.76799 ] ], [ [ -77.14011, 38.78946 ], [ -77.14015, 38.78913 ], [ -77.14003, 38.78912 ], [ -77.14011, 38.78946 ] ], [ [ -77.1402, 38.78767 ], [ -77.14045, 38.78746 ], [ -77.14001, 38.78724 ], [ -77.1402, 38.78767 ] ], [ [ -77.13984, 38.78276 ], [ -77.13934, 38.78199 ], [ -77.13922, 38.78288 ], [ -77.13984, 38.78276 ] ], [ [ -77.13936, 38.78103 ], [ -77.13906, 38.78092 ], [ -77.13917, 38.78114 ], [ -77.13936, 38.78103 ] ], [ [ -77.13878, 38.78049 ], [ -77.13973, 38.77954 ], [ -77.13902, 38.7797 ], [ -77.13833, 38.77928 ], [ -77.13734, 38.77967 ], [ -77.13862, 38.77993 ], [ -77.13878, 38.78049 ] ], [ [ -77.13988, 38.77668 ], [ -77.13987, 38.77667 ], [ -77.13987, 38.7767 ], [ -77.13988, 38.77668 ] ], [ [ -77.13764, 38.77823 ], [ -77.13832, 38.77515 ], [ -77.13981, 38.77427 ], [ -77.13995, 38.77344 ], [ -77.14101, 38.7728 ], [ -77.13987, 38.77345 ], [ -77.13876, 38.77454 ], [ -77.1359, 38.77552 ], [ -77.13623, 38.77735 ], [ -77.13695, 38.77739 ], [ -77.13764, 38.77823 ] ], [ [ -77.13603, 38.77401 ], [ -77.13796, 38.77352 ], [ -77.13893, 38.77245 ], [ -77.14126, 38.77108 ], [ -77.14172, 38.77007 ], [ -77.13752, 38.77242 ], [ -77.13581, 38.7729 ], [ -77.13603, 38.77401 ] ], [ [ -77.13558, 38.77077 ], [ -77.13836, 38.76922 ], [ -77.13799, 38.76881 ], [ -77.13531, 38.76928 ], [ -77.13558, 38.77077 ] ], [ [ -77.13471, 38.76814 ], [ -77.13706, 38.76781 ], [ -77.13554, 38.76775 ], [ -77.13471, 38.76814 ] ], [ [ -77.14917, 38.79087 ], [ -77.14725, 38.7918 ], [ -77.14702, 38.79256 ], [ -77.14776, 38.79164 ], [ -77.14917, 38.79087 ] ], [ [ -77.14944, 38.78851 ], [ -77.14916, 38.78825 ], [ -77.14933, 38.78853 ], [ -77.14944, 38.78851 ] ], [ [ -77.14881, 38.78613 ], [ -77.14843, 38.78615 ], [ -77.14864, 38.78653 ], [ -77.14886, 38.78647 ], [ -77.14881, 38.78613 ] ], [ [ -77.14778, 38.78511 ], [ -77.14735, 38.78501 ], [ -77.1487, 38.78505 ], [ -77.14778, 38.78511 ] ], [ [ -77.14823, 38.78234 ], [ -77.14597, 38.78282 ], [ -77.14602, 38.78365 ], [ -77.14684, 38.78379 ], [ -77.1468, 38.78283 ], [ -77.14823, 38.78234 ] ], [ [ -77.14955, 38.78082 ], [ -77.14898, 38.78083 ], [ -77.14901, 38.78092 ], [ -77.14955, 38.78082 ] ], [ [ -77.14968, 38.77918 ], [ -77.15013, 38.77854 ], [ -77.14871, 38.77748 ], [ -77.14834, 38.77798 ], [ -77.14968, 38.77918 ] ], [ [ -77.14851, 38.77536 ], [ -77.14814, 38.7749 ], [ -77.1458, 38.77354 ], [ -77.14529, 38.77438 ], [ -77.14851, 38.77536 ] ], [ [ -77.14855, 38.77251 ], [ -77.14796, 38.77183 ], [ -77.14667, 38.77158 ], [ -77.14658, 38.77099 ], [ -77.14534, 38.76989 ], [ -77.14483, 38.77001 ], [ -77.14674, 38.77203 ], [ -77.14736, 38.77202 ], [ -77.14829, 38.7728 ], [ -77.14855, 38.77251 ] ], [ [ -77.14867, 38.77013 ], [ -77.15088, 38.76913 ], [ -77.15214, 38.76908 ], [ -77.15195, 38.76808 ], [ -77.15125, 38.76793 ], [ -77.15021, 38.7687 ], [ -77.14783, 38.76822 ], [ -77.14743, 38.76888 ], [ -77.14867, 38.77013 ] ], [ [ -77.14346, 38.7664 ], [ -77.14346, 38.76641 ], [ -77.1435, 38.76639 ], [ -77.14346, 38.7664 ] ], [ [ -77.1518, 38.77532 ], [ -77.15224, 38.77547 ], [ -77.15211, 38.7751 ], [ -77.1518, 38.77532 ] ], [ [ -77.14933, 38.77434 ], [ -77.15042, 38.77298 ], [ -77.15079, 38.77252 ], [ -77.15042, 38.77243 ], [ -77.14944, 38.7734 ], [ -77.14933, 38.77434 ] ], [ [ -77.15126, 38.77024 ], [ -77.15224, 38.77027 ], [ -77.15147, 38.77015 ], [ -77.15126, 38.77024 ] ], [ [ -77.15592, 38.7687 ], [ -77.15581, 38.76841 ], [ -77.15561, 38.76819 ], [ -77.15534, 38.76872 ], [ -77.15592, 38.7687 ] ], [ [ -77.16485, 38.7795 ], [ -77.16443, 38.77924 ], [ -77.16431, 38.77983 ], [ -77.16485, 38.7795 ] ], [ [ -77.15464, 38.77564 ], [ -77.15466, 38.77569 ], [ -77.15471, 38.77564 ], [ -77.15464, 38.77564 ] ], [ [ -77.16147, 38.77643 ], [ -77.16171, 38.77702 ], [ -77.16183, 38.77811 ], [ -77.16191, 38.77691 ], [ -77.16147, 38.77643 ] ], [ [ -77.15984, 38.77735 ], [ -77.16052, 38.77866 ], [ -77.16036, 38.77727 ], [ -77.15984, 38.77735 ] ], [ [ -77.15711, 38.77857 ], [ -77.15709, 38.77857 ], [ -77.15708, 38.77861 ], [ -77.15711, 38.77857 ] ], [ [ -77.15726, 38.77762 ], [ -77.15725, 38.77767 ], [ -77.15734, 38.77765 ], [ -77.15726, 38.77762 ] ], [ [ -77.15247, 38.7703 ], [ -77.15262, 38.77027 ], [ -77.15234, 38.77028 ], [ -77.15247, 38.7703 ] ], [ [ -77.15228, 38.77028 ], [ -77.15231, 38.77028 ], [ -77.15224, 38.77027 ], [ -77.15228, 38.77028 ] ], [ [ -77.15337, 38.76797 ], [ -77.15365, 38.76879 ], [ -77.15409, 38.76797 ], [ -77.15337, 38.76797 ] ], [ [ -77.1523, 38.77397 ], [ -77.15226, 38.77381 ], [ -77.1521, 38.774 ], [ -77.1523, 38.77397 ] ], [ [ -77.15221, 38.79122 ], [ -77.15219, 38.79082 ], [ -77.15154, 38.79125 ], [ -77.15221, 38.79122 ] ], [ [ -77.15195, 38.78898 ], [ -77.15194, 38.78905 ], [ -77.1521, 38.78899 ], [ -77.15195, 38.78898 ] ], [ [ -77.15284, 38.78876 ], [ -77.15396, 38.78897 ], [ -77.15445, 38.78642 ], [ -77.15356, 38.78658 ], [ -77.1529, 38.78608 ], [ -77.15206, 38.78628 ], [ -77.15096, 38.78435 ], [ -77.15008, 38.78495 ], [ -77.15021, 38.7862 ], [ -77.15084, 38.78612 ], [ -77.15128, 38.78669 ], [ -77.15225, 38.78676 ], [ -77.1524, 38.78716 ], [ -77.15158, 38.78793 ], [ -77.15256, 38.78802 ], [ -77.15284, 38.78876 ] ], [ [ -77.15248, 38.78302 ], [ -77.15426, 38.7829 ], [ -77.15414, 38.78106 ], [ -77.15168, 38.78166 ], [ -77.15248, 38.78302 ] ], [ [ -77.15099, 38.77976 ], [ -77.15052, 38.78004 ], [ -77.15102, 38.78052 ], [ -77.15156, 38.7804 ], [ -77.15099, 38.77976 ] ], [ [ -77.15291, 38.78482 ], [ -77.15269, 38.78492 ], [ -77.1529, 38.78537 ], [ -77.15291, 38.78482 ] ], [ [ -77.15027, 38.77581 ], [ -77.15033, 38.77534 ], [ -77.15003, 38.77573 ], [ -77.15027, 38.77581 ] ], [ [ -77.15008, 38.77695 ], [ -77.15031, 38.77712 ], [ -77.15034, 38.77687 ], [ -77.15008, 38.77695 ] ], [ [ -77.14993, 38.78376 ], [ -77.15071, 38.78396 ], [ -77.15092, 38.78425 ], [ -77.15082, 38.78342 ], [ -77.14993, 38.78376 ] ], [ [ -77.15069, 38.78279 ], [ -77.15034, 38.78194 ], [ -77.14971, 38.78206 ], [ -77.14977, 38.78255 ], [ -77.15069, 38.78279 ] ], [ [ -77.15091, 38.79002 ], [ -77.15055, 38.79043 ], [ -77.15099, 38.79024 ], [ -77.15091, 38.79002 ] ], [ [ -77.15132, 38.79133 ], [ -77.15129, 38.79135 ], [ -77.15131, 38.79134 ], [ -77.15132, 38.79133 ] ], [ [ -77.14753, 38.76566 ], [ -77.14826, 38.76578 ], [ -77.14825, 38.76547 ], [ -77.14811, 38.76534 ], [ -77.14753, 38.76566 ] ], [ [ -77.14579, 38.76492 ], [ -77.14582, 38.7651 ], [ -77.146, 38.765 ], [ -77.14579, 38.76492 ] ], [ [ -77.14439, 38.78858 ], [ -77.14533, 38.78859 ], [ -77.14486, 38.78731 ], [ -77.14399, 38.78716 ], [ -77.14331, 38.78641 ], [ -77.14439, 38.78858 ] ], [ [ -77.1449, 38.78581 ], [ -77.14484, 38.78593 ], [ -77.14489, 38.78598 ], [ -77.1449, 38.78581 ] ], [ [ -77.14471, 38.78483 ], [ -77.14412, 38.78499 ], [ -77.14484, 38.78521 ], [ -77.14471, 38.78483 ] ], [ [ -77.14465, 38.78333 ], [ -77.14445, 38.78311 ], [ -77.14465, 38.78338 ], [ -77.14465, 38.78333 ] ], [ [ -77.14222, 38.78229 ], [ -77.14521, 38.78171 ], [ -77.1452, 38.78107 ], [ -77.14213, 38.78162 ], [ -77.14222, 38.78229 ] ], [ [ -77.14199, 38.78053 ], [ -77.14524, 38.77996 ], [ -77.14527, 38.77986 ], [ -77.14188, 38.77965 ], [ -77.14199, 38.78053 ] ], [ [ -77.14196, 38.77857 ], [ -77.14284, 38.77838 ], [ -77.14223, 38.77815 ], [ -77.14196, 38.77857 ] ], [ [ -77.14345, 38.77741 ], [ -77.14229, 38.77658 ], [ -77.14154, 38.77668 ], [ -77.14168, 38.77674 ], [ -77.14345, 38.77741 ] ], [ [ -77.14153, 38.77562 ], [ -77.14059, 38.77516 ], [ -77.1401, 38.77551 ], [ -77.1409, 38.77593 ], [ -77.14153, 38.77562 ] ], [ [ -77.14208, 38.76717 ], [ -77.14213, 38.76714 ], [ -77.1421, 38.76713 ], [ -77.14208, 38.76717 ] ], [ [ -77.14484, 38.77785 ], [ -77.14438, 38.77838 ], [ -77.14418, 38.7787 ], [ -77.14484, 38.77785 ] ], [ [ -77.14436, 38.77118 ], [ -77.14405, 38.7709 ], [ -77.14412, 38.77132 ], [ -77.14436, 38.77118 ] ], [ [ -77.14428, 38.76977 ], [ -77.14417, 38.76981 ], [ -77.14449, 38.76987 ], [ -77.14428, 38.76977 ] ], [ [ -77.14355, 38.76845 ], [ -77.14351, 38.76844 ], [ -77.14354, 38.76847 ], [ -77.14355, 38.76845 ] ], [ [ -77.14689, 38.7799 ], [ -77.14701, 38.78069 ], [ -77.14659, 38.78142 ], [ -77.14767, 38.78119 ], [ -77.14719, 38.78001 ], [ -77.14802, 38.7793 ], [ -77.14763, 38.77893 ], [ -77.14689, 38.7799 ] ], [ [ -77.14589, 38.77886 ], [ -77.14608, 38.77832 ], [ -77.14577, 38.77883 ], [ -77.14589, 38.77886 ] ], [ [ -77.14765, 38.77654 ], [ -77.146, 38.77581 ], [ -77.14535, 38.77684 ], [ -77.14697, 38.77746 ], [ -77.14765, 38.77654 ] ], [ [ -77.14766, 38.78898 ], [ -77.14622, 38.78701 ], [ -77.14597, 38.78857 ], [ -77.14689, 38.7901 ], [ -77.14627, 38.79104 ], [ -77.1479, 38.79021 ], [ -77.14766, 38.78898 ] ], [ [ -77.14672, 38.79278 ], [ -77.14687, 38.79274 ], [ -77.14692, 38.7927 ], [ -77.14672, 38.79278 ] ], [ [ -77.14611, 38.79281 ], [ -77.14638, 38.79283 ], [ -77.14601, 38.79272 ], [ -77.14611, 38.79281 ] ], [ [ -77.14247, 38.77191 ], [ -77.1428, 38.77236 ], [ -77.14296, 38.77226 ], [ -77.14278, 38.77158 ], [ -77.14247, 38.77191 ] ], [ [ -77.14237, 38.7898 ], [ -77.14174, 38.78943 ], [ -77.14275, 38.79033 ], [ -77.14237, 38.7898 ] ], [ [ -77.14261, 38.7884 ], [ -77.14277, 38.78849 ], [ -77.14266, 38.78824 ], [ -77.14261, 38.7884 ] ], [ [ -77.14244, 38.78774 ], [ -77.1423, 38.78742 ], [ -77.14213, 38.78768 ], [ -77.14244, 38.78774 ] ], [ [ -77.14284, 38.78547 ], [ -77.14222, 38.78357 ], [ -77.14148, 38.78371 ], [ -77.14284, 38.78547 ] ], [ [ -77.14046, 38.77947 ], [ -77.14047, 38.77948 ], [ -77.14047, 38.77947 ], [ -77.14046, 38.77947 ] ], [ [ -77.14099, 38.77768 ], [ -77.14077, 38.778 ], [ -77.14076, 38.77804 ], [ -77.14099, 38.77768 ] ], [ [ -77.14133, 38.79119 ], [ -77.14175, 38.79107 ], [ -77.14143, 38.7908 ], [ -77.14133, 38.79119 ] ], [ [ -77.13983, 38.76783 ], [ -77.13913, 38.7682 ], [ -77.13953, 38.76857 ], [ -77.14019, 38.76823 ], [ -77.13983, 38.76783 ] ], [ [ -77.14041, 38.76341 ], [ -77.14049, 38.76331 ], [ -77.14038, 38.76328 ], [ -77.14041, 38.76341 ] ], [ [ -77.13935, 38.79415 ], [ -77.13949, 38.79402 ], [ -77.13933, 38.79398 ], [ -77.13935, 38.79415 ] ], [ [ -77.13199, 38.79853 ], [ -77.13372, 38.79856 ], [ -77.13386, 38.79815 ], [ -77.12798, 38.79909 ], [ -77.12918, 38.79915 ], [ -77.13199, 38.79853 ] ], [ [ -77.13002, 38.7916 ], [ -77.12934, 38.79073 ], [ -77.12909, 38.7907 ], [ -77.12944, 38.79101 ], [ -77.12915, 38.7916 ], [ -77.1298, 38.79199 ], [ -77.13002, 38.7916 ] ], [ [ -77.12905, 38.7907 ], [ -77.1269, 38.79062 ], [ -77.12695, 38.79093 ], [ -77.12905, 38.7907 ] ], [ [ -77.12834, 38.7892 ], [ -77.12832, 38.78902 ], [ -77.12837, 38.78929 ], [ -77.12834, 38.7892 ] ], [ [ -77.12831, 38.78879 ], [ -77.1283, 38.78807 ], [ -77.12698, 38.78837 ], [ -77.12831, 38.78879 ] ], [ [ -77.12827, 38.78685 ], [ -77.12759, 38.7866 ], [ -77.1275, 38.78708 ], [ -77.12829, 38.78722 ], [ -77.12827, 38.78685 ] ], [ [ -77.12737, 38.78471 ], [ -77.12826, 38.78475 ], [ -77.12826, 38.7847 ], [ -77.12737, 38.78471 ] ], [ [ -77.12893, 38.78348 ], [ -77.12874, 38.78156 ], [ -77.12789, 38.7815 ], [ -77.12868, 38.78226 ], [ -77.12802, 38.78283 ], [ -77.12808, 38.78349 ], [ -77.12893, 38.78348 ] ], [ [ -77.12803, 38.78037 ], [ -77.12965, 38.78047 ], [ -77.12959, 38.77983 ], [ -77.12803, 38.78037 ] ], [ [ -77.12743, 38.77731 ], [ -77.12895, 38.77844 ], [ -77.13021, 38.77836 ], [ -77.12974, 38.77734 ], [ -77.1289, 38.77781 ], [ -77.12844, 38.7776 ], [ -77.12845, 38.77693 ], [ -77.12766, 38.77649 ], [ -77.12699, 38.7763 ], [ -77.12596, 38.77701 ], [ -77.12656, 38.77777 ], [ -77.12743, 38.77731 ] ], [ [ -77.12868, 38.77503 ], [ -77.12855, 38.77502 ], [ -77.12854, 38.77506 ], [ -77.12868, 38.77503 ] ], [ [ -77.12799, 38.77445 ], [ -77.12797, 38.77448 ], [ -77.12799, 38.77448 ], [ -77.12799, 38.77445 ] ], [ [ -77.12678, 38.76331 ], [ -77.12676, 38.76324 ], [ -77.12677, 38.76334 ], [ -77.12678, 38.76331 ] ], [ [ -77.13607, 38.7907 ], [ -77.13531, 38.79056 ], [ -77.13529, 38.79196 ], [ -77.13616, 38.79143 ], [ -77.13607, 38.7907 ] ], [ [ -77.13363, 38.78478 ], [ -77.13319, 38.78491 ], [ -77.13364, 38.78502 ], [ -77.13363, 38.78478 ] ], [ [ -77.135, 38.78331 ], [ -77.13473, 38.7799 ], [ -77.13095, 38.77961 ], [ -77.13172, 38.78347 ], [ -77.135, 38.78331 ] ], [ [ -77.13461, 38.77681 ], [ -77.13379, 38.77497 ], [ -77.13301, 38.77591 ], [ -77.13082, 38.77534 ], [ -77.12975, 38.77615 ], [ -77.12984, 38.77694 ], [ -77.13069, 38.77583 ], [ -77.13227, 38.77617 ], [ -77.13286, 38.77873 ], [ -77.1347, 38.77881 ], [ -77.13461, 38.77681 ] ], [ [ -77.13126, 38.77299 ], [ -77.13069, 38.77382 ], [ -77.12999, 38.77427 ], [ -77.13037, 38.77444 ], [ -77.13203, 38.77353 ], [ -77.13126, 38.77299 ] ], [ [ -77.1382, 38.78969 ], [ -77.13818, 38.7889 ], [ -77.13741, 38.78866 ], [ -77.13757, 38.78999 ], [ -77.1382, 38.78969 ] ], [ [ -77.13784, 38.78533 ], [ -77.13875, 38.78532 ], [ -77.1389, 38.7847 ], [ -77.13848, 38.7843 ], [ -77.13695, 38.78459 ], [ -77.13712, 38.78615 ], [ -77.13784, 38.78533 ] ], [ [ -77.13746, 38.78324 ], [ -77.13722, 38.78201 ], [ -77.13635, 38.78204 ], [ -77.13664, 38.7834 ], [ -77.13746, 38.78324 ] ], [ [ -77.13302, 38.77255 ], [ -77.13422, 38.77158 ], [ -77.13418, 38.7699 ], [ -77.13296, 38.77065 ], [ -77.13249, 38.77215 ], [ -77.13302, 38.77255 ] ], [ [ -77.13453, 38.77347 ], [ -77.13446, 38.7731 ], [ -77.13418, 38.77334 ], [ -77.13453, 38.77347 ] ], [ [ -77.13527, 38.78752 ], [ -77.13524, 38.78851 ], [ -77.13589, 38.78908 ], [ -77.13573, 38.78775 ], [ -77.13527, 38.78752 ] ], [ [ -77.13596, 38.79716 ], [ -77.13592, 38.79711 ], [ -77.13588, 38.79717 ], [ -77.13596, 38.79716 ] ], [ [ -77.12966, 38.78469 ], [ -77.12964, 38.78499 ], [ -77.13032, 38.78469 ], [ -77.12966, 38.78469 ] ], [ [ -77.13286, 38.79095 ], [ -77.13272, 38.79114 ], [ -77.13288, 38.79122 ], [ -77.13286, 38.79095 ] ], [ [ -77.13257, 38.79327 ], [ -77.13347, 38.79344 ], [ -77.13351, 38.79304 ], [ -77.13257, 38.79327 ] ], [ [ -77.13031, 38.78348 ], [ -77.13016, 38.78154 ], [ -77.13012, 38.78154 ], [ -77.13031, 38.78348 ] ], [ [ -77.13034, 38.78662 ], [ -77.12966, 38.78689 ], [ -77.13038, 38.78703 ], [ -77.13034, 38.78662 ] ], [ [ -77.12969, 38.78885 ], [ -77.13041, 38.79004 ], [ -77.13041, 38.78885 ], [ -77.12969, 38.78885 ] ], [ [ -77.13313, 38.80124 ], [ -77.1325, 38.80199 ], [ -77.13291, 38.80244 ], [ -77.13313, 38.80124 ] ], [ [ -77.13288, 38.80356 ], [ -77.13286, 38.80357 ], [ -77.13294, 38.80355 ], [ -77.13288, 38.80356 ] ], [ [ -77.12472, 38.79421 ], [ -77.12482, 38.79295 ], [ -77.12528, 38.79252 ], [ -77.12449, 38.7926 ], [ -77.12438, 38.7932 ], [ -77.1236, 38.79333 ], [ -77.12472, 38.79421 ] ], [ [ -77.12541, 38.79068 ], [ -77.12383, 38.79016 ], [ -77.12312, 38.78943 ], [ -77.1232, 38.79198 ], [ -77.12387, 38.79158 ], [ -77.12563, 38.79141 ], [ -77.12541, 38.79068 ] ], [ [ -77.12573, 38.78949 ], [ -77.12577, 38.78925 ], [ -77.12543, 38.78939 ], [ -77.12573, 38.78949 ] ], [ [ -77.12595, 38.78878 ], [ -77.12632, 38.7885 ], [ -77.12564, 38.7884 ], [ -77.12595, 38.78878 ] ], [ [ -77.12526, 38.7882 ], [ -77.12495, 38.78815 ], [ -77.1253, 38.78823 ], [ -77.12526, 38.7882 ] ], [ [ -77.12476, 38.78707 ], [ -77.12495, 38.78685 ], [ -77.12427, 38.78715 ], [ -77.12476, 38.78707 ] ], [ [ -77.12371, 38.78263 ], [ -77.12373, 38.78267 ], [ -77.12372, 38.78263 ], [ -77.12371, 38.78263 ] ], [ [ -77.12144, 38.78173 ], [ -77.12173, 38.7817 ], [ -77.12166, 38.78165 ], [ -77.12144, 38.78173 ] ], [ [ -77.11856, 38.78078 ], [ -77.11848, 38.78069 ], [ -77.11855, 38.7808 ], [ -77.11856, 38.78078 ] ], [ [ -77.11786, 38.77973 ], [ -77.11787, 38.77972 ], [ -77.11786, 38.77972 ], [ -77.11786, 38.77973 ] ], [ [ -77.13005, 38.79326 ], [ -77.12964, 38.79329 ], [ -77.12938, 38.79389 ], [ -77.13035, 38.79394 ], [ -77.13005, 38.79326 ] ], [ [ -77.127, 38.7785 ], [ -77.12712, 38.77846 ], [ -77.12707, 38.77829 ], [ -77.127, 38.7785 ] ], [ [ -77.12503, 38.77912 ], [ -77.12548, 38.77937 ], [ -77.12547, 38.7789 ], [ -77.12503, 38.77912 ] ], [ [ -77.12479, 38.77766 ], [ -77.12463, 38.77763 ], [ -77.12483, 38.77771 ], [ -77.12479, 38.77766 ] ], [ [ -77.12581, 38.77573 ], [ -77.12589, 38.77561 ], [ -77.12566, 38.77556 ], [ -77.12581, 38.77573 ] ], [ [ -77.12508, 38.78168 ], [ -77.12471, 38.78106 ], [ -77.12493, 38.78179 ], [ -77.12508, 38.78168 ] ], [ [ -77.1267, 38.78354 ], [ -77.12666, 38.78313 ], [ -77.12664, 38.78355 ], [ -77.1267, 38.78354 ] ], [ [ -77.12651, 38.7815 ], [ -77.12633, 38.78107 ], [ -77.12652, 38.78164 ], [ -77.12651, 38.7815 ] ], [ [ -77.12689, 38.78478 ], [ -77.12694, 38.78474 ], [ -77.12688, 38.78475 ], [ -77.12689, 38.78478 ] ], [ [ -77.12605, 38.79345 ], [ -77.12612, 38.79423 ], [ -77.12635, 38.7944 ], [ -77.12605, 38.79345 ] ], [ [ -77.11895, 38.79177 ], [ -77.11891, 38.79179 ], [ -77.11896, 38.79181 ], [ -77.11895, 38.79177 ] ], [ [ -77.1191, 38.78686 ], [ -77.1179, 38.78572 ], [ -77.11663, 38.78732 ], [ -77.11725, 38.78734 ], [ -77.1175, 38.78793 ], [ -77.1191, 38.78686 ] ], [ [ -77.1226, 38.78679 ], [ -77.12307, 38.78835 ], [ -77.12281, 38.78675 ], [ -77.1226, 38.78679 ] ], [ [ -77.12125, 38.78705 ], [ -77.12128, 38.7885 ], [ -77.12148, 38.78848 ], [ -77.12125, 38.78705 ] ], [ [ -77.12233, 38.78452 ], [ -77.12198, 38.78354 ], [ -77.12235, 38.78286 ], [ -77.12093, 38.78308 ], [ -77.12198, 38.78564 ], [ -77.12387, 38.78471 ], [ -77.12233, 38.78452 ] ], [ [ -77.11944, 38.78525 ], [ -77.11957, 38.78552 ], [ -77.11973, 38.7853 ], [ -77.11944, 38.78525 ] ], [ [ -77.12199, 38.794 ], [ -77.12243, 38.79394 ], [ -77.12232, 38.79374 ], [ -77.12199, 38.794 ] ], [ [ -77.12187, 38.79404 ], [ -77.12193, 38.79402 ], [ -77.12185, 38.79402 ], [ -77.12187, 38.79404 ] ], [ [ -77.12467, 38.78928 ], [ -77.12475, 38.78923 ], [ -77.1246, 38.78924 ], [ -77.12467, 38.78928 ] ], [ [ -77.12007, 38.78994 ], [ -77.12007, 38.79 ], [ -77.12016, 38.78996 ], [ -77.12007, 38.78994 ] ], [ [ -77.11982, 38.7893 ], [ -77.11992, 38.78875 ], [ -77.11987, 38.78838 ], [ -77.11982, 38.7893 ] ], [ [ -77.11985, 38.78826 ], [ -77.11981, 38.78801 ], [ -77.11981, 38.78796 ], [ -77.11971, 38.78803 ], [ -77.11985, 38.78826 ] ], [ [ -77.12191, 38.79075 ], [ -77.12191, 38.7907 ], [ -77.12187, 38.79075 ], [ -77.12191, 38.79075 ] ], [ [ -77.12182, 38.79234 ], [ -77.12183, 38.79183 ], [ -77.12154, 38.79182 ], [ -77.12182, 38.79234 ] ], [ [ -77.11712, 38.77857 ], [ -77.11719, 38.77877 ], [ -77.11715, 38.77847 ], [ -77.11712, 38.77857 ] ], [ [ -77.11509, 38.77897 ], [ -77.11522, 38.77899 ], [ -77.11499, 38.77892 ], [ -77.11509, 38.77897 ] ], [ [ -77.11261, 38.77946 ], [ -77.11284, 38.77961 ], [ -77.11299, 38.77973 ], [ -77.11306, 38.77944 ], [ -77.11261, 38.77946 ] ], [ [ -77.11221, 38.77901 ], [ -77.11216, 38.77921 ], [ -77.11236, 38.77931 ], [ -77.11221, 38.77901 ] ], [ [ -77.11306, 38.77634 ], [ -77.11328, 38.77638 ], [ -77.11305, 38.77629 ], [ -77.11306, 38.77634 ] ], [ [ -77.11513, 38.77659 ], [ -77.11517, 38.77676 ], [ -77.11507, 38.77636 ], [ -77.11513, 38.77659 ] ], [ [ -77.1139, 38.77731 ], [ -77.11373, 38.77738 ], [ -77.11394, 38.77747 ], [ -77.1139, 38.77731 ] ], [ [ -77.11586, 38.77802 ], [ -77.11538, 38.77755 ], [ -77.11533, 38.77746 ], [ -77.11532, 38.77786 ], [ -77.11586, 38.77802 ] ], [ [ -77.11382, 38.78245 ], [ -77.11208, 38.78304 ], [ -77.11208, 38.78309 ], [ -77.11382, 38.78245 ] ], [ [ -77.11545, 38.78855 ], [ -77.11552, 38.78874 ], [ -77.11562, 38.78844 ], [ -77.11545, 38.78855 ] ], [ [ -77.11616, 38.78587 ], [ -77.11614, 38.78582 ], [ -77.11607, 38.78584 ], [ -77.11616, 38.78587 ] ], [ [ -77.11325, 38.7864 ], [ -77.11249, 38.78601 ], [ -77.11145, 38.78651 ], [ -77.11325, 38.7864 ] ], [ [ -77.11053, 38.78766 ], [ -77.11044, 38.78769 ], [ -77.11056, 38.78767 ], [ -77.11053, 38.78766 ] ], [ [ -77.1147, 38.7866 ], [ -77.11543, 38.78679 ], [ -77.11515, 38.7867 ], [ -77.1147, 38.7866 ] ], [ [ -77.11747, 38.79007 ], [ -77.11746, 38.79014 ], [ -77.11753, 38.79007 ], [ -77.11747, 38.79007 ] ], [ [ -77.11829, 38.79279 ], [ -77.11828, 38.79282 ], [ -77.1183, 38.7928 ], [ -77.11829, 38.79279 ] ], [ [ -77.11714, 38.79656 ], [ -77.11744, 38.79691 ], [ -77.11707, 38.79569 ], [ -77.11714, 38.79656 ] ], [ [ -77.12401, 38.76282 ], [ -77.12404, 38.76274 ], [ -77.12393, 38.76271 ], [ -77.12401, 38.76282 ] ] ] } },
{ "type": "Feature", "properties": { "variant": "T2s", "miles": 1.0 }, "geometry": { "type": "Polygon", "coordinates": [ [ [ -77.14283, 38.77382 ], [ -77.14246, 38.77453 ], [ -77.14009, 38.77551 ], [ -77.13988, 38.77671 ], [ -77.14075, 38.7764 ], [ -77.14409, 38.77767 ], [ -77.14442, 38.77799 ], [ -77.14418, 38.7787 ], [ -77.1459, 38.77886 ], [ -77.14693, 38.77946 ], [ -77.1467, 38.78032 ], [ -77.14701, 38.78069 ], [ -77.14659, 38.78142 ], [ -77.14767, 38.78119 ], [ -77.1481, 38.78035 ], [ -77.14863, 38.78041 ], [ -77.14957, 38.78136 ], [ -77.14953, 38.78194 ], [ -77.14597, 38.78282 ], [ -77.14602, 38.78365 ], [ -77.14724, 38.78423 ], [ -77.14728, 38.78608 ], [ -77.1463, 38.78615 ], [ -77.14593, 38.78474 ], [ -77.14407, 38.7849 ], [ -77.14501, 38.78542 ], [ -77.14478, 38.78588 ], [ -77.14523, 38.78695 ], [ -77.14443, 38.78739 ], [ -77.14331, 38.78641 ], [ -77.14458, 38.7891 ], [ -77.14417, 38.79058 ], [ -77.14378, 38.79086 ], [ -77.14302, 38.79065 ], [ -77.1432, 38.7917 ], [ -77.14226, 38.79191 ], [ -77.14143, 38.7908 ], [ -77.14073, 38.79164 ], [ -77.14117, 38.792 ], [ -77.14065, 38.79265 ], [ -77.13938, 38.7928 ], [ -77.13866, 38.79233 ], [ -77.13761, 38.79238 ], [ -77.13727, 38.79437 ], [ -77.13638, 38.79531 ], [ -77.13586, 38.79527 ], [ -77.13552, 38.79496 ], [ -77.13624, 38.79328 ], [ -77.13607, 38.7907 ], [ -77.13526, 38.79045 ], [ -77.13463, 38.79089 ], [ -77.13288, 38.79091 ], [ -77.13212, 38.79153 ], [ -77.13079, 38.79166 ], [ -77.13037, 38.79076 ], [ -77.13041, 38.78885 ], [ -77.1285, 38.7887 ], [ -77.12827, 38.78685 ], [ -77.12745, 38.78652 ], [ -77.12768, 38.78583 ], [ -77.12692, 38.78561 ], [ -77.12704, 38.78485 ], [ -77.12826, 38.7847 ], [ -77.12694, 38.78474 ], [ -77.12567, 38.78506 ], [ -77.12409, 38.78623 ], [ -77.12405, 38.78702 ], [ -77.12308, 38.78712 ], [ -77.12254, 38.78578 ], [ -77.12412, 38.78451 ], [ -77.12372, 38.78264 ], [ -77.12385, 38.78224 ], [ -77.12508, 38.78168 ], [ -77.12512, 38.78112 ], [ -77.12294, 38.78112 ], [ -77.12251, 38.78026 ], [ -77.12375, 38.77857 ], [ -77.12449, 38.77854 ], [ -77.12548, 38.77937 ], [ -77.12593, 38.77851 ], [ -77.12712, 38.77846 ], [ -77.12678, 38.77788 ], [ -77.12743, 38.77731 ], [ -77.12895, 38.77844 ], [ -77.13021, 38.77836 ], [ -77.12972, 38.77728 ], [ -77.13021, 38.77616 ], [ -77.13102, 38.77575 ], [ -77.13233, 38.77626 ], [ -77.13274, 38.77871 ], [ -77.1347, 38.77881 ], [ -77.13457, 38.77662 ], [ -77.13379, 38.77497 ], [ -77.13342, 38.77568 ], [ -77.13271, 38.77596 ], [ -77.13075, 38.77529 ], [ -77.13048, 38.77424 ], [ -77.13203, 38.77353 ], [ -77.13126, 38.77299 ], [ -77.13017, 38.77416 ], [ -77.1292, 38.77407 ], [ -77.12846, 38.77222 ], [ -77.1287, 38.77185 ], [ -77.1292, 38.77173 ], [ -77.13, 38.77235 ], [ -77.13157, 38.77154 ], [ -77.13302, 38.77255 ], [ -77.13465, 38.77131 ], [ -77.13748, 38.77007 ], [ -77.13808, 38.77067 ], [ -77.1362, 38.77195 ], [ -77.13636, 38.77241 ], [ -77.13581, 38.7729 ], [ -77.13603, 38.77401 ], [ -77.13774, 38.77365 ], [ -77.14133, 38.77129 ], [ -77.1423, 38.7714 ], [ -77.14215, 38.77216 ], [ -77.13987, 38.77345 ], [ -77.13882, 38.7745 ], [ -77.1359, 38.77552 ], [ -77.13623, 38.77735 ], [ -77.13695, 38.77739 ], [ -77.13764, 38.77823 ], [ -77.13808, 38.77548 ], [ -77.13981, 38.77427 ], [ -77.13995, 38.77344 ], [ -77.1411, 38.77306 ], [ -77.14283, 38.77382 ] ], [ [ -77.13753, 38.78865 ], [ -77.13774, 38.79129 ], [ -77.13828, 38.79126 ], [ -77.13839, 38.78928 ], [ -77.13753, 38.78865 ] ], [ [ -77.13713, 38.78615 ], [ -77.13736, 38.78552 ], [ -77.13875, 38.78532 ], [ -77.1389, 38.7847 ], [ -77.13848, 38.7843 ], [ -77.13695, 38.78459 ], [ -77.13713, 38.78615 ] ], [ [ -77.13418, 38.77334 ], [ -77.13453, 38.77347 ], [ -77.13446, 38.7731 ], [ -77.13418, 38.77334 ] ], [ [ -77.1401, 38.78941 ], [ -77.14003, 38.78912 ], [ -77.14011, 38.78946 ], [ -77.1401, 38.78941 ] ], [ [ -77.14261, 38.7884 ], [ -77.14277, 38.78849 ], [ -77.14266, 38.78824 ], [ -77.14261, 38.7884 ] ], [ [ -77.14224, 38.78763 ], [ -77.14244, 38.78774 ], [ -77.1423, 38.78742 ], [ -77.14224, 38.78763 ] ], [ [ -77.1404, 38.78743 ], [ -77.14001, 38.78724 ], [ -77.1402, 38.78767 ], [ -77.1404, 38.78743 ] ], [ [ -77.13959, 38.78281 ], [ -77.13975, 38.78204 ], [ -77.13934, 38.78199 ], [ -77.13922, 38.78288 ], [ -77.13959, 38.78281 ] ], [ [ -77.13906, 38.78092 ], [ -77.13917, 38.78114 ], [ -77.13936, 38.78103 ], [ -77.13906, 38.78092 ] ], [ [ -77.13887, 38.78069 ], [ -77.13973, 38.77954 ], [ -77.13902, 38.7797 ], [ -77.13833, 38.77928 ], [ -77.13734, 38.77967 ], [ -77.13862, 38.77993 ], [ -77.13868, 38.78063 ], [ -77.13887, 38.78069 ] ], [ [ -77.14148, 38.78371 ], [ -77.14238, 38.78495 ], [ -77.14284, 38.78547 ], [ -77.14222, 38.78357 ], [ -77.14148, 38.78371 ] ], [ [ -77.14199, 38.78053 ], [ -77.14524, 38.77996 ], [ -77.14527, 38.77986 ], [ -77.14188, 38.77965 ], [ -77.14199, 38.78053 ] ], [ [ -77.14086, 38.77788 ], [ -77.14092, 38.77765 ], [ -77.14076, 38.77804 ], [ -77.14086, 38.77788 ] ], [ [ -77.1452, 38.78107 ], [ -77.14213, 38.78162 ], [ -77.14222, 38.78229 ], [ -77.14521, 38.78171 ], [ -77.1452, 38.78107 ] ], [ [ -77.14284, 38.77838 ], [ -77.14223, 38.77815 ], [ -77.14196, 38.77857 ], [ -77.14269, 38.77862 ], [ -77.14284, 38.77838 ] ], [ [ -77.14465, 38.78333 ], [ -77.14445, 38.78311 ], [ -77.14465, 38.78338 ], [ -77.14465, 38.78333 ] ], [ [ -77.14275, 38.79033 ], [ -77.14209, 38.78945 ], [ -77.14174, 38.78943 ], [ -77.14275, 38.79033 ] ], [ [ -77.14047, 38.77947 ], [ -77.14046, 38.77947 ], [ -77.14047, 38.77948 ], [ -77.14047, 38.77947 ] ], [ [ -77.13746, 38.78324 ], [ -77.13722, 38.78201 ], [ -77.13635, 38.78204 ], [ -77.13664, 38.7834 ], [ -77.13746, 38.78324 ] ], [ [ -77.13172, 38.78347 ], [ -77.13506, 38.78348 ], [ -77.13473, 38.7799 ], [ -77.13095, 38.77961 ], [ -77.13172, 38.78347 ] ], [ [ -77.13573, 38.78775 ], [ -77.13522, 38.78754 ], [ -77.13524, 38.78851 ], [ -77.13589, 38.78908 ], [ -77.13573, 38.78775 ] ], [ [ -77.13336, 38.78506 ], [ -77.13363, 38.78478 ], [ -77.13319, 38.78491 ], [ -77.13336, 38.78506 ] ], [ [ -77.12893, 38.78347 ], [ -77.12874, 38.78156 ], [ -77.12789, 38.7815 ], [ -77.12868, 38.78226 ], [ -77.12802, 38.78283 ], [ -77.12808, 38.78349 ], [ -77.12893, 38.78347 ] ], [ [ -77.12803, 38.78037 ], [ -77.12965, 38.78047 ], [ -77.12959, 38.77983 ], [ -77.12803, 38.78037 ] ], [ [ -77.13031, 38.78348 ], [ -77.13016, 38.78154 ], [ -77.13012, 38.78154 ], [ -77.13031, 38.78348 ] ], [ [ -77.13034, 38.78662 ], [ -77.12966, 38.78689 ], [ -77.13038, 38.78703 ], [ -77.13034, 38.78662 ] ], [ [ -77.1297, 38.78498 ], [ -77.13024, 38.78492 ], [ -77.13032, 38.78469 ], [ -77.12964, 38.78469 ], [ -77.1297, 38.78498 ] ], [ [ -77.12651, 38.7815 ], [ -77.12633, 38.78107 ], [ -77.12652, 38.78164 ], [ -77.12651, 38.7815 ] ], [ [ -77.12661, 38.78316 ], [ -77.1267, 38.78354 ], [ -77.12666, 38.78313 ], [ -77.12661, 38.78316 ] ] ] } },
{ "type": "Feature", "properties": { "variant": "T2s", "miles": 1.5 }, "geometry": { "type": "Polygon", "coordinates": [ [ [ -77.15258, 38.77321 ], [ -77.1521, 38.774 ], [ -77.15305, 38.77403 ], [ -77.15322, 38.77478 ], [ -77.15164, 38.77551 ], [ -77.15033, 38.77534 ], [ -77.15003, 38.77573 ], [ -77.15071, 38.77644 ], [ -77.15018, 38.77704 ], [ -77.15086, 38.77761 ], [ -77.15235, 38.7776 ], [ -77.15251, 38.77677 ], [ -77.15384, 38.77656 ], [ -77.15457, 38.77684 ], [ -77.15513, 38.77804 ], [ -77.15576, 38.77819 ], [ -77.15655, 38.77759 ], [ -77.15701, 38.7778 ], [ -77.15696, 38.77932 ], [ -77.15913, 38.77911 ], [ -77.15939, 38.78001 ], [ -77.15836, 38.78035 ], [ -77.15753, 38.78146 ], [ -77.15669, 38.78106 ], [ -77.15683, 38.78059 ], [ -77.15593, 38.78124 ], [ -77.15537, 38.78382 ], [ -77.15403, 38.78398 ], [ -77.15405, 38.78643 ], [ -77.15356, 38.78658 ], [ -77.1529, 38.78608 ], [ -77.15206, 38.78628 ], [ -77.15096, 38.78435 ], [ -77.15008, 38.78495 ], [ -77.15021, 38.7862 ], [ -77.15084, 38.78612 ], [ -77.15128, 38.78669 ], [ -77.15225, 38.78676 ], [ -77.1524, 38.78716 ], [ -77.15158, 38.78793 ], [ -77.1529, 38.78834 ], [ -77.15285, 38.78876 ], [ -77.15191, 38.78899 ], [ -77.15239, 38.79028 ], [ -77.15195, 38.79104 ], [ -77.15006, 38.79167 ], [ -77.14925, 38.79082 ], [ -77.14795, 38.79144 ], [ -77.147, 38.79126 ], [ -77.14692, 38.79085 ], [ -77.1479, 38.79021 ], [ -77.14766, 38.78898 ], [ -77.14622, 38.78701 ], [ -77.14597, 38.78857 ], [ -77.14689, 38.7901 ], [ -77.14625, 38.79108 ], [ -77.14326, 38.7913 ], [ -77.14186, 38.7926 ], [ -77.1401, 38.79275 ], [ -77.14102, 38.79381 ], [ -77.14231, 38.79343 ], [ -77.14303, 38.79361 ], [ -77.14311, 38.79482 ], [ -77.13899, 38.79521 ], [ -77.1382, 38.79479 ], [ -77.13755, 38.79373 ], [ -77.13621, 38.79649 ], [ -77.1372, 38.79669 ], [ -77.13761, 38.79776 ], [ -77.13676, 38.79815 ], [ -77.13682, 38.79877 ], [ -77.13562, 38.7991 ], [ -77.13495, 38.79972 ], [ -77.13438, 38.80234 ], [ -77.13373, 38.80253 ], [ -77.13306, 38.80197 ], [ -77.13344, 38.79962 ], [ -77.131, 38.79977 ], [ -77.1302, 38.79933 ], [ -77.13077, 38.79871 ], [ -77.13372, 38.79856 ], [ -77.13476, 38.79609 ], [ -77.12788, 38.79708 ], [ -77.12708, 38.79665 ], [ -77.12763, 38.79602 ], [ -77.13389, 38.79521 ], [ -77.13491, 38.79444 ], [ -77.13423, 38.79464 ], [ -77.13359, 38.7943 ], [ -77.13017, 38.79507 ], [ -77.12737, 38.79514 ], [ -77.12632, 38.79433 ], [ -77.12553, 38.79076 ], [ -77.12383, 38.79016 ], [ -77.12323, 38.78942 ], [ -77.12325, 38.79139 ], [ -77.12251, 38.79187 ], [ -77.11911, 38.79147 ], [ -77.11838, 38.78968 ], [ -77.11792, 38.79008 ], [ -77.11562, 38.78984 ], [ -77.11559, 38.78894 ], [ -77.11676, 38.78856 ], [ -77.1191, 38.78686 ], [ -77.11796, 38.78588 ], [ -77.11796, 38.78452 ], [ -77.11597, 38.78458 ], [ -77.11561, 38.78428 ], [ -77.11601, 38.78358 ], [ -77.11831, 38.78346 ], [ -77.11881, 38.78304 ], [ -77.11689, 38.78027 ], [ -77.11776, 38.77993 ], [ -77.11855, 38.7808 ], [ -77.11888, 38.78041 ], [ -77.11983, 38.7806 ], [ -77.11935, 38.78173 ], [ -77.11968, 38.78196 ], [ -77.12349, 38.78151 ], [ -77.1235, 38.78127 ], [ -77.12286, 38.7815 ], [ -77.12242, 38.78128 ], [ -77.1223, 38.78088 ], [ -77.12375, 38.77857 ], [ -77.12449, 38.77854 ], [ -77.12548, 38.77937 ], [ -77.12555, 38.77872 ], [ -77.12471, 38.77747 ], [ -77.12385, 38.7781 ], [ -77.12293, 38.7771 ], [ -77.12384, 38.77663 ], [ -77.12358, 38.7761 ], [ -77.1241, 38.7757 ], [ -77.12373, 38.775 ], [ -77.12487, 38.7728 ], [ -77.1255, 38.77245 ], [ -77.1255, 38.77121 ], [ -77.12648, 38.7712 ], [ -77.12734, 38.7726 ], [ -77.12753, 38.77169 ], [ -77.12806, 38.77142 ], [ -77.12927, 38.77164 ], [ -77.13, 38.77235 ], [ -77.13032, 38.77214 ], [ -77.12881, 38.77073 ], [ -77.12586, 38.76988 ], [ -77.12464, 38.76907 ], [ -77.12336, 38.76628 ], [ -77.12374, 38.76551 ], [ -77.12469, 38.76567 ], [ -77.12548, 38.76791 ], [ -77.12619, 38.76866 ], [ -77.12989, 38.76984 ], [ -77.13135, 38.77111 ], [ -77.13175, 38.76989 ], [ -77.13339, 38.76887 ], [ -77.13334, 38.76792 ], [ -77.13396, 38.76717 ], [ -77.13699, 38.76654 ], [ -77.13768, 38.76566 ], [ -77.13937, 38.76554 ], [ -77.14026, 38.76502 ], [ -77.1416, 38.76628 ], [ -77.14271, 38.76577 ], [ -77.14428, 38.76729 ], [ -77.14604, 38.76783 ], [ -77.14597, 38.76824 ], [ -77.14467, 38.76905 ], [ -77.14397, 38.76896 ], [ -77.14417, 38.76981 ], [ -77.14526, 38.77031 ], [ -77.14691, 38.77247 ], [ -77.14551, 38.77315 ], [ -77.1458, 38.77374 ], [ -77.14529, 38.77438 ], [ -77.14842, 38.77551 ], [ -77.14786, 38.77416 ], [ -77.1482, 38.77313 ], [ -77.14916, 38.77325 ], [ -77.14933, 38.77434 ], [ -77.1501, 38.77367 ], [ -77.15068, 38.77375 ], [ -77.15161, 38.77281 ], [ -77.15258, 38.77321 ] ], [ [ -77.13808, 38.78882 ], [ -77.13741, 38.78866 ], [ -77.13757, 38.78999 ], [ -77.13843, 38.7895 ], [ -77.13808, 38.78882 ] ], [ [ -77.13784, 38.78533 ], [ -77.13875, 38.78532 ], [ -77.1389, 38.7847 ], [ -77.13848, 38.7843 ], [ -77.13695, 38.78459 ], [ -77.13712, 38.78615 ], [ -77.13784, 38.78533 ] ], [ [ -77.13722, 38.78201 ], [ -77.13635, 38.78204 ], [ -77.13664, 38.7834 ], [ -77.13745, 38.78314 ], [ -77.13722, 38.78201 ] ], [ [ -77.13906, 38.78092 ], [ -77.13917, 38.78114 ], [ -77.13936, 38.78103 ], [ -77.13906, 38.78092 ] ], [ [ -77.13973, 38.77954 ], [ -77.13902, 38.7797 ], [ -77.13833, 38.77928 ], [ -77.13734, 38.77967 ], [ -77.13862, 38.77993 ], [ -77.13878, 38.78049 ], [ -77.13973, 38.77954 ] ], [ [ -77.13769, 38.7764 ], [ -77.13814, 38.77537 ], [ -77.13981, 38.77427 ], [ -77.13987, 38.77352 ], [ -77.14101, 38.7728 ], [ -77.13987, 38.77345 ], [ -77.13876, 38.77454 ], [ -77.1359, 38.77552 ], [ -77.13623, 38.77735 ], [ -77.13695, 38.77739 ], [ -77.13764, 38.77823 ], [ -77.13769, 38.7764 ] ], [ [ -77.13893, 38.77245 ], [ -77.14126, 38.77108 ], [ -77.14172, 38.77007 ], [ -77.13752, 38.77242 ], [ -77.13581, 38.7729 ], [ -77.13603, 38.77401 ], [ -77.13809, 38.7734 ], [ -77.13893, 38.77245 ] ], [ [ -77.13836, 38.76922 ], [ -77.13799, 38.76881 ], [ -77.13531, 38.76928 ], [ -77.13558, 38.77077 ], [ -77.13836, 38.76922 ] ], [ [ -77.13554, 38.76775 ], [ -77.13471, 38.76814 ], [ -77.13702, 38.76776 ], [ -77.13554, 38.76775 ] ], [ [ -77.14486, 38.78731 ], [ -77.14399, 38.78716 ], [ -77.14331, 38.78641 ], [ -77.14412, 38.78858 ], [ -77.14515, 38.78874 ], [ -77.14486, 38.78731 ] ], [ [ -77.14478, 38.78588 ], [ -77.14489, 38.78598 ], [ -77.1449, 38.78581 ], [ -77.14478, 38.78588 ] ], [ [ -77.14423, 38.78488 ], [ -77.14407, 38.7849 ], [ -77.14484, 38.78521 ], [ -77.14471, 38.78483 ], [ -77.14423, 38.78488 ] ], [ [ -77.14445, 38.78311 ], [ -77.14465, 38.78338 ], [ -77.14465, 38.78333 ], [ -77.14445, 38.78311 ] ], [ [ -77.14213, 38.78162 ], [ -77.14222, 38.78229 ], [ -77.14521, 38.78171 ], [ -77.1452, 38.78113 ], [ -77.14213, 38.78162 ] ], [ [ -77.14473, 38.77981 ], [ -77.14188, 38.77965 ], [ -77.14199, 38.78053 ], [ -77.14527, 38.77986 ], [ -77.14473, 38.77981 ] ], [ [ -77.14461, 38.77803 ], [ -77.14418, 38.7787 ], [ -77.14432, 38.77871 ], [ -77.14474, 38.77781 ], [ -77.14461, 38.77803 ] ], [ [ -77.14233, 38.76703 ], [ -77.14166, 38.7666 ], [ -77.14137, 38.76744 ], [ -77.14233, 38.76703 ] ], [ [ -77.15082, 38.78342 ], [ -77.14993, 38.78376 ], [ -77.15092, 38.78425 ], [ -77.15082, 38.78342 ] ], [ [ -77.15034, 38.78194 ], [ -77.14971, 38.78206 ], [ -77.14977, 38.78255 ], [ -77.15067, 38.78279 ], [ -77.15034, 38.78194 ] ], [ [ -77.14955, 38.78082 ], [ -77.14937, 38.78064 ], [ -77.14901, 38.78092 ], [ -77.14955, 38.78082 ] ], [ [ -77.15013, 38.77854 ], [ -77.14871, 38.77748 ], [ -77.14834, 38.77798 ], [ -77.14968, 38.77918 ], [ -77.15013, 38.77854 ] ], [ [ -77.146, 38.77581 ], [ -77.14535, 38.77684 ], [ -77.14697, 38.77746 ], [ -77.14765, 38.77654 ], [ -77.146, 38.77581 ] ], [ [ -77.15102, 38.78052 ], [ -77.15156, 38.7804 ], [ -77.15098, 38.77975 ], [ -77.15052, 38.78004 ], [ -77.15102, 38.78052 ] ], [ [ -77.15168, 38.78166 ], [ -77.15219, 38.78297 ], [ -77.15426, 38.7829 ], [ -77.15453, 38.78131 ], [ -77.15414, 38.78106 ], [ -77.15168, 38.78166 ] ], [ [ -77.1529, 38.78537 ], [ -77.1529, 38.78477 ], [ -77.15269, 38.78492 ], [ -77.1529, 38.78537 ] ], [ [ -77.15091, 38.79002 ], [ -77.15043, 38.79025 ], [ -77.15055, 38.79043 ], [ -77.15091, 38.79002 ] ], [ [ -77.14933, 38.78853 ], [ -77.1501, 38.78856 ], [ -77.14977, 38.78805 ], [ -77.14933, 38.78853 ] ], [ [ -77.14881, 38.78613 ], [ -77.14843, 38.78615 ], [ -77.14864, 38.78653 ], [ -77.14881, 38.78613 ] ], [ [ -77.14597, 38.78282 ], [ -77.14602, 38.78365 ], [ -77.14684, 38.78379 ], [ -77.1468, 38.78283 ], [ -77.14836, 38.78231 ], [ -77.14597, 38.78282 ] ], [ [ -77.14681, 38.78003 ], [ -77.14701, 38.78069 ], [ -77.14659, 38.78142 ], [ -77.14767, 38.78119 ], [ -77.14719, 38.78001 ], [ -77.14802, 38.7793 ], [ -77.14777, 38.77905 ], [ -77.14681, 38.78003 ] ], [ [ -77.14589, 38.77886 ], [ -77.14627, 38.77839 ], [ -77.14608, 38.77832 ], [ -77.14589, 38.77886 ] ], [ [ -77.14355, 38.76849 ], [ -77.14363, 38.76859 ], [ -77.14359, 38.76846 ], [ -77.14355, 38.76849 ] ], [ [ -77.14436, 38.77118 ], [ -77.14405, 38.7709 ], [ -77.14408, 38.77107 ], [ -77.14436, 38.77118 ] ], [ [ -77.1428, 38.77236 ], [ -77.14296, 38.77226 ], [ -77.14278, 38.77158 ], [ -77.14247, 38.77191 ], [ -77.1428, 38.77236 ] ], [ [ -77.14174, 38.78943 ], [ -77.14275, 38.79033 ], [ -77.14237, 38.7898 ], [ -77.14174, 38.78943 ] ], [ [ -77.14277, 38.78849 ], [ -77.14266, 38.78824 ], [ -77.14261, 38.7884 ], [ -77.14277, 38.78849 ] ], [ [ -77.14244, 38.78774 ], [ -77.1423, 38.78742 ], [ -77.14224, 38.78763 ], [ -77.14244, 38.78774 ] ], [ [ -77.13934, 38.78199 ], [ -77.13922, 38.78288 ], [ -77.13984, 38.78276 ], [ -77.13974, 38.78204 ], [ -77.13934, 38.78199 ] ], [ [ -77.13988, 38.77668 ], [ -77.13987, 38.77667 ], [ -77.13987, 38.7767 ], [ -77.13988, 38.77668 ] ], [ [ -77.14269, 38.77862 ], [ -77.14284, 38.77838 ], [ -77.14223, 38.77815 ], [ -77.14196, 38.77857 ], [ -77.14269, 38.77862 ] ], [ [ -77.14229, 38.77658 ], [ -77.14154, 38.77668 ], [ -77.14345, 38.77741 ], [ -77.14229, 38.77658 ] ], [ [ -77.14059, 38.77516 ], [ -77.1401, 38.77551 ], [ -77.1409, 38.77593 ], [ -77.14159, 38.77561 ], [ -77.14059, 38.77516 ] ], [ [ -77.14222, 38.78357 ], [ -77.14148, 38.78371 ], [ -77.14284, 38.78547 ], [ -77.14222, 38.78357 ] ], [ [ -77.14077, 38.778 ], [ -77.14076, 38.77804 ], [ -77.14099, 38.77768 ], [ -77.14077, 38.778 ] ], [ [ -77.14003, 38.78912 ], [ -77.14011, 38.78946 ], [ -77.14011, 38.78921 ], [ -77.14003, 38.78912 ] ], [ [ -77.14001, 38.78724 ], [ -77.1402, 38.78767 ], [ -77.1404, 38.78743 ], [ -77.14001, 38.78724 ] ], [ [ -77.14175, 38.79107 ], [ -77.14143, 38.7908 ], [ -77.14133, 38.79119 ], [ -77.14175, 38.79107 ] ], [ [ -77.13933, 38.79398 ], [ -77.13935, 38.79415 ], [ -77.13949, 38.79402 ], [ -77.13933, 38.79398 ] ], [ [ -77.13983, 38.76783 ], [ -77.13913, 38.7682 ], [ -77.13953, 38.76857 ], [ -77.14019, 38.76823 ], [ -77.13983, 38.76783 ] ], [ [ -77.13347, 38.79344 ], [ -77.13351, 38.79304 ], [ -77.13257, 38.79327 ], [ -77.13347, 38.79344 ] ], [ [ -77.13287, 38.79118 ], [ -77.13286, 38.79095 ], [ -77.13272, 38.79114 ], [ -77.13287, 38.79118 ] ], [ [ -77.13506, 38.78348 ], [ -77.13473, 38.7799 ], [ -77.13095, 38.77961 ], [ -77.13172, 38.78347 ], [ -77.13506, 38.78348 ] ], [ [ -77.12803, 38.78045 ], [ -77.12965, 38.78047 ], [ -77.12959, 38.77983 ], [ -77.12803, 38.78045 ] ], [ [ -77.12895, 38.77844 ], [ -77.13021, 38.77836 ], [ -77.12974, 38.77734 ], [ -77.1289, 38.77781 ], [ -77.12844, 38.7776 ], [ -77.12845, 38.77693 ], [ -77.12766, 38.77649 ], [ -77.12699, 38.7763 ], [ -77.12596, 38.77701 ], [ -77.12656, 38.77777 ], [ -77.12743, 38.77731 ], [ -77.12895, 38.77844 ] ], [ [ -77.12855, 38.77502 ], [ -77.12854, 38.77506 ], [ -77.12868, 38.77503 ], [ -77.12855, 38.77502 ] ], [ [ -77.12797, 38.77448 ], [ -77.12799, 38.77448 ], [ -77.12799, 38.77445 ], [ -77.12797, 38.77448 ] ], [ [ -77.13531, 38.79056 ], [ -77.13529, 38.79196 ], [ -77.13616, 38.79143 ], [ -77.13607, 38.7907 ], [ -77.13531, 38.79056 ] ], [ [ -77.13522, 38.78754 ], [ -77.13524, 38.78851 ], [ -77.13589, 38.78908 ], [ -77.13573, 38.78775 ], [ -77.13522, 38.78754 ] ], [ [ -77.13379, 38.77497 ], [ -77.13301, 38.77591 ], [ -77.13082, 38.77534 ], [ -77.12975, 38.77615 ], [ -77.12984, 38.77694 ], [ -77.13069, 38.77583 ], [ -77.13227, 38.77617 ], [ -77.13286, 38.77873 ], [ -77.1347, 38.77881 ], [ -77.13461, 38.77681 ], [ -77.13379, 38.77497 ] ], [ [ -77.13126, 38.77299 ], [ -77.12999, 38.77427 ], [ -77.13037, 38.77444 ], [ -77.13189, 38.77344 ], [ -77.13126, 38.77299 ] ], [ [ -77.13418, 38.77334 ], [ -77.13437, 38.77349 ], [ -77.13453, 38.77347 ], [ -77.13446, 38.7731 ], [ -77.13418, 38.77334 ] ], [ [ -77.13418, 38.7699 ], [ -77.13296, 38.77065 ], [ -77.13249, 38.77215 ], [ -77.13302, 38.77255 ], [ -77.13416, 38.77137 ], [ -77.13418, 38.7699 ] ], [ [ -77.13592, 38.79711 ], [ -77.13588, 38.79717 ], [ -77.13596, 38.79716 ], [ -77.13592, 38.79711 ] ], [ [ -77.13363, 38.78478 ], [ -77.13319, 38.78491 ], [ -77.13336, 38.78506 ], [ -77.13363, 38.78478 ] ], [ [ -77.13015, 38.79167 ], [ -77.12933, 38.79072 ], [ -77.12941, 38.79142 ], [ -77.12815, 38.79184 ], [ -77.12854, 38.79257 ], [ -77.13015, 38.79167 ] ], [ [ -77.1269, 38.79062 ], [ -77.12695, 38.79093 ], [ -77.12905, 38.7907 ], [ -77.1269, 38.79062 ] ], [ [ -77.12827, 38.78925 ], [ -77.12837, 38.78929 ], [ -77.12834, 38.78915 ], [ -77.12827, 38.78925 ] ], [ [ -77.1283, 38.78807 ], [ -77.12698, 38.78837 ], [ -77.12831, 38.78879 ], [ -77.1283, 38.78807 ] ], [ [ -77.12759, 38.7866 ], [ -77.1275, 38.78708 ], [ -77.12829, 38.78722 ], [ -77.12827, 38.78685 ], [ -77.12759, 38.7866 ] ], [ [ -77.12826, 38.7847 ], [ -77.12737, 38.78471 ], [ -77.12752, 38.78475 ], [ -77.12826, 38.7847 ] ], [ [ -77.12702, 38.78473 ], [ -77.12688, 38.78475 ], [ -77.12689, 38.78478 ], [ -77.12702, 38.78473 ] ], [ [ -77.12372, 38.78263 ], [ -77.12093, 38.78308 ], [ -77.12198, 38.78564 ], [ -77.12322, 38.78525 ], [ -77.12406, 38.78431 ], [ -77.12372, 38.78263 ] ], [ [ -77.12874, 38.78156 ], [ -77.12789, 38.7815 ], [ -77.12868, 38.78226 ], [ -77.12802, 38.78283 ], [ -77.12808, 38.78349 ], [ -77.12893, 38.78348 ], [ -77.12874, 38.78156 ] ], [ [ -77.12966, 38.78689 ], [ -77.13038, 38.78703 ], [ -77.13034, 38.78662 ], [ -77.12966, 38.78689 ] ], [ [ -77.13017, 38.78161 ], [ -77.13012, 38.78154 ], [ -77.13031, 38.78348 ], [ -77.13017, 38.78161 ] ], [ [ -77.13024, 38.78492 ], [ -77.13032, 38.78469 ], [ -77.12964, 38.78469 ], [ -77.13024, 38.78492 ] ], [ [ -77.13041, 38.79004 ], [ -77.13041, 38.78885 ], [ -77.12969, 38.78885 ], [ -77.13041, 38.79004 ] ], [ [ -77.12938, 38.79389 ], [ -77.13035, 38.79394 ], [ -77.13011, 38.79325 ], [ -77.12964, 38.79329 ], [ -77.12938, 38.79389 ] ], [ [ -77.12581, 38.77573 ], [ -77.12589, 38.77561 ], [ -77.12566, 38.77556 ], [ -77.12581, 38.77573 ] ], [ [ -77.12712, 38.77846 ], [ -77.12707, 38.77829 ], [ -77.127, 38.7785 ], [ -77.12712, 38.77846 ] ], [ [ -77.12512, 38.78112 ], [ -77.12471, 38.78106 ], [ -77.12483, 38.78122 ], [ -77.12492, 38.78172 ], [ -77.12512, 38.78112 ] ], [ [ -77.1265, 38.78106 ], [ -77.12644, 38.78104 ], [ -77.12652, 38.78164 ], [ -77.1265, 38.78106 ] ], [ [ -77.12661, 38.78316 ], [ -77.12664, 38.78355 ], [ -77.1267, 38.78354 ], [ -77.12661, 38.78316 ] ], [ [ -77.12595, 38.78878 ], [ -77.12632, 38.7885 ], [ -77.12603, 38.78848 ], [ -77.12595, 38.78878 ] ], [ [ -77.12514, 38.78818 ], [ -77.1253, 38.78823 ], [ -77.12512, 38.78811 ], [ -77.12514, 38.78818 ] ], [ [ -77.12476, 38.78707 ], [ -77.12495, 38.78685 ], [ -77.12468, 38.78699 ], [ -77.12431, 38.78711 ], [ -77.12476, 38.78707 ] ], [ [ -77.12467, 38.78928 ], [ -77.12497, 38.78932 ], [ -77.12475, 38.78923 ], [ -77.12467, 38.78928 ] ], [ [ -77.12577, 38.78925 ], [ -77.12543, 38.78939 ], [ -77.12573, 38.78949 ], [ -77.12577, 38.78925 ] ], [ [ -77.12285, 38.78836 ], [ -77.12307, 38.78835 ], [ -77.12281, 38.78675 ], [ -77.12285, 38.78836 ] ], [ [ -77.12128, 38.7885 ], [ -77.12148, 38.78848 ], [ -77.12125, 38.78705 ], [ -77.12128, 38.7885 ] ], [ [ -77.11957, 38.78552 ], [ -77.11973, 38.7853 ], [ -77.11944, 38.78525 ], [ -77.11957, 38.78552 ] ], [ [ -77.11987, 38.78838 ], [ -77.11982, 38.7893 ], [ -77.12005, 38.78908 ], [ -77.11987, 38.78838 ] ], [ [ -77.11985, 38.78826 ], [ -77.11981, 38.78796 ], [ -77.11971, 38.78803 ], [ -77.11985, 38.78826 ] ], [ [ -77.12007, 38.79 ], [ -77.12016, 38.78996 ], [ -77.12007, 38.78994 ], [ -77.12007, 38.79 ] ], [ [ -77.12191, 38.7907 ], [ -77.12187, 38.79075 ], [ -77.12191, 38.79075 ], [ -77.12191, 38.7907 ] ] ] } },
{ "type": "Feature", "properties": { "variant": "T2s", "miles": 2.0 }, "geometry": { "type": "Polygon", "coordinates": [ [ [ -77.15709, 38.76799 ], [ -77.15699, 38.76988 ], [ -77.15467, 38.76986 ], [ -77.15445, 38.77019 ], [ -77.15768, 38.77011 ], [ -77.15836, 38.77066 ], [ -77.15766, 38.77119 ], [ -77.15511, 38.77117 ], [ -77.1545, 38.77213 ], [ -77.15487, 38.77311 ], [ -77.15751, 38.77529 ], [ -77.15775, 38.77436 ], [ -77.15894, 38.77442 ], [ -77.1587, 38.77344 ], [ -77.15931, 38.77261 ], [ -77.15976, 38.77239 ], [ -77.16052, 38.77281 ], [ -77.16224, 38.77281 ], [ -77.16237, 38.77399 ], [ -77.16198, 38.77462 ], [ -77.16295, 38.77485 ], [ -77.16297, 38.776 ], [ -77.16423, 38.77593 ], [ -77.16454, 38.77627 ], [ -77.16445, 38.77668 ], [ -77.16329, 38.77706 ], [ -77.16321, 38.77817 ], [ -77.16721, 38.77766 ], [ -77.16814, 38.77777 ], [ -77.16839, 38.7785 ], [ -77.16644, 38.77903 ], [ -77.16632, 38.77973 ], [ -77.1655, 38.77982 ], [ -77.16537, 38.78079 ], [ -77.1643, 38.78091 ], [ -77.1645, 38.78194 ], [ -77.16376, 38.78244 ], [ -77.16312, 38.78186 ], [ -77.16299, 38.77946 ], [ -77.15953, 38.78013 ], [ -77.15902, 38.78271 ], [ -77.1599, 38.78279 ], [ -77.1601, 38.78462 ], [ -77.15945, 38.78599 ], [ -77.15848, 38.78608 ], [ -77.15767, 38.78683 ], [ -77.15697, 38.7863 ], [ -77.15725, 38.78511 ], [ -77.15639, 38.7845 ], [ -77.15667, 38.78062 ], [ -77.15503, 38.79076 ], [ -77.15374, 38.79337 ], [ -77.15241, 38.79468 ], [ -77.15024, 38.79532 ], [ -77.14946, 38.79486 ], [ -77.14959, 38.79446 ], [ -77.15174, 38.79371 ], [ -77.15264, 38.79264 ], [ -77.14985, 38.79415 ], [ -77.1494, 38.79394 ], [ -77.14952, 38.79321 ], [ -77.14901, 38.79324 ], [ -77.14857, 38.79262 ], [ -77.14739, 38.79375 ], [ -77.14529, 38.79369 ], [ -77.14468, 38.79303 ], [ -77.1445, 38.79168 ], [ -77.14546, 38.79152 ], [ -77.14576, 38.79187 ], [ -77.1462, 38.7911 ], [ -77.14326, 38.7913 ], [ -77.14186, 38.7926 ], [ -77.1401, 38.79275 ], [ -77.14102, 38.79381 ], [ -77.14231, 38.79343 ], [ -77.14303, 38.79361 ], [ -77.1431, 38.79483 ], [ -77.13908, 38.79522 ], [ -77.1382, 38.79479 ], [ -77.13773, 38.79387 ], [ -77.13621, 38.79649 ], [ -77.13681, 38.79641 ], [ -77.13737, 38.79697 ], [ -77.14046, 38.79648 ], [ -77.14129, 38.79688 ], [ -77.14078, 38.79753 ], [ -77.13759, 38.79804 ], [ -77.13781, 38.79819 ], [ -77.14172, 38.79802 ], [ -77.14478, 38.79727 ], [ -77.14562, 38.79765 ], [ -77.14513, 38.79831 ], [ -77.14196, 38.79908 ], [ -77.1384, 38.79925 ], [ -77.13781, 38.79992 ], [ -77.1373, 38.79981 ], [ -77.1368, 38.79894 ], [ -77.13562, 38.7991 ], [ -77.13495, 38.79972 ], [ -77.1346, 38.80197 ], [ -77.13373, 38.80253 ], [ -77.13306, 38.80197 ], [ -77.13313, 38.80124 ], [ -77.13185, 38.80231 ], [ -77.13117, 38.80173 ], [ -77.13016, 38.80184 ], [ -77.12945, 38.80049 ], [ -77.12709, 38.80226 ], [ -77.12627, 38.80203 ], [ -77.12238, 38.80289 ], [ -77.12203, 38.80258 ], [ -77.12246, 38.8019 ], [ -77.12663, 38.80079 ], [ -77.12635, 38.7995 ], [ -77.12757, 38.7991 ], [ -77.1269, 38.79871 ], [ -77.127, 38.7983 ], [ -77.13432, 38.79704 ], [ -77.13476, 38.79609 ], [ -77.12788, 38.79708 ], [ -77.12736, 38.79699 ], [ -77.12719, 38.79624 ], [ -77.13387, 38.79522 ], [ -77.13491, 38.79444 ], [ -77.13423, 38.79464 ], [ -77.13359, 38.7943 ], [ -77.13238, 38.79473 ], [ -77.13195, 38.79449 ], [ -77.1301, 38.79508 ], [ -77.12706, 38.79504 ], [ -77.1262, 38.7955 ], [ -77.12484, 38.79463 ], [ -77.12507, 38.79598 ], [ -77.12656, 38.79588 ], [ -77.12673, 38.79666 ], [ -77.12251, 38.79747 ], [ -77.12172, 38.79702 ], [ -77.12185, 38.79662 ], [ -77.12371, 38.79619 ], [ -77.12347, 38.7948 ], [ -77.12247, 38.79502 ], [ -77.12236, 38.79557 ], [ -77.12128, 38.79556 ], [ -77.12059, 38.79458 ], [ -77.12056, 38.79417 ], [ -77.12117, 38.79382 ], [ -77.12036, 38.79241 ], [ -77.12056, 38.79393 ], [ -77.11964, 38.79419 ], [ -77.11914, 38.79366 ], [ -77.11814, 38.79431 ], [ -77.11875, 38.79657 ], [ -77.11823, 38.79722 ], [ -77.11741, 38.79681 ], [ -77.11687, 38.79474 ], [ -77.11583, 38.79343 ], [ -77.1151, 38.79384 ], [ -77.11291, 38.79381 ], [ -77.11125, 38.79287 ], [ -77.11145, 38.79212 ], [ -77.11332, 38.7917 ], [ -77.11383, 38.79271 ], [ -77.11479, 38.79272 ], [ -77.11516, 38.79245 ], [ -77.11518, 38.79057 ], [ -77.11609, 38.78999 ], [ -77.11324, 38.78933 ], [ -77.11157, 38.78952 ], [ -77.10945, 38.79036 ], [ -77.11018, 38.79205 ], [ -77.10857, 38.79253 ], [ -77.10745, 38.79188 ], [ -77.10721, 38.79123 ], [ -77.1059, 38.79156 ], [ -77.1055, 38.79129 ], [ -77.10581, 38.79056 ], [ -77.10802, 38.78971 ], [ -77.10738, 38.78861 ], [ -77.10646, 38.78879 ], [ -77.10603, 38.7881 ], [ -77.10781, 38.78662 ], [ -77.10875, 38.78642 ], [ -77.10902, 38.78762 ], [ -77.11033, 38.78566 ], [ -77.11584, 38.78363 ], [ -77.11831, 38.78346 ], [ -77.11881, 38.78304 ], [ -77.11723, 38.78115 ], [ -77.11505, 38.78195 ], [ -77.11578, 38.78233 ], [ -77.11526, 38.78358 ], [ -77.11364, 38.78388 ], [ -77.11327, 38.78431 ], [ -77.1125, 38.78413 ], [ -77.11054, 38.78468 ], [ -77.11014, 38.7844 ], [ -77.11076, 38.78352 ], [ -77.10976, 38.78367 ], [ -77.10921, 38.78213 ], [ -77.11133, 38.78117 ], [ -77.11053, 38.77879 ], [ -77.11202, 38.7774 ], [ -77.1112, 38.77667 ], [ -77.11175, 38.77486 ], [ -77.11228, 38.77485 ], [ -77.11287, 38.77567 ], [ -77.11302, 38.77466 ], [ -77.11395, 38.77445 ], [ -77.11477, 38.77563 ], [ -77.11564, 38.77519 ], [ -77.11655, 38.77638 ], [ -77.11794, 38.77634 ], [ -77.11812, 38.77709 ], [ -77.11701, 38.77742 ], [ -77.11717, 38.77838 ], [ -77.11747, 38.77808 ], [ -77.11835, 38.77826 ], [ -77.11845, 38.77748 ], [ -77.11942, 38.77741 ], [ -77.12059, 38.77885 ], [ -77.12024, 38.78012 ], [ -77.12215, 38.7791 ], [ -77.12262, 38.77976 ], [ -77.12236, 38.78064 ], [ -77.12401, 38.77854 ], [ -77.12293, 38.7771 ], [ -77.12384, 38.77663 ], [ -77.12358, 38.7761 ], [ -77.1241, 38.7757 ], [ -77.12373, 38.775 ], [ -77.12487, 38.7728 ], [ -77.1255, 38.77245 ], [ -77.1255, 38.77121 ], [ -77.12648, 38.7712 ], [ -77.12734, 38.7726 ], [ -77.12753, 38.77169 ], [ -77.12806, 38.77142 ], [ -77.12927, 38.77164 ], [ -77.13, 38.77235 ], [ -77.13032, 38.77214 ], [ -77.12881, 38.77073 ], [ -77.125, 38.76938 ], [ -77.12408, 38.7683 ], [ -77.12368, 38.76678 ], [ -77.12121, 38.76802 ], [ -77.11513, 38.76948 ], [ -77.11427, 38.76911 ], [ -77.11474, 38.76844 ], [ -77.11945, 38.76718 ], [ -77.11926, 38.76628 ], [ -77.11965, 38.766 ], [ -77.12017, 38.76601 ], [ -77.12077, 38.76686 ], [ -77.12191, 38.76633 ], [ -77.12041, 38.76417 ], [ -77.12075, 38.76346 ], [ -77.12166, 38.76372 ], [ -77.12311, 38.7658 ], [ -77.1239, 38.76543 ], [ -77.12227, 38.76247 ], [ -77.12273, 38.761 ], [ -77.12384, 38.76114 ], [ -77.12463, 38.76176 ], [ -77.12523, 38.76082 ], [ -77.12626, 38.76071 ], [ -77.12665, 38.76134 ], [ -77.12778, 38.76157 ], [ -77.12778, 38.76221 ], [ -77.12902, 38.76279 ], [ -77.13019, 38.76207 ], [ -77.13116, 38.76216 ], [ -77.13105, 38.76292 ], [ -77.12993, 38.7636 ], [ -77.13183, 38.76413 ], [ -77.1324, 38.76483 ], [ -77.13234, 38.76556 ], [ -77.13137, 38.76565 ], [ -77.13081, 38.76487 ], [ -77.12861, 38.76431 ], [ -77.13042, 38.7661 ], [ -77.13034, 38.76698 ], [ -77.12924, 38.76811 ], [ -77.12986, 38.76982 ], [ -77.13135, 38.77111 ], [ -77.13175, 38.76989 ], [ -77.13339, 38.76887 ], [ -77.13373, 38.76736 ], [ -77.13631, 38.76655 ], [ -77.13568, 38.76585 ], [ -77.13417, 38.76669 ], [ -77.13343, 38.7662 ], [ -77.13536, 38.76434 ], [ -77.13522, 38.76354 ], [ -77.13589, 38.7629 ], [ -77.13525, 38.76287 ], [ -77.135, 38.76213 ], [ -77.13568, 38.76183 ], [ -77.13569, 38.76108 ], [ -77.13665, 38.76002 ], [ -77.13756, 38.75964 ], [ -77.13812, 38.76027 ], [ -77.13743, 38.76112 ], [ -77.1377, 38.76165 ], [ -77.14004, 38.76101 ], [ -77.14087, 38.76188 ], [ -77.14217, 38.76216 ], [ -77.14272, 38.76107 ], [ -77.14223, 38.76062 ], [ -77.14239, 38.76022 ], [ -77.14452, 38.75984 ], [ -77.14518, 38.76167 ], [ -77.14452, 38.76332 ], [ -77.1446, 38.76457 ], [ -77.14554, 38.76455 ], [ -77.14565, 38.76287 ], [ -77.14764, 38.76148 ], [ -77.14843, 38.76193 ], [ -77.14872, 38.76357 ], [ -77.15071, 38.76319 ], [ -77.1509, 38.76248 ], [ -77.15178, 38.76217 ], [ -77.15235, 38.76279 ], [ -77.15153, 38.76491 ], [ -77.1522, 38.76686 ], [ -77.15449, 38.76689 ], [ -77.15468, 38.76623 ], [ -77.15536, 38.76615 ], [ -77.15709, 38.76799 ] ], [ [ -77.14011, 38.78946 ], [ -77.14015, 38.78913 ], [ -77.14003, 38.78912 ], [ -77.14011, 38.78946 ] ], [ [ -77.1402, 38.78767 ], [ -77.14045, 38.78746 ], [ -77.14001, 38.78724 ], [ -77.1402, 38.78767 ] ], [ [ -77.13984, 38.78276 ], [ -77.13934, 38.78199 ], [ -77.13922, 38.78288 ], [ -77.13984, 38.78276 ] ], [ [ -77.139, 38.78012 ], [ -77.13973, 38.77954 ], [ -77.13902, 38.7797 ], [ -77.13833, 38.77928 ], [ -77.13734, 38.77967 ], [ -77.13862, 38.77993 ], [ -77.13868, 38.78063 ], [ -77.13887, 38.78069 ], [ -77.139, 38.78012 ] ], [ [ -77.14047, 38.77948 ], [ -77.14047, 38.77947 ], [ -77.14046, 38.77947 ], [ -77.14047, 38.77948 ] ], [ [ -77.13764, 38.77823 ], [ -77.13769, 38.7764 ], [ -77.13814, 38.77537 ], [ -77.13981, 38.77427 ], [ -77.13987, 38.77352 ], [ -77.14101, 38.7728 ], [ -77.13987, 38.77345 ], [ -77.13876, 38.77454 ], [ -77.1359, 38.77552 ], [ -77.13623, 38.77735 ], [ -77.13695, 38.77739 ], [ -77.13764, 38.77823 ] ], [ [ -77.13809, 38.7734 ], [ -77.13893, 38.77245 ], [ -77.14126, 38.77108 ], [ -77.14172, 38.77007 ], [ -77.13752, 38.77242 ], [ -77.13581, 38.7729 ], [ -77.13603, 38.77401 ], [ -77.13809, 38.7734 ] ], [ [ -77.13558, 38.77077 ], [ -77.13836, 38.76922 ], [ -77.13799, 38.76881 ], [ -77.13531, 38.76928 ], [ -77.13558, 38.77077 ] ], [ [ -77.13702, 38.76776 ], [ -77.13554, 38.76775 ], [ -77.13471, 38.76814 ], [ -77.13702, 38.76776 ] ], [ [ -77.14917, 38.79087 ], [ -77.14725, 38.7918 ], [ -77.14702, 38.79256 ], [ -77.14776, 38.79164 ], [ -77.14917, 38.79087 ] ], [ [ -77.14944, 38.78851 ], [ -77.14916, 38.78825 ], [ -77.14933, 38.78853 ], [ -77.14944, 38.78851 ] ], [ [ -77.14881, 38.78613 ], [ -77.14843, 38.78615 ], [ -77.14864, 38.78653 ], [ -77.14886, 38.78647 ], [ -77.14881, 38.78613 ] ], [ [ -77.14778, 38.78511 ], [ -77.14735, 38.78501 ], [ -77.1487, 38.78505 ], [ -77.14778, 38.78511 ] ], [ [ -77.14823, 38.78234 ], [ -77.14597, 38.78282 ], [ -77.14602, 38.78365 ], [ -77.14684, 38.78379 ], [ -77.1468, 38.78283 ], [ -77.14823, 38.78234 ] ], [ [ -77.14955, 38.78082 ], [ -77.14898, 38.78083 ], [ -77.14901, 38.78092 ], [ -77.14955, 38.78082 ] ], [ [ -77.14968, 38.77918 ], [ -77.15013, 38.77854 ], [ -77.14871, 38.77748 ], [ -77.14834, 38.77798 ], [ -77.14968, 38.77918 ] ], [ [ -77.14851, 38.77536 ], [ -77.14814, 38.7749 ], [ -77.1458, 38.77354 ], [ -77.14529, 38.77438 ], [ -77.14851, 38.77536 ] ], [ [ -77.14855, 38.77251 ], [ -77.14796, 38.77183 ], [ -77.14667, 38.77158 ], [ -77.14658, 38.77099 ], [ -77.14534, 38.76989 ], [ -77.14483, 38.77001 ], [ -77.14674, 38.77203 ], [ -77.14736, 38.77202 ], [ -77.14829, 38.7728 ], [ -77.14855, 38.77251 ] ], [ [ -77.14867, 38.77013 ], [ -77.15088, 38.76913 ], [ -77.15214, 38.76908 ], [ -77.15195, 38.76808 ], [ -77.15125, 38.76793 ], [ -77.15021, 38.7687 ], [ -77.14783, 38.76822 ], [ -77.14743, 38.76888 ], [ -77.14867, 38.77013 ] ], [ [ -77.14346, 38.7664 ], [ -77.14346, 38.76641 ], [ -77.1435, 38.76639 ], [ -77.14346, 38.7664 ] ], [ [ -77.15219, 38.77536 ], [ -77.15211, 38.7751 ], [ -77.1518, 38.77532 ], [ -77.15219, 38.77536 ] ], [ [ -77.14933, 38.77434 ], [ -77.15042, 38.77298 ], [ -77.15079, 38.77252 ], [ -77.15042, 38.77243 ], [ -77.14944, 38.7734 ], [ -77.14933, 38.77434 ] ], [ [ -77.15126, 38.77024 ], [ -77.15224, 38.77027 ], [ -77.15147, 38.77015 ], [ -77.15126, 38.77024 ] ], [ [ -77.15592, 38.7687 ], [ -77.15581, 38.76841 ], [ -77.15561, 38.76819 ], [ -77.15534, 38.76872 ], [ -77.15592, 38.7687 ] ], [ [ -77.16485, 38.7795 ], [ -77.16443, 38.77924 ], [ -77.16431, 38.77983 ], [ -77.16485, 38.7795 ] ], [ [ -77.15464, 38.77564 ], [ -77.15466, 38.77569 ], [ -77.15471, 38.77564 ], [ -77.15464, 38.77564 ] ], [ [ -77.16147, 38.77643 ], [ -77.16171, 38.77702 ], [ -77.16183, 38.77811 ], [ -77.16191, 38.77691 ], [ -77.16147, 38.77643 ] ], [ [ -77.16036, 38.77727 ], [ -77.15984, 38.77735 ], [ -77.16031, 38.77871 ], [ -77.16052, 38.77866 ], [ -77.16036, 38.77727 ] ], [ [ -77.15711, 38.77857 ], [ -77.15709, 38.77857 ], [ -77.15708, 38.77861 ], [ -77.15711, 38.77857 ] ], [ [ -77.15726, 38.77762 ], [ -77.15725, 38.77767 ], [ -77.15734, 38.77765 ], [ -77.15726, 38.77762 ] ], [ [ -77.15247, 38.7703 ], [ -77.15262, 38.77027 ], [ -77.15234, 38.77028 ], [ -77.15247, 38.7703 ] ], [ [ -77.15228, 38.77028 ], [ -77.15231, 38.77028 ], [ -77.15224, 38.77027 ], [ -77.15228, 38.77028 ] ], [ [ -77.15337, 38.76797 ], [ -77.15365, 38.76879 ], [ -77.15409, 38.76797 ], [ -77.15337, 38.76797 ] ], [ [ -77.15224, 38.77382 ], [ -77.1521, 38.774 ], [ -77.1523, 38.77397 ], [ -77.15224, 38.77382 ] ], [ [ -77.15221, 38.79122 ], [ -77.15219, 38.79082 ], [ -77.15154, 38.79125 ], [ -77.15221, 38.79122 ] ], [ [ -77.15195, 38.78898 ], [ -77.15194, 38.78905 ], [ -77.1521, 38.78899 ], [ -77.15195, 38.78898 ] ], [ [ -77.15284, 38.78876 ], [ -77.15396, 38.78897 ], [ -77.15445, 38.78642 ], [ -77.15356, 38.78658 ], [ -77.1529, 38.78608 ], [ -77.15206, 38.78628 ], [ -77.15096, 38.78435 ], [ -77.15008, 38.78495 ], [ -77.15021, 38.7862 ], [ -77.15084, 38.78612 ], [ -77.15128, 38.78669 ], [ -77.15225, 38.78676 ], [ -77.1524, 38.78716 ], [ -77.15158, 38.78793 ], [ -77.15256, 38.78802 ], [ -77.15284, 38.78876 ] ], [ [ -77.15248, 38.78302 ], [ -77.15426, 38.7829 ], [ -77.15414, 38.78106 ], [ -77.15168, 38.78166 ], [ -77.15248, 38.78302 ] ], [ [ -77.15099, 38.77976 ], [ -77.15052, 38.78004 ], [ -77.15102, 38.78052 ], [ -77.15156, 38.7804 ], [ -77.15099, 38.77976 ] ], [ [ -77.15291, 38.78482 ], [ -77.15269, 38.78492 ], [ -77.1529, 38.78537 ], [ -77.15291, 38.78482 ] ], [ [ -77.15033, 38.77534 ], [ -77.15027, 38.77581 ], [ -77.1505, 38.77544 ], [ -77.15033, 38.77534 ] ], [ [ -77.15008, 38.77695 ], [ -77.15031, 38.77712 ], [ -77.15034, 38.77687 ], [ -77.15008, 38.77695 ] ], [ [ -77.14993, 38.78376 ], [ -77.15071, 38.78396 ], [ -77.15092, 38.78425 ], [ -77.15082, 38.78342 ], [ -77.14993, 38.78376 ] ], [ [ -77.1508, 38.78296 ], [ -77.15034, 38.78194 ], [ -77.14971, 38.78206 ], [ -77.14977, 38.78255 ], [ -77.15053, 38.78257 ], [ -77.1508, 38.78296 ] ], [ [ -77.15091, 38.79002 ], [ -77.15055, 38.79043 ], [ -77.15099, 38.79024 ], [ -77.15091, 38.79002 ] ], [ [ -77.15129, 38.79135 ], [ -77.15131, 38.79134 ], [ -77.15132, 38.79133 ], [ -77.15129, 38.79135 ] ], [ [ -77.14753, 38.76566 ], [ -77.14826, 38.76578 ], [ -77.14825, 38.76547 ], [ -77.14811, 38.76534 ], [ -77.14753, 38.76566 ] ], [ [ -77.146, 38.765 ], [ -77.14579, 38.76492 ], [ -77.14582, 38.7651 ], [ -77.146, 38.765 ] ], [ [ -77.14646, 38.79091 ], [ -77.1479, 38.79021 ], [ -77.14766, 38.78898 ], [ -77.14622, 38.78701 ], [ -77.14597, 38.78857 ], [ -77.14689, 38.7901 ], [ -77.14646, 38.79091 ] ], [ [ -77.14486, 38.78731 ], [ -77.14399, 38.78716 ], [ -77.14331, 38.78641 ], [ -77.14412, 38.78858 ], [ -77.14515, 38.78874 ], [ -77.14486, 38.78731 ] ], [ [ -77.1449, 38.78581 ], [ -77.14484, 38.78593 ], [ -77.14489, 38.78598 ], [ -77.1449, 38.78581 ] ], [ [ -77.14471, 38.78483 ], [ -77.14412, 38.78499 ], [ -77.14484, 38.78521 ], [ -77.14471, 38.78483 ] ], [ [ -77.14465, 38.78333 ], [ -77.14445, 38.78311 ], [ -77.14465, 38.78338 ], [ -77.14465, 38.78333 ] ], [ [ -77.14222, 38.78229 ], [ -77.14521, 38.78171 ], [ -77.1452, 38.78107 ], [ -77.14213, 38.78162 ], [ -77.14222, 38.78229 ] ], [ [ -77.14199, 38.78053 ], [ -77.14524, 38.77996 ], [ -77.14527, 38.77986 ], [ -77.14188, 38.77965 ], [ -77.14199, 38.78053 ] ], [ [ -77.14284, 38.77838 ], [ -77.14196, 38.77857 ], [ -77.14268, 38.77862 ], [ -77.14284, 38.77838 ] ], [ [ -77.14345, 38.77741 ], [ -77.14229, 38.77658 ], [ -77.14154, 38.77668 ], [ -77.14168, 38.77674 ], [ -77.14345, 38.77741 ] ], [ [ -77.14153, 38.77562 ], [ -77.14059, 38.77516 ], [ -77.1401, 38.77551 ], [ -77.1409, 38.77593 ], [ -77.14153, 38.77562 ] ], [ [ -77.14278, 38.77158 ], [ -77.14247, 38.77191 ], [ -77.1428, 38.77236 ], [ -77.14296, 38.77226 ], [ -77.14278, 38.77158 ] ], [ [ -77.14208, 38.76717 ], [ -77.14213, 38.76714 ], [ -77.1421, 38.76713 ], [ -77.14208, 38.76717 ] ], [ [ -77.14484, 38.77785 ], [ -77.14438, 38.77838 ], [ -77.14418, 38.7787 ], [ -77.14484, 38.77785 ] ], [ [ -77.14405, 38.7709 ], [ -77.14408, 38.77119 ], [ -77.14412, 38.77132 ], [ -77.14436, 38.77118 ], [ -77.14405, 38.7709 ] ], [ [ -77.14428, 38.76977 ], [ -77.14417, 38.76981 ], [ -77.14449, 38.76987 ], [ -77.14428, 38.76977 ] ], [ [ -77.14689, 38.7799 ], [ -77.14701, 38.78069 ], [ -77.14659, 38.78142 ], [ -77.14767, 38.78119 ], [ -77.14719, 38.78001 ], [ -77.14802, 38.7793 ], [ -77.14763, 38.77893 ], [ -77.14689, 38.7799 ] ], [ [ -77.14765, 38.77654 ], [ -77.146, 38.77581 ], [ -77.14535, 38.77684 ], [ -77.14697, 38.77746 ], [ -77.14765, 38.77654 ] ], [ [ -77.14577, 38.77883 ], [ -77.14627, 38.77839 ], [ -77.14608, 38.77832 ], [ -77.14577, 38.77883 ] ], [ [ -77.14692, 38.7927 ], [ -77.14672, 38.79278 ], [ -77.14685, 38.79275 ], [ -77.14692, 38.7927 ] ], [ [ -77.14609, 38.7928 ], [ -77.14638, 38.79283 ], [ -77.14601, 38.79272 ], [ -77.14609, 38.7928 ] ], [ [ -77.14354, 38.76847 ], [ -77.14355, 38.76845 ], [ -77.14351, 38.76844 ], [ -77.14354, 38.76847 ] ], [ [ -77.14237, 38.7898 ], [ -77.14174, 38.78943 ], [ -77.14275, 38.79033 ], [ -77.14237, 38.7898 ] ], [ [ -77.14261, 38.7884 ], [ -77.14277, 38.78849 ], [ -77.14266, 38.78824 ], [ -77.14261, 38.7884 ] ], [ [ -77.14244, 38.78774 ], [ -77.1423, 38.78742 ], [ -77.14213, 38.78768 ], [ -77.14244, 38.78774 ] ], [ [ -77.14284, 38.78547 ], [ -77.14222, 38.78357 ], [ -77.14148, 38.78371 ], [ -77.14284, 38.78547 ] ], [ [ -77.13988, 38.77668 ], [ -77.13987, 38.77667 ], [ -77.13987, 38.7767 ], [ -77.13988, 38.77668 ] ], [ [ -77.14077, 38.778 ], [ -77.14099, 38.77768 ], [ -77.14092, 38.77765 ], [ -77.14077, 38.778 ] ], [ [ -77.13983, 38.76783 ], [ -77.13913, 38.7682 ], [ -77.13953, 38.76857 ], [ -77.14019, 38.76823 ], [ -77.13983, 38.76783 ] ], [ [ -77.14041, 38.76341 ], [ -77.14049, 38.76331 ], [ -77.14038, 38.76328 ], [ -77.14041, 38.76341 ] ], [ [ -77.14143, 38.7908 ], [ -77.14133, 38.79119 ], [ -77.1418, 38.79121 ], [ -77.14175, 38.79107 ], [ -77.14143, 38.7908 ] ], [ [ -77.13199, 38.79853 ], [ -77.13372, 38.79856 ], [ -77.13386, 38.79815 ], [ -77.12798, 38.79909 ], [ -77.12918, 38.79915 ], [ -77.13199, 38.79853 ] ], [ [ -77.12827, 38.78685 ], [ -77.12759, 38.7866 ], [ -77.1275, 38.78708 ], [ -77.12829, 38.78722 ], [ -77.12827, 38.78685 ] ], [ [ -77.12737, 38.78471 ], [ -77.12826, 38.78475 ], [ -77.12826, 38.7847 ], [ -77.12737, 38.78471 ] ], [ [ -77.12891, 38.78348 ], [ -77.12874, 38.78156 ], [ -77.12789, 38.7815 ], [ -77.12868, 38.78226 ], [ -77.12802, 38.78283 ], [ -77.12808, 38.78349 ], [ -77.12891, 38.78348 ] ], [ [ -77.12803, 38.78037 ], [ -77.12965, 38.78047 ], [ -77.12959, 38.77983 ], [ -77.12803, 38.78037 ] ], [ [ -77.12743, 38.77731 ], [ -77.12895, 38.77844 ], [ -77.13021, 38.77836 ], [ -77.12974, 38.77734 ], [ -77.1289, 38.77781 ], [ -77.12844, 38.7776 ], [ -77.12845, 38.77693 ], [ -77.12766, 38.77649 ], [ -77.12699, 38.7763 ], [ -77.12596, 38.77701 ], [ -77.12656, 38.77777 ], [ -77.12743, 38.77731 ] ], [ [ -77.12868, 38.77503 ], [ -77.12855, 38.77502 ], [ -77.12854, 38.77506 ], [ -77.12868, 38.77503 ] ], [ [ -77.12799, 38.77445 ], [ -77.12797, 38.77448 ], [ -77.12799, 38.77448 ], [ -77.12799, 38.77445 ] ], [ [ -77.12687, 38.76896 ], [ -77.12743, 38.76881 ], [ -77.12717, 38.7687 ], [ -77.12687, 38.76896 ] ], [ [ -77.12678, 38.76331 ], [ -77.12676, 38.76324 ], [ -77.12677, 38.76334 ], [ -77.12678, 38.76331 ] ], [ [ -77.13607, 38.7907 ], [ -77.13531, 38.79056 ], [ -77.13529, 38.79196 ], [ -77.13616, 38.79143 ], [ -77.13607, 38.7907 ] ], [ [ -77.13573, 38.78775 ], [ -77.13522, 38.78754 ], [ -77.13524, 38.78851 ], [ -77.13589, 38.78908 ], [ -77.13573, 38.78775 ] ], [ [ -77.135, 38.78331 ], [ -77.13473, 38.7799 ], [ -77.13095, 38.77961 ], [ -77.13172, 38.78347 ], [ -77.135, 38.78331 ] ], [ [ -77.13461, 38.77681 ], [ -77.13379, 38.77497 ], [ -77.13301, 38.77591 ], [ -77.13082, 38.77534 ], [ -77.12975, 38.77615 ], [ -77.12984, 38.77694 ], [ -77.13069, 38.77583 ], [ -77.13227, 38.77617 ], [ -77.13286, 38.77873 ], [ -77.1347, 38.77881 ], [ -77.13461, 38.77681 ] ], [ [ -77.13453, 38.77347 ], [ -77.13446, 38.7731 ], [ -77.13418, 38.77334 ], [ -77.13453, 38.77347 ] ], [ [ -77.13418, 38.77145 ], [ -77.13431, 38.77024 ], [ -77.13418, 38.7699 ], [ -77.13296, 38.77065 ], [ -77.13249, 38.77215 ], [ -77.13302, 38.77255 ], [ -77.13418, 38.77145 ] ], [ [ -77.13101, 38.77312 ], [ -77.12999, 38.77427 ], [ -77.13037, 38.77444 ], [ -77.13203, 38.77353 ], [ -77.13101, 38.77312 ] ], [ [ -77.1382, 38.78969 ], [ -77.13818, 38.7889 ], [ -77.13741, 38.78866 ], [ -77.13757, 38.78999 ], [ -77.1382, 38.78969 ] ], [ [ -77.13862, 38.78529 ], [ -77.1389, 38.7847 ], [ -77.13848, 38.7843 ], [ -77.13695, 38.78459 ], [ -77.13712, 38.78615 ], [ -77.13736, 38.78552 ], [ -77.13862, 38.78529 ] ], [ [ -77.13746, 38.78324 ], [ -77.13722, 38.78201 ], [ -77.13635, 38.78204 ], [ -77.13664, 38.7834 ], [ -77.13746, 38.78324 ] ], [ [ -77.13917, 38.7811 ], [ -77.13936, 38.78103 ], [ -77.13906, 38.78092 ], [ -77.13917, 38.7811 ] ], [ [ -77.1394, 38.79415 ], [ -77.13933, 38.79398 ], [ -77.13935, 38.79415 ], [ -77.1394, 38.79415 ] ], [ [ -77.13596, 38.79716 ], [ -77.13592, 38.79711 ], [ -77.13588, 38.79717 ], [ -77.13596, 38.79716 ] ], [ [ -77.12966, 38.78469 ], [ -77.12964, 38.78499 ], [ -77.13032, 38.78469 ], [ -77.12966, 38.78469 ] ], [ [ -77.13319, 38.78491 ], [ -77.13364, 38.78502 ], [ -77.13363, 38.78478 ], [ -77.13319, 38.78491 ] ], [ [ -77.13257, 38.79327 ], [ -77.13275, 38.79347 ], [ -77.13347, 38.79344 ], [ -77.13351, 38.79304 ], [ -77.13257, 38.79327 ] ], [ [ -77.13286, 38.79095 ], [ -77.13272, 38.79114 ], [ -77.13288, 38.79122 ], [ -77.13286, 38.79095 ] ], [ [ -77.13033, 38.78348 ], [ -77.13016, 38.78154 ], [ -77.13012, 38.78154 ], [ -77.13033, 38.78348 ] ], [ [ -77.13034, 38.78662 ], [ -77.12966, 38.78689 ], [ -77.13038, 38.78703 ], [ -77.13034, 38.78662 ] ], [ [ -77.12472, 38.79421 ], [ -77.12482, 38.79295 ], [ -77.12528, 38.79252 ], [ -77.12449, 38.7926 ], [ -77.12438, 38.7932 ], [ -77.1236, 38.79333 ], [ -77.12472, 38.79421 ] ], [ [ -77.12332, 38.79184 ], [ -77.12563, 38.79141 ], [ -77.12553, 38.79076 ], [ -77.12383, 38.79016 ], [ -77.12323, 38.78942 ], [ -77.12332, 38.79184 ] ], [ [ -77.12573, 38.78949 ], [ -77.12577, 38.78925 ], [ -77.12543, 38.78939 ], [ -77.12573, 38.78949 ] ], [ [ -77.12595, 38.78878 ], [ -77.12632, 38.7885 ], [ -77.12564, 38.7884 ], [ -77.12595, 38.78878 ] ], [ [ -77.12526, 38.7882 ], [ -77.12495, 38.78815 ], [ -77.1253, 38.78823 ], [ -77.12526, 38.7882 ] ], [ [ -77.12476, 38.78707 ], [ -77.12495, 38.78685 ], [ -77.12427, 38.78715 ], [ -77.12476, 38.78707 ] ], [ [ -77.12371, 38.78263 ], [ -77.12373, 38.78267 ], [ -77.12372, 38.78263 ], [ -77.12371, 38.78263 ] ], [ [ -77.11856, 38.78078 ], [ -77.11848, 38.78069 ], [ -77.11855, 38.7808 ], [ -77.11856, 38.78078 ] ], [ [ -77.11786, 38.77973 ], [ -77.11787, 38.77972 ], [ -77.11786, 38.77972 ], [ -77.11786, 38.77973 ] ], [ [ -77.13015, 38.79167 ], [ -77.12934, 38.79073 ], [ -77.12909, 38.7907 ], [ -77.12944, 38.79101 ], [ -77.12915, 38.7916 ], [ -77.1298, 38.79199 ], [ -77.13015, 38.79167 ] ], [ [ -77.12905, 38.7907 ], [ -77.1269, 38.79062 ], [ -77.12695, 38.79093 ], [ -77.12905, 38.7907 ] ], [ [ -77.1283, 38.78923 ], [ -77.12837, 38.78929 ], [ -77.12832, 38.78902 ], [ -77.1283, 38.78923 ] ], [ [ -77.12831, 38.78879 ], [ -77.1283, 38.78807 ], [ -77.12698, 38.78837 ], [ -77.12831, 38.78879 ] ], [ [ -77.12965, 38.79329 ], [ -77.12938, 38.79389 ], [ -77.13035, 38.79394 ], [ -77.13011, 38.79325 ], [ -77.12965, 38.79329 ] ], [ [ -77.12969, 38.78885 ], [ -77.13041, 38.79004 ], [ -77.13041, 38.78885 ], [ -77.12969, 38.78885 ] ], [ [ -77.127, 38.7785 ], [ -77.12712, 38.77846 ], [ -77.12707, 38.77829 ], [ -77.127, 38.7785 ] ], [ [ -77.12503, 38.77912 ], [ -77.12548, 38.77937 ], [ -77.12547, 38.7789 ], [ -77.12503, 38.77912 ] ], [ [ -77.12479, 38.77766 ], [ -77.12463, 38.77763 ], [ -77.12483, 38.77771 ], [ -77.12479, 38.77766 ] ], [ [ -77.12581, 38.77573 ], [ -77.12589, 38.77561 ], [ -77.12566, 38.77556 ], [ -77.12581, 38.77573 ] ], [ [ -77.12508, 38.78168 ], [ -77.12471, 38.78106 ], [ -77.12493, 38.78179 ], [ -77.12508, 38.78168 ] ], [ [ -77.1267, 38.78354 ], [ -77.12666, 38.78313 ], [ -77.12664, 38.78355 ], [ -77.1267, 38.78354 ] ], [ [ -77.12652, 38.78164 ], [ -77.1265, 38.78106 ], [ -77.12644, 38.78104 ], [ -77.12652, 38.78164 ] ], [ [ -77.12689, 38.78478 ], [ -77.12694, 38.78474 ], [ -77.12688, 38.78475 ], [ -77.12689, 38.78478 ] ], [ [ -77.12605, 38.79345 ], [ -77.12612, 38.79423 ], [ -77.12635, 38.7944 ], [ -77.12605, 38.79345 ] ], [ [ -77.12173, 38.7817 ], [ -77.12166, 38.78165 ], [ -77.12144, 38.78173 ], [ -77.12173, 38.7817 ] ], [ [ -77.11895, 38.79177 ], [ -77.11891, 38.79179 ], [ -77.11896, 38.79181 ], [ -77.11895, 38.79177 ] ], [ [ -77.1191, 38.78686 ], [ -77.1179, 38.78572 ], [ -77.11663, 38.78732 ], [ -77.11725, 38.78734 ], [ -77.1175, 38.78793 ], [ -77.1191, 38.78686 ] ], [ [ -77.12281, 38.78675 ], [ -77.12285, 38.78836 ], [ -77.12307, 38.78835 ], [ -77.12281, 38.78675 ] ], [ [ -77.12125, 38.78705 ], [ -77.12128, 38.7885 ], [ -77.12148, 38.78848 ], [ -77.12125, 38.78705 ] ], [ [ -77.12387, 38.78471 ], [ -77.12233, 38.78452 ], [ -77.12198, 38.78354 ], [ -77.12235, 38.78286 ], [ -77.12093, 38.78308 ], [ -77.12198, 38.78564 ], [ -77.12387, 38.78471 ] ], [ [ -77.11944, 38.78525 ], [ -77.11957, 38.78552 ], [ -77.11973, 38.7853 ], [ -77.11944, 38.78525 ] ], [ [ -77.12199, 38.794 ], [ -77.12243, 38.79394 ], [ -77.12232, 38.79374 ], [ -77.12199, 38.794 ] ], [ [ -77.12187, 38.79404 ], [ -77.12193, 38.79402 ], [ -77.12185, 38.79402 ], [ -77.12187, 38.79404 ] ], [ [ -77.12007, 38.78994 ], [ -77.12007, 38.79 ], [ -77.12016, 38.78996 ], [ -77.12007, 38.78994 ] ], [ [ -77.11982, 38.7893 ], [ -77.11992, 38.78875 ], [ -77.11987, 38.78838 ], [ -77.11982, 38.7893 ] ], [ [ -77.11971, 38.78803 ], [ -77.11985, 38.78826 ], [ -77.11981, 38.78796 ], [ -77.11971, 38.78803 ] ], [ [ -77.12475, 38.78923 ], [ -77.12467, 38.78928 ], [ -77.12497, 38.78932 ], [ -77.12475, 38.78923 ] ], [ [ -77.12191, 38.79075 ], [ -77.12191, 38.7907 ], [ -77.12187, 38.79075 ], [ -77.12191, 38.79075 ] ], [ [ -77.12182, 38.79234 ], [ -77.12183, 38.79183 ], [ -77.12154, 38.79182 ], [ -77.12182, 38.79234 ] ], [ [ -77.11712, 38.77857 ], [ -77.11719, 38.77877 ], [ -77.11715, 38.77847 ], [ -77.11712, 38.77857 ] ], [ [ -77.11577, 38.77794 ], [ -77.11543, 38.7776 ], [ -77.11533, 38.77746 ], [ -77.11532, 38.77786 ], [ -77.11577, 38.77794 ] ], [ [ -77.11261, 38.77946 ], [ -77.11284, 38.77961 ], [ -77.11299, 38.77973 ], [ -77.11306, 38.77944 ], [ -77.11261, 38.77946 ] ], [ [ -77.11221, 38.77901 ], [ -77.11216, 38.77921 ], [ -77.11236, 38.77931 ], [ -77.11221, 38.77901 ] ], [ [ -77.11306, 38.77634 ], [ -77.11328, 38.77638 ], [ -77.11305, 38.77629 ], [ -77.11306, 38.77634 ] ], [ [ -77.11513, 38.77659 ], [ -77.11517, 38.77676 ], [ -77.11507, 38.77636 ], [ -77.11513, 38.77659 ] ], [ [ -77.1139, 38.77731 ], [ -77.11373, 38.77738 ], [ -77.11394, 38.77747 ], [ -77.1139, 38.77731 ] ], [ [ -77.11208, 38.78304 ], [ -77.11382, 38.78245 ], [ -77.1138, 38.78241 ], [ -77.11208, 38.78304 ] ], [ [ -77.11522, 38.77899 ], [ -77.11509, 38.77897 ], [ -77.11522, 38.77905 ], [ -77.11522, 38.77899 ] ], [ [ -77.11545, 38.78855 ], [ -77.11552, 38.78874 ], [ -77.11562, 38.78844 ], [ -77.11545, 38.78855 ] ], [ [ -77.11616, 38.78587 ], [ -77.11614, 38.78582 ], [ -77.11607, 38.78584 ], [ -77.11616, 38.78587 ] ], [ [ -77.1147, 38.7866 ], [ -77.11543, 38.78679 ], [ -77.11515, 38.7867 ], [ -77.1147, 38.7866 ] ], [ [ -77.11325, 38.7864 ], [ -77.11249, 38.78601 ], [ -77.11145, 38.78651 ], [ -77.11325, 38.7864 ] ], [ [ -77.11044, 38.78769 ], [ -77.11056, 38.78767 ], [ -77.11046, 38.78765 ], [ -77.11044, 38.78769 ] ], [ [ -77.11748, 38.79011 ], [ -77.11753, 38.79007 ], [ -77.11747, 38.79007 ], [ -77.11748, 38.79011 ] ], [ [ -77.11828, 38.79282 ], [ -77.1183, 38.7928 ], [ -77.11829, 38.79279 ], [ -77.11828, 38.79282 ] ], [ [ -77.12401, 38.76282 ], [ -77.12404, 38.76274 ], [ -77.12393, 38.76271 ], [ -77.12401, 38.76282 ] ] ] } }
]
}
