{
"type": "FeatureCollection",
"name": "61",
"crs": { "type": "name", "properties": { "name": "urn:ogc:def:crs:OGC:1.3:CRS84" } },
"xy_coordinate_resolution": 1e-05,
"features": [
{ "type": "Feature", "properties": { "variant": "T0", "miles": 1.0 }, "geometry": { "type": "Polygon", "coordinates": [ [ [ -77.24727, 38.8801 ], [ -77.25107, 38.88134 ], [ -77.25307, 38.88382 ], [ -77.25268, 38.88758 ], [ -77.25495, 38.8866 ], [ -77.25569, 38.8871 ], [ -77.25475, 38.88811 ], [ -77.25275, 38.88869 ], [ -77.25334, 38.89021 ], [ -77.25286, 38.89087 ], [ -77.25233, 38.89083 ], [ -77.25192, 38.89026 ], [ -77.24884, 38.89103 ], [ -77.25025, 38.89304 ], [ -77.25074, 38.89292 ], [ -77.25136, 38.89346 ], [ -77.25186, 38.89294 ], [ -77.25168, 38.89218 ], [ -77.25268, 38.89198 ], [ -77.2532, 38.89222 ], [ -77.25329, 38.89287 ], [ -77.25442, 38.89342 ], [ -77.25399, 38.8941 ], [ -77.25294, 38.89392 ], [ -77.25264, 38.89491 ], [ -77.25414, 38.89607 ], [ -77.25415, 38.89683 ], [ -77.25317, 38.89684 ], [ -77.25099, 38.89515 ], [ -77.25035, 38.89606 ], [ -77.25106, 38.89684 ], [ -77.25086, 38.89723 ], [ -77.25037, 38.89739 ], [ -77.24943, 38.89688 ], [ -77.24866, 38.89724 ], [ -77.24761, 38.89643 ], [ -77.24819, 38.89592 ], [ -77.2478, 38.89562 ], [ -77.24657, 38.89658 ], [ -77.24655, 38.8973 ], [ -77.24565, 38.89732 ], [ -77.24377, 38.89865 ], [ -77.24302, 38.89816 ], [ -77.24421, 38.89692 ], [ -77.24237, 38.89727 ], [ -77.24217, 38.89675 ], [ -77.2409, 38.89611 ], [ -77.24106, 38.89526 ], [ -77.2402, 38.89552 ], [ -77.24026, 38.89704 ], [ -77.23935, 38.89757 ], [ -77.23901, 38.89828 ], [ -77.23859, 38.89854 ], [ -77.23728, 38.89821 ], [ -77.2362, 38.89933 ], [ -77.2353, 38.89956 ], [ -77.23501, 38.90029 ], [ -77.23315, 38.90038 ], [ -77.23294, 38.89964 ], [ -77.23351, 38.89883 ], [ -77.23114, 38.89787 ], [ -77.22969, 38.89796 ], [ -77.22899, 38.89717 ], [ -77.22923, 38.89641 ], [ -77.23016, 38.89618 ], [ -77.23134, 38.89666 ], [ -77.23534, 38.89557 ], [ -77.22866, 38.89388 ], [ -77.22826, 38.89361 ], [ -77.22854, 38.89292 ], [ -77.22818, 38.89229 ], [ -77.22864, 38.89121 ], [ -77.22768, 38.89082 ], [ -77.22813, 38.89013 ], [ -77.22908, 38.89019 ], [ -77.22994, 38.8882 ], [ -77.22942, 38.88764 ], [ -77.23047, 38.88711 ], [ -77.23035, 38.88614 ], [ -77.23449, 38.88451 ], [ -77.2347, 38.8836 ], [ -77.23523, 38.88358 ], [ -77.23577, 38.8841 ], [ -77.23702, 38.88398 ], [ -77.23788, 38.88322 ], [ -77.23743, 38.88253 ], [ -77.23897, 38.88062 ], [ -77.24226, 38.88023 ], [ -77.24353, 38.8806 ], [ -77.24418, 38.88004 ], [ -77.24525, 38.87999 ], [ -77.24629, 38.88056 ], [ -77.24593, 38.88179 ], [ -77.24727, 38.8801 ] ], [ [ -77.2436, 38.89491 ], [ -77.24277, 38.894 ], [ -77.24179, 38.89401 ], [ -77.2436, 38.89491 ] ], [ [ -77.24304, 38.89284 ], [ -77.24318, 38.89274 ], [ -77.24291, 38.8926 ], [ -77.24304, 38.89284 ] ], [ [ -77.24256, 38.89114 ], [ -77.24573, 38.8925 ], [ -77.24646, 38.89229 ], [ -77.24533, 38.89218 ], [ -77.24266, 38.89086 ], [ -77.24256, 38.89114 ] ], [ [ -77.24439, 38.88957 ], [ -77.24407, 38.88946 ], [ -77.24361, 38.89005 ], [ -77.24389, 38.89019 ], [ -77.24439, 38.88957 ] ], [ [ -77.24069, 38.89144 ], [ -77.24143, 38.89026 ], [ -77.24049, 38.89134 ], [ -77.24069, 38.89144 ] ], [ [ -77.24005, 38.88989 ], [ -77.24164, 38.88788 ], [ -77.23836, 38.88675 ], [ -77.23821, 38.88754 ], [ -77.23702, 38.88871 ], [ -77.24005, 38.88989 ] ], [ [ -77.23912, 38.88583 ], [ -77.23794, 38.88478 ], [ -77.23761, 38.88497 ], [ -77.23817, 38.88549 ], [ -77.23912, 38.88583 ] ], [ [ -77.24871, 38.89338 ], [ -77.24815, 38.89228 ], [ -77.24721, 38.89228 ], [ -77.24819, 38.89292 ], [ -77.24802, 38.89368 ], [ -77.24709, 38.89356 ], [ -77.2478, 38.89411 ], [ -77.24871, 38.89338 ] ], [ [ -77.24738, 38.8912 ], [ -77.24711, 38.8908 ], [ -77.24678, 38.89121 ], [ -77.24738, 38.8912 ] ], [ [ -77.25144, 38.88905 ], [ -77.24873, 38.88953 ], [ -77.24841, 38.88921 ], [ -77.24881, 38.88859 ], [ -77.24867, 38.88742 ], [ -77.24808, 38.88799 ], [ -77.24779, 38.88971 ], [ -77.24816, 38.89007 ], [ -77.25144, 38.88905 ] ], [ [ -77.24515, 38.88865 ], [ -77.24732, 38.88688 ], [ -77.24484, 38.88854 ], [ -77.24515, 38.88865 ] ], [ [ -77.24705, 38.88528 ], [ -77.24793, 38.88371 ], [ -77.24597, 38.883 ], [ -77.24508, 38.88454 ], [ -77.24705, 38.88528 ] ], [ [ -77.24372, 38.88262 ], [ -77.2436, 38.88259 ], [ -77.24367, 38.88272 ], [ -77.24372, 38.88262 ] ], [ [ -77.24828, 38.88262 ], [ -77.24757, 38.88237 ], [ -77.24727, 38.88208 ], [ -77.24718, 38.88224 ], [ -77.24828, 38.88262 ] ], [ [ -77.24773, 38.88127 ], [ -77.24766, 38.8814 ], [ -77.24811, 38.88141 ], [ -77.24773, 38.88127 ] ], [ [ -77.25047, 38.88669 ], [ -77.25035, 38.88649 ], [ -77.25032, 38.88638 ], [ -77.25047, 38.88669 ] ], [ [ -77.25087, 38.8835 ], [ -77.25034, 38.88231 ], [ -77.25, 38.88209 ], [ -77.24962, 38.88313 ], [ -77.25087, 38.8835 ] ], [ [ -77.24942, 38.88425 ], [ -77.24812, 38.886 ], [ -77.24894, 38.88635 ], [ -77.24942, 38.88425 ] ], [ [ -77.25149, 38.88512 ], [ -77.25146, 38.88513 ], [ -77.25148, 38.88516 ], [ -77.25149, 38.88512 ] ], [ [ -77.25069, 38.88808 ], [ -77.25015, 38.88777 ], [ -77.25012, 38.8882 ], [ -77.25069, 38.88808 ] ], [ [ -77.2492, 38.89518 ], [ -77.25018, 38.89453 ], [ -77.24968, 38.89415 ], [ -77.24878, 38.89486 ], [ -77.2492, 38.89518 ] ], [ [ -77.24617, 38.89437 ], [ -77.24523, 38.89556 ], [ -77.24545, 38.89593 ], [ -77.24682, 38.89487 ], [ -77.24617, 38.89437 ] ], [ [ -77.24364, 38.888 ], [ -77.24591, 38.88646 ], [ -77.2445, 38.88552 ], [ -77.2431, 38.88797 ], [ -77.24364, 38.888 ] ], [ [ -77.24348, 38.88463 ], [ -77.24345, 38.88459 ], [ -77.24343, 38.88459 ], [ -77.24348, 38.88463 ] ], [ [ -77.24505, 38.89077 ], [ -77.24536, 38.89093 ], [ -77.24599, 38.89013 ], [ -77.24567, 38.89002 ], [ -77.24505, 38.89077 ] ], [ [ -77.24655, 38.88914 ], [ -77.24663, 38.8889 ], [ -77.24643, 38.8891 ], [ -77.24655, 38.88914 ] ], [ [ -77.24691, 38.89337 ], [ -77.24681, 38.89333 ], [ -77.24702, 38.8935 ], [ -77.24691, 38.89337 ] ], [ [ -77.24479, 38.8933 ], [ -77.24414, 38.89352 ], [ -77.24472, 38.89398 ], [ -77.24517, 38.89361 ], [ -77.24479, 38.8933 ] ], [ [ -77.24231, 38.88298 ], [ -77.24223, 38.88308 ], [ -77.24238, 38.88311 ], [ -77.24231, 38.88298 ] ], [ [ -77.23947, 38.88247 ], [ -77.23955, 38.88244 ], [ -77.23945, 38.88243 ], [ -77.23947, 38.88247 ] ], [ [ -77.24222, 38.88689 ], [ -77.24054, 38.88602 ], [ -77.24029, 38.88623 ], [ -77.24222, 38.88689 ] ], [ [ -77.24274, 38.88569 ], [ -77.2423, 38.88526 ], [ -77.24122, 38.88505 ], [ -77.24274, 38.88569 ] ], [ [ -77.24249, 38.88894 ], [ -77.24244, 38.88947 ], [ -77.24277, 38.88904 ], [ -77.24249, 38.88894 ] ], [ [ -77.23623, 38.89464 ], [ -77.23722, 38.89344 ], [ -77.23763, 38.89289 ], [ -77.23624, 38.89443 ], [ -77.23531, 38.89443 ], [ -77.23623, 38.89464 ] ], [ [ -77.23466, 38.88881 ], [ -77.23599, 38.88627 ], [ -77.23573, 38.88545 ], [ -77.23702, 38.88514 ], [ -77.23493, 38.88555 ], [ -77.23531, 38.88663 ], [ -77.23466, 38.88881 ] ], [ [ -77.2398, 38.89508 ], [ -77.23981, 38.89436 ], [ -77.23885, 38.89481 ], [ -77.2398, 38.89508 ] ], [ [ -77.23874, 38.89355 ], [ -77.23995, 38.89235 ], [ -77.23976, 38.89225 ], [ -77.23874, 38.89355 ] ], [ [ -77.2412, 38.89293 ], [ -77.24065, 38.8935 ], [ -77.24138, 38.89387 ], [ -77.24108, 38.89356 ], [ -77.2412, 38.89293 ] ], [ [ -77.24302, 38.896 ], [ -77.24244, 38.89549 ], [ -77.2429, 38.8961 ], [ -77.24302, 38.896 ] ], [ [ -77.23671, 38.88736 ], [ -77.2367, 38.88739 ], [ -77.23673, 38.88736 ], [ -77.23671, 38.88736 ] ], [ [ -77.2361, 38.89663 ], [ -77.2373, 38.89711 ], [ -77.23752, 38.89694 ], [ -77.2361, 38.89663 ] ], [ [ -77.23266, 38.88735 ], [ -77.23224, 38.88755 ], [ -77.23285, 38.88748 ], [ -77.23266, 38.88735 ] ], [ [ -77.23127, 38.88861 ], [ -77.23123, 38.88859 ], [ -77.23121, 38.88864 ], [ -77.23127, 38.88861 ] ], [ [ -77.22925, 38.89285 ], [ -77.22921, 38.89289 ], [ -77.22926, 38.8929 ], [ -77.22925, 38.89285 ] ] ] } },
{ "type": "Feature", "properties": { "variant": "T0", "miles": 1.5 }, "geometry": { "type": "Polygon", "coordinates": [ [ [ -77.26067, 38.88319 ], [ -77.26174, 38.8831 ], [ -77.26373, 38.88513 ], [ -77.26522, 38.8847 ], [ -77.26568, 38.88537 ], [ -77.26333, 38.88648 ], [ -77.26291, 38.88756 ], [ -77.26156, 38.88806 ], [ -77.26247, 38.88897 ], [ -77.26343, 38.88907 ], [ -77.26331, 38.88983 ], [ -77.26218, 38.89051 ], [ -77.26312, 38.89146 ], [ -77.263, 38.89222 ], [ -77.26203, 38.89212 ], [ -77.26109, 38.89118 ], [ -77.26028, 38.89157 ], [ -77.26149, 38.8919 ], [ -77.2613, 38.8926 ], [ -77.26241, 38.89315 ], [ -77.26195, 38.89382 ], [ -77.261, 38.89366 ], [ -77.26082, 38.89523 ], [ -77.2594, 38.89636 ], [ -77.26127, 38.89799 ], [ -77.26, 38.8993 ], [ -77.26102, 38.90028 ], [ -77.26033, 38.9008 ], [ -77.26161, 38.9018 ], [ -77.26133, 38.90256 ], [ -77.25872, 38.90197 ], [ -77.2588, 38.90114 ], [ -77.25779, 38.90037 ], [ -77.25602, 38.9006 ], [ -77.25582, 38.90116 ], [ -77.25531, 38.90126 ], [ -77.25466, 38.90089 ], [ -77.25345, 38.90093 ], [ -77.25216, 38.90178 ], [ -77.25121, 38.90108 ], [ -77.24982, 38.90119 ], [ -77.24691, 38.90068 ], [ -77.24631, 38.89974 ], [ -77.24566, 38.89964 ], [ -77.24431, 38.89839 ], [ -77.24327, 38.89853 ], [ -77.24318, 38.89776 ], [ -77.24421, 38.89692 ], [ -77.24237, 38.89727 ], [ -77.24217, 38.89675 ], [ -77.2409, 38.89611 ], [ -77.24106, 38.89526 ], [ -77.2401, 38.89577 ], [ -77.24049, 38.89645 ], [ -77.24263, 38.89764 ], [ -77.24258, 38.90031 ], [ -77.24343, 38.90062 ], [ -77.24342, 38.90103 ], [ -77.24238, 38.90152 ], [ -77.24249, 38.90286 ], [ -77.24216, 38.90318 ], [ -77.24122, 38.90296 ], [ -77.24109, 38.90193 ], [ -77.24006, 38.90221 ], [ -77.2401, 38.90333 ], [ -77.23943, 38.90389 ], [ -77.23872, 38.90336 ], [ -77.23867, 38.90228 ], [ -77.23613, 38.90182 ], [ -77.23598, 38.90289 ], [ -77.23645, 38.90372 ], [ -77.23595, 38.90479 ], [ -77.23506, 38.90512 ], [ -77.23467, 38.90484 ], [ -77.23499, 38.90368 ], [ -77.23457, 38.90279 ], [ -77.23307, 38.90208 ], [ -77.23274, 38.90175 ], [ -77.23314, 38.90113 ], [ -77.23261, 38.90091 ], [ -77.23149, 38.90126 ], [ -77.23197, 38.90165 ], [ -77.23149, 38.90232 ], [ -77.22917, 38.90172 ], [ -77.22796, 38.90209 ], [ -77.22532, 38.90114 ], [ -77.2244, 38.90118 ], [ -77.22434, 38.90266 ], [ -77.22349, 38.90304 ], [ -77.22197, 38.90199 ], [ -77.22219, 38.90069 ], [ -77.22093, 38.90019 ], [ -77.2209, 38.89978 ], [ -77.22197, 38.89754 ], [ -77.22385, 38.89743 ], [ -77.22271, 38.89558 ], [ -77.22306, 38.89527 ], [ -77.22433, 38.89546 ], [ -77.22442, 38.89509 ], [ -77.22191, 38.89424 ], [ -77.22089, 38.89335 ], [ -77.22157, 38.89279 ], [ -77.22439, 38.89378 ], [ -77.22423, 38.89202 ], [ -77.22502, 38.89025 ], [ -77.22378, 38.88977 ], [ -77.22374, 38.88935 ], [ -77.22408, 38.88904 ], [ -77.22554, 38.88902 ], [ -77.22319, 38.88844 ], [ -77.22387, 38.88637 ], [ -77.22338, 38.88571 ], [ -77.2248, 38.88478 ], [ -77.22704, 38.88498 ], [ -77.22696, 38.88259 ], [ -77.22628, 38.88243 ], [ -77.22628, 38.88166 ], [ -77.22868, 38.88128 ], [ -77.22956, 38.88163 ], [ -77.22952, 38.88204 ], [ -77.22851, 38.88246 ], [ -77.22878, 38.88566 ], [ -77.23024, 38.88512 ], [ -77.22957, 38.8842 ], [ -77.23102, 38.88279 ], [ -77.23276, 38.88256 ], [ -77.23345, 38.88206 ], [ -77.23747, 38.88104 ], [ -77.23796, 38.8817 ], [ -77.23641, 38.88407 ], [ -77.23676, 38.88408 ], [ -77.23788, 38.88322 ], [ -77.23743, 38.88253 ], [ -77.23883, 38.88067 ], [ -77.24226, 38.88023 ], [ -77.24353, 38.8806 ], [ -77.24433, 38.88 ], [ -77.24601, 38.88002 ], [ -77.24604, 38.87942 ], [ -77.24419, 38.87891 ], [ -77.24286, 38.87906 ], [ -77.24213, 38.8797 ], [ -77.24165, 38.87953 ], [ -77.24147, 38.87898 ], [ -77.24078, 38.87884 ], [ -77.24056, 38.87847 ], [ -77.24095, 38.878 ], [ -77.24021, 38.87761 ], [ -77.2402, 38.87719 ], [ -77.24067, 38.87689 ], [ -77.24042, 38.87629 ], [ -77.2408, 38.876 ], [ -77.24414, 38.87504 ], [ -77.24418, 38.8743 ], [ -77.24463, 38.87408 ], [ -77.24543, 38.87453 ], [ -77.24565, 38.87538 ], [ -77.24539, 38.8731 ], [ -77.24604, 38.87253 ], [ -77.24677, 38.87304 ], [ -77.24697, 38.87482 ], [ -77.24833, 38.8749 ], [ -77.24855, 38.87528 ], [ -77.24837, 38.87567 ], [ -77.2471, 38.87589 ], [ -77.24719, 38.87669 ], [ -77.24783, 38.87677 ], [ -77.24817, 38.87724 ], [ -77.24734, 38.87784 ], [ -77.2474, 38.88008 ], [ -77.25121, 38.88144 ], [ -77.2531, 38.88387 ], [ -77.25324, 38.88467 ], [ -77.2536, 38.88484 ], [ -77.2537, 38.88449 ], [ -77.25359, 38.88279 ], [ -77.25294, 38.88153 ], [ -77.25329, 38.88032 ], [ -77.25279, 38.8796 ], [ -77.25315, 38.8793 ], [ -77.25477, 38.87964 ], [ -77.25464, 38.88057 ], [ -77.25569, 38.88103 ], [ -77.25739, 38.88277 ], [ -77.25946, 38.88067 ], [ -77.26043, 38.88057 ], [ -77.26056, 38.88132 ], [ -77.25947, 38.88242 ], [ -77.26067, 38.88319 ] ], [ [ -77.24277, 38.894 ], [ -77.24179, 38.89401 ], [ -77.2436, 38.89491 ], [ -77.24277, 38.894 ] ], [ [ -77.24472, 38.89398 ], [ -77.24517, 38.89361 ], [ -77.24474, 38.89326 ], [ -77.24414, 38.89352 ], [ -77.24472, 38.89398 ] ], [ [ -77.24573, 38.8925 ], [ -77.24646, 38.89229 ], [ -77.24533, 38.89218 ], [ -77.24266, 38.89086 ], [ -77.24256, 38.89114 ], [ -77.24573, 38.8925 ] ], [ [ -77.24407, 38.88946 ], [ -77.24361, 38.89005 ], [ -77.24389, 38.89019 ], [ -77.24439, 38.88957 ], [ -77.24407, 38.88946 ] ], [ [ -77.24249, 38.88894 ], [ -77.24216, 38.88934 ], [ -77.24244, 38.88947 ], [ -77.24277, 38.88904 ], [ -77.24249, 38.88894 ] ], [ [ -77.24164, 38.88788 ], [ -77.23836, 38.88675 ], [ -77.23821, 38.88754 ], [ -77.23702, 38.88871 ], [ -77.24005, 38.88989 ], [ -77.24164, 38.88788 ] ], [ [ -77.23794, 38.88478 ], [ -77.23761, 38.88497 ], [ -77.23817, 38.88549 ], [ -77.23912, 38.88583 ], [ -77.23794, 38.88478 ] ], [ [ -77.23953, 38.88245 ], [ -77.23958, 38.88244 ], [ -77.23945, 38.88243 ], [ -77.23953, 38.88245 ] ], [ [ -77.25298, 38.89966 ], [ -77.25308, 38.89969 ], [ -77.25308, 38.89968 ], [ -77.25298, 38.89966 ] ], [ [ -77.25269, 38.89785 ], [ -77.25301, 38.89809 ], [ -77.25389, 38.89738 ], [ -77.25367, 38.89721 ], [ -77.25269, 38.89785 ] ], [ [ -77.25293, 38.89462 ], [ -77.25286, 38.8944 ], [ -77.25264, 38.89491 ], [ -77.25293, 38.89512 ], [ -77.25331, 38.89481 ], [ -77.25293, 38.89462 ] ], [ [ -77.25168, 38.89218 ], [ -77.25268, 38.89198 ], [ -77.25328, 38.89237 ], [ -77.25392, 38.89077 ], [ -77.25479, 38.89062 ], [ -77.25477, 38.88982 ], [ -77.25662, 38.88908 ], [ -77.25323, 38.88993 ], [ -77.25328, 38.89062 ], [ -77.25286, 38.89087 ], [ -77.25233, 38.89083 ], [ -77.25192, 38.89026 ], [ -77.24884, 38.89103 ], [ -77.25025, 38.89304 ], [ -77.25074, 38.89292 ], [ -77.25136, 38.89346 ], [ -77.25186, 38.89294 ], [ -77.25168, 38.89218 ] ], [ [ -77.25583, 38.88814 ], [ -77.2551, 38.88787 ], [ -77.25275, 38.88869 ], [ -77.25583, 38.88814 ] ], [ [ -77.2532, 38.88671 ], [ -77.25353, 38.88638 ], [ -77.25285, 38.88575 ], [ -77.25268, 38.88758 ], [ -77.25361, 38.88734 ], [ -77.2532, 38.88671 ] ], [ [ -77.25037, 38.88653 ], [ -77.25032, 38.88638 ], [ -77.25032, 38.88664 ], [ -77.25037, 38.88653 ] ], [ [ -77.24808, 38.88799 ], [ -77.24779, 38.88971 ], [ -77.24816, 38.89007 ], [ -77.25151, 38.88922 ], [ -77.24873, 38.88953 ], [ -77.24841, 38.88921 ], [ -77.24881, 38.88859 ], [ -77.24867, 38.88742 ], [ -77.24808, 38.88799 ] ], [ [ -77.24528, 38.88816 ], [ -77.24484, 38.88854 ], [ -77.24515, 38.88865 ], [ -77.24727, 38.88692 ], [ -77.24528, 38.88816 ] ], [ [ -77.24793, 38.88371 ], [ -77.24597, 38.883 ], [ -77.24508, 38.88454 ], [ -77.24705, 38.88528 ], [ -77.24793, 38.88371 ] ], [ [ -77.24727, 38.88208 ], [ -77.24718, 38.88224 ], [ -77.24757, 38.88237 ], [ -77.24727, 38.88208 ] ], [ [ -77.24773, 38.88127 ], [ -77.24766, 38.8814 ], [ -77.2477, 38.88137 ], [ -77.24811, 38.88141 ], [ -77.24773, 38.88127 ] ], [ [ -77.25623, 38.89709 ], [ -77.25587, 38.89738 ], [ -77.25839, 38.89931 ], [ -77.2585, 38.89903 ], [ -77.25623, 38.89709 ] ], [ [ -77.25951, 38.8981 ], [ -77.2596, 38.89802 ], [ -77.25728, 38.89625 ], [ -77.25951, 38.8981 ] ], [ [ -77.25679, 38.89491 ], [ -77.25683, 38.89506 ], [ -77.25704, 38.8949 ], [ -77.25679, 38.89491 ] ], [ [ -77.25767, 38.89288 ], [ -77.25754, 38.89299 ], [ -77.25766, 38.89304 ], [ -77.25767, 38.89288 ] ], [ [ -77.25741, 38.88481 ], [ -77.25735, 38.88501 ], [ -77.25768, 38.88491 ], [ -77.25741, 38.88481 ] ], [ [ -77.25612, 38.8844 ], [ -77.2563, 38.88401 ], [ -77.25573, 38.88413 ], [ -77.25612, 38.8844 ] ], [ [ -77.25519, 38.8842 ], [ -77.25507, 38.88421 ], [ -77.25507, 38.88427 ], [ -77.25519, 38.8842 ] ], [ [ -77.26074, 38.88586 ], [ -77.26088, 38.88617 ], [ -77.26115, 38.88606 ], [ -77.26074, 38.88586 ] ], [ [ -77.26096, 38.88461 ], [ -77.26201, 38.88513 ], [ -77.26124, 38.88433 ], [ -77.26096, 38.88461 ] ], [ [ -77.25862, 38.88328 ], [ -77.25812, 38.88379 ], [ -77.25927, 38.88452 ], [ -77.25979, 38.88402 ], [ -77.25862, 38.88328 ] ], [ [ -77.26246, 38.8856 ], [ -77.26207, 38.8852 ], [ -77.26229, 38.8855 ], [ -77.26246, 38.8856 ] ], [ [ -77.26055, 38.88574 ], [ -77.26009, 38.88545 ], [ -77.26037, 38.88566 ], [ -77.26055, 38.88574 ] ], [ [ -77.25837, 38.88538 ], [ -77.25839, 38.88536 ], [ -77.25837, 38.88535 ], [ -77.25837, 38.88538 ] ], [ [ -77.2613, 38.88956 ], [ -77.26136, 38.88964 ], [ -77.26137, 38.88963 ], [ -77.2613, 38.88956 ] ], [ [ -77.26007, 38.89043 ], [ -77.25958, 38.88925 ], [ -77.25857, 38.8885 ], [ -77.26007, 38.89043 ] ], [ [ -77.26111, 38.88761 ], [ -77.26119, 38.88727 ], [ -77.26108, 38.88739 ], [ -77.26111, 38.88761 ] ], [ [ -77.25858, 38.89032 ], [ -77.25839, 38.89008 ], [ -77.25813, 38.88979 ], [ -77.25858, 38.89032 ] ], [ [ -77.25935, 38.8946 ], [ -77.25825, 38.89548 ], [ -77.25842, 38.8956 ], [ -77.25935, 38.8946 ] ], [ [ -77.25882, 38.89353 ], [ -77.2586, 38.89345 ], [ -77.25867, 38.89351 ], [ -77.25882, 38.89353 ] ], [ [ -77.25508, 38.88224 ], [ -77.25438, 38.88164 ], [ -77.25442, 38.88171 ], [ -77.25508, 38.88224 ] ], [ [ -77.25558, 38.88304 ], [ -77.256, 38.88296 ], [ -77.25571, 38.88276 ], [ -77.25558, 38.88304 ] ], [ [ -77.25104, 38.88368 ], [ -77.25, 38.88209 ], [ -77.24962, 38.88313 ], [ -77.25104, 38.88368 ] ], [ [ -77.24812, 38.886 ], [ -77.24894, 38.88635 ], [ -77.24942, 38.88425 ], [ -77.24812, 38.886 ] ], [ [ -77.25569, 38.89555 ], [ -77.25543, 38.89574 ], [ -77.2558, 38.89589 ], [ -77.25569, 38.89555 ] ], [ [ -77.25678, 38.89198 ], [ -77.25678, 38.89204 ], [ -77.25682, 38.89202 ], [ -77.25678, 38.89198 ] ], [ [ -77.2549, 38.89354 ], [ -77.25508, 38.8934 ], [ -77.25465, 38.89329 ], [ -77.2549, 38.89354 ] ], [ [ -77.25329, 38.89287 ], [ -77.25331, 38.89288 ], [ -77.25331, 38.89276 ], [ -77.25329, 38.89287 ] ], [ [ -77.25488, 38.89814 ], [ -77.25398, 38.89886 ], [ -77.25405, 38.89891 ], [ -77.25488, 38.89814 ] ], [ [ -77.25459, 38.89641 ], [ -77.2547, 38.89649 ], [ -77.25463, 38.89637 ], [ -77.25459, 38.89641 ] ], [ [ -77.24643, 38.8891 ], [ -77.24655, 38.88914 ], [ -77.24663, 38.8889 ], [ -77.24643, 38.8891 ] ], [ [ -77.24842, 38.89802 ], [ -77.24936, 38.89793 ], [ -77.24978, 38.89715 ], [ -77.24943, 38.89688 ], [ -77.24748, 38.89843 ], [ -77.24789, 38.89868 ], [ -77.24842, 38.89802 ] ], [ [ -77.24819, 38.89592 ], [ -77.2478, 38.89562 ], [ -77.24657, 38.89658 ], [ -77.24675, 38.89691 ], [ -77.24627, 38.89739 ], [ -77.24658, 38.8976 ], [ -77.24819, 38.89592 ] ], [ [ -77.24815, 38.89228 ], [ -77.24721, 38.89228 ], [ -77.24819, 38.89292 ], [ -77.24802, 38.89368 ], [ -77.24709, 38.89356 ], [ -77.2478, 38.89411 ], [ -77.24871, 38.89337 ], [ -77.24815, 38.89228 ] ], [ [ -77.24711, 38.8908 ], [ -77.24678, 38.89121 ], [ -77.24738, 38.8912 ], [ -77.24711, 38.8908 ] ], [ [ -77.25, 38.89897 ], [ -77.25125, 38.89926 ], [ -77.25099, 38.89816 ], [ -77.25, 38.89897 ] ], [ [ -77.25035, 38.89606 ], [ -77.25133, 38.89637 ], [ -77.25195, 38.89589 ], [ -77.25098, 38.89525 ], [ -77.25035, 38.89606 ] ], [ [ -77.24878, 38.89486 ], [ -77.24936, 38.89531 ], [ -77.25018, 38.89453 ], [ -77.24956, 38.89424 ], [ -77.24878, 38.89486 ] ], [ [ -77.2501, 38.88819 ], [ -77.25069, 38.88808 ], [ -77.25041, 38.88789 ], [ -77.2501, 38.88819 ] ], [ [ -77.25145, 38.90045 ], [ -77.25149, 38.90044 ], [ -77.25144, 38.90043 ], [ -77.25145, 38.90045 ] ], [ [ -77.24594, 38.87779 ], [ -77.24577, 38.87645 ], [ -77.24505, 38.8769 ], [ -77.2442, 38.87612 ], [ -77.24279, 38.87669 ], [ -77.24594, 38.87779 ] ], [ [ -77.24501, 38.89783 ], [ -77.24508, 38.89785 ], [ -77.24506, 38.8978 ], [ -77.24501, 38.89783 ] ], [ [ -77.24591, 38.88646 ], [ -77.2445, 38.88552 ], [ -77.2431, 38.88797 ], [ -77.24366, 38.88798 ], [ -77.24591, 38.88646 ] ], [ [ -77.24343, 38.88459 ], [ -77.24348, 38.88463 ], [ -77.24351, 38.88459 ], [ -77.24343, 38.88459 ] ], [ [ -77.2436, 38.88259 ], [ -77.24367, 38.88272 ], [ -77.24376, 38.88256 ], [ -77.2436, 38.88259 ] ], [ [ -77.24567, 38.89002 ], [ -77.24505, 38.89077 ], [ -77.24536, 38.89093 ], [ -77.24599, 38.89013 ], [ -77.24567, 38.89002 ] ], [ [ -77.24545, 38.89593 ], [ -77.24682, 38.89487 ], [ -77.24617, 38.89437 ], [ -77.24526, 38.89557 ], [ -77.24545, 38.89593 ] ], [ [ -77.24698, 38.89347 ], [ -77.24702, 38.8935 ], [ -77.24686, 38.89333 ], [ -77.24698, 38.89347 ] ], [ [ -77.24682, 38.89923 ], [ -77.24685, 38.89921 ], [ -77.24681, 38.89919 ], [ -77.24682, 38.89923 ] ], [ [ -77.2423, 38.88526 ], [ -77.24122, 38.88505 ], [ -77.24274, 38.88569 ], [ -77.2423, 38.88526 ] ], [ [ -77.24231, 38.88298 ], [ -77.24206, 38.88305 ], [ -77.24223, 38.88308 ], [ -77.24231, 38.88298 ] ], [ [ -77.24054, 38.88602 ], [ -77.24029, 38.88623 ], [ -77.24222, 38.88689 ], [ -77.24054, 38.88602 ] ], [ [ -77.23561, 38.90047 ], [ -77.23577, 38.90045 ], [ -77.23565, 38.9004 ], [ -77.23561, 38.90047 ] ], [ [ -77.23264, 38.89639 ], [ -77.23249, 38.89602 ], [ -77.22815, 38.89485 ], [ -77.22786, 38.8953 ], [ -77.2315, 38.89662 ], [ -77.23264, 38.89639 ] ], [ [ -77.23534, 38.89557 ], [ -77.23319, 38.89509 ], [ -77.234, 38.89614 ], [ -77.23534, 38.89557 ] ], [ [ -77.22921, 38.89289 ], [ -77.22926, 38.8929 ], [ -77.22925, 38.89285 ], [ -77.22921, 38.89289 ] ], [ [ -77.22994, 38.8882 ], [ -77.22947, 38.88756 ], [ -77.22911, 38.8891 ], [ -77.22696, 38.88909 ], [ -77.2258, 38.892 ], [ -77.22821, 38.89264 ], [ -77.22864, 38.89121 ], [ -77.22803, 38.89113 ], [ -77.22772, 38.8904 ], [ -77.22908, 38.89019 ], [ -77.22994, 38.8882 ] ], [ [ -77.23123, 38.88859 ], [ -77.23121, 38.88864 ], [ -77.23127, 38.88861 ], [ -77.23123, 38.88859 ] ], [ [ -77.24, 38.90106 ], [ -77.23986, 38.90103 ], [ -77.23992, 38.90111 ], [ -77.24, 38.90106 ] ], [ [ -77.23818, 38.89968 ], [ -77.23761, 38.89982 ], [ -77.23776, 38.90085 ], [ -77.23939, 38.90073 ], [ -77.23818, 38.89968 ] ], [ [ -77.23912, 38.89811 ], [ -77.2393, 38.89829 ], [ -77.23937, 38.89785 ], [ -77.23957, 38.89744 ], [ -77.23912, 38.89811 ] ], [ [ -77.2373, 38.89711 ], [ -77.23752, 38.89694 ], [ -77.2361, 38.89663 ], [ -77.2373, 38.89711 ] ], [ [ -77.23722, 38.89344 ], [ -77.23763, 38.89289 ], [ -77.23624, 38.89443 ], [ -77.23531, 38.89443 ], [ -77.23623, 38.89464 ], [ -77.23722, 38.89344 ] ], [ [ -77.23599, 38.88627 ], [ -77.23573, 38.88545 ], [ -77.23702, 38.88514 ], [ -77.23493, 38.88555 ], [ -77.2353, 38.88668 ], [ -77.23447, 38.88853 ], [ -77.23461, 38.88882 ], [ -77.23599, 38.88627 ] ], [ [ -77.23447, 38.88292 ], [ -77.23447, 38.8829 ], [ -77.23445, 38.88291 ], [ -77.23447, 38.88292 ] ], [ [ -77.23981, 38.89436 ], [ -77.23885, 38.89481 ], [ -77.2398, 38.89508 ], [ -77.23981, 38.89436 ] ], [ [ -77.23995, 38.89235 ], [ -77.23976, 38.89225 ], [ -77.23874, 38.89355 ], [ -77.23995, 38.89235 ] ], [ [ -77.24244, 38.89549 ], [ -77.2429, 38.8961 ], [ -77.24302, 38.896 ], [ -77.24244, 38.89549 ] ], [ [ -77.24318, 38.89274 ], [ -77.24291, 38.8926 ], [ -77.24298, 38.8927 ], [ -77.24318, 38.89274 ] ], [ [ -77.24138, 38.89387 ], [ -77.24108, 38.89356 ], [ -77.24137, 38.89302 ], [ -77.24065, 38.8935 ], [ -77.24138, 38.89387 ] ], [ [ -77.24049, 38.89134 ], [ -77.24069, 38.89144 ], [ -77.24167, 38.89037 ], [ -77.24049, 38.89134 ] ], [ [ -77.23673, 38.88736 ], [ -77.23671, 38.88736 ], [ -77.2367, 38.88739 ], [ -77.23673, 38.88736 ] ], [ [ -77.23728, 38.89821 ], [ -77.23677, 38.8987 ], [ -77.23732, 38.89874 ], [ -77.23781, 38.89824 ], [ -77.23728, 38.89821 ] ], [ [ -77.23212, 38.88435 ], [ -77.23161, 38.88484 ], [ -77.23212, 38.88486 ], [ -77.23257, 38.88412 ], [ -77.23212, 38.88435 ] ], [ [ -77.23266, 38.88735 ], [ -77.23224, 38.88755 ], [ -77.23254, 38.88751 ], [ -77.23266, 38.88735 ] ], [ [ -77.22986, 38.90035 ], [ -77.23032, 38.90048 ], [ -77.2306, 38.90004 ], [ -77.23022, 38.89994 ], [ -77.22986, 38.90035 ] ], [ [ -77.22713, 38.8967 ], [ -77.22836, 38.89721 ], [ -77.22878, 38.89683 ], [ -77.22582, 38.89571 ], [ -77.22568, 38.89619 ], [ -77.22637, 38.89713 ], [ -77.22713, 38.8967 ] ], [ [ -77.2262, 38.89435 ], [ -77.22597, 38.89425 ], [ -77.22662, 38.89482 ], [ -77.22682, 38.89451 ], [ -77.2262, 38.89435 ] ], [ [ -77.22599, 38.88792 ], [ -77.22592, 38.88798 ], [ -77.22596, 38.88799 ], [ -77.22599, 38.88792 ] ], [ [ -77.22638, 38.88701 ], [ -77.226, 38.88691 ], [ -77.22579, 38.88709 ], [ -77.22624, 38.88734 ], [ -77.22638, 38.88701 ] ], [ [ -77.22696, 38.88578 ], [ -77.22667, 38.88594 ], [ -77.22681, 38.88598 ], [ -77.22696, 38.88578 ] ], [ [ -77.23477, 38.90159 ], [ -77.23472, 38.90158 ], [ -77.23475, 38.9016 ], [ -77.23477, 38.90159 ] ], [ [ -77.22993, 38.8985 ], [ -77.22995, 38.89839 ], [ -77.22992, 38.89841 ], [ -77.22993, 38.8985 ] ], [ [ -77.22666, 38.90055 ], [ -77.22706, 38.90067 ], [ -77.22711, 38.90057 ], [ -77.22666, 38.90055 ] ], [ [ -77.2285, 38.90062 ], [ -77.22913, 38.90073 ], [ -77.22941, 38.90042 ], [ -77.2284, 38.90013 ], [ -77.2285, 38.90062 ] ], [ [ -77.22502, 38.89954 ], [ -77.22469, 38.90011 ], [ -77.22604, 38.89956 ], [ -77.22496, 38.89906 ], [ -77.22502, 38.89954 ] ], [ [ -77.22326, 38.8996 ], [ -77.2235, 38.89872 ], [ -77.223, 38.89899 ], [ -77.22326, 38.8996 ] ] ] } },
{ "type": "Feature", "properties": { "variant": "T0", "miles": 2.0 }, "geometry": { "type": "Polygon", "coordinates": [ [ [ -77.26804, 38.87971 ], [ -77.26819, 38.8807 ], [ -77.27007, 38.88059 ], [ -77.27165, 38.88142 ], [ -77.27162, 38.88252 ], [ -77.26943, 38.88291 ], [ -77.26876, 38.88335 ], [ -77.26976, 38.8858 ], [ -77.27057, 38.88488 ], [ -77.27148, 38.88516 ], [ -77.27069, 38.88666 ], [ -77.2716, 38.88669 ], [ -77.27189, 38.88742 ], [ -77.27062, 38.88781 ], [ -77.27182, 38.89081 ], [ -77.26854, 38.8927 ], [ -77.26822, 38.89351 ], [ -77.26759, 38.89596 ], [ -77.26838, 38.89647 ], [ -77.26716, 38.89766 ], [ -77.26812, 38.89997 ], [ -77.26619, 38.90157 ], [ -77.26782, 38.90297 ], [ -77.26726, 38.90354 ], [ -77.26794, 38.90448 ], [ -77.26644, 38.90552 ], [ -77.26572, 38.90519 ], [ -77.26531, 38.90619 ], [ -77.26397, 38.9073 ], [ -77.263, 38.90728 ], [ -77.26098, 38.90573 ], [ -77.25847, 38.90773 ], [ -77.2575, 38.90773 ], [ -77.25729, 38.90735 ], [ -77.25789, 38.90665 ], [ -77.25397, 38.90342 ], [ -77.25465, 38.90288 ], [ -77.25536, 38.9032 ], [ -77.25649, 38.9023 ], [ -77.25554, 38.90154 ], [ -77.25043, 38.90184 ], [ -77.24769, 38.90137 ], [ -77.24595, 38.90067 ], [ -77.2461, 38.90316 ], [ -77.24843, 38.90492 ], [ -77.24844, 38.90568 ], [ -77.24746, 38.9057 ], [ -77.24517, 38.90396 ], [ -77.2447, 38.90445 ], [ -77.24379, 38.90432 ], [ -77.24319, 38.90315 ], [ -77.24345, 38.90235 ], [ -77.24251, 38.90194 ], [ -77.24195, 38.90396 ], [ -77.24108, 38.90396 ], [ -77.2401, 38.90325 ], [ -77.24016, 38.90491 ], [ -77.24159, 38.90494 ], [ -77.24229, 38.90569 ], [ -77.24166, 38.90653 ], [ -77.2418, 38.90717 ], [ -77.24063, 38.90781 ], [ -77.24126, 38.90842 ], [ -77.24102, 38.90879 ], [ -77.24, 38.9088 ], [ -77.23887, 38.91003 ], [ -77.23791, 38.91016 ], [ -77.23763, 38.90981 ], [ -77.238, 38.90913 ], [ -77.23626, 38.9082 ], [ -77.23564, 38.90846 ], [ -77.23518, 38.90825 ], [ -77.23471, 38.90717 ], [ -77.23525, 38.90653 ], [ -77.2372, 38.9074 ], [ -77.23875, 38.90493 ], [ -77.23874, 38.9039 ], [ -77.23642, 38.9038 ], [ -77.23595, 38.90479 ], [ -77.23506, 38.90512 ], [ -77.23467, 38.90484 ], [ -77.23499, 38.90368 ], [ -77.23457, 38.90279 ], [ -77.23307, 38.90208 ], [ -77.23274, 38.90175 ], [ -77.23314, 38.90113 ], [ -77.23261, 38.90091 ], [ -77.2321, 38.9013 ], [ -77.23156, 38.90119 ], [ -77.23191, 38.90206 ], [ -77.23054, 38.90219 ], [ -77.23062, 38.9031 ], [ -77.22964, 38.90321 ], [ -77.22934, 38.90372 ], [ -77.23035, 38.90421 ], [ -77.23041, 38.90484 ], [ -77.22846, 38.90506 ], [ -77.22742, 38.90577 ], [ -77.22688, 38.90685 ], [ -77.22636, 38.90686 ], [ -77.22543, 38.90581 ], [ -77.22613, 38.9037 ], [ -77.22391, 38.903 ], [ -77.22292, 38.90666 ], [ -77.22404, 38.90626 ], [ -77.22448, 38.9065 ], [ -77.22476, 38.90755 ], [ -77.22346, 38.90839 ], [ -77.2242, 38.90982 ], [ -77.22334, 38.91018 ], [ -77.22202, 38.90857 ], [ -77.22129, 38.91019 ], [ -77.21941, 38.91008 ], [ -77.21861, 38.90912 ], [ -77.21893, 38.90768 ], [ -77.22029, 38.90702 ], [ -77.22125, 38.90714 ], [ -77.22135, 38.90667 ], [ -77.21914, 38.9063 ], [ -77.21858, 38.90454 ], [ -77.21758, 38.90479 ], [ -77.21715, 38.90454 ], [ -77.21681, 38.90269 ], [ -77.2162, 38.90236 ], [ -77.21643, 38.90063 ], [ -77.21535, 38.90016 ], [ -77.21566, 38.89896 ], [ -77.21379, 38.89847 ], [ -77.21294, 38.8991 ], [ -77.21215, 38.89865 ], [ -77.21399, 38.89657 ], [ -77.21449, 38.89671 ], [ -77.21458, 38.89753 ], [ -77.21609, 38.89793 ], [ -77.21622, 38.89761 ], [ -77.21516, 38.89669 ], [ -77.21586, 38.8958 ], [ -77.21749, 38.89525 ], [ -77.21842, 38.8955 ], [ -77.218, 38.89694 ], [ -77.21922, 38.8971 ], [ -77.21884, 38.89675 ], [ -77.21935, 38.89607 ], [ -77.21892, 38.89516 ], [ -77.21767, 38.89466 ], [ -77.21781, 38.8941 ], [ -77.21716, 38.89437 ], [ -77.21701, 38.8949 ], [ -77.21598, 38.89487 ], [ -77.21426, 38.89554 ], [ -77.21313, 38.89542 ], [ -77.21309, 38.89466 ], [ -77.21657, 38.89339 ], [ -77.21655, 38.89227 ], [ -77.21735, 38.89122 ], [ -77.21825, 38.89151 ], [ -77.21789, 38.89282 ], [ -77.21931, 38.8923 ], [ -77.21914, 38.89133 ], [ -77.21948, 38.89102 ], [ -77.22094, 38.89123 ], [ -77.22018, 38.89001 ], [ -77.22188, 38.88941 ], [ -77.2223, 38.89005 ], [ -77.22268, 38.88913 ], [ -77.22159, 38.88884 ], [ -77.22115, 38.88816 ], [ -77.2215, 38.88785 ], [ -77.22251, 38.88795 ], [ -77.22263, 38.88658 ], [ -77.22307, 38.88634 ], [ -77.22376, 38.88662 ], [ -77.22338, 38.88571 ], [ -77.2248, 38.88478 ], [ -77.22704, 38.88498 ], [ -77.22698, 38.8827 ], [ -77.22584, 38.88314 ], [ -77.22438, 38.88302 ], [ -77.22456, 38.88177 ], [ -77.22239, 38.88168 ], [ -77.22209, 38.88052 ], [ -77.22148, 38.8801 ], [ -77.22218, 38.87947 ], [ -77.22219, 38.87815 ], [ -77.22437, 38.87776 ], [ -77.22334, 38.87763 ], [ -77.22321, 38.87688 ], [ -77.2262, 38.87638 ], [ -77.22638, 38.87412 ], [ -77.22704, 38.87392 ], [ -77.22776, 38.8743 ], [ -77.22824, 38.87789 ], [ -77.23028, 38.8779 ], [ -77.23052, 38.8761 ], [ -77.23129, 38.87562 ], [ -77.2319, 38.87622 ], [ -77.23173, 38.87746 ], [ -77.23302, 38.87757 ], [ -77.23341, 38.87481 ], [ -77.23161, 38.87421 ], [ -77.23151, 38.87345 ], [ -77.23368, 38.87314 ], [ -77.23459, 38.87228 ], [ -77.23568, 38.87268 ], [ -77.23638, 38.87172 ], [ -77.2374, 38.87203 ], [ -77.23711, 38.87304 ], [ -77.2389, 38.87292 ], [ -77.2388, 38.87194 ], [ -77.23944, 38.87137 ], [ -77.24018, 38.87187 ], [ -77.24028, 38.87283 ], [ -77.24379, 38.87259 ], [ -77.24387, 38.87117 ], [ -77.24261, 38.87101 ], [ -77.24241, 38.87063 ], [ -77.24262, 38.87025 ], [ -77.24391, 38.87009 ], [ -77.24376, 38.8677 ], [ -77.24462, 38.86728 ], [ -77.24566, 38.86737 ], [ -77.246, 38.86635 ], [ -77.2465, 38.86624 ], [ -77.24697, 38.86643 ], [ -77.24704, 38.86747 ], [ -77.24902, 38.86747 ], [ -77.24966, 38.86805 ], [ -77.24893, 38.86855 ], [ -77.24694, 38.86855 ], [ -77.24686, 38.8706 ], [ -77.24849, 38.87063 ], [ -77.24936, 38.86975 ], [ -77.25065, 38.87014 ], [ -77.25174, 38.86976 ], [ -77.25241, 38.87059 ], [ -77.25245, 38.8715 ], [ -77.25333, 38.8711 ], [ -77.25381, 38.87127 ], [ -77.25397, 38.87209 ], [ -77.25527, 38.87205 ], [ -77.25599, 38.87257 ], [ -77.25533, 38.87313 ], [ -77.25351, 38.87332 ], [ -77.25349, 38.87451 ], [ -77.25307, 38.87477 ], [ -77.25202, 38.8744 ], [ -77.25184, 38.87324 ], [ -77.25123, 38.87327 ], [ -77.251, 38.87416 ], [ -77.24993, 38.87436 ], [ -77.25011, 38.8765 ], [ -77.25064, 38.87629 ], [ -77.25136, 38.87692 ], [ -77.25262, 38.87696 ], [ -77.25327, 38.87734 ], [ -77.25289, 38.87805 ], [ -77.25212, 38.87803 ], [ -77.2527, 38.87854 ], [ -77.25249, 38.87898 ], [ -77.24925, 38.87945 ], [ -77.24789, 38.8777 ], [ -77.24734, 38.87784 ], [ -77.2474, 38.88008 ], [ -77.25121, 38.88144 ], [ -77.2531, 38.88387 ], [ -77.25324, 38.88467 ], [ -77.2536, 38.88484 ], [ -77.2537, 38.88449 ], [ -77.25359, 38.88279 ], [ -77.25294, 38.88153 ], [ -77.25329, 38.88032 ], [ -77.25279, 38.8796 ], [ -77.25315, 38.8793 ], [ -77.25715, 38.88023 ], [ -77.25731, 38.8794 ], [ -77.25826, 38.87948 ], [ -77.2591, 38.87884 ], [ -77.26116, 38.87876 ], [ -77.26181, 38.87945 ], [ -77.26145, 38.88032 ], [ -77.2626, 38.88079 ], [ -77.26246, 38.88168 ], [ -77.26315, 38.88219 ], [ -77.26691, 38.88244 ], [ -77.26638, 38.87999 ], [ -77.26647, 38.87958 ], [ -77.26742, 38.87941 ], [ -77.26804, 38.87971 ] ], [ [ -77.24459, 38.90297 ], [ -77.24471, 38.90309 ], [ -77.2447, 38.90292 ], [ -77.24459, 38.90297 ] ], [ [ -77.2426, 38.90029 ], [ -77.24448, 38.89973 ], [ -77.24279, 38.89839 ], [ -77.2426, 38.90029 ] ], [ [ -77.24086, 38.89599 ], [ -77.24106, 38.89526 ], [ -77.2402, 38.89552 ], [ -77.24086, 38.89599 ] ], [ [ -77.24137, 38.89302 ], [ -77.24115, 38.8929 ], [ -77.24065, 38.8935 ], [ -77.24131, 38.89385 ], [ -77.24137, 38.89302 ] ], [ [ -77.24145, 38.89049 ], [ -77.24167, 38.89037 ], [ -77.24111, 38.89058 ], [ -77.24077, 38.89133 ], [ -77.24145, 38.89049 ] ], [ [ -77.24164, 38.88788 ], [ -77.23836, 38.88675 ], [ -77.23821, 38.88754 ], [ -77.23702, 38.88871 ], [ -77.24005, 38.88989 ], [ -77.24164, 38.88788 ] ], [ [ -77.24054, 38.88602 ], [ -77.24029, 38.88623 ], [ -77.24222, 38.88689 ], [ -77.24054, 38.88602 ] ], [ [ -77.24223, 38.88308 ], [ -77.24238, 38.88311 ], [ -77.24231, 38.88298 ], [ -77.24223, 38.88308 ] ], [ [ -77.23916, 38.88057 ], [ -77.24226, 38.88023 ], [ -77.24353, 38.8806 ], [ -77.24433, 38.88 ], [ -77.24601, 38.88002 ], [ -77.24604, 38.87942 ], [ -77.24532, 38.87907 ], [ -77.24464, 38.87949 ], [ -77.24358, 38.87929 ], [ -77.24213, 38.8797 ], [ -77.2398, 38.87969 ], [ -77.23926, 38.87901 ], [ -77.24034, 38.877 ], [ -77.23683, 38.87597 ], [ -77.2372, 38.87726 ], [ -77.2365, 38.88047 ], [ -77.23404, 38.88158 ], [ -77.23119, 38.88146 ], [ -77.22927, 38.88227 ], [ -77.22863, 38.88313 ], [ -77.22878, 38.88566 ], [ -77.23024, 38.88512 ], [ -77.22957, 38.8842 ], [ -77.23082, 38.88287 ], [ -77.23276, 38.88256 ], [ -77.23345, 38.88206 ], [ -77.23729, 38.88101 ], [ -77.23796, 38.8817 ], [ -77.23641, 38.88407 ], [ -77.23694, 38.88403 ], [ -77.23788, 38.88322 ], [ -77.23743, 38.88253 ], [ -77.23788, 38.88219 ], [ -77.23815, 38.88139 ], [ -77.23916, 38.88057 ] ], [ [ -77.24272, 38.87506 ], [ -77.24274, 38.87446 ], [ -77.24072, 38.87595 ], [ -77.24133, 38.876 ], [ -77.24272, 38.87506 ] ], [ [ -77.23675, 38.87425 ], [ -77.23678, 38.87479 ], [ -77.23928, 38.87533 ], [ -77.24143, 38.87394 ], [ -77.23675, 38.87425 ] ], [ [ -77.25794, 38.90517 ], [ -77.25886, 38.90588 ], [ -77.25998, 38.90498 ], [ -77.25935, 38.9045 ], [ -77.25794, 38.90517 ] ], [ [ -77.25488, 38.89814 ], [ -77.25398, 38.89886 ], [ -77.25405, 38.89891 ], [ -77.25488, 38.89814 ] ], [ [ -77.25269, 38.89785 ], [ -77.25301, 38.89809 ], [ -77.25389, 38.89738 ], [ -77.25367, 38.89721 ], [ -77.25269, 38.89785 ] ], [ [ -77.25293, 38.89462 ], [ -77.25286, 38.8944 ], [ -77.25264, 38.89491 ], [ -77.25293, 38.89512 ], [ -77.25331, 38.89481 ], [ -77.25293, 38.89462 ] ], [ [ -77.25329, 38.89287 ], [ -77.25331, 38.89288 ], [ -77.25331, 38.89276 ], [ -77.25329, 38.89287 ] ], [ [ -77.25392, 38.89077 ], [ -77.25479, 38.89062 ], [ -77.25477, 38.88982 ], [ -77.25662, 38.88908 ], [ -77.25323, 38.88993 ], [ -77.25328, 38.89062 ], [ -77.25286, 38.89087 ], [ -77.25233, 38.89083 ], [ -77.25192, 38.89026 ], [ -77.24884, 38.89103 ], [ -77.25024, 38.89303 ], [ -77.25074, 38.89292 ], [ -77.25136, 38.89346 ], [ -77.25186, 38.89294 ], [ -77.25168, 38.89218 ], [ -77.25268, 38.89198 ], [ -77.25328, 38.89233 ], [ -77.25392, 38.89077 ] ], [ [ -77.25583, 38.88814 ], [ -77.2551, 38.88787 ], [ -77.25275, 38.88869 ], [ -77.25583, 38.88814 ] ], [ [ -77.25353, 38.88638 ], [ -77.25285, 38.88575 ], [ -77.25268, 38.88758 ], [ -77.25361, 38.88734 ], [ -77.2532, 38.88671 ], [ -77.25353, 38.88638 ] ], [ [ -77.26532, 38.90255 ], [ -77.26539, 38.90248 ], [ -77.26522, 38.90234 ], [ -77.26532, 38.90255 ] ], [ [ -77.26505, 38.9005 ], [ -77.26463, 38.90037 ], [ -77.2652, 38.90081 ], [ -77.26538, 38.90039 ], [ -77.26505, 38.9005 ] ], [ [ -77.26429, 38.90011 ], [ -77.26453, 38.90029 ], [ -77.26438, 38.90002 ], [ -77.26429, 38.90011 ] ], [ [ -77.26552, 38.89635 ], [ -77.26576, 38.89621 ], [ -77.26571, 38.89619 ], [ -77.26459, 38.89708 ], [ -77.26552, 38.89635 ] ], [ [ -77.26639, 38.89525 ], [ -77.26677, 38.89371 ], [ -77.2655, 38.89375 ], [ -77.26524, 38.89442 ], [ -77.26469, 38.89447 ], [ -77.26639, 38.89525 ] ], [ [ -77.26028, 38.89157 ], [ -77.26149, 38.8919 ], [ -77.2613, 38.8926 ], [ -77.26335, 38.89344 ], [ -77.26088, 38.89131 ], [ -77.26028, 38.89157 ] ], [ [ -77.25951, 38.88916 ], [ -77.25857, 38.8885 ], [ -77.26007, 38.89043 ], [ -77.25951, 38.88916 ] ], [ [ -77.25936, 38.88443 ], [ -77.25918, 38.88447 ], [ -77.25927, 38.88452 ], [ -77.25936, 38.88443 ] ], [ [ -77.25875, 38.88336 ], [ -77.25862, 38.88328 ], [ -77.25812, 38.88379 ], [ -77.25849, 38.88403 ], [ -77.25875, 38.88336 ] ], [ [ -77.2584, 38.88174 ], [ -77.25846, 38.88167 ], [ -77.25816, 38.88159 ], [ -77.2584, 38.88174 ] ], [ [ -77.26411, 38.89154 ], [ -77.26355, 38.89188 ], [ -77.26443, 38.89277 ], [ -77.265, 38.89243 ], [ -77.26411, 38.89154 ] ], [ [ -77.26383, 38.88819 ], [ -77.26375, 38.88831 ], [ -77.26398, 38.88822 ], [ -77.26383, 38.88819 ] ], [ [ -77.26515, 38.8868 ], [ -77.26449, 38.88653 ], [ -77.26492, 38.88733 ], [ -77.26515, 38.8868 ] ], [ [ -77.26432, 38.88611 ], [ -77.26445, 38.88644 ], [ -77.26449, 38.88604 ], [ -77.26432, 38.88611 ] ], [ [ -77.26348, 38.88367 ], [ -77.26215, 38.88348 ], [ -77.26373, 38.88513 ], [ -77.26472, 38.88472 ], [ -77.26388, 38.88464 ], [ -77.26348, 38.88367 ] ], [ [ -77.26532, 38.88446 ], [ -77.26505, 38.88436 ], [ -77.26487, 38.88466 ], [ -77.26532, 38.88446 ] ], [ [ -77.2683, 38.88614 ], [ -77.26825, 38.88601 ], [ -77.26797, 38.88602 ], [ -77.2683, 38.88614 ] ], [ [ -77.26618, 38.88386 ], [ -77.26608, 38.88411 ], [ -77.26633, 38.88399 ], [ -77.26618, 38.88386 ] ], [ [ -77.26945, 38.88927 ], [ -77.26947, 38.89027 ], [ -77.26996, 38.88998 ], [ -77.2686, 38.88724 ], [ -77.26945, 38.88927 ] ], [ [ -77.26715, 38.88993 ], [ -77.26747, 38.8897 ], [ -77.26693, 38.88957 ], [ -77.26715, 38.88993 ] ], [ [ -77.26568, 38.89002 ], [ -77.26563, 38.88994 ], [ -77.26551, 38.88999 ], [ -77.26568, 38.89002 ] ], [ [ -77.26538, 38.88774 ], [ -77.2651, 38.88758 ], [ -77.26528, 38.88781 ], [ -77.26538, 38.88774 ] ], [ [ -77.2661, 38.88592 ], [ -77.26596, 38.88579 ], [ -77.26592, 38.88612 ], [ -77.2661, 38.88592 ] ], [ [ -77.26729, 38.88814 ], [ -77.26752, 38.88814 ], [ -77.26747, 38.88802 ], [ -77.26729, 38.88814 ] ], [ [ -77.26549, 38.8911 ], [ -77.26541, 38.89108 ], [ -77.26545, 38.89112 ], [ -77.26549, 38.8911 ] ], [ [ -77.26012, 38.87998 ], [ -77.2602, 38.87985 ], [ -77.25976, 38.87988 ], [ -77.26012, 38.87998 ] ], [ [ -77.26141, 38.88184 ], [ -77.26119, 38.88213 ], [ -77.26177, 38.88223 ], [ -77.26141, 38.88184 ] ], [ [ -77.2617, 38.8882 ], [ -77.26183, 38.88833 ], [ -77.26198, 38.88802 ], [ -77.2617, 38.8882 ] ], [ [ -77.26108, 38.88739 ], [ -77.26119, 38.88727 ], [ -77.26092, 38.88742 ], [ -77.26108, 38.88739 ] ], [ [ -77.26169, 38.88506 ], [ -77.26201, 38.88513 ], [ -77.26124, 38.88433 ], [ -77.26096, 38.88461 ], [ -77.26169, 38.88506 ] ], [ [ -77.26207, 38.8852 ], [ -77.26222, 38.88568 ], [ -77.26246, 38.8856 ], [ -77.26207, 38.8852 ] ], [ [ -77.26088, 38.88617 ], [ -77.26115, 38.88606 ], [ -77.26097, 38.88599 ], [ -77.26088, 38.88617 ] ], [ [ -77.26009, 38.88545 ], [ -77.26007, 38.88547 ], [ -77.26033, 38.88566 ], [ -77.26009, 38.88545 ] ], [ [ -77.26218, 38.89051 ], [ -77.2627, 38.89103 ], [ -77.26328, 38.89067 ], [ -77.26277, 38.89016 ], [ -77.26218, 38.89051 ] ], [ [ -77.26137, 38.88963 ], [ -77.2613, 38.88956 ], [ -77.26136, 38.88964 ], [ -77.26137, 38.88963 ] ], [ [ -77.26236, 38.88886 ], [ -77.26237, 38.88887 ], [ -77.26261, 38.88888 ], [ -77.26236, 38.88886 ] ], [ [ -77.25817, 38.90165 ], [ -77.25759, 38.90163 ], [ -77.25906, 38.90274 ], [ -77.25817, 38.90165 ] ], [ [ -77.25728, 38.89625 ], [ -77.2572, 38.89632 ], [ -77.25951, 38.8981 ], [ -77.25728, 38.89625 ] ], [ [ -77.2604, 38.89569 ], [ -77.26033, 38.89563 ], [ -77.2594, 38.89636 ], [ -77.2604, 38.89569 ] ], [ [ -77.25825, 38.89548 ], [ -77.25842, 38.8956 ], [ -77.25944, 38.8948 ], [ -77.25825, 38.89548 ] ], [ [ -77.25866, 38.89348 ], [ -77.2586, 38.89345 ], [ -77.25873, 38.89358 ], [ -77.25866, 38.89348 ] ], [ [ -77.26258, 38.90254 ], [ -77.26281, 38.90272 ], [ -77.26284, 38.90265 ], [ -77.26258, 38.90254 ] ], [ [ -77.26361, 38.8991 ], [ -77.26398, 38.89881 ], [ -77.26347, 38.89868 ], [ -77.26333, 38.89809 ], [ -77.26251, 38.89874 ], [ -77.26361, 38.8991 ] ], [ [ -77.26079, 38.89917 ], [ -77.26059, 38.89878 ], [ -77.26, 38.8993 ], [ -77.26079, 38.89917 ] ], [ [ -77.26148, 38.89651 ], [ -77.26139, 38.89645 ], [ -77.26047, 38.89717 ], [ -77.26148, 38.89651 ] ], [ [ -77.26333, 38.89504 ], [ -77.26339, 38.89499 ], [ -77.26328, 38.89494 ], [ -77.26333, 38.89504 ] ], [ [ -77.26388, 38.90186 ], [ -77.26423, 38.90158 ], [ -77.26192, 38.89981 ], [ -77.26092, 38.90061 ], [ -77.26388, 38.90186 ] ], [ [ -77.26194, 38.90496 ], [ -77.26233, 38.90525 ], [ -77.26321, 38.90453 ], [ -77.26284, 38.90425 ], [ -77.26194, 38.90496 ] ], [ [ -77.26092, 38.9028 ], [ -77.26003, 38.90351 ], [ -77.26095, 38.90421 ], [ -77.26185, 38.90349 ], [ -77.26092, 38.9028 ] ], [ [ -77.26332, 38.90601 ], [ -77.2635, 38.90614 ], [ -77.26415, 38.9056 ], [ -77.26422, 38.9053 ], [ -77.26332, 38.90601 ] ], [ [ -77.25837, 38.88538 ], [ -77.25839, 38.88536 ], [ -77.25837, 38.88535 ], [ -77.25837, 38.88538 ] ], [ [ -77.25743, 38.88475 ], [ -77.25735, 38.88501 ], [ -77.25753, 38.8849 ], [ -77.25743, 38.88475 ] ], [ [ -77.25755, 38.8826 ], [ -77.25713, 38.88233 ], [ -77.25724, 38.88248 ], [ -77.25755, 38.8826 ] ], [ [ -77.25558, 38.88304 ], [ -77.256, 38.88296 ], [ -77.25594, 38.8829 ], [ -77.25558, 38.88304 ] ], [ [ -77.25508, 38.88224 ], [ -77.25438, 38.88164 ], [ -77.2547, 38.88206 ], [ -77.25508, 38.88224 ] ], [ [ -77.2563, 38.88401 ], [ -77.25568, 38.88414 ], [ -77.25612, 38.8844 ], [ -77.2563, 38.88401 ] ], [ [ -77.25507, 38.88421 ], [ -77.25507, 38.88427 ], [ -77.25519, 38.8842 ], [ -77.25507, 38.88421 ] ], [ [ -77.25679, 38.89491 ], [ -77.25683, 38.89506 ], [ -77.25704, 38.8949 ], [ -77.25679, 38.89491 ] ], [ [ -77.25858, 38.89032 ], [ -77.2584, 38.89009 ], [ -77.25813, 38.88979 ], [ -77.25858, 38.89032 ] ], [ [ -77.25767, 38.89288 ], [ -77.25754, 38.89299 ], [ -77.25766, 38.89304 ], [ -77.25767, 38.89288 ] ], [ [ -77.2549, 38.89354 ], [ -77.25508, 38.8934 ], [ -77.25465, 38.89329 ], [ -77.2549, 38.89354 ] ], [ [ -77.25839, 38.89931 ], [ -77.25861, 38.89892 ], [ -77.25623, 38.89709 ], [ -77.25587, 38.89738 ], [ -77.25839, 38.89931 ] ], [ [ -77.25543, 38.89574 ], [ -77.2558, 38.89589 ], [ -77.2561, 38.89565 ], [ -77.25543, 38.89574 ] ], [ [ -77.25463, 38.89637 ], [ -77.25459, 38.89641 ], [ -77.2547, 38.89649 ], [ -77.25463, 38.89637 ] ], [ [ -77.25793, 38.90342 ], [ -77.25807, 38.90352 ], [ -77.25809, 38.90351 ], [ -77.25793, 38.90342 ] ], [ [ -77.24577, 38.87645 ], [ -77.24505, 38.8769 ], [ -77.2442, 38.87612 ], [ -77.24386, 38.87672 ], [ -77.24279, 38.87669 ], [ -77.24588, 38.87777 ], [ -77.24577, 38.87645 ] ], [ [ -77.24544, 38.87366 ], [ -77.24352, 38.87379 ], [ -77.24317, 38.87413 ], [ -77.24514, 38.87418 ], [ -77.24565, 38.87538 ], [ -77.24544, 38.87366 ] ], [ [ -77.24544, 38.87121 ], [ -77.24525, 38.8712 ], [ -77.24518, 38.87249 ], [ -77.24544, 38.87121 ] ], [ [ -77.24522, 38.8684 ], [ -77.24529, 38.87012 ], [ -77.2455, 38.87013 ], [ -77.24522, 38.8684 ] ], [ [ -77.25041, 38.87778 ], [ -77.24993, 38.87683 ], [ -77.2493, 38.87709 ], [ -77.24929, 38.87773 ], [ -77.24967, 38.87828 ], [ -77.25041, 38.87778 ] ], [ [ -77.24842, 38.87346 ], [ -77.24834, 38.87347 ], [ -77.24875, 38.87601 ], [ -77.24842, 38.87346 ] ], [ [ -77.24776, 38.87676 ], [ -77.2471, 38.87589 ], [ -77.24719, 38.87669 ], [ -77.24776, 38.87676 ] ], [ [ -77.24701, 38.874 ], [ -77.24687, 38.87401 ], [ -77.24697, 38.87482 ], [ -77.24701, 38.874 ] ], [ [ -77.24873, 38.88953 ], [ -77.24841, 38.88921 ], [ -77.24881, 38.88859 ], [ -77.24867, 38.88742 ], [ -77.24808, 38.88799 ], [ -77.24779, 38.88971 ], [ -77.24816, 38.89007 ], [ -77.25143, 38.88903 ], [ -77.24873, 38.88953 ] ], [ [ -77.24942, 38.88425 ], [ -77.24919, 38.88416 ], [ -77.24812, 38.886 ], [ -77.24894, 38.88635 ], [ -77.24942, 38.88425 ] ], [ [ -77.25104, 38.88368 ], [ -77.25, 38.88209 ], [ -77.24962, 38.88313 ], [ -77.25104, 38.88368 ] ], [ [ -77.25146, 38.88513 ], [ -77.25148, 38.88516 ], [ -77.25149, 38.88512 ], [ -77.25146, 38.88513 ] ], [ [ -77.25032, 38.88664 ], [ -77.25047, 38.88669 ], [ -77.25039, 38.88656 ], [ -77.25032, 38.88664 ] ], [ [ -77.25017, 38.8882 ], [ -77.25069, 38.88808 ], [ -77.25015, 38.88777 ], [ -77.25017, 38.8882 ] ], [ [ -77.25081, 38.89847 ], [ -77.25099, 38.89816 ], [ -77.25, 38.89897 ], [ -77.25108, 38.89913 ], [ -77.25081, 38.89847 ] ], [ [ -77.24943, 38.89688 ], [ -77.24748, 38.89843 ], [ -77.24759, 38.89875 ], [ -77.24821, 38.89865 ], [ -77.24842, 38.89802 ], [ -77.2492, 38.89806 ], [ -77.24978, 38.89715 ], [ -77.24943, 38.89688 ] ], [ [ -77.25018, 38.89453 ], [ -77.24968, 38.89415 ], [ -77.24878, 38.89486 ], [ -77.24936, 38.89531 ], [ -77.25018, 38.89453 ] ], [ [ -77.25308, 38.89969 ], [ -77.25308, 38.89968 ], [ -77.25302, 38.89963 ], [ -77.25308, 38.89969 ] ], [ [ -77.25035, 38.89606 ], [ -77.25133, 38.89637 ], [ -77.25195, 38.89589 ], [ -77.25096, 38.89531 ], [ -77.25035, 38.89606 ] ], [ [ -77.25149, 38.90044 ], [ -77.25144, 38.90043 ], [ -77.25145, 38.90045 ], [ -77.25149, 38.90044 ] ], [ [ -77.244, 38.89676 ], [ -77.24328, 38.89729 ], [ -77.24354, 38.89747 ], [ -77.244, 38.89676 ] ], [ [ -77.24501, 38.89783 ], [ -77.24508, 38.89785 ], [ -77.24506, 38.8978 ], [ -77.24501, 38.89783 ] ], [ [ -77.24523, 38.89556 ], [ -77.24545, 38.89593 ], [ -77.24682, 38.89487 ], [ -77.24617, 38.89437 ], [ -77.24523, 38.89556 ] ], [ [ -77.24414, 38.89352 ], [ -77.24472, 38.89398 ], [ -77.24517, 38.89361 ], [ -77.24486, 38.89336 ], [ -77.24414, 38.89352 ] ], [ [ -77.24646, 38.89229 ], [ -77.24533, 38.89218 ], [ -77.24266, 38.89086 ], [ -77.24256, 38.89114 ], [ -77.24454, 38.89213 ], [ -77.24646, 38.89229 ] ], [ [ -77.24567, 38.89002 ], [ -77.24505, 38.89077 ], [ -77.24536, 38.89093 ], [ -77.24599, 38.89013 ], [ -77.24567, 38.89002 ] ], [ [ -77.24582, 38.888 ], [ -77.24742, 38.88693 ], [ -77.24484, 38.88854 ], [ -77.24582, 38.888 ] ], [ [ -77.24591, 38.88646 ], [ -77.2445, 38.88552 ], [ -77.2431, 38.88797 ], [ -77.24366, 38.88798 ], [ -77.24591, 38.88646 ] ], [ [ -77.24705, 38.88528 ], [ -77.24793, 38.88371 ], [ -77.24597, 38.883 ], [ -77.24508, 38.88454 ], [ -77.24705, 38.88528 ] ], [ [ -77.24657, 38.89658 ], [ -77.24675, 38.89691 ], [ -77.24627, 38.89739 ], [ -77.24658, 38.8976 ], [ -77.24775, 38.89667 ], [ -77.24819, 38.89592 ], [ -77.2478, 38.89562 ], [ -77.24657, 38.89658 ] ], [ [ -77.24757, 38.88237 ], [ -77.24727, 38.88208 ], [ -77.24718, 38.88224 ], [ -77.24835, 38.88267 ], [ -77.24757, 38.88237 ] ], [ [ -77.24766, 38.8814 ], [ -77.24811, 38.88141 ], [ -77.24773, 38.88127 ], [ -77.24766, 38.8814 ] ], [ [ -77.24678, 38.89121 ], [ -77.24738, 38.8912 ], [ -77.24711, 38.8908 ], [ -77.24678, 38.89121 ] ], [ [ -77.24663, 38.8889 ], [ -77.24643, 38.8891 ], [ -77.24655, 38.88914 ], [ -77.24663, 38.8889 ] ], [ [ -77.24831, 38.89333 ], [ -77.24802, 38.89368 ], [ -77.24709, 38.89356 ], [ -77.2478, 38.89411 ], [ -77.24883, 38.89328 ], [ -77.24815, 38.89228 ], [ -77.24731, 38.89231 ], [ -77.24831, 38.89333 ] ], [ [ -77.24682, 38.89923 ], [ -77.24685, 38.89921 ], [ -77.24681, 38.89919 ], [ -77.24682, 38.89923 ] ], [ [ -77.24367, 38.88272 ], [ -77.24376, 38.88256 ], [ -77.2436, 38.88259 ], [ -77.24367, 38.88272 ] ], [ [ -77.24157, 38.88516 ], [ -77.24122, 38.88505 ], [ -77.24274, 38.88569 ], [ -77.24157, 38.88516 ] ], [ [ -77.24348, 38.88463 ], [ -77.24351, 38.88459 ], [ -77.24345, 38.88459 ], [ -77.24348, 38.88463 ] ], [ [ -77.24179, 38.89401 ], [ -77.2436, 38.89491 ], [ -77.24375, 38.89478 ], [ -77.24277, 38.894 ], [ -77.24179, 38.89401 ] ], [ [ -77.24361, 38.89005 ], [ -77.24389, 38.89019 ], [ -77.24439, 38.88957 ], [ -77.24407, 38.88946 ], [ -77.24361, 38.89005 ] ], [ [ -77.24249, 38.88894 ], [ -77.24216, 38.88934 ], [ -77.24244, 38.88947 ], [ -77.24277, 38.88904 ], [ -77.24249, 38.88894 ] ], [ [ -77.24318, 38.89274 ], [ -77.24291, 38.8926 ], [ -77.24304, 38.89284 ], [ -77.24318, 38.89274 ] ], [ [ -77.24233, 38.89567 ], [ -77.2429, 38.8961 ], [ -77.24302, 38.896 ], [ -77.24233, 38.89567 ] ], [ [ -77.24453, 38.9015 ], [ -77.24457, 38.90083 ], [ -77.24361, 38.90114 ], [ -77.24453, 38.9015 ] ], [ [ -77.22738, 38.90193 ], [ -77.22759, 38.90308 ], [ -77.22808, 38.90326 ], [ -77.22854, 38.90206 ], [ -77.22738, 38.90193 ] ], [ [ -77.22941, 38.90042 ], [ -77.22838, 38.90012 ], [ -77.2285, 38.90062 ], [ -77.22941, 38.90042 ] ], [ [ -77.22878, 38.89683 ], [ -77.22582, 38.89571 ], [ -77.22629, 38.89727 ], [ -77.22725, 38.89669 ], [ -77.22847, 38.89712 ], [ -77.22878, 38.89683 ] ], [ [ -77.23134, 38.89666 ], [ -77.23264, 38.89639 ], [ -77.23238, 38.89597 ], [ -77.22815, 38.89485 ], [ -77.22786, 38.8953 ], [ -77.23134, 38.89666 ] ], [ [ -77.22827, 38.89207 ], [ -77.22832, 38.89196 ], [ -77.22816, 38.89197 ], [ -77.22827, 38.89207 ] ], [ [ -77.22786, 38.88908 ], [ -77.22696, 38.88909 ], [ -77.22639, 38.89047 ], [ -77.22768, 38.89081 ], [ -77.22786, 38.88908 ] ], [ [ -77.2269, 38.88585 ], [ -77.22696, 38.88578 ], [ -77.22667, 38.88594 ], [ -77.2269, 38.88585 ] ], [ [ -77.22579, 38.87798 ], [ -77.22574, 38.87813 ], [ -77.22665, 38.87802 ], [ -77.22579, 38.87798 ] ], [ [ -77.23728, 38.89821 ], [ -77.23677, 38.8987 ], [ -77.23732, 38.89874 ], [ -77.23781, 38.89824 ], [ -77.23728, 38.89821 ] ], [ [ -77.23752, 38.89694 ], [ -77.2361, 38.89663 ], [ -77.23725, 38.89709 ], [ -77.23752, 38.89694 ] ], [ [ -77.23722, 38.89344 ], [ -77.23763, 38.89289 ], [ -77.23624, 38.89443 ], [ -77.23531, 38.89443 ], [ -77.23623, 38.89464 ], [ -77.23722, 38.89344 ] ], [ [ -77.23881, 38.89359 ], [ -77.23995, 38.89235 ], [ -77.23976, 38.89225 ], [ -77.23881, 38.89359 ] ], [ [ -77.23885, 38.89481 ], [ -77.2398, 38.89508 ], [ -77.23999, 38.89448 ], [ -77.23885, 38.89481 ] ], [ [ -77.23912, 38.89811 ], [ -77.2393, 38.89829 ], [ -77.23957, 38.89744 ], [ -77.23912, 38.89811 ] ], [ [ -77.24, 38.90106 ], [ -77.23992, 38.90104 ], [ -77.23993, 38.9011 ], [ -77.24, 38.90106 ] ], [ [ -77.23808, 38.90282 ], [ -77.23869, 38.90282 ], [ -77.23867, 38.90228 ], [ -77.23736, 38.90204 ], [ -77.23808, 38.90282 ] ], [ [ -77.2388, 38.90824 ], [ -77.23883, 38.90822 ], [ -77.23869, 38.90817 ], [ -77.2388, 38.90824 ] ], [ [ -77.23995, 38.90607 ], [ -77.24054, 38.90671 ], [ -77.24097, 38.90641 ], [ -77.24073, 38.90589 ], [ -77.23995, 38.90607 ] ], [ [ -77.23285, 38.88051 ], [ -77.23287, 38.87864 ], [ -77.23159, 38.87853 ], [ -77.23133, 38.88039 ], [ -77.23285, 38.88051 ] ], [ [ -77.23408, 38.88 ], [ -77.23438, 38.88027 ], [ -77.23542, 38.87975 ], [ -77.23582, 38.8772 ], [ -77.23534, 38.87546 ], [ -77.23474, 38.87526 ], [ -77.23408, 38.88 ] ], [ [ -77.23599, 38.88627 ], [ -77.23573, 38.88545 ], [ -77.23702, 38.88514 ], [ -77.23493, 38.88555 ], [ -77.23531, 38.88663 ], [ -77.23461, 38.88882 ], [ -77.23496, 38.88872 ], [ -77.2355, 38.88672 ], [ -77.23599, 38.88627 ] ], [ [ -77.23121, 38.88864 ], [ -77.23129, 38.88861 ], [ -77.23123, 38.88859 ], [ -77.23121, 38.88864 ] ], [ [ -77.23212, 38.88486 ], [ -77.23273, 38.8842 ], [ -77.23212, 38.88435 ], [ -77.23183, 38.88483 ], [ -77.23212, 38.88486 ] ], [ [ -77.23671, 38.88736 ], [ -77.2367, 38.88739 ], [ -77.23673, 38.88736 ], [ -77.23671, 38.88736 ] ], [ [ -77.23947, 38.88247 ], [ -77.23958, 38.88244 ], [ -77.23955, 38.88244 ], [ -77.23947, 38.88247 ] ], [ [ -77.23761, 38.88497 ], [ -77.23817, 38.88549 ], [ -77.23923, 38.88586 ], [ -77.23793, 38.88479 ], [ -77.23761, 38.88497 ] ], [ [ -77.23241, 38.88746 ], [ -77.23224, 38.88755 ], [ -77.23285, 38.88748 ], [ -77.23241, 38.88746 ] ], [ [ -77.23534, 38.89557 ], [ -77.23319, 38.89509 ], [ -77.234, 38.89614 ], [ -77.23534, 38.89557 ] ], [ [ -77.22925, 38.89285 ], [ -77.22921, 38.89289 ], [ -77.22926, 38.8929 ], [ -77.22925, 38.89285 ] ], [ [ -77.22947, 38.88756 ], [ -77.22918, 38.88762 ], [ -77.22929, 38.8897 ], [ -77.22983, 38.88845 ], [ -77.22947, 38.88756 ] ], [ [ -77.23561, 38.90047 ], [ -77.23577, 38.90045 ], [ -77.23565, 38.9004 ], [ -77.23561, 38.90047 ] ], [ [ -77.22931, 38.87995 ], [ -77.22842, 38.87969 ], [ -77.22839, 38.88007 ], [ -77.22996, 38.88021 ], [ -77.22994, 38.87966 ], [ -77.22931, 38.87995 ] ], [ [ -77.2306, 38.90004 ], [ -77.23018, 38.89986 ], [ -77.22986, 38.90035 ], [ -77.23033, 38.90044 ], [ -77.2306, 38.90004 ] ], [ [ -77.22993, 38.8985 ], [ -77.22995, 38.89839 ], [ -77.22992, 38.89841 ], [ -77.22993, 38.8985 ] ], [ [ -77.22646, 38.90165 ], [ -77.22532, 38.90114 ], [ -77.2244, 38.90118 ], [ -77.22427, 38.90166 ], [ -77.22544, 38.90217 ], [ -77.22646, 38.90165 ] ], [ [ -77.22536, 38.89999 ], [ -77.22604, 38.89956 ], [ -77.22496, 38.89906 ], [ -77.22488, 38.9001 ], [ -77.22536, 38.89999 ] ], [ [ -77.21753, 38.89796 ], [ -77.2174, 38.89828 ], [ -77.21857, 38.89858 ], [ -77.21882, 38.8983 ], [ -77.22018, 38.89836 ], [ -77.22052, 38.8991 ], [ -77.22112, 38.89926 ], [ -77.22149, 38.89841 ], [ -77.21753, 38.89796 ] ], [ [ -77.22232, 38.89646 ], [ -77.22249, 38.89609 ], [ -77.22126, 38.89578 ], [ -77.22089, 38.89663 ], [ -77.22187, 38.8962 ], [ -77.22232, 38.89646 ] ], [ [ -77.22064, 38.89234 ], [ -77.22124, 38.89252 ], [ -77.22127, 38.89244 ], [ -77.22064, 38.89234 ] ], [ [ -77.226, 38.89151 ], [ -77.2258, 38.892 ], [ -77.22588, 38.89202 ], [ -77.226, 38.89151 ] ], [ [ -77.22364, 38.89032 ], [ -77.22434, 38.89042 ], [ -77.22472, 38.89094 ], [ -77.22502, 38.89025 ], [ -77.22386, 38.88982 ], [ -77.22364, 38.89032 ] ], [ [ -77.22432, 38.88868 ], [ -77.22417, 38.88903 ], [ -77.22546, 38.88922 ], [ -77.22432, 38.88868 ] ], [ [ -77.22599, 38.88792 ], [ -77.22592, 38.88798 ], [ -77.22596, 38.88799 ], [ -77.22599, 38.88792 ] ], [ [ -77.22638, 38.88701 ], [ -77.22579, 38.88709 ], [ -77.22617, 38.88751 ], [ -77.22638, 38.88701 ] ], [ [ -77.2239, 38.8921 ], [ -77.22422, 38.89236 ], [ -77.22408, 38.89223 ], [ -77.2239, 38.8921 ] ], [ [ -77.22336, 38.89747 ], [ -77.22385, 38.89743 ], [ -77.22391, 38.89711 ], [ -77.22336, 38.89747 ] ], [ [ -77.22599, 38.89456 ], [ -77.22662, 38.89482 ], [ -77.22682, 38.89451 ], [ -77.22597, 38.89425 ], [ -77.22599, 38.89456 ] ], [ [ -77.22706, 38.90067 ], [ -77.22711, 38.90057 ], [ -77.22686, 38.90044 ], [ -77.22706, 38.90067 ] ], [ [ -77.2221, 38.89485 ], [ -77.22293, 38.89507 ], [ -77.22332, 38.8946 ], [ -77.22252, 38.89447 ], [ -77.2221, 38.89485 ] ], [ [ -77.22242, 38.89317 ], [ -77.22241, 38.89319 ], [ -77.22246, 38.89322 ], [ -77.22242, 38.89317 ] ], [ [ -77.22098, 38.90286 ], [ -77.22145, 38.90351 ], [ -77.22154, 38.9035 ], [ -77.2217, 38.90246 ], [ -77.22098, 38.90286 ] ], [ [ -77.22214, 38.90114 ], [ -77.22215, 38.901 ], [ -77.22204, 38.90113 ], [ -77.22214, 38.90114 ] ], [ [ -77.21854, 38.89392 ], [ -77.21862, 38.89374 ], [ -77.21844, 38.89381 ], [ -77.21819, 38.89393 ], [ -77.21854, 38.89392 ] ], [ [ -77.21974, 38.90102 ], [ -77.22003, 38.90101 ], [ -77.21968, 38.90096 ], [ -77.21974, 38.90102 ] ], [ [ -77.21887, 38.90225 ], [ -77.21989, 38.90209 ], [ -77.2194, 38.90142 ], [ -77.2187, 38.90172 ], [ -77.21887, 38.90225 ] ], [ [ -77.21849, 38.89705 ], [ -77.21849, 38.89706 ], [ -77.21851, 38.89706 ], [ -77.21849, 38.89705 ] ], [ [ -77.21678, 38.89974 ], [ -77.21803, 38.89992 ], [ -77.21817, 38.89962 ], [ -77.21697, 38.89931 ], [ -77.21678, 38.89974 ] ], [ [ -77.2192, 38.90311 ], [ -77.21917, 38.90307 ], [ -77.21917, 38.90309 ], [ -77.2192, 38.90311 ] ], [ [ -77.22048, 38.90898 ], [ -77.22062, 38.90852 ], [ -77.22009, 38.90845 ], [ -77.22048, 38.90898 ] ], [ [ -77.22517, 38.87931 ], [ -77.22371, 38.87954 ], [ -77.22487, 38.8794 ], [ -77.22517, 38.87931 ] ] ] } },
{ "type": "Feature", "properties": { "variant": "T2s", "miles": 1.0 }, "geometry": { "type": "Polygon", "coordinates": [ [ [ -77.24701, 38.87683 ], [ -77.2474, 38.88008 ], [ -77.25112, 38.88138 ], [ -77.2531, 38.88387 ], [ -77.25268, 38.88758 ], [ -77.25495, 38.8866 ], [ -77.25569, 38.8871 ], [ -77.25475, 38.88811 ], [ -77.25275, 38.88869 ], [ -77.25334, 38.89021 ], [ -77.25286, 38.89087 ], [ -77.25233, 38.89083 ], [ -77.25192, 38.89026 ], [ -77.24884, 38.89103 ], [ -77.25025, 38.89304 ], [ -77.25074, 38.89292 ], [ -77.25136, 38.89346 ], [ -77.25186, 38.89294 ], [ -77.25168, 38.89218 ], [ -77.25268, 38.89198 ], [ -77.2532, 38.89222 ], [ -77.25329, 38.89287 ], [ -77.25442, 38.89342 ], [ -77.25399, 38.8941 ], [ -77.25294, 38.89392 ], [ -77.25264, 38.89491 ], [ -77.25414, 38.89607 ], [ -77.25415, 38.89683 ], [ -77.25317, 38.89684 ], [ -77.25099, 38.89515 ], [ -77.25035, 38.89606 ], [ -77.25106, 38.89684 ], [ -77.25086, 38.89723 ], [ -77.25037, 38.89739 ], [ -77.24943, 38.89688 ], [ -77.24866, 38.89724 ], [ -77.24761, 38.89643 ], [ -77.24819, 38.89592 ], [ -77.2478, 38.89562 ], [ -77.24657, 38.89658 ], [ -77.24655, 38.8973 ], [ -77.24565, 38.89732 ], [ -77.24377, 38.89865 ], [ -77.24302, 38.89816 ], [ -77.24421, 38.89692 ], [ -77.24237, 38.89727 ], [ -77.24217, 38.89675 ], [ -77.2409, 38.89611 ], [ -77.24106, 38.89526 ], [ -77.2402, 38.89552 ], [ -77.24026, 38.89704 ], [ -77.23935, 38.89757 ], [ -77.23901, 38.89828 ], [ -77.23859, 38.89854 ], [ -77.23728, 38.89821 ], [ -77.2362, 38.89933 ], [ -77.2353, 38.89956 ], [ -77.23501, 38.90029 ], [ -77.23315, 38.90038 ], [ -77.23294, 38.89964 ], [ -77.23351, 38.89883 ], [ -77.23114, 38.89787 ], [ -77.22969, 38.89796 ], [ -77.22899, 38.89717 ], [ -77.22923, 38.89641 ], [ -77.23016, 38.89618 ], [ -77.23134, 38.89666 ], [ -77.23534, 38.89557 ], [ -77.22866, 38.89388 ], [ -77.22826, 38.89361 ], [ -77.22854, 38.89292 ], [ -77.22818, 38.89229 ], [ -77.22864, 38.89121 ], [ -77.22768, 38.89082 ], [ -77.22813, 38.89013 ], [ -77.22908, 38.89019 ], [ -77.22994, 38.8882 ], [ -77.22942, 38.88764 ], [ -77.23047, 38.88711 ], [ -77.23035, 38.88614 ], [ -77.23449, 38.88451 ], [ -77.2347, 38.8836 ], [ -77.23523, 38.88358 ], [ -77.23577, 38.8841 ], [ -77.23702, 38.88398 ], [ -77.23788, 38.88322 ], [ -77.23743, 38.88253 ], [ -77.23891, 38.88064 ], [ -77.24226, 38.88023 ], [ -77.24353, 38.8806 ], [ -77.24433, 38.88 ], [ -77.24601, 38.88002 ], [ -77.24604, 38.87942 ], [ -77.24419, 38.87895 ], [ -77.24429, 38.87835 ], [ -77.24375, 38.87798 ], [ -77.24417, 38.87728 ], [ -77.24594, 38.87779 ], [ -77.24603, 38.87691 ], [ -77.24701, 38.87683 ] ], [ [ -77.2436, 38.89491 ], [ -77.24277, 38.894 ], [ -77.24179, 38.89401 ], [ -77.2436, 38.89491 ] ], [ [ -77.24414, 38.89352 ], [ -77.24472, 38.89398 ], [ -77.24517, 38.89361 ], [ -77.24474, 38.89326 ], [ -77.24414, 38.89352 ] ], [ [ -77.24256, 38.89114 ], [ -77.24573, 38.8925 ], [ -77.24646, 38.89229 ], [ -77.24533, 38.89218 ], [ -77.24266, 38.89086 ], [ -77.24256, 38.89114 ] ], [ [ -77.24439, 38.88957 ], [ -77.24407, 38.88946 ], [ -77.24361, 38.89005 ], [ -77.24389, 38.89019 ], [ -77.24439, 38.88957 ] ], [ [ -77.24277, 38.88904 ], [ -77.24249, 38.88894 ], [ -77.24216, 38.88934 ], [ -77.24244, 38.88947 ], [ -77.24277, 38.88904 ] ], [ [ -77.24005, 38.88989 ], [ -77.24164, 38.88788 ], [ -77.23836, 38.88675 ], [ -77.23821, 38.88754 ], [ -77.23702, 38.88871 ], [ -77.24005, 38.88989 ] ], [ [ -77.23912, 38.88583 ], [ -77.23794, 38.88478 ], [ -77.23761, 38.88497 ], [ -77.23817, 38.88549 ], [ -77.23912, 38.88583 ] ], [ [ -77.23945, 38.88243 ], [ -77.23953, 38.88245 ], [ -77.23958, 38.88244 ], [ -77.23945, 38.88243 ] ], [ [ -77.24871, 38.89338 ], [ -77.24815, 38.89228 ], [ -77.24721, 38.89228 ], [ -77.24819, 38.89292 ], [ -77.24802, 38.89368 ], [ -77.24709, 38.89356 ], [ -77.2478, 38.89411 ], [ -77.24871, 38.89338 ] ], [ [ -77.24738, 38.8912 ], [ -77.24711, 38.8908 ], [ -77.24678, 38.89121 ], [ -77.24738, 38.8912 ] ], [ [ -77.24655, 38.88914 ], [ -77.24654, 38.88899 ], [ -77.24643, 38.8891 ], [ -77.24655, 38.88914 ] ], [ [ -77.24515, 38.88865 ], [ -77.24732, 38.88688 ], [ -77.24484, 38.88854 ], [ -77.24515, 38.88865 ] ], [ [ -77.24705, 38.88528 ], [ -77.24793, 38.88371 ], [ -77.24597, 38.883 ], [ -77.24508, 38.88454 ], [ -77.24705, 38.88528 ] ], [ [ -77.24836, 38.88264 ], [ -77.24757, 38.88237 ], [ -77.24727, 38.88208 ], [ -77.24718, 38.88224 ], [ -77.24836, 38.88264 ] ], [ [ -77.24811, 38.88141 ], [ -77.24773, 38.88127 ], [ -77.24766, 38.8814 ], [ -77.2477, 38.88137 ], [ -77.24811, 38.88141 ] ], [ [ -77.25047, 38.88669 ], [ -77.25035, 38.88649 ], [ -77.25032, 38.88638 ], [ -77.25047, 38.88669 ] ], [ [ -77.25087, 38.8835 ], [ -77.25034, 38.88231 ], [ -77.25, 38.88209 ], [ -77.24962, 38.88313 ], [ -77.25087, 38.8835 ] ], [ [ -77.25149, 38.88512 ], [ -77.25146, 38.88513 ], [ -77.25148, 38.88516 ], [ -77.25149, 38.88512 ] ], [ [ -77.24942, 38.88425 ], [ -77.24812, 38.886 ], [ -77.24894, 38.88635 ], [ -77.24942, 38.88425 ] ], [ [ -77.24882, 38.88745 ], [ -77.24779, 38.88971 ], [ -77.24816, 38.89007 ], [ -77.25151, 38.88922 ], [ -77.24873, 38.88953 ], [ -77.24841, 38.88921 ], [ -77.24882, 38.88745 ] ], [ [ -77.25069, 38.88808 ], [ -77.25015, 38.88777 ], [ -77.25012, 38.8882 ], [ -77.25069, 38.88808 ] ], [ [ -77.2492, 38.89518 ], [ -77.25018, 38.89453 ], [ -77.24968, 38.89415 ], [ -77.24878, 38.89486 ], [ -77.2492, 38.89518 ] ], [ [ -77.24617, 38.89437 ], [ -77.24523, 38.89556 ], [ -77.24545, 38.89593 ], [ -77.24682, 38.89487 ], [ -77.24617, 38.89437 ] ], [ [ -77.24364, 38.888 ], [ -77.24591, 38.88646 ], [ -77.2445, 38.88552 ], [ -77.2431, 38.88797 ], [ -77.24364, 38.888 ] ], [ [ -77.24348, 38.88463 ], [ -77.24345, 38.88459 ], [ -77.24343, 38.88459 ], [ -77.24348, 38.88463 ] ], [ [ -77.24372, 38.88262 ], [ -77.2436, 38.88259 ], [ -77.24367, 38.88272 ], [ -77.24372, 38.88262 ] ], [ [ -77.24567, 38.89002 ], [ -77.24536, 38.89093 ], [ -77.24599, 38.89013 ], [ -77.24567, 38.89002 ] ], [ [ -77.24691, 38.89337 ], [ -77.24681, 38.89333 ], [ -77.24702, 38.8935 ], [ -77.24691, 38.89337 ] ], [ [ -77.24231, 38.88298 ], [ -77.24223, 38.88308 ], [ -77.24238, 38.88311 ], [ -77.24231, 38.88298 ] ], [ [ -77.24222, 38.88689 ], [ -77.24054, 38.88602 ], [ -77.24029, 38.88623 ], [ -77.24222, 38.88689 ] ], [ [ -77.24274, 38.88569 ], [ -77.2423, 38.88526 ], [ -77.24122, 38.88505 ], [ -77.24274, 38.88569 ] ], [ [ -77.23623, 38.89464 ], [ -77.23722, 38.89344 ], [ -77.23763, 38.89289 ], [ -77.23624, 38.89443 ], [ -77.23531, 38.89443 ], [ -77.23623, 38.89464 ] ], [ [ -77.23466, 38.88881 ], [ -77.23599, 38.88627 ], [ -77.23573, 38.88545 ], [ -77.23702, 38.88514 ], [ -77.23493, 38.88555 ], [ -77.23531, 38.88663 ], [ -77.23466, 38.88881 ] ], [ [ -77.2398, 38.89508 ], [ -77.23981, 38.89436 ], [ -77.23885, 38.89481 ], [ -77.2398, 38.89508 ] ], [ [ -77.23874, 38.89355 ], [ -77.23995, 38.89235 ], [ -77.23976, 38.89225 ], [ -77.23874, 38.89355 ] ], [ [ -77.2412, 38.89293 ], [ -77.24065, 38.8935 ], [ -77.24138, 38.89387 ], [ -77.24108, 38.89356 ], [ -77.2412, 38.89293 ] ], [ [ -77.24069, 38.89144 ], [ -77.24143, 38.89026 ], [ -77.24049, 38.89134 ], [ -77.24069, 38.89144 ] ], [ [ -77.24298, 38.8927 ], [ -77.24318, 38.89274 ], [ -77.24291, 38.8926 ], [ -77.24298, 38.8927 ] ], [ [ -77.24302, 38.896 ], [ -77.24244, 38.89549 ], [ -77.2429, 38.8961 ], [ -77.24302, 38.896 ] ], [ [ -77.2367, 38.88739 ], [ -77.23673, 38.88736 ], [ -77.23671, 38.88736 ], [ -77.2367, 38.88739 ] ], [ [ -77.23661, 38.89684 ], [ -77.23752, 38.89694 ], [ -77.2361, 38.89663 ], [ -77.23661, 38.89684 ] ], [ [ -77.23266, 38.88735 ], [ -77.23224, 38.88755 ], [ -77.23285, 38.88748 ], [ -77.23266, 38.88735 ] ], [ [ -77.23127, 38.88861 ], [ -77.23123, 38.88859 ], [ -77.23121, 38.88864 ], [ -77.23127, 38.88861 ] ], [ [ -77.22925, 38.89285 ], [ -77.22921, 38.89289 ], [ -77.22926, 38.8929 ], [ -77.22925, 38.89285 ] ] ] } },
{ "type": "Feature", "properties": { "variant": "T2s", "miles": 1.5 }, "geometry": { "type": "Polygon", "coordinates": [ [ [ -77.26067, 38.88319 ], [ -77.26174, 38.8831 ], [ -77.26373, 38.88513 ], [ -77.26522, 38.8847 ], [ -77.26568, 38.88537 ], [ -77.26333, 38.88648 ], [ -77.26291, 38.88756 ], [ -77.26156, 38.88806 ], [ -77.26247, 38.88897 ], [ -77.26343, 38.88907 ], [ -77.26331, 38.88983 ], [ -77.26218, 38.89051 ], [ -77.26312, 38.89146 ], [ -77.263, 38.89222 ], [ -77.26203, 38.89212 ], [ -77.26109, 38.89118 ], [ -77.26028, 38.89157 ], [ -77.26149, 38.8919 ], [ -77.2613, 38.8926 ], [ -77.26241, 38.89315 ], [ -77.26195, 38.89382 ], [ -77.261, 38.89366 ], [ -77.26082, 38.89523 ], [ -77.2594, 38.89636 ], [ -77.26127, 38.89799 ], [ -77.26, 38.8993 ], [ -77.26102, 38.90028 ], [ -77.26033, 38.9008 ], [ -77.26161, 38.9018 ], [ -77.26134, 38.90256 ], [ -77.25872, 38.90197 ], [ -77.2588, 38.90114 ], [ -77.25779, 38.90037 ], [ -77.25602, 38.9006 ], [ -77.25582, 38.90116 ], [ -77.25531, 38.90126 ], [ -77.25466, 38.90089 ], [ -77.25345, 38.90093 ], [ -77.25216, 38.90178 ], [ -77.25121, 38.90108 ], [ -77.24982, 38.90119 ], [ -77.24691, 38.90068 ], [ -77.24631, 38.89974 ], [ -77.24566, 38.89964 ], [ -77.24431, 38.89839 ], [ -77.24327, 38.89853 ], [ -77.24318, 38.89776 ], [ -77.24421, 38.89692 ], [ -77.24237, 38.89727 ], [ -77.24217, 38.89675 ], [ -77.2409, 38.89611 ], [ -77.24106, 38.89526 ], [ -77.2401, 38.89577 ], [ -77.24049, 38.89645 ], [ -77.24263, 38.89764 ], [ -77.24258, 38.90031 ], [ -77.24343, 38.90062 ], [ -77.24342, 38.90103 ], [ -77.24238, 38.90152 ], [ -77.24249, 38.90286 ], [ -77.24216, 38.90318 ], [ -77.24122, 38.90296 ], [ -77.24109, 38.90193 ], [ -77.24006, 38.90221 ], [ -77.2401, 38.90333 ], [ -77.23943, 38.90389 ], [ -77.23872, 38.90336 ], [ -77.23867, 38.90228 ], [ -77.23613, 38.90182 ], [ -77.23598, 38.90289 ], [ -77.23645, 38.90372 ], [ -77.23595, 38.90479 ], [ -77.23506, 38.90512 ], [ -77.23467, 38.90484 ], [ -77.23499, 38.90368 ], [ -77.23457, 38.90279 ], [ -77.23307, 38.90208 ], [ -77.23274, 38.90175 ], [ -77.23314, 38.90113 ], [ -77.23261, 38.90091 ], [ -77.23149, 38.90126 ], [ -77.23197, 38.90165 ], [ -77.23149, 38.90232 ], [ -77.22917, 38.90172 ], [ -77.22796, 38.90209 ], [ -77.22532, 38.90114 ], [ -77.2244, 38.90118 ], [ -77.22402, 38.90299 ], [ -77.22263, 38.90273 ], [ -77.22391, 38.89711 ], [ -77.22319, 38.89686 ], [ -77.22271, 38.89558 ], [ -77.22306, 38.89527 ], [ -77.22433, 38.89546 ], [ -77.22442, 38.89509 ], [ -77.22191, 38.89424 ], [ -77.22089, 38.89335 ], [ -77.22157, 38.89279 ], [ -77.22439, 38.89378 ], [ -77.22425, 38.89193 ], [ -77.22737, 38.88507 ], [ -77.22736, 38.88383 ], [ -77.22793, 38.8835 ], [ -77.22879, 38.88387 ], [ -77.22878, 38.88566 ], [ -77.23024, 38.88512 ], [ -77.22957, 38.8842 ], [ -77.23082, 38.88287 ], [ -77.23276, 38.88256 ], [ -77.23345, 38.88206 ], [ -77.23729, 38.88101 ], [ -77.23796, 38.8817 ], [ -77.23641, 38.88407 ], [ -77.2368, 38.88408 ], [ -77.23788, 38.88322 ], [ -77.23743, 38.88253 ], [ -77.23883, 38.88067 ], [ -77.24226, 38.88023 ], [ -77.24353, 38.8806 ], [ -77.24433, 38.88 ], [ -77.24601, 38.88002 ], [ -77.24604, 38.87942 ], [ -77.24532, 38.87907 ], [ -77.24464, 38.87949 ], [ -77.2396, 38.87961 ], [ -77.23926, 38.87901 ], [ -77.24034, 38.877 ], [ -77.23575, 38.87561 ], [ -77.23538, 38.87531 ], [ -77.23578, 38.87461 ], [ -77.24143, 38.87603 ], [ -77.24272, 38.87506 ], [ -77.24316, 38.87413 ], [ -77.24514, 38.87418 ], [ -77.24586, 38.87573 ], [ -77.24554, 38.87674 ], [ -77.24456, 38.87674 ], [ -77.24428, 38.87612 ], [ -77.24386, 38.87672 ], [ -77.24279, 38.87669 ], [ -77.24594, 38.87779 ], [ -77.24606, 38.87688 ], [ -77.24783, 38.87677 ], [ -77.24817, 38.87724 ], [ -77.24734, 38.87784 ], [ -77.2474, 38.88008 ], [ -77.25121, 38.88144 ], [ -77.2536, 38.88484 ], [ -77.25361, 38.88287 ], [ -77.25294, 38.88148 ], [ -77.25329, 38.88032 ], [ -77.25282, 38.88002 ], [ -77.25315, 38.8793 ], [ -77.25477, 38.87964 ], [ -77.25464, 38.88057 ], [ -77.25569, 38.88103 ], [ -77.25739, 38.88277 ], [ -77.25946, 38.88067 ], [ -77.26043, 38.88057 ], [ -77.26056, 38.88132 ], [ -77.25947, 38.88242 ], [ -77.26067, 38.88319 ] ], [ [ -77.24681, 38.89919 ], [ -77.24682, 38.89923 ], [ -77.24685, 38.89921 ], [ -77.24681, 38.89919 ] ], [ [ -77.24501, 38.89783 ], [ -77.24508, 38.89785 ], [ -77.24506, 38.8978 ], [ -77.24501, 38.89783 ] ], [ [ -77.24265, 38.89572 ], [ -77.24244, 38.89549 ], [ -77.24233, 38.89567 ], [ -77.24302, 38.896 ], [ -77.24265, 38.89572 ] ], [ [ -77.24277, 38.894 ], [ -77.24179, 38.89401 ], [ -77.2436, 38.89491 ], [ -77.24277, 38.894 ] ], [ [ -77.24318, 38.89274 ], [ -77.24291, 38.8926 ], [ -77.24304, 38.89284 ], [ -77.24318, 38.89274 ] ], [ [ -77.24573, 38.8925 ], [ -77.24646, 38.89229 ], [ -77.24533, 38.89218 ], [ -77.24266, 38.89086 ], [ -77.24281, 38.89127 ], [ -77.24573, 38.8925 ] ], [ [ -77.24249, 38.88894 ], [ -77.24216, 38.88934 ], [ -77.24244, 38.88947 ], [ -77.24277, 38.88904 ], [ -77.24249, 38.88894 ] ], [ [ -77.24054, 38.88602 ], [ -77.24029, 38.88623 ], [ -77.24222, 38.88689 ], [ -77.24054, 38.88602 ] ], [ [ -77.24351, 38.88459 ], [ -77.24343, 38.88459 ], [ -77.24348, 38.88463 ], [ -77.24351, 38.88459 ] ], [ [ -77.24218, 38.88302 ], [ -77.24206, 38.88305 ], [ -77.24238, 38.88311 ], [ -77.24218, 38.88302 ] ], [ [ -77.25099, 38.89816 ], [ -77.25, 38.89897 ], [ -77.25125, 38.89926 ], [ -77.25099, 38.89816 ] ], [ [ -77.25099, 38.89515 ], [ -77.25035, 38.89606 ], [ -77.25133, 38.89637 ], [ -77.2519, 38.89593 ], [ -77.25099, 38.89515 ] ], [ [ -77.25168, 38.89218 ], [ -77.25268, 38.89198 ], [ -77.25328, 38.89237 ], [ -77.25392, 38.89077 ], [ -77.25479, 38.89062 ], [ -77.25477, 38.88982 ], [ -77.25662, 38.88908 ], [ -77.25323, 38.88993 ], [ -77.25328, 38.89062 ], [ -77.25286, 38.89087 ], [ -77.25233, 38.89083 ], [ -77.25192, 38.89026 ], [ -77.24884, 38.89103 ], [ -77.25025, 38.89304 ], [ -77.25074, 38.89292 ], [ -77.25136, 38.89346 ], [ -77.25174, 38.89326 ], [ -77.25168, 38.89218 ] ], [ [ -77.24873, 38.88953 ], [ -77.24841, 38.88921 ], [ -77.24881, 38.88859 ], [ -77.24867, 38.88742 ], [ -77.24808, 38.88799 ], [ -77.24779, 38.88971 ], [ -77.24816, 38.89007 ], [ -77.25143, 38.88903 ], [ -77.24873, 38.88953 ] ], [ [ -77.25144, 38.8851 ], [ -77.25148, 38.88516 ], [ -77.25149, 38.88512 ], [ -77.25144, 38.8851 ] ], [ [ -77.25861, 38.89892 ], [ -77.25623, 38.89709 ], [ -77.25587, 38.89738 ], [ -77.25839, 38.89931 ], [ -77.25861, 38.89892 ] ], [ [ -77.25951, 38.8981 ], [ -77.2596, 38.89802 ], [ -77.25728, 38.89625 ], [ -77.25951, 38.8981 ] ], [ [ -77.25679, 38.89491 ], [ -77.25683, 38.89506 ], [ -77.25704, 38.8949 ], [ -77.25679, 38.89491 ] ], [ [ -77.25678, 38.89201 ], [ -77.25678, 38.89204 ], [ -77.25682, 38.89202 ], [ -77.25678, 38.89201 ] ], [ [ -77.25741, 38.88481 ], [ -77.25735, 38.88501 ], [ -77.25768, 38.88491 ], [ -77.25741, 38.88481 ] ], [ [ -77.26074, 38.88586 ], [ -77.26088, 38.88617 ], [ -77.26115, 38.88606 ], [ -77.26074, 38.88586 ] ], [ [ -77.25837, 38.88538 ], [ -77.25839, 38.88536 ], [ -77.25837, 38.88535 ], [ -77.25837, 38.88538 ] ], [ [ -77.25862, 38.88328 ], [ -77.25812, 38.88379 ], [ -77.25927, 38.88452 ], [ -77.25979, 38.88402 ], [ -77.25862, 38.88328 ] ], [ [ -77.26246, 38.8856 ], [ -77.26207, 38.8852 ], [ -77.26229, 38.8855 ], [ -77.26246, 38.8856 ] ], [ [ -77.26055, 38.88574 ], [ -77.26009, 38.88545 ], [ -77.26037, 38.88566 ], [ -77.26055, 38.88574 ] ], [ [ -77.26201, 38.88513 ], [ -77.26124, 38.88433 ], [ -77.26096, 38.88461 ], [ -77.26201, 38.88513 ] ], [ [ -77.26108, 38.88739 ], [ -77.26119, 38.88727 ], [ -77.26092, 38.88742 ], [ -77.26108, 38.88739 ] ], [ [ -77.26007, 38.89043 ], [ -77.25958, 38.88925 ], [ -77.25857, 38.8885 ], [ -77.26007, 38.89043 ] ], [ [ -77.26136, 38.88964 ], [ -77.26137, 38.88963 ], [ -77.2613, 38.88956 ], [ -77.26136, 38.88964 ] ], [ [ -77.25858, 38.89032 ], [ -77.25839, 38.89008 ], [ -77.25813, 38.88979 ], [ -77.25858, 38.89032 ] ], [ [ -77.25825, 38.89548 ], [ -77.25842, 38.8956 ], [ -77.25944, 38.8948 ], [ -77.25825, 38.89548 ] ], [ [ -77.25873, 38.89358 ], [ -77.25882, 38.89353 ], [ -77.2586, 38.89345 ], [ -77.25873, 38.89358 ] ], [ [ -77.25754, 38.89299 ], [ -77.25795, 38.89311 ], [ -77.25781, 38.89301 ], [ -77.25754, 38.89299 ] ], [ [ -77.25285, 38.88575 ], [ -77.25268, 38.88758 ], [ -77.25361, 38.88734 ], [ -77.25326, 38.88712 ], [ -77.25339, 38.8862 ], [ -77.25285, 38.88575 ] ], [ [ -77.2563, 38.88401 ], [ -77.25568, 38.88414 ], [ -77.2559, 38.88416 ], [ -77.25612, 38.8844 ], [ -77.2563, 38.88401 ] ], [ [ -77.25508, 38.88224 ], [ -77.25438, 38.88164 ], [ -77.25442, 38.88171 ], [ -77.25508, 38.88224 ] ], [ [ -77.25558, 38.88304 ], [ -77.256, 38.88296 ], [ -77.25571, 38.88276 ], [ -77.25558, 38.88304 ] ], [ [ -77.25275, 38.88869 ], [ -77.25283, 38.88889 ], [ -77.25583, 38.88814 ], [ -77.2551, 38.88787 ], [ -77.25275, 38.88869 ] ], [ [ -77.2549, 38.89354 ], [ -77.25508, 38.8934 ], [ -77.25465, 38.89329 ], [ -77.2549, 38.89354 ] ], [ [ -77.2547, 38.89649 ], [ -77.25463, 38.89637 ], [ -77.25459, 38.89641 ], [ -77.2547, 38.89649 ] ], [ [ -77.25264, 38.89491 ], [ -77.25293, 38.89512 ], [ -77.25331, 38.89481 ], [ -77.25286, 38.8944 ], [ -77.25264, 38.89491 ] ], [ [ -77.25329, 38.89287 ], [ -77.25331, 38.89288 ], [ -77.25331, 38.89276 ], [ -77.25329, 38.89287 ] ], [ [ -77.25543, 38.89574 ], [ -77.2558, 38.89589 ], [ -77.2561, 38.89565 ], [ -77.25543, 38.89574 ] ], [ [ -77.25494, 38.89818 ], [ -77.25488, 38.89814 ], [ -77.25398, 38.89886 ], [ -77.25494, 38.89818 ] ], [ [ -77.25269, 38.89785 ], [ -77.25301, 38.89809 ], [ -77.25389, 38.89738 ], [ -77.25367, 38.89721 ], [ -77.25269, 38.89785 ] ], [ [ -77.25302, 38.89963 ], [ -77.25298, 38.89966 ], [ -77.25308, 38.89969 ], [ -77.25302, 38.89963 ] ], [ [ -77.25149, 38.90044 ], [ -77.25144, 38.90043 ], [ -77.25145, 38.90045 ], [ -77.25149, 38.90044 ] ], [ [ -77.24819, 38.89592 ], [ -77.2478, 38.89562 ], [ -77.24657, 38.89658 ], [ -77.24675, 38.89691 ], [ -77.24627, 38.89739 ], [ -77.24658, 38.8976 ], [ -77.24819, 38.89592 ] ], [ [ -77.24523, 38.89556 ], [ -77.24545, 38.89593 ], [ -77.24682, 38.89487 ], [ -77.24617, 38.89437 ], [ -77.24523, 38.89556 ] ], [ [ -77.24567, 38.89002 ], [ -77.24505, 38.89077 ], [ -77.24536, 38.89093 ], [ -77.24567, 38.89002 ] ], [ [ -77.24643, 38.8891 ], [ -77.24655, 38.88914 ], [ -77.24663, 38.8889 ], [ -77.24643, 38.8891 ] ], [ [ -77.24582, 38.888 ], [ -77.24742, 38.88693 ], [ -77.24484, 38.88854 ], [ -77.24582, 38.888 ] ], [ [ -77.24793, 38.88371 ], [ -77.24597, 38.883 ], [ -77.24508, 38.88454 ], [ -77.2469, 38.88521 ], [ -77.24793, 38.88371 ] ], [ [ -77.24678, 38.89121 ], [ -77.24738, 38.8912 ], [ -77.24711, 38.8908 ], [ -77.24678, 38.89121 ] ], [ [ -77.25034, 38.88231 ], [ -77.25, 38.88209 ], [ -77.24962, 38.88313 ], [ -77.25087, 38.8835 ], [ -77.25034, 38.88231 ] ], [ [ -77.24812, 38.886 ], [ -77.24894, 38.88635 ], [ -77.24942, 38.88425 ], [ -77.24812, 38.886 ] ], [ [ -77.24811, 38.88141 ], [ -77.24773, 38.88127 ], [ -77.2477, 38.88137 ], [ -77.24811, 38.88141 ] ], [ [ -77.24757, 38.88237 ], [ -77.24727, 38.88208 ], [ -77.24718, 38.88224 ], [ -77.24835, 38.88267 ], [ -77.24757, 38.88237 ] ], [ [ -77.25047, 38.88669 ], [ -77.25032, 38.88638 ], [ -77.25041, 38.8866 ], [ -77.25047, 38.88669 ] ], [ [ -77.2501, 38.88819 ], [ -77.25069, 38.88808 ], [ -77.25041, 38.88789 ], [ -77.25015, 38.88777 ], [ -77.2501, 38.88819 ] ], [ [ -77.24748, 38.89843 ], [ -77.24759, 38.89875 ], [ -77.24821, 38.89865 ], [ -77.24842, 38.89802 ], [ -77.2492, 38.89806 ], [ -77.24978, 38.89715 ], [ -77.24943, 38.89688 ], [ -77.24748, 38.89843 ] ], [ [ -77.25018, 38.89453 ], [ -77.24968, 38.89415 ], [ -77.24878, 38.89486 ], [ -77.24923, 38.8952 ], [ -77.25018, 38.89453 ] ], [ [ -77.24721, 38.89228 ], [ -77.24831, 38.89333 ], [ -77.24802, 38.89368 ], [ -77.24709, 38.89356 ], [ -77.2478, 38.89411 ], [ -77.24883, 38.89328 ], [ -77.24815, 38.89228 ], [ -77.24721, 38.89228 ] ], [ [ -77.24681, 38.89333 ], [ -77.24702, 38.8935 ], [ -77.24692, 38.89339 ], [ -77.24681, 38.89333 ] ], [ [ -77.2436, 38.88259 ], [ -77.24367, 38.88272 ], [ -77.24372, 38.88262 ], [ -77.2436, 38.88259 ] ], [ [ -77.2445, 38.88552 ], [ -77.2431, 38.88797 ], [ -77.24355, 38.88812 ], [ -77.24591, 38.88646 ], [ -77.24531, 38.88634 ], [ -77.24516, 38.88576 ], [ -77.2445, 38.88552 ] ], [ [ -77.24361, 38.89005 ], [ -77.24389, 38.89019 ], [ -77.24439, 38.88957 ], [ -77.24361, 38.89005 ] ], [ [ -77.24472, 38.89398 ], [ -77.24517, 38.89361 ], [ -77.24474, 38.89326 ], [ -77.24414, 38.89352 ], [ -77.24472, 38.89398 ] ], [ [ -77.23534, 38.89557 ], [ -77.23319, 38.89509 ], [ -77.234, 38.89614 ], [ -77.23534, 38.89557 ] ], [ [ -77.23722, 38.89344 ], [ -77.23763, 38.89289 ], [ -77.23624, 38.89443 ], [ -77.23531, 38.89443 ], [ -77.23623, 38.89464 ], [ -77.23722, 38.89344 ] ], [ [ -77.23273, 38.8842 ], [ -77.23212, 38.88435 ], [ -77.23161, 38.88484 ], [ -77.23212, 38.88486 ], [ -77.23273, 38.8842 ] ], [ [ -77.23981, 38.89436 ], [ -77.23885, 38.89481 ], [ -77.2398, 38.89508 ], [ -77.23981, 38.89436 ] ], [ [ -77.23995, 38.89235 ], [ -77.23976, 38.89225 ], [ -77.23874, 38.89355 ], [ -77.23995, 38.89235 ] ], [ [ -77.24019, 38.88977 ], [ -77.24164, 38.88788 ], [ -77.23836, 38.88675 ], [ -77.23821, 38.88754 ], [ -77.23702, 38.88871 ], [ -77.24019, 38.88977 ] ], [ [ -77.23794, 38.88478 ], [ -77.23761, 38.88497 ], [ -77.23817, 38.88549 ], [ -77.23923, 38.88586 ], [ -77.23794, 38.88478 ] ], [ [ -77.24049, 38.89134 ], [ -77.24069, 38.89144 ], [ -77.24167, 38.89037 ], [ -77.24049, 38.89134 ] ], [ [ -77.23947, 38.88247 ], [ -77.23958, 38.88244 ], [ -77.23955, 38.88244 ], [ -77.23947, 38.88247 ] ], [ [ -77.24157, 38.88516 ], [ -77.24122, 38.88505 ], [ -77.24274, 38.88569 ], [ -77.24157, 38.88516 ] ], [ [ -77.24065, 38.8935 ], [ -77.24138, 38.89387 ], [ -77.24108, 38.89356 ], [ -77.24137, 38.89302 ], [ -77.24065, 38.8935 ] ], [ [ -77.23939, 38.90073 ], [ -77.23928, 38.90038 ], [ -77.23818, 38.89968 ], [ -77.23761, 38.89982 ], [ -77.23776, 38.90085 ], [ -77.23939, 38.90073 ] ], [ [ -77.23728, 38.89821 ], [ -77.23677, 38.8987 ], [ -77.23732, 38.89874 ], [ -77.23766, 38.8982 ], [ -77.23728, 38.89821 ] ], [ [ -77.23912, 38.89811 ], [ -77.2393, 38.89829 ], [ -77.23957, 38.89744 ], [ -77.23912, 38.89811 ] ], [ [ -77.24, 38.90106 ], [ -77.23986, 38.90103 ], [ -77.23992, 38.90111 ], [ -77.24, 38.90106 ] ], [ [ -77.23673, 38.88736 ], [ -77.23671, 38.88736 ], [ -77.2367, 38.88739 ], [ -77.23673, 38.88736 ] ], [ [ -77.23573, 38.88545 ], [ -77.23702, 38.88514 ], [ -77.23493, 38.88555 ], [ -77.23531, 38.88663 ], [ -77.23461, 38.88882 ], [ -77.23584, 38.88617 ], [ -77.23573, 38.88545 ] ], [ [ -77.23752, 38.89694 ], [ -77.2361, 38.89663 ], [ -77.23661, 38.89684 ], [ -77.23752, 38.89694 ] ], [ [ -77.23561, 38.90047 ], [ -77.23577, 38.90045 ], [ -77.23565, 38.9004 ], [ -77.23561, 38.90047 ] ], [ [ -77.22861, 38.9002 ], [ -77.22838, 38.90012 ], [ -77.2285, 38.90062 ], [ -77.22913, 38.90073 ], [ -77.22913, 38.90032 ], [ -77.22861, 38.9002 ] ], [ [ -77.22878, 38.89683 ], [ -77.22582, 38.89571 ], [ -77.22629, 38.89727 ], [ -77.22713, 38.8967 ], [ -77.22836, 38.89721 ], [ -77.22878, 38.89683 ] ], [ [ -77.23264, 38.89639 ], [ -77.23249, 38.89602 ], [ -77.22815, 38.89485 ], [ -77.22786, 38.8953 ], [ -77.23129, 38.89664 ], [ -77.23264, 38.89639 ] ], [ [ -77.22768, 38.89082 ], [ -77.22772, 38.8904 ], [ -77.22908, 38.89019 ], [ -77.22994, 38.8882 ], [ -77.22947, 38.88756 ], [ -77.22911, 38.8891 ], [ -77.22696, 38.88909 ], [ -77.2258, 38.892 ], [ -77.22821, 38.89264 ], [ -77.22857, 38.8914 ], [ -77.22768, 38.89082 ] ], [ [ -77.23123, 38.88859 ], [ -77.23121, 38.88864 ], [ -77.23127, 38.88861 ], [ -77.23123, 38.88859 ] ], [ [ -77.22925, 38.89285 ], [ -77.22921, 38.89289 ], [ -77.22926, 38.8929 ], [ -77.22925, 38.89285 ] ], [ [ -77.2306, 38.90004 ], [ -77.23018, 38.89986 ], [ -77.22986, 38.90035 ], [ -77.23032, 38.90048 ], [ -77.2306, 38.90004 ] ], [ [ -77.22985, 38.89846 ], [ -77.22993, 38.8985 ], [ -77.22995, 38.89839 ], [ -77.22985, 38.89846 ] ], [ [ -77.22599, 38.89456 ], [ -77.22662, 38.89482 ], [ -77.22682, 38.89451 ], [ -77.22604, 38.89429 ], [ -77.22599, 38.89456 ] ], [ [ -77.22723, 38.8988 ], [ -77.22737, 38.89871 ], [ -77.22733, 38.8987 ], [ -77.22723, 38.8988 ] ], [ [ -77.22686, 38.90044 ], [ -77.22666, 38.90055 ], [ -77.22684, 38.9006 ], [ -77.22686, 38.90044 ] ], [ [ -77.22496, 38.89906 ], [ -77.22469, 38.90011 ], [ -77.22536, 38.89999 ], [ -77.22595, 38.89962 ], [ -77.22496, 38.89906 ] ] ] } },
{ "type": "Feature", "properties": { "variant": "T2s", "miles": 2.0 }, "geometry": { "type": "Polygon", "coordinates": [ [ [ -77.27087, 38.8815 ], [ -77.27168, 38.88188 ], [ -77.27162, 38.88252 ], [ -77.26943, 38.88291 ], [ -77.26876, 38.88335 ], [ -77.26883, 38.88426 ], [ -77.26805, 38.88458 ], [ -77.26868, 38.88527 ], [ -77.26872, 38.88568 ], [ -77.26797, 38.88602 ], [ -77.26941, 38.88915 ], [ -77.26947, 38.89027 ], [ -77.26996, 38.88997 ], [ -77.27082, 38.89035 ], [ -77.27051, 38.89102 ], [ -77.2693, 38.89144 ], [ -77.26954, 38.89199 ], [ -77.26849, 38.89275 ], [ -77.26759, 38.89596 ], [ -77.26838, 38.89647 ], [ -77.26716, 38.89763 ], [ -77.26812, 38.89997 ], [ -77.26619, 38.90157 ], [ -77.26757, 38.9026 ], [ -77.26767, 38.90336 ], [ -77.2672, 38.90356 ], [ -77.26639, 38.90324 ], [ -77.26563, 38.90372 ], [ -77.26512, 38.9036 ], [ -77.26522, 38.90234 ], [ -77.26365, 38.90338 ], [ -77.263, 38.90272 ], [ -77.26166, 38.9022 ], [ -77.25865, 38.90507 ], [ -77.25696, 38.90571 ], [ -77.25397, 38.90342 ], [ -77.25465, 38.90288 ], [ -77.25536, 38.9032 ], [ -77.25649, 38.9023 ], [ -77.25554, 38.90154 ], [ -77.25043, 38.90184 ], [ -77.24769, 38.90137 ], [ -77.24595, 38.90067 ], [ -77.2461, 38.90316 ], [ -77.24843, 38.90492 ], [ -77.24844, 38.90568 ], [ -77.24746, 38.9057 ], [ -77.24517, 38.90396 ], [ -77.2447, 38.90445 ], [ -77.24379, 38.90432 ], [ -77.24319, 38.90315 ], [ -77.24345, 38.90235 ], [ -77.24251, 38.90194 ], [ -77.24195, 38.90396 ], [ -77.24108, 38.90396 ], [ -77.2401, 38.90325 ], [ -77.24016, 38.90491 ], [ -77.24159, 38.90494 ], [ -77.24229, 38.90569 ], [ -77.24166, 38.90653 ], [ -77.2418, 38.90717 ], [ -77.24063, 38.90781 ], [ -77.24126, 38.90842 ], [ -77.24102, 38.90879 ], [ -77.24, 38.9088 ], [ -77.23842, 38.91025 ], [ -77.23763, 38.90981 ], [ -77.238, 38.90913 ], [ -77.23626, 38.9082 ], [ -77.23564, 38.90846 ], [ -77.23518, 38.90825 ], [ -77.23471, 38.90717 ], [ -77.23525, 38.90653 ], [ -77.2372, 38.9074 ], [ -77.23875, 38.90493 ], [ -77.23874, 38.9039 ], [ -77.23642, 38.9038 ], [ -77.23595, 38.90479 ], [ -77.23506, 38.90512 ], [ -77.23467, 38.90484 ], [ -77.23499, 38.90368 ], [ -77.23457, 38.90279 ], [ -77.23307, 38.90208 ], [ -77.23274, 38.90175 ], [ -77.23314, 38.90113 ], [ -77.23261, 38.90091 ], [ -77.2321, 38.9013 ], [ -77.23156, 38.90119 ], [ -77.23191, 38.90206 ], [ -77.23054, 38.90219 ], [ -77.23062, 38.9031 ], [ -77.22964, 38.90321 ], [ -77.22934, 38.90372 ], [ -77.23035, 38.90421 ], [ -77.23041, 38.90484 ], [ -77.22846, 38.90506 ], [ -77.22742, 38.90577 ], [ -77.22688, 38.90685 ], [ -77.22636, 38.90686 ], [ -77.22543, 38.90581 ], [ -77.22613, 38.9037 ], [ -77.22391, 38.903 ], [ -77.22292, 38.90666 ], [ -77.22404, 38.90626 ], [ -77.22465, 38.90714 ], [ -77.22446, 38.90789 ], [ -77.22346, 38.90839 ], [ -77.22415, 38.90941 ], [ -77.22386, 38.91014 ], [ -77.22293, 38.90992 ], [ -77.22134, 38.90777 ], [ -77.22135, 38.90667 ], [ -77.21922, 38.90633 ], [ -77.21873, 38.90589 ], [ -77.21926, 38.90476 ], [ -77.2218, 38.90502 ], [ -77.22139, 38.9044 ], [ -77.22211, 38.90387 ], [ -77.22157, 38.90365 ], [ -77.2217, 38.90246 ], [ -77.2211, 38.90268 ], [ -77.22095, 38.9036 ], [ -77.22046, 38.90375 ], [ -77.2188, 38.90266 ], [ -77.21928, 38.902 ], [ -77.21989, 38.90209 ], [ -77.21939, 38.90133 ], [ -77.22034, 38.90101 ], [ -77.22057, 38.90053 ], [ -77.21815, 38.90127 ], [ -77.21773, 38.90058 ], [ -77.21882, 38.8983 ], [ -77.22018, 38.89836 ], [ -77.22052, 38.8991 ], [ -77.22112, 38.89926 ], [ -77.22149, 38.89841 ], [ -77.21699, 38.89787 ], [ -77.2153, 38.89709 ], [ -77.21543, 38.89633 ], [ -77.2171, 38.89597 ], [ -77.21749, 38.89677 ], [ -77.21922, 38.8971 ], [ -77.21884, 38.89675 ], [ -77.21935, 38.89607 ], [ -77.21892, 38.89516 ], [ -77.21767, 38.89466 ], [ -77.21781, 38.8941 ], [ -77.21716, 38.89437 ], [ -77.21701, 38.8949 ], [ -77.21598, 38.89487 ], [ -77.21426, 38.89554 ], [ -77.21313, 38.89542 ], [ -77.21309, 38.89466 ], [ -77.21657, 38.89339 ], [ -77.21655, 38.89227 ], [ -77.21735, 38.89122 ], [ -77.21825, 38.89151 ], [ -77.21789, 38.89282 ], [ -77.21931, 38.8923 ], [ -77.21914, 38.89133 ], [ -77.21948, 38.89102 ], [ -77.22094, 38.89123 ], [ -77.22018, 38.89001 ], [ -77.22188, 38.88941 ], [ -77.2223, 38.89005 ], [ -77.22268, 38.88913 ], [ -77.22119, 38.88857 ], [ -77.2215, 38.88785 ], [ -77.22317, 38.88812 ], [ -77.22485, 38.88769 ], [ -77.22596, 38.88799 ], [ -77.22638, 38.88701 ], [ -77.22455, 38.88652 ], [ -77.22411, 38.88583 ], [ -77.22499, 38.88549 ], [ -77.22681, 38.88598 ], [ -77.22776, 38.88356 ], [ -77.22879, 38.88387 ], [ -77.22878, 38.88566 ], [ -77.23024, 38.88512 ], [ -77.22957, 38.8842 ], [ -77.23102, 38.88279 ], [ -77.23276, 38.88256 ], [ -77.23345, 38.88206 ], [ -77.23747, 38.88104 ], [ -77.23796, 38.8817 ], [ -77.23641, 38.88407 ], [ -77.23676, 38.88408 ], [ -77.23788, 38.88322 ], [ -77.23743, 38.88253 ], [ -77.23883, 38.88067 ], [ -77.24226, 38.88023 ], [ -77.24353, 38.8806 ], [ -77.24433, 38.88 ], [ -77.24601, 38.88002 ], [ -77.24604, 38.87942 ], [ -77.24532, 38.87907 ], [ -77.24464, 38.87949 ], [ -77.2396, 38.87961 ], [ -77.23926, 38.87901 ], [ -77.24034, 38.877 ], [ -77.23683, 38.87597 ], [ -77.2372, 38.87715 ], [ -77.23672, 38.88012 ], [ -77.23588, 38.88095 ], [ -77.23441, 38.88127 ], [ -77.23407, 38.88055 ], [ -77.23545, 38.87966 ], [ -77.23582, 38.87706 ], [ -77.23534, 38.87546 ], [ -77.23218, 38.87457 ], [ -77.2319, 38.87621 ], [ -77.23115, 38.8767 ], [ -77.23052, 38.87611 ], [ -77.2308, 38.87467 ], [ -77.22919, 38.87486 ], [ -77.2284, 38.87441 ], [ -77.22923, 38.8731 ], [ -77.23089, 38.87289 ], [ -77.23132, 38.87233 ], [ -77.23226, 38.87255 ], [ -77.2322, 38.87324 ], [ -77.23368, 38.87314 ], [ -77.23459, 38.87228 ], [ -77.23568, 38.87268 ], [ -77.23822, 38.86802 ], [ -77.23892, 38.86798 ], [ -77.23937, 38.86862 ], [ -77.23711, 38.87304 ], [ -77.2389, 38.87292 ], [ -77.2388, 38.87194 ], [ -77.23944, 38.87137 ], [ -77.24018, 38.87187 ], [ -77.24028, 38.87283 ], [ -77.24644, 38.8724 ], [ -77.24645, 38.87166 ], [ -77.24694, 38.8715 ], [ -77.24952, 38.87245 ], [ -77.24961, 38.87322 ], [ -77.24687, 38.87401 ], [ -77.24688, 38.87575 ], [ -77.24585, 38.87575 ], [ -77.24554, 38.87674 ], [ -77.24456, 38.87674 ], [ -77.24428, 38.87612 ], [ -77.24386, 38.87672 ], [ -77.24279, 38.87669 ], [ -77.24594, 38.87779 ], [ -77.24606, 38.87688 ], [ -77.24783, 38.87677 ], [ -77.24817, 38.87724 ], [ -77.24734, 38.87784 ], [ -77.2474, 38.88008 ], [ -77.25121, 38.88144 ], [ -77.2536, 38.88484 ], [ -77.25361, 38.88287 ], [ -77.25294, 38.88148 ], [ -77.25329, 38.88032 ], [ -77.25282, 38.88002 ], [ -77.25315, 38.8793 ], [ -77.25715, 38.88023 ], [ -77.25731, 38.8794 ], [ -77.25826, 38.87948 ], [ -77.2591, 38.87884 ], [ -77.26116, 38.87876 ], [ -77.26181, 38.87945 ], [ -77.26145, 38.88032 ], [ -77.2626, 38.88079 ], [ -77.26246, 38.88168 ], [ -77.26405, 38.88235 ], [ -77.26691, 38.88244 ], [ -77.26663, 38.88087 ], [ -77.26742, 38.88012 ], [ -77.26819, 38.8807 ], [ -77.27057, 38.88072 ], [ -77.27087, 38.8815 ] ], [ [ -77.24457, 38.90083 ], [ -77.24361, 38.90114 ], [ -77.244, 38.90136 ], [ -77.24454, 38.90148 ], [ -77.24457, 38.90083 ] ], [ [ -77.24279, 38.89839 ], [ -77.2426, 38.90029 ], [ -77.24448, 38.89973 ], [ -77.24279, 38.89839 ] ], [ [ -77.24086, 38.89599 ], [ -77.24106, 38.89526 ], [ -77.2402, 38.89552 ], [ -77.24086, 38.89599 ] ], [ [ -77.24354, 38.89747 ], [ -77.24421, 38.89692 ], [ -77.244, 38.89676 ], [ -77.24354, 38.89747 ] ], [ [ -77.24277, 38.894 ], [ -77.24179, 38.89401 ], [ -77.2436, 38.89491 ], [ -77.24277, 38.894 ] ], [ [ -77.24318, 38.89274 ], [ -77.24291, 38.8926 ], [ -77.24304, 38.89284 ], [ -77.24318, 38.89274 ] ], [ [ -77.24573, 38.8925 ], [ -77.24646, 38.89229 ], [ -77.24533, 38.89218 ], [ -77.24266, 38.89086 ], [ -77.24256, 38.89114 ], [ -77.24573, 38.8925 ] ], [ [ -77.24407, 38.88946 ], [ -77.24361, 38.89005 ], [ -77.24389, 38.89019 ], [ -77.24439, 38.88957 ], [ -77.24407, 38.88946 ] ], [ [ -77.24591, 38.88646 ], [ -77.2445, 38.88552 ], [ -77.2431, 38.88797 ], [ -77.24359, 38.88806 ], [ -77.24591, 38.88646 ] ], [ [ -77.24351, 38.88459 ], [ -77.24343, 38.88459 ], [ -77.24348, 38.88463 ], [ -77.24351, 38.88459 ] ], [ [ -77.24218, 38.88302 ], [ -77.24206, 38.88305 ], [ -77.24238, 38.88311 ], [ -77.24218, 38.88302 ] ], [ [ -77.23953, 38.88245 ], [ -77.23958, 38.88244 ], [ -77.23945, 38.88243 ], [ -77.23953, 38.88245 ] ], [ [ -77.23968, 38.87521 ], [ -77.24143, 38.87394 ], [ -77.23675, 38.87425 ], [ -77.23678, 38.87479 ], [ -77.23866, 38.87537 ], [ -77.23968, 38.87521 ] ], [ [ -77.25817, 38.90165 ], [ -77.25759, 38.90163 ], [ -77.25906, 38.90274 ], [ -77.25817, 38.90165 ] ], [ [ -77.25623, 38.89709 ], [ -77.25587, 38.89738 ], [ -77.25839, 38.89931 ], [ -77.25861, 38.89892 ], [ -77.25623, 38.89709 ] ], [ [ -77.25269, 38.89785 ], [ -77.25301, 38.89809 ], [ -77.25389, 38.89738 ], [ -77.25367, 38.89721 ], [ -77.25269, 38.89785 ] ], [ [ -77.25293, 38.89462 ], [ -77.25286, 38.8944 ], [ -77.25264, 38.89491 ], [ -77.25293, 38.89512 ], [ -77.25331, 38.89481 ], [ -77.25293, 38.89462 ] ], [ [ -77.25329, 38.89287 ], [ -77.25331, 38.89288 ], [ -77.25331, 38.89276 ], [ -77.25329, 38.89287 ] ], [ [ -77.25392, 38.89077 ], [ -77.25479, 38.89062 ], [ -77.25477, 38.88982 ], [ -77.25662, 38.88908 ], [ -77.25323, 38.88993 ], [ -77.25328, 38.89062 ], [ -77.25286, 38.89087 ], [ -77.25233, 38.89083 ], [ -77.25192, 38.89026 ], [ -77.24884, 38.89103 ], [ -77.25024, 38.89303 ], [ -77.25074, 38.89292 ], [ -77.25136, 38.89346 ], [ -77.25186, 38.89294 ], [ -77.25168, 38.89218 ], [ -77.25268, 38.89198 ], [ -77.25328, 38.89233 ], [ -77.25392, 38.89077 ] ], [ [ -77.25583, 38.88814 ], [ -77.2551, 38.88787 ], [ -77.25275, 38.88869 ], [ -77.25583, 38.88814 ] ], [ [ -77.2532, 38.88671 ], [ -77.25353, 38.88638 ], [ -77.25285, 38.88575 ], [ -77.25268, 38.88758 ], [ -77.25361, 38.88734 ], [ -77.2532, 38.88671 ] ], [ [ -77.26192, 38.89981 ], [ -77.26092, 38.90061 ], [ -77.26388, 38.90186 ], [ -77.26423, 38.90158 ], [ -77.26192, 38.89981 ] ], [ [ -77.26333, 38.89809 ], [ -77.26251, 38.89874 ], [ -77.26295, 38.89909 ], [ -77.26388, 38.89889 ], [ -77.26333, 38.89809 ] ], [ [ -77.26328, 38.89494 ], [ -77.26317, 38.89491 ], [ -77.26333, 38.89504 ], [ -77.26328, 38.89494 ] ], [ [ -77.26411, 38.89154 ], [ -77.26355, 38.89188 ], [ -77.26443, 38.89277 ], [ -77.265, 38.89243 ], [ -77.26411, 38.89154 ] ], [ [ -77.2613, 38.88956 ], [ -77.26136, 38.88964 ], [ -77.26137, 38.88963 ], [ -77.2613, 38.88956 ] ], [ [ -77.25839, 38.88536 ], [ -77.25837, 38.88535 ], [ -77.25837, 38.88538 ], [ -77.25839, 38.88536 ] ], [ [ -77.25936, 38.88443 ], [ -77.25918, 38.88447 ], [ -77.25927, 38.88452 ], [ -77.25936, 38.88443 ] ], [ [ -77.25875, 38.88336 ], [ -77.25862, 38.88328 ], [ -77.25812, 38.88379 ], [ -77.25849, 38.88403 ], [ -77.25875, 38.88336 ] ], [ [ -77.2584, 38.88174 ], [ -77.25846, 38.88167 ], [ -77.25816, 38.88159 ], [ -77.2584, 38.88174 ] ], [ [ -77.2655, 38.89375 ], [ -77.26524, 38.89442 ], [ -77.26469, 38.89447 ], [ -77.26639, 38.89525 ], [ -77.26677, 38.89371 ], [ -77.2655, 38.89375 ] ], [ [ -77.26247, 38.88897 ], [ -77.26261, 38.88888 ], [ -77.26255, 38.88888 ], [ -77.26247, 38.88897 ] ], [ [ -77.26389, 38.8881 ], [ -77.26375, 38.88831 ], [ -77.26398, 38.88822 ], [ -77.26389, 38.8881 ] ], [ [ -77.26388, 38.88464 ], [ -77.26348, 38.88367 ], [ -77.26215, 38.88348 ], [ -77.26373, 38.88513 ], [ -77.26472, 38.88472 ], [ -77.26388, 38.88464 ] ], [ [ -77.26618, 38.88386 ], [ -77.26608, 38.88411 ], [ -77.26609, 38.88411 ], [ -77.26618, 38.88386 ] ], [ [ -77.26532, 38.88446 ], [ -77.26505, 38.88436 ], [ -77.26487, 38.88466 ], [ -77.26532, 38.88446 ] ], [ [ -77.26715, 38.88993 ], [ -77.26747, 38.8897 ], [ -77.26693, 38.88957 ], [ -77.26715, 38.88993 ] ], [ [ -77.26551, 38.88999 ], [ -77.26568, 38.89002 ], [ -77.26563, 38.88994 ], [ -77.26551, 38.88999 ] ], [ [ -77.26729, 38.88814 ], [ -77.26752, 38.88814 ], [ -77.26747, 38.88802 ], [ -77.26729, 38.88814 ] ], [ [ -77.2661, 38.88592 ], [ -77.26596, 38.88579 ], [ -77.26592, 38.88612 ], [ -77.2661, 38.88592 ] ], [ [ -77.26515, 38.8868 ], [ -77.26449, 38.88653 ], [ -77.26468, 38.88694 ], [ -77.26482, 38.88718 ], [ -77.26515, 38.8868 ] ], [ [ -77.26445, 38.88644 ], [ -77.26449, 38.88604 ], [ -77.26432, 38.88611 ], [ -77.26445, 38.88644 ] ], [ [ -77.26528, 38.88781 ], [ -77.26553, 38.88773 ], [ -77.26538, 38.88774 ], [ -77.2651, 38.88758 ], [ -77.26528, 38.88781 ] ], [ [ -77.26546, 38.89113 ], [ -77.26549, 38.8911 ], [ -77.26541, 38.89108 ], [ -77.26546, 38.89113 ] ], [ [ -77.26576, 38.89621 ], [ -77.26571, 38.89619 ], [ -77.26552, 38.89635 ], [ -77.26576, 38.89621 ] ], [ [ -77.26463, 38.90037 ], [ -77.2652, 38.90081 ], [ -77.26563, 38.90047 ], [ -77.26463, 38.90037 ] ], [ [ -77.26429, 38.90011 ], [ -77.26453, 38.90029 ], [ -77.26438, 38.90002 ], [ -77.26429, 38.90011 ] ], [ [ -77.25976, 38.87988 ], [ -77.26012, 38.87998 ], [ -77.2602, 38.87985 ], [ -77.25976, 38.87988 ] ], [ [ -77.26178, 38.88198 ], [ -77.26141, 38.88184 ], [ -77.26119, 38.88213 ], [ -77.26177, 38.88223 ], [ -77.26178, 38.88198 ] ], [ [ -77.26246, 38.8856 ], [ -77.26207, 38.8852 ], [ -77.26229, 38.8855 ], [ -77.26246, 38.8856 ] ], [ [ -77.26088, 38.88617 ], [ -77.26115, 38.88606 ], [ -77.26097, 38.88599 ], [ -77.26088, 38.88617 ] ], [ [ -77.26055, 38.88574 ], [ -77.26009, 38.88545 ], [ -77.26037, 38.88566 ], [ -77.26055, 38.88574 ] ], [ [ -77.26201, 38.88513 ], [ -77.26124, 38.88433 ], [ -77.26096, 38.88461 ], [ -77.26201, 38.88513 ] ], [ [ -77.26198, 38.88802 ], [ -77.26156, 38.88806 ], [ -77.26183, 38.88833 ], [ -77.26198, 38.88802 ] ], [ [ -77.26092, 38.88742 ], [ -77.26111, 38.88761 ], [ -77.26119, 38.88727 ], [ -77.26092, 38.88742 ] ], [ [ -77.25937, 38.88902 ], [ -77.25857, 38.8885 ], [ -77.26007, 38.89043 ], [ -77.25937, 38.88902 ] ], [ [ -77.25728, 38.89625 ], [ -77.2572, 38.89632 ], [ -77.25951, 38.8981 ], [ -77.25728, 38.89625 ] ], [ [ -77.2604, 38.89569 ], [ -77.26033, 38.89563 ], [ -77.2594, 38.89636 ], [ -77.2604, 38.89569 ] ], [ [ -77.25825, 38.89548 ], [ -77.25842, 38.8956 ], [ -77.25944, 38.8948 ], [ -77.25825, 38.89548 ] ], [ [ -77.25866, 38.89348 ], [ -77.2586, 38.89345 ], [ -77.25873, 38.89358 ], [ -77.25866, 38.89348 ] ], [ [ -77.25754, 38.89299 ], [ -77.25795, 38.89311 ], [ -77.25785, 38.89304 ], [ -77.25754, 38.89299 ] ], [ [ -77.25833, 38.88999 ], [ -77.25813, 38.88979 ], [ -77.25858, 38.89032 ], [ -77.25833, 38.88999 ] ], [ [ -77.26139, 38.89645 ], [ -77.26047, 38.89717 ], [ -77.26056, 38.89724 ], [ -77.26139, 38.89645 ] ], [ [ -77.26038, 38.8918 ], [ -77.26149, 38.8919 ], [ -77.2613, 38.8926 ], [ -77.26335, 38.89344 ], [ -77.26109, 38.89118 ], [ -77.26038, 38.8918 ] ], [ [ -77.26328, 38.89067 ], [ -77.26277, 38.89016 ], [ -77.26218, 38.89051 ], [ -77.2627, 38.89103 ], [ -77.26328, 38.89067 ] ], [ [ -77.26032, 38.89955 ], [ -77.26083, 38.89898 ], [ -77.26059, 38.89878 ], [ -77.26, 38.8993 ], [ -77.26032, 38.89955 ] ], [ [ -77.25741, 38.88481 ], [ -77.25735, 38.88501 ], [ -77.25768, 38.88491 ], [ -77.25741, 38.88481 ] ], [ [ -77.25558, 38.88304 ], [ -77.256, 38.88296 ], [ -77.25594, 38.8829 ], [ -77.25558, 38.88304 ] ], [ [ -77.25755, 38.8826 ], [ -77.25713, 38.88233 ], [ -77.25724, 38.88248 ], [ -77.25755, 38.8826 ] ], [ [ -77.25438, 38.88164 ], [ -77.25508, 38.88224 ], [ -77.25477, 38.88186 ], [ -77.25438, 38.88164 ] ], [ [ -77.2563, 38.88401 ], [ -77.25568, 38.88414 ], [ -77.25612, 38.8844 ], [ -77.2563, 38.88401 ] ], [ [ -77.25507, 38.88421 ], [ -77.25507, 38.88427 ], [ -77.25519, 38.8842 ], [ -77.25507, 38.88421 ] ], [ [ -77.2549, 38.89354 ], [ -77.25508, 38.8934 ], [ -77.25465, 38.89329 ], [ -77.2549, 38.89354 ] ], [ [ -77.25678, 38.89201 ], [ -77.25678, 38.89204 ], [ -77.25682, 38.89202 ], [ -77.25678, 38.89201 ] ], [ [ -77.25543, 38.89574 ], [ -77.2558, 38.89589 ], [ -77.2561, 38.89565 ], [ -77.25543, 38.89574 ] ], [ [ -77.25679, 38.89491 ], [ -77.25683, 38.89506 ], [ -77.25704, 38.8949 ], [ -77.25679, 38.89491 ] ], [ [ -77.2547, 38.89649 ], [ -77.25463, 38.89637 ], [ -77.25459, 38.89641 ], [ -77.2547, 38.89649 ] ], [ [ -77.24842, 38.89802 ], [ -77.24936, 38.89793 ], [ -77.24978, 38.89715 ], [ -77.24943, 38.89688 ], [ -77.24748, 38.89843 ], [ -77.24789, 38.89868 ], [ -77.24842, 38.89802 ] ], [ [ -77.24819, 38.89592 ], [ -77.2478, 38.89562 ], [ -77.24657, 38.89658 ], [ -77.24675, 38.89691 ], [ -77.24627, 38.89739 ], [ -77.24658, 38.8976 ], [ -77.24819, 38.89592 ] ], [ [ -77.24815, 38.89228 ], [ -77.24721, 38.89228 ], [ -77.24819, 38.89292 ], [ -77.24802, 38.89368 ], [ -77.24709, 38.89356 ], [ -77.2478, 38.89411 ], [ -77.24871, 38.89337 ], [ -77.24815, 38.89228 ] ], [ [ -77.24711, 38.8908 ], [ -77.24678, 38.89121 ], [ -77.24738, 38.8912 ], [ -77.24711, 38.8908 ] ], [ [ -77.24816, 38.89007 ], [ -77.25151, 38.88922 ], [ -77.24873, 38.88953 ], [ -77.24841, 38.88921 ], [ -77.24881, 38.88859 ], [ -77.24867, 38.88742 ], [ -77.24808, 38.88799 ], [ -77.24816, 38.89007 ] ], [ [ -77.24732, 38.88688 ], [ -77.24484, 38.88854 ], [ -77.24515, 38.88865 ], [ -77.24732, 38.88688 ] ], [ [ -77.24793, 38.88371 ], [ -77.24597, 38.883 ], [ -77.24508, 38.88454 ], [ -77.24705, 38.88528 ], [ -77.24793, 38.88371 ] ], [ [ -77.24757, 38.88237 ], [ -77.24727, 38.88208 ], [ -77.24718, 38.88224 ], [ -77.24828, 38.88262 ], [ -77.24757, 38.88237 ] ], [ [ -77.24766, 38.8814 ], [ -77.24811, 38.88141 ], [ -77.24773, 38.88127 ], [ -77.24766, 38.8814 ] ], [ [ -77.25398, 38.89886 ], [ -77.25405, 38.89891 ], [ -77.25494, 38.89818 ], [ -77.25398, 38.89886 ] ], [ [ -77.25807, 38.90352 ], [ -77.25809, 38.90351 ], [ -77.2579, 38.90337 ], [ -77.25807, 38.90352 ] ], [ [ -77.25146, 38.88513 ], [ -77.25148, 38.88516 ], [ -77.25149, 38.88512 ], [ -77.25146, 38.88513 ] ], [ [ -77.24812, 38.886 ], [ -77.24894, 38.88635 ], [ -77.24942, 38.88425 ], [ -77.24812, 38.886 ] ], [ [ -77.25104, 38.88368 ], [ -77.25, 38.88209 ], [ -77.24962, 38.88313 ], [ -77.25104, 38.88368 ] ], [ [ -77.25047, 38.88669 ], [ -77.25032, 38.88638 ], [ -77.25041, 38.8866 ], [ -77.25047, 38.88669 ] ], [ [ -77.2501, 38.88819 ], [ -77.25069, 38.88808 ], [ -77.25041, 38.88789 ], [ -77.25015, 38.88777 ], [ -77.2501, 38.88819 ] ], [ [ -77.25, 38.89897 ], [ -77.25125, 38.89926 ], [ -77.25099, 38.89816 ], [ -77.25, 38.89897 ] ], [ [ -77.25035, 38.89606 ], [ -77.25133, 38.89637 ], [ -77.25195, 38.89589 ], [ -77.25096, 38.89531 ], [ -77.25035, 38.89606 ] ], [ [ -77.24936, 38.89531 ], [ -77.25018, 38.89453 ], [ -77.24968, 38.89415 ], [ -77.24878, 38.89486 ], [ -77.24936, 38.89531 ] ], [ [ -77.25308, 38.89969 ], [ -77.25308, 38.89968 ], [ -77.25302, 38.89963 ], [ -77.25308, 38.89969 ] ], [ [ -77.25145, 38.90045 ], [ -77.25149, 38.90044 ], [ -77.25144, 38.90043 ], [ -77.25145, 38.90045 ] ], [ [ -77.24317, 38.87413 ], [ -77.24514, 38.87418 ], [ -77.24543, 38.87453 ], [ -77.24558, 38.87545 ], [ -77.24578, 38.87563 ], [ -77.24544, 38.87366 ], [ -77.24351, 38.87381 ], [ -77.24317, 38.87413 ] ], [ [ -77.2408, 38.87589 ], [ -77.24072, 38.87595 ], [ -77.24195, 38.87571 ], [ -77.24272, 38.87506 ], [ -77.24268, 38.8745 ], [ -77.2408, 38.87589 ] ], [ [ -77.24523, 38.89556 ], [ -77.24545, 38.89593 ], [ -77.24682, 38.89487 ], [ -77.24617, 38.89437 ], [ -77.24523, 38.89556 ] ], [ [ -77.2436, 38.88259 ], [ -77.24367, 38.88272 ], [ -77.24376, 38.88256 ], [ -77.2436, 38.88259 ] ], [ [ -77.24643, 38.8891 ], [ -77.24655, 38.88914 ], [ -77.24663, 38.8889 ], [ -77.24643, 38.8891 ] ], [ [ -77.24599, 38.89013 ], [ -77.24567, 38.89002 ], [ -77.24505, 38.89077 ], [ -77.24536, 38.89093 ], [ -77.24599, 38.89013 ] ], [ [ -77.24472, 38.89398 ], [ -77.24517, 38.89361 ], [ -77.24474, 38.89326 ], [ -77.24414, 38.89352 ], [ -77.24472, 38.89398 ] ], [ [ -77.24685, 38.89921 ], [ -77.24681, 38.89919 ], [ -77.24682, 38.89923 ], [ -77.24685, 38.89921 ] ], [ [ -77.24508, 38.89785 ], [ -77.24506, 38.8978 ], [ -77.24501, 38.89783 ], [ -77.24508, 38.89785 ] ], [ [ -77.24471, 38.90309 ], [ -77.2447, 38.90292 ], [ -77.24459, 38.90297 ], [ -77.24471, 38.90309 ] ], [ [ -77.23534, 38.89557 ], [ -77.23319, 38.89509 ], [ -77.234, 38.89614 ], [ -77.23534, 38.89557 ] ], [ [ -77.22921, 38.89289 ], [ -77.22926, 38.8929 ], [ -77.22925, 38.89285 ], [ -77.22921, 38.89289 ] ], [ [ -77.22994, 38.8882 ], [ -77.22947, 38.88756 ], [ -77.22929, 38.8897 ], [ -77.22994, 38.8882 ] ], [ [ -77.23123, 38.88859 ], [ -77.23121, 38.88864 ], [ -77.23127, 38.88861 ], [ -77.23123, 38.88859 ] ], [ [ -77.23808, 38.90282 ], [ -77.23869, 38.90282 ], [ -77.23867, 38.90228 ], [ -77.23736, 38.90204 ], [ -77.23808, 38.90282 ] ], [ [ -77.23561, 38.90047 ], [ -77.23577, 38.90045 ], [ -77.23565, 38.9004 ], [ -77.23561, 38.90047 ] ], [ [ -77.23752, 38.89694 ], [ -77.2361, 38.89663 ], [ -77.23725, 38.89709 ], [ -77.23752, 38.89694 ] ], [ [ -77.23722, 38.89344 ], [ -77.23763, 38.89289 ], [ -77.23624, 38.89443 ], [ -77.23531, 38.89443 ], [ -77.23623, 38.89464 ], [ -77.23722, 38.89344 ] ], [ [ -77.23673, 38.88736 ], [ -77.23671, 38.88736 ], [ -77.2367, 38.88739 ], [ -77.23673, 38.88736 ] ], [ [ -77.23573, 38.88545 ], [ -77.23702, 38.88514 ], [ -77.23493, 38.88555 ], [ -77.23531, 38.88663 ], [ -77.23461, 38.88882 ], [ -77.23599, 38.88627 ], [ -77.23573, 38.88545 ] ], [ [ -77.23981, 38.89436 ], [ -77.23885, 38.89481 ], [ -77.2398, 38.89508 ], [ -77.23981, 38.89436 ] ], [ [ -77.23995, 38.89235 ], [ -77.23976, 38.89225 ], [ -77.23874, 38.89355 ], [ -77.23995, 38.89235 ] ], [ [ -77.24164, 38.88788 ], [ -77.23836, 38.88675 ], [ -77.23821, 38.88754 ], [ -77.23702, 38.88871 ], [ -77.24005, 38.88989 ], [ -77.24164, 38.88788 ] ], [ [ -77.23794, 38.88478 ], [ -77.23761, 38.88497 ], [ -77.23923, 38.88586 ], [ -77.23794, 38.88478 ] ], [ [ -77.24244, 38.89549 ], [ -77.2429, 38.8961 ], [ -77.24302, 38.896 ], [ -77.24244, 38.89549 ] ], [ [ -77.24069, 38.89144 ], [ -77.24167, 38.89037 ], [ -77.24143, 38.89026 ], [ -77.24069, 38.89144 ] ], [ [ -77.24157, 38.88516 ], [ -77.24122, 38.88505 ], [ -77.24274, 38.88569 ], [ -77.24157, 38.88516 ] ], [ [ -77.24054, 38.88602 ], [ -77.24029, 38.88623 ], [ -77.24222, 38.88689 ], [ -77.24054, 38.88602 ] ], [ [ -77.24244, 38.88947 ], [ -77.24277, 38.88904 ], [ -77.24249, 38.88894 ], [ -77.24244, 38.88947 ] ], [ [ -77.24065, 38.8935 ], [ -77.24138, 38.89387 ], [ -77.24108, 38.89356 ], [ -77.24137, 38.89302 ], [ -77.24065, 38.8935 ] ], [ [ -77.23992, 38.90104 ], [ -77.23993, 38.9011 ], [ -77.24, 38.90106 ], [ -77.23992, 38.90104 ] ], [ [ -77.23957, 38.89744 ], [ -77.23941, 38.89774 ], [ -77.2393, 38.89829 ], [ -77.23957, 38.89744 ] ], [ [ -77.23728, 38.89821 ], [ -77.23677, 38.8987 ], [ -77.23732, 38.89874 ], [ -77.23781, 38.89824 ], [ -77.23728, 38.89821 ] ], [ [ -77.23995, 38.90607 ], [ -77.24054, 38.90671 ], [ -77.24097, 38.90641 ], [ -77.24083, 38.9059 ], [ -77.23995, 38.90607 ] ], [ [ -77.2388, 38.90824 ], [ -77.23883, 38.90822 ], [ -77.23869, 38.90817 ], [ -77.2388, 38.90824 ] ], [ [ -77.23212, 38.88486 ], [ -77.23273, 38.8842 ], [ -77.23212, 38.88435 ], [ -77.23161, 38.88484 ], [ -77.23212, 38.88486 ] ], [ [ -77.22864, 38.90203 ], [ -77.22738, 38.90193 ], [ -77.22759, 38.90308 ], [ -77.22807, 38.90326 ], [ -77.22864, 38.90203 ] ], [ [ -77.22666, 38.90055 ], [ -77.22706, 38.90067 ], [ -77.22711, 38.90057 ], [ -77.22666, 38.90055 ] ], [ [ -77.22126, 38.89578 ], [ -77.22089, 38.89663 ], [ -77.22187, 38.8962 ], [ -77.22232, 38.89646 ], [ -77.22233, 38.89605 ], [ -77.22126, 38.89578 ] ], [ [ -77.22332, 38.8946 ], [ -77.22236, 38.89442 ], [ -77.2221, 38.89485 ], [ -77.22296, 38.895 ], [ -77.22332, 38.8946 ] ], [ [ -77.22246, 38.89322 ], [ -77.22242, 38.89317 ], [ -77.22241, 38.89319 ], [ -77.22246, 38.89322 ] ], [ [ -77.22745, 38.89669 ], [ -77.22836, 38.89721 ], [ -77.22878, 38.89683 ], [ -77.22582, 38.89571 ], [ -77.22568, 38.89619 ], [ -77.22614, 38.89717 ], [ -77.22745, 38.89669 ] ], [ [ -77.2262, 38.89435 ], [ -77.22597, 38.89425 ], [ -77.22662, 38.89482 ], [ -77.2262, 38.89435 ] ], [ [ -77.2261, 38.89153 ], [ -77.226, 38.89151 ], [ -77.2258, 38.892 ], [ -77.2261, 38.89153 ] ], [ [ -77.22786, 38.88908 ], [ -77.22696, 38.88909 ], [ -77.22639, 38.89047 ], [ -77.22768, 38.89081 ], [ -77.22786, 38.88908 ] ], [ [ -77.22832, 38.89196 ], [ -77.22816, 38.89197 ], [ -77.22827, 38.89207 ], [ -77.22832, 38.89196 ] ], [ [ -77.22985, 38.89846 ], [ -77.22993, 38.8985 ], [ -77.22995, 38.89839 ], [ -77.22985, 38.89846 ] ], [ [ -77.23134, 38.89666 ], [ -77.23264, 38.89639 ], [ -77.23238, 38.89597 ], [ -77.22815, 38.89485 ], [ -77.22786, 38.8953 ], [ -77.23134, 38.89666 ] ], [ [ -77.2306, 38.90004 ], [ -77.23018, 38.89986 ], [ -77.22986, 38.90035 ], [ -77.23032, 38.90048 ], [ -77.2306, 38.90004 ] ], [ [ -77.2285, 38.90062 ], [ -77.22913, 38.90073 ], [ -77.22941, 38.90042 ], [ -77.22861, 38.9002 ], [ -77.2285, 38.90062 ] ], [ [ -77.22546, 38.88922 ], [ -77.22554, 38.88902 ], [ -77.22432, 38.88868 ], [ -77.2242, 38.88895 ], [ -77.22546, 38.88922 ] ], [ [ -77.22455, 38.8906 ], [ -77.22472, 38.89094 ], [ -77.22502, 38.89025 ], [ -77.22386, 38.88982 ], [ -77.22364, 38.89032 ], [ -77.22455, 38.8906 ] ], [ [ -77.22408, 38.89223 ], [ -77.22422, 38.89236 ], [ -77.22421, 38.89219 ], [ -77.22408, 38.89223 ] ], [ [ -77.22385, 38.89743 ], [ -77.22391, 38.89711 ], [ -77.22352, 38.89708 ], [ -77.22339, 38.89747 ], [ -77.22385, 38.89743 ] ], [ [ -77.2244, 38.90118 ], [ -77.22427, 38.90166 ], [ -77.22544, 38.90217 ], [ -77.22646, 38.90165 ], [ -77.2244, 38.90118 ] ], [ [ -77.22496, 38.89906 ], [ -77.22469, 38.90011 ], [ -77.22536, 38.89999 ], [ -77.22595, 38.89962 ], [ -77.22496, 38.89906 ] ], [ [ -77.21862, 38.89374 ], [ -77.21819, 38.89393 ], [ -77.21853, 38.89392 ], [ -77.21862, 38.89374 ] ], [ [ -77.22124, 38.89252 ], [ -77.22127, 38.89246 ], [ -77.22088, 38.89234 ], [ -77.22124, 38.89252 ] ], [ [ -77.21849, 38.89705 ], [ -77.21849, 38.89706 ], [ -77.21851, 38.89706 ], [ -77.21849, 38.89705 ] ] ] } }
]
}
